"collection","filename","description","userSet","log2OR_unadj","qValue_unadj","support_unadj","log2OR_adj","qValue_adj","support_adj","cell","comparison","sig_unadj","sig_adj","agreement"
"TF_motifs","regionSet_114.bed","MA0490.1_JUNB","gain",2.08523724679653,4.08950420605471e-44,182,1.95564888662097,3.67321159851888e-22,102,"Mono_CD14","C19_sev vs C19_ctrl",TRUE,TRUE,"significant in both"
"TF_motifs_vert","regionSet_156.bed","MA0490.1_JUNB","gain",2.08523724679653,4.08950420605471e-44,182,1.95564888662097,3.67321159851888e-22,102,"Mono_CD14","C19_sev vs C19_ctrl",TRUE,TRUE,"significant in both"
"TF_motifs","regionSet_106.bed","MA0477.1_FOSL1","gain",2.01527238192066,5.60717477201023e-42,183,1.9141757049283,8.47336403741771e-22,104,"Mono_CD14","C19_sev vs C19_ctrl",TRUE,TRUE,"significant in both"
"TF_motifs_vert","regionSet_144.bed","MA0477.1_FOSL1","gain",2.01527238192066,5.60717477201023e-42,183,1.9141757049283,8.47336403741771e-22,104,"Mono_CD14","C19_sev vs C19_ctrl",TRUE,TRUE,"significant in both"
"TF_motifs","regionSet_107.bed","MA0478.1_FOSL2","gain",2.01657543761622,6.54751744945552e-41,176,1.97639035790164,1.48940227945252e-22,103,"Mono_CD14","C19_sev vs C19_ctrl",TRUE,TRUE,"significant in both"
"TF_motifs_vert","regionSet_145.bed","MA0478.1_FOSL2","gain",2.01657543761622,6.54751744945552e-41,176,1.97639035790164,1.48940227945252e-22,103,"Mono_CD14","C19_sev vs C19_ctrl",TRUE,TRUE,"significant in both"
"TF_motifs","regionSet_435.bed","MA1141.1_FOS::JUND","gain",2.09144112032157,1.12138371796605e-40,161,1.96237432028888,2.6600624429571e-20,90,"Mono_CD14","C19_sev vs C19_ctrl",TRUE,TRUE,"significant in both"
"TF_motifs_vert","regionSet_561.bed","MA1141.1_FOS::JUND","gain",2.09144112032157,1.12138371796605e-40,161,1.96237432028888,2.6600624429571e-20,90,"Mono_CD14","C19_sev vs C19_ctrl",TRUE,TRUE,"significant in both"
"TF_motifs","regionSet_422.bed","MA1128.1_FOSL1::JUN","gain",2.15028293454724,1.55468937679741e-40,151,1.94559377491998,1.88895634193492e-18,81,"Mono_CD14","C19_sev vs C19_ctrl",TRUE,TRUE,"significant in both"
"TF_motifs_vert","regionSet_548.bed","MA1128.1_FOSL1::JUN","gain",2.15028293454724,1.55468937679741e-40,151,1.94559377491998,1.88895634193492e-18,81,"Mono_CD14","C19_sev vs C19_ctrl",TRUE,TRUE,"significant in both"
"TF_motifs","regionSet_50.bed","MA0099.3_FOS::JUN","gain",2.17731358148777,7.68070148537107e-40,144,1.96933139893777,4.44815756473125e-18,77,"Mono_CD14","C19_sev vs C19_ctrl",TRUE,TRUE,"significant in both"
"TF_motifs_vert","regionSet_70.bed","MA0099.3_FOS::JUN","gain",2.17731358148777,7.68070148537107e-40,144,1.96933139893777,4.44815756473125e-18,77,"Mono_CD14","C19_sev vs C19_ctrl",TRUE,TRUE,"significant in both"
"TF_motifs","regionSet_429.bed","MA1135.1_FOSB::JUNB","gain",2.19444994591153,9.83455030801474e-39,137,1.98304473565765,1.56011205257046e-17,73,"Mono_CD14","C19_sev vs C19_ctrl",TRUE,TRUE,"significant in both"
"TF_motifs_vert","regionSet_555.bed","MA1135.1_FOSB::JUNB","gain",2.19444994591153,9.83455030801474e-39,137,1.98304473565765,1.56011205257046e-17,73,"Mono_CD14","C19_sev vs C19_ctrl",TRUE,TRUE,"significant in both"
"TF_motifs","regionSet_438.bed","MA1144.1_FOSL2::JUND","gain",2.19961726990701,1.89114896647326e-38,135,1.96526596626394,7.13931204618417e-17,71,"Mono_CD14","C19_sev vs C19_ctrl",TRUE,TRUE,"significant in both"
"TF_motifs_vert","regionSet_564.bed","MA1144.1_FOSL2::JUND","gain",2.19961726990701,1.89114896647326e-38,135,1.96526596626394,7.13931204618417e-17,71,"Mono_CD14","C19_sev vs C19_ctrl",TRUE,TRUE,"significant in both"
"TF_motifs","regionSet_432.bed","MA1138.1_FOSL2::JUNB","gain",2.20664596500676,3.41778324141204e-37,129,1.95211886645878,7.00353724145512e-16,67,"Mono_CD14","C19_sev vs C19_ctrl",TRUE,TRUE,"significant in both"
"TF_motifs_vert","regionSet_558.bed","MA1138.1_FOSL2::JUNB","gain",2.20664596500676,3.41778324141204e-37,129,1.95211886645878,7.00353724145512e-16,67,"Mono_CD14","C19_sev vs C19_ctrl",TRUE,TRUE,"significant in both"
"TF_motifs","regionSet_424.bed","MA1130.1_FOSL2::JUN","gain",2.09630765329053,1.20234977260848e-36,140,1.99025194536632,1.20211818077678e-18,79,"Mono_CD14","C19_sev vs C19_ctrl",TRUE,TRUE,"significant in both"
"TF_motifs_vert","regionSet_550.bed","MA1130.1_FOSL2::JUN","gain",2.09630765329053,1.20234977260848e-36,140,1.99025194536632,1.20211818077678e-18,79,"Mono_CD14","C19_sev vs C19_ctrl",TRUE,TRUE,"significant in both"
"TF_motifs","regionSet_105.bed","MA0476.1_FOS","gain",1.98198483116406,1.69614790765325e-36,156,1.85057497791143,4.67996668383237e-18,87,"Mono_CD14","C19_sev vs C19_ctrl",TRUE,TRUE,"significant in both"
"TF_motifs_vert","regionSet_143.bed","MA0476.1_FOS","gain",1.98198483116406,1.69614790765325e-36,156,1.85057497791143,4.67996668383237e-18,87,"Mono_CD14","C19_sev vs C19_ctrl",TRUE,TRUE,"significant in both"
"TF_motifs","regionSet_115.bed","MA0491.1_JUND","gain",1.96867335750454,6.45953737963571e-36,155,1.8718731358848,1.88895634193492e-18,88,"Mono_CD14","C19_sev vs C19_ctrl",TRUE,TRUE,"significant in both"
"TF_motifs_vert","regionSet_157.bed","MA0491.1_JUND","gain",1.96867335750454,6.45953737963571e-36,155,1.8718731358848,1.88895634193492e-18,88,"Mono_CD14","C19_sev vs C19_ctrl",TRUE,TRUE,"significant in both"
"TF_motif_clusters","regionSet_10.bed","ccaat_cebp","gain",1.5126347583024,7.90439054643231e-35,368,1.93777949600163,1.35454546969067e-31,243,"Mono_CD14","C19_sev vs C19_ctrl",TRUE,TRUE,"significant in both"
"TF_motifs","regionSet_428.bed","MA1134.1_FOS::JUNB","gain",2.05124556114415,2.46101900930629e-32,126,1.86760178340765,5.87557134321026e-15,68,"Mono_CD14","C19_sev vs C19_ctrl",TRUE,TRUE,"significant in both"
"TF_motifs_vert","regionSet_554.bed","MA1134.1_FOS::JUNB","gain",2.05124556114415,2.46101900930629e-32,126,1.86760178340765,5.87557134321026e-15,68,"Mono_CD14","C19_sev vs C19_ctrl",TRUE,TRUE,"significant in both"
"TF_motifs","regionSet_431.bed","MA1137.1_FOSL1::JUNB","gain",2.05008708622119,8.0262408567383e-30,115,1.78166874216466,3.55606441656088e-12,59,"Mono_CD14","C19_sev vs C19_ctrl",TRUE,TRUE,"significant in both"
"TF_motifs_vert","regionSet_557.bed","MA1137.1_FOSL1::JUNB","gain",2.05008708622119,8.0262408567383e-30,115,1.78166874216466,3.55606441656088e-12,59,"Mono_CD14","C19_sev vs C19_ctrl",TRUE,TRUE,"significant in both"
"TF_motifs","regionSet_344.bed","MA0841.1_NFE2","gain",1.93035977957433,9.09130790025205e-28,119,1.85172147767891,9.18219803344398e-15,68,"Mono_CD14","C19_sev vs C19_ctrl",TRUE,TRUE,"significant in both"
"TF_motifs_vert","regionSet_445.bed","MA0841.1_NFE2","gain",1.93035977957433,9.09130790025205e-28,119,1.85172147767891,9.18219803344398e-15,68,"Mono_CD14","C19_sev vs C19_ctrl",TRUE,TRUE,"significant in both"
"TF_motifs","regionSet_436.bed","MA1142.1_FOSL1::JUND","gain",1.96835591978337,3.92046658146404e-26,107,1.57874790965121,1.0165216166403e-08,51,"Mono_CD14","C19_sev vs C19_ctrl",TRUE,TRUE,"significant in both"
"TF_motifs_vert","regionSet_562.bed","MA1142.1_FOSL1::JUND","gain",1.96835591978337,3.92046658146404e-26,107,1.57874790965121,1.0165216166403e-08,51,"Mono_CD14","C19_sev vs C19_ctrl",TRUE,TRUE,"significant in both"
"TF_motif_clusters","regionSet_3.bed","ap1_1","gain",1.36983112409823,3.96894615013787e-26,432,1.38471296627385,1.14948218908778e-15,258,"Mono_CD14","C19_sev vs C19_ctrl",TRUE,TRUE,"significant in both"
"TF_motifs","regionSet_113.bed","MA0489.1_JUN(var.2)","gain",1.70726807973258,9.35344913278081e-25,133,1.50306382204915,1.04117548558796e-10,71,"Mono_CD14","C19_sev vs C19_ctrl",TRUE,TRUE,"significant in both"
"TF_motifs_vert","regionSet_155.bed","MA0489.1_JUN(var.2)","gain",1.70726807973258,9.35344913278081e-25,133,1.50306382204915,1.04117548558796e-10,71,"Mono_CD14","C19_sev vs C19_ctrl",TRUE,TRUE,"significant in both"
"TF_motifs","regionSet_174.bed","MA0655.1_JDP2","gain",1.96316720630225,2.07141771216494e-23,95,1.94093617449744,1.95321341433955e-13,56,"Mono_CD14","C19_sev vs C19_ctrl",TRUE,TRUE,"significant in both"
"TF_motifs_vert","regionSet_259.bed","MA0655.1_JDP2","gain",1.96316720630225,2.07141771216494e-23,95,1.94093617449744,1.95321341433955e-13,56,"Mono_CD14","C19_sev vs C19_ctrl",TRUE,TRUE,"significant in both"
"TF_motifs","regionSet_426.bed","MA1132.1_JUN::JUNB","gain",1.82631284264568,1.05110279248786e-21,100,1.74631081201768,2.07213353230236e-11,57,"Mono_CD14","C19_sev vs C19_ctrl",TRUE,TRUE,"significant in both"
"TF_motifs_vert","regionSet_552.bed","MA1132.1_JUN::JUNB","gain",1.82631284264568,1.05110279248786e-21,100,1.74631081201768,2.07213353230236e-11,57,"Mono_CD14","C19_sev vs C19_ctrl",TRUE,TRUE,"significant in both"
"EnsemblRegBuild","regionSet_3.bed","Open chromatin","gain",1.51358291272023,3.75095250292182e-19,126,1.74402342689522,5.14759955967597e-16,85,"Mono_CD14","C19_sev vs C19_ctrl",TRUE,TRUE,"significant in both"
"TF_motifs","regionSet_93.bed","MA0462.1_BATF::JUN","gain",1.61693208200155,9.32773460941508e-18,101,1.36337498396749,6.80130204980571e-07,52,"Mono_CD14","C19_sev vs C19_ctrl",TRUE,TRUE,"significant in both"
"TF_motifs_vert","regionSet_129.bed","MA0462.1_BATF::JUN","gain",1.61693208200155,9.32773460941508e-18,101,1.36337498396749,6.80130204980571e-07,52,"Mono_CD14","C19_sev vs C19_ctrl",TRUE,TRUE,"significant in both"
"TF_motif_clusters","regionSet_15.bed","creb_atf_3","gain",1.16362195348698,1.69863027109127e-17,211,1.39475495004967,2.41470560272893e-15,139,"Mono_CD14","C19_sev vs C19_ctrl",TRUE,TRUE,"significant in both"
"TF_motif_clusters","regionSet_203.bed","spi","loss",1.78213720638974,5.08792300820772e-14,290,2.03823131897373,3.17041820133291e-11,198,"Mono_CD14","C19_sev vs C19_ctrl",TRUE,TRUE,"significant in both"
"EnsemblRegBuildBP","regionSet_2.bed","dnase","gain",2.25449572057216,6.67052228104209e-14,43,2.49789652574716,2.85485599933537e-11,30,"Mono_CD14","C19_sev vs C19_ctrl",TRUE,TRUE,"significant in both"
"TF_motifs","regionSet_395.bed","MA1101.1_BACH2","gain",1.26490061989322,2.93920164986424e-13,119,1.10822467265458,8.04420945058972e-06,65,"Mono_CD14","C19_sev vs C19_ctrl",TRUE,TRUE,"significant in both"
"TF_motifs_vert","regionSet_521.bed","MA1101.1_BACH2","gain",1.26490061989322,2.93920164986424e-13,119,1.10822467265458,8.04420945058972e-06,65,"Mono_CD14","C19_sev vs C19_ctrl",TRUE,TRUE,"significant in both"
"TF_motifs","regionSet_58.bed","MA0107.1_RELA","loss",1.64709988809044,8.51630060954691e-13,73,1.44884558538004,2.9003401428234e-06,44,"Mono_CD14","C19_sev vs C19_ctrl",TRUE,TRUE,"significant in both"
"TF_motifs_vert","regionSet_78.bed","MA0107.1_RELA","loss",1.64709988809044,8.51630060954691e-13,73,1.44884558538004,2.9003401428234e-06,44,"Mono_CD14","C19_sev vs C19_ctrl",TRUE,TRUE,"significant in both"
"TF_motifs","regionSet_121.bed","MA0501.1_MAF::NFE2","gain",1.31028663266604,2.73137097373351e-12,101,1.36108285256157,5.20009071371375e-08,62,"Mono_CD14","C19_sev vs C19_ctrl",TRUE,TRUE,"significant in both"
"TF_motifs_vert","regionSet_167.bed","MA0501.1_MAF::NFE2","gain",1.31028663266604,2.73137097373351e-12,101,1.36108285256157,5.20009071371375e-08,62,"Mono_CD14","C19_sev vs C19_ctrl",TRUE,TRUE,"significant in both"
"TF_motifs","regionSet_53.bed","MA0102.3_CEBPA","gain",1.35650045991954,4.72143933711039e-12,92,1.48202965419291,7.06134706783321e-09,59,"Mono_CD14","C19_sev vs C19_ctrl",TRUE,TRUE,"significant in both"
"TF_motifs_vert","regionSet_73.bed","MA0102.3_CEBPA","gain",1.35650045991954,4.72143933711039e-12,92,1.48202965419291,7.06134706783321e-09,59,"Mono_CD14","C19_sev vs C19_ctrl",TRUE,TRUE,"significant in both"
"EnsemblRegBuildBP","regionSet_3.bed","proximal","gain",0.830823067029233,8.86825974851949e-11,315,0.723440757910769,6.31202995982882e-05,181,"Mono_CD14","C19_sev vs C19_ctrl",TRUE,TRUE,"significant in both"
"TF_motif_clusters","regionSet_132.bed","nfkb_3","loss",1.14067020048786,1.19166732707044e-10,154,1.18505375317425,1.10619294706345e-07,105,"Mono_CD14","C19_sev vs C19_ctrl",TRUE,TRUE,"significant in both"
"TF_motifs_vert","regionSet_63.bed","MA0089.1_MAFG::NFE2L1","gain",0.934813326046673,2.20881811383223e-10,177,1.19019770711943,1.86542190212025e-10,119,"Mono_CD14","C19_sev vs C19_ctrl",TRUE,TRUE,"significant in both"
"TF_motifs_vert","regionSet_110.bed","MA0150.2_Nfe2l2","gain",1.10585396211058,1.83484271482710e-09,106,1.33939110650919,7.94939471366718e-09,72,"Mono_CD14","C19_sev vs C19_ctrl",TRUE,TRUE,"significant in both"
"TF_motifs","regionSet_40.bed","MA0080.4_SPI1","loss",1.15615701000296,1.98937443301553e-09,114,1.50862785418001,3.17041820133291e-11,89,"Mono_CD14","C19_sev vs C19_ctrl",TRUE,TRUE,"significant in both"
"TF_motifs_vert","regionSet_57.bed","MA0080.4_SPI1","loss",1.15615701000296,1.98937443301553e-09,114,1.50862785418001,3.17041820133291e-11,89,"Mono_CD14","C19_sev vs C19_ctrl",TRUE,TRUE,"significant in both"
"TF_motifs_vert","regionSet_195.bed","MA0591.1_Bach1::Mafk","gain",1.04631118599236,4.06679641121089e-09,114,1.12551737155731,1.9877436081969e-06,71,"Mono_CD14","C19_sev vs C19_ctrl",TRUE,TRUE,"significant in both"
"TF_motif_clusters","regionSet_4.bed","ap1_2","gain",0.795499093536624,6.17466133101538e-09,418,1.03739202408976,1.4104437211323e-08,261,"Mono_CD14","C19_sev vs C19_ctrl",TRUE,TRUE,"significant in both"
"TF_motif_clusters","regionSet_7.bed","batf","gain",0.798557586978708,7.00150389169802e-09,222,0.741985859885846,0.000139984349410629,129,"Mono_CD14","C19_sev vs C19_ctrl",TRUE,TRUE,"significant in both"
"EnsemblRegBuild","regionSet_2.bed","Enhancer","gain",1.10476900676465,1.05332115716796e-08,96,1.3275654588278,5.43470499804603e-08,65,"Mono_CD14","C19_sev vs C19_ctrl",TRUE,TRUE,"significant in both"
"TF_motifs_vert","regionSet_1.bed","MA0002.2_RUNX1","gain",0.969252109995072,2.12068311325865e-08,122,1.00155271539809,2.05544173981782e-05,74,"Mono_CD14","C19_sev vs C19_ctrl",TRUE,TRUE,"significant in both"
"TF_motifs","regionSet_337.bed","MA0833.1_ATF4","gain",1.30070040532665,2.25422905919993e-07,58,1.53601169667318,1.08929926083337e-06,40,"Mono_CD14","C19_sev vs C19_ctrl",TRUE,TRUE,"significant in both"
"TF_motifs_vert","regionSet_437.bed","MA0833.1_ATF4","gain",1.30070040532665,2.25422905919993e-07,58,1.53601169667318,1.08929926083337e-06,40,"Mono_CD14","C19_sev vs C19_ctrl",TRUE,TRUE,"significant in both"
"TF_motif_clusters","regionSet_168.bed","pou_3","gain",0.697381530979532,2.69329505966249e-07,254,0.592459162332331,0.00318495268596318,145,"Mono_CD14","C19_sev vs C19_ctrl",TRUE,TRUE,"significant in both"
"TF_motif_clusters","regionSet_167.bed","pou_2","gain",0.789700558643274,7.49364734680368e-07,153,0.828993599896181,0.00014055853880659,93,"Mono_CD14","C19_sev vs C19_ctrl",TRUE,TRUE,"significant in both"
"TF_motifs","regionSet_96.bed","MA0466.2_CEBPB","gain",1.55901772234362,9.27178955981982e-07,38,1.77196531078472,1.07288197379937e-05,26,"Mono_CD14","C19_sev vs C19_ctrl",TRUE,TRUE,"significant in both"
"TF_motifs_vert","regionSet_133.bed","MA0466.2_CEBPB","gain",1.55901772234362,9.27178955981982e-07,38,1.77196531078472,1.07288197379937e-05,26,"Mono_CD14","C19_sev vs C19_ctrl",TRUE,TRUE,"significant in both"
"TF_motifs","regionSet_164.bed","MA0645.1_ETV6","loss",1.10320288027732,1.0422851258325e-06,79,1.13843528908981,7.63670717543436e-05,54,"Mono_CD14","C19_sev vs C19_ctrl",TRUE,TRUE,"significant in both"
"TF_motifs_vert","regionSet_249.bed","MA0645.1_ETV6","loss",1.10320288027732,1.0422851258325e-06,79,1.13843528908981,7.63670717543436e-05,54,"Mono_CD14","C19_sev vs C19_ctrl",TRUE,TRUE,"significant in both"
"RepeatMasker","regionSet_10.bed","SINE","gain",0.649651940261919,1.76330416392083e-06,265,0.520229839626598,0.0127963763591754,150,"Mono_CD14","C19_sev vs C19_ctrl",TRUE,TRUE,"significant in both"
"TF_motifs","regionSet_52.bed","MA0101.1_REL","loss",1.25585654828906,2.72645105719836e-06,55,1.06273294992321,0.00620105382398608,33,"Mono_CD14","C19_sev vs C19_ctrl",TRUE,TRUE,"significant in both"
"TF_motifs_vert","regionSet_72.bed","MA0101.1_REL","loss",1.25585654828906,2.72645105719836e-06,55,1.06273294992321,0.00620105382398608,33,"Mono_CD14","C19_sev vs C19_ctrl",TRUE,TRUE,"significant in both"
"TF_motifs","regionSet_202.bed","MA0687.1_SPIC","loss",1.01216512016077,2.76208225903734e-06,89,1.27734031957981,5.50199335472901e-07,68,"Mono_CD14","C19_sev vs C19_ctrl",TRUE,TRUE,"significant in both"
"TF_motifs_vert","regionSet_291.bed","MA0687.1_SPIC","loss",1.01216512016077,2.76208225903734e-06,89,1.27734031957981,5.50199335472901e-07,68,"Mono_CD14","C19_sev vs C19_ctrl",TRUE,TRUE,"significant in both"
"TF_motifs","regionSet_439.bed","MA1145.1_FOSL2::JUND(var.2)","gain",1.36579606928438,3.0500937445932e-06,44,1.28978917648469,0.0028070611985951,25,"Mono_CD14","C19_sev vs C19_ctrl",TRUE,TRUE,"significant in both"
"TF_motifs_vert","regionSet_565.bed","MA1145.1_FOSL2::JUND(var.2)","gain",1.36579606928438,3.0500937445932e-06,44,1.28978917648469,0.0028070611985951,25,"Mono_CD14","C19_sev vs C19_ctrl",TRUE,TRUE,"significant in both"
"TF_motif_clusters","regionSet_63.bed","hd_10","gain",0.884731178670158,4.42862367490669e-06,100,0.925685844169926,0.000508272388972371,61,"Mono_CD14","C19_sev vs C19_ctrl",TRUE,TRUE,"significant in both"
"TF_motifs","regionSet_341.bed","MA0837.1_CEBPE","gain",1.47936914132551,6.40320124314665e-06,36,1.71487763075595,3.29359218635145e-05,25,"Mono_CD14","C19_sev vs C19_ctrl",TRUE,TRUE,"significant in both"
"TF_motifs_vert","regionSet_441.bed","MA0837.1_CEBPE","gain",1.47936914132551,6.40320124314665e-06,36,1.71487763075595,3.29359218635145e-05,25,"Mono_CD14","C19_sev vs C19_ctrl",TRUE,TRUE,"significant in both"
"TF_motif_clusters","regionSet_47.bed","fox_6","gain",0.84227580566975,6.8004214126295e-06,107,0.677188968263016,0.0241605503502939,58,"Mono_CD14","C19_sev vs C19_ctrl",TRUE,TRUE,"significant in both"
"TF_motifs","regionSet_425.bed","MA1131.1_FOSL2::JUN(var.2)","gain",1.34947243724731,7.10117835653712e-06,42,1.21660029881063,0.00851478101689447,23,"Mono_CD14","C19_sev vs C19_ctrl",TRUE,TRUE,"significant in both"
"TF_motifs_vert","regionSet_551.bed","MA1131.1_FOSL2::JUN(var.2)","gain",1.34947243724731,7.10117835653712e-06,42,1.21660029881063,0.00851478101689447,23,"Mono_CD14","C19_sev vs C19_ctrl",TRUE,TRUE,"significant in both"
"TF_motifs_vert","regionSet_10.bed","MA0019.1_Ddit3::Cebpa","gain",1.18622469246968,1.21934796425264e-05,51,1.26715651310887,0.000606576577544728,32,"Mono_CD14","C19_sev vs C19_ctrl",TRUE,TRUE,"significant in both"
"TF_motif_clusters","regionSet_130.bed","nfkb_1","loss",0.826994107765807,1.2889368660241e-05,215,0.674643555707534,0.0113335500967201,139,"Mono_CD14","C19_sev vs C19_ctrl",TRUE,TRUE,"significant in both"
"TF_motif_clusters","regionSet_37.bed","ets_1","loss",1.05333465774322,1.62000515940892e-05,279,0.789724246472332,0.0214140096499961,182,"Mono_CD14","C19_sev vs C19_ctrl",TRUE,TRUE,"significant in both"
"TF_motifs","regionSet_421.bed","MA1127.1_FOSB::JUN","gain",1.39090261859361,1.66920224761392e-05,37,1.23906383892618,0.0146324002536244,20,"Mono_CD14","C19_sev vs C19_ctrl",TRUE,TRUE,"significant in both"
"TF_motifs_vert","regionSet_547.bed","MA1127.1_FOSB::JUN","gain",1.39090261859361,1.66920224761392e-05,37,1.23906383892618,0.0146324002536244,20,"Mono_CD14","C19_sev vs C19_ctrl",TRUE,TRUE,"significant in both"
"TF_motif_clusters","regionSet_82.bed","hd_5","gain",0.744863534168892,1.70213464322762e-05,129,0.522732617716523,0.0791950001269912,68,"Mono_CD14","C19_sev vs C19_ctrl",TRUE,FALSE,"unadjusted only"
"TF_motif_clusters","regionSet_84.bed","hd_7","gain",0.881216415683034,1.84710943332103e-05,88,0.587663994986926,0.112912936118842,44,"Mono_CD14","C19_sev vs C19_ctrl",TRUE,FALSE,"unadjusted only"
"TF_motif_clusters","regionSet_100.bed","irf_2","loss",1.32743546083199,2.12920127515444e-05,301,1.33638709321605,0.00128777856399826,202,"Mono_CD14","C19_sev vs C19_ctrl",TRUE,TRUE,"significant in both"
"TF_motifs","regionSet_411.bed","MA1117.1_RELB","loss",1.23419966996033,2.70973982293232e-05,46,1.12910873328826,0.00638134736994369,29,"Mono_CD14","C19_sev vs C19_ctrl",TRUE,TRUE,"significant in both"
"TF_motifs_vert","regionSet_537.bed","MA1117.1_RELB","loss",1.23419966996033,2.70973982293232e-05,46,1.12910873328826,0.00638134736994369,29,"Mono_CD14","C19_sev vs C19_ctrl",TRUE,TRUE,"significant in both"
"RepeatMasker","regionSet_1.bed","DNA","gain",0.878007665718252,2.798333764623e-05,85,0.75256542514007,0.0227146100882609,47,"Mono_CD14","C19_sev vs C19_ctrl",TRUE,TRUE,"significant in both"
"TF_motifs","regionSet_128.bed","MA0511.2_RUNX2","gain",1.01701262376665,2.84032490916953e-05,63,1.11967832097768,0.000640771341927873,40,"Mono_CD14","C19_sev vs C19_ctrl",TRUE,TRUE,"significant in both"
"TF_motifs_vert","regionSet_177.bed","MA0511.2_RUNX2","gain",1.01701262376665,2.84032490916953e-05,63,1.11967832097768,0.000640771341927873,40,"Mono_CD14","C19_sev vs C19_ctrl",TRUE,TRUE,"significant in both"
"TF_motifs","regionSet_340.bed","MA0836.1_CEBPD","gain",1.41524102477466,4.03965080602307e-05,33,1.51452156808129,0.0012736770512961,21,"Mono_CD14","C19_sev vs C19_ctrl",TRUE,TRUE,"significant in both"
"TF_motifs_vert","regionSet_440.bed","MA0836.1_CEBPD","gain",1.41524102477466,4.03965080602307e-05,33,1.51452156808129,0.0012736770512961,21,"Mono_CD14","C19_sev vs C19_ctrl",TRUE,TRUE,"significant in both"
"TF_motif_clusters","regionSet_238.bed","znf146","gain",0.829557916475635,4.05610885541837e-05,92,0.803901293218445,0.00670782084155691,54,"Mono_CD14","C19_sev vs C19_ctrl",TRUE,TRUE,"significant in both"
"TF_motifs","regionSet_199.bed","MA0684.1_RUNX3","gain",0.98459506659732,4.54716507628282e-05,64,1.02058019342784,0.00276682238200245,39,"Mono_CD14","C19_sev vs C19_ctrl",TRUE,TRUE,"significant in both"
"TF_motifs_vert","regionSet_288.bed","MA0684.1_RUNX3","gain",0.98459506659732,4.54716507628282e-05,64,1.02058019342784,0.00276682238200245,39,"Mono_CD14","C19_sev vs C19_ctrl",TRUE,TRUE,"significant in both"
"TF_motifs","regionSet_430.bed","MA1136.1_FOSB::JUNB(var.2)","gain",1.39867256790218,4.87310954096209e-05,33,1.17437944576394,0.0411043284307374,17,"Mono_CD14","C19_sev vs C19_ctrl",TRUE,TRUE,"significant in both"
"TF_motifs_vert","regionSet_556.bed","MA1136.1_FOSB::JUNB(var.2)","gain",1.39867256790218,4.87310954096209e-05,33,1.17437944576394,0.0411043284307374,17,"Mono_CD14","C19_sev vs C19_ctrl",TRUE,TRUE,"significant in both"
"TF_motifs","regionSet_258.bed","MA0750.2_ZBTB7A","loss",0.882727009370715,5.89837641697795e-05,88,0.947535673750971,0.000792839801438918,61,"Mono_CD14","C19_sev vs C19_ctrl",TRUE,TRUE,"significant in both"
"TF_motifs_vert","regionSet_354.bed","MA0750.2_ZBTB7A","loss",0.882727009370715,5.89837641697795e-05,88,0.947535673750971,0.000792839801438918,61,"Mono_CD14","C19_sev vs C19_ctrl",TRUE,TRUE,"significant in both"
"TF_motif_clusters","regionSet_112.bed","mef2","gain",0.595716316339168,6.13321112100236e-05,199,0.512226017641532,0.0262697538040767,114,"Mono_CD14","C19_sev vs C19_ctrl",TRUE,TRUE,"significant in both"
"TF_motif_clusters","regionSet_121.bed","mzf1","loss",0.810495651108235,8.08239909666472e-05,242,0.532692583862378,0.0924031288420628,154,"Mono_CD14","C19_sev vs C19_ctrl",TRUE,FALSE,"unadjusted only"
"EnsemblRegBuildBP","regionSet_1.bed","distal","loss",0.939190645468879,8.6651382328849e-05,72,1.32213320050188,1.01629151908845e-06,59,"Mono_CD14","C19_sev vs C19_ctrl",TRUE,TRUE,"significant in both"
"TF_motifs","regionSet_175.bed","MA0656.1_JDP2(var.2)","gain",1.30381569367016,9.39173601226986e-05,35,1.07671889555182,0.0556239204405009,18,"Mono_CD14","C19_sev vs C19_ctrl",TRUE,FALSE,"unadjusted only"
"TF_motifs_vert","regionSet_260.bed","MA0656.1_JDP2(var.2)","gain",1.30381569367016,9.39173601226986e-05,35,1.07671889555182,0.0556239204405009,18,"Mono_CD14","C19_sev vs C19_ctrl",TRUE,FALSE,"unadjusted only"
"EnsemblRegBuild","regionSet_5.bed","Promoter Flanking Region","loss",0.75336399921529,0.000100203181627238,133,0.910184209643823,0.000153407597892763,95,"Mono_CD14","C19_sev vs C19_ctrl",TRUE,TRUE,"significant in both"
"EnsemblRegBuild","regionSet_3.bed","Open chromatin","loss",1.05406605130473,0.000134717439105805,53,1.38856348849051,1.04097617840278e-05,43,"Mono_CD14","C19_sev vs C19_ctrl",TRUE,TRUE,"significant in both"
"TF_motifs","regionSet_342.bed","MA0838.1_CEBPG","gain",1.25595672567426,0.000135888241556584,36,1.36242491898795,0.00260849768604371,23,"Mono_CD14","C19_sev vs C19_ctrl",TRUE,TRUE,"significant in both"
"TF_motifs_vert","regionSet_442.bed","MA0838.1_CEBPG","gain",1.25595672567426,0.000135888241556584,36,1.36242491898795,0.00260849768604371,23,"Mono_CD14","C19_sev vs C19_ctrl",TRUE,TRUE,"significant in both"
"TF_motif_clusters","regionSet_54.bed","gfi","gain",0.539717036980281,0.000147675876668611,244,0.398718915344986,0.0929368895069051,137,"Mono_CD14","C19_sev vs C19_ctrl",TRUE,FALSE,"unadjusted only"
"TF_motif_clusters","regionSet_22.bed","ddit3cebpa","gain",0.736081606797924,0.000150401174940358,102,0.854443454466744,0.00106948496350377,65,"Mono_CD14","C19_sev vs C19_ctrl",TRUE,TRUE,"significant in both"
"TF_motif_clusters","regionSet_85.bed","hd_8","gain",0.655410410919042,0.000163742102357847,132,0.568271259973757,0.0377764433034866,75,"Mono_CD14","C19_sev vs C19_ctrl",TRUE,TRUE,"significant in both"
"TF_motifs","regionSet_433.bed","MA1139.1_FOSL2::JUNB(var.2)","gain",1.42675038204241,0.00016580348060815,28,1.26330029836302,0.0411043284307374,15,"Mono_CD14","C19_sev vs C19_ctrl",TRUE,TRUE,"significant in both"
"TF_motifs_vert","regionSet_559.bed","MA1139.1_FOSL2::JUNB(var.2)","gain",1.42675038204241,0.00016580348060815,28,1.26330029836302,0.0411043284307374,15,"Mono_CD14","C19_sev vs C19_ctrl",TRUE,TRUE,"significant in both"
"TF_motifs","regionSet_254.bed","MA0746.1_SP3","loss",0.719359020117785,0.00024554203940502,131,0.204429706588666,0.74373122145459,70,"Mono_CD14","C19_sev vs C19_ctrl",TRUE,FALSE,"unadjusted only"
"TF_motifs_vert","regionSet_350.bed","MA0746.1_SP3","loss",0.719359020117785,0.00024554203940502,131,0.204429706588666,0.74373122145459,70,"Mono_CD14","C19_sev vs C19_ctrl",TRUE,FALSE,"unadjusted only"
"TF_motifs","regionSet_285.bed","MA0778.1_NFKB2","loss",0.928952870077158,0.00047728047455089,59,0.947056237358277,0.00792133347577259,40,"Mono_CD14","C19_sev vs C19_ctrl",TRUE,TRUE,"significant in both"
"TF_motifs_vert","regionSet_382.bed","MA0778.1_NFKB2","loss",0.928952870077158,0.00047728047455089,59,0.947056237358277,0.00792133347577259,40,"Mono_CD14","C19_sev vs C19_ctrl",TRUE,TRUE,"significant in both"
"TF_motif_clusters","regionSet_14.bed","creb_atf_2","gain",0.528317806824349,0.000516797009995929,200,0.809878649095898,1.61866336055511e-05,135,"Mono_CD14","C19_sev vs C19_ctrl",TRUE,TRUE,"significant in both"
"TF_motifs","regionSet_423.bed","MA1129.1_FOSL1::JUN(var.2)","gain",1.38460930541016,0.000516797009995929,26,1.11799700073997,0.112912936118842,13,"Mono_CD14","C19_sev vs C19_ctrl",TRUE,FALSE,"unadjusted only"
"TF_motifs_vert","regionSet_549.bed","MA1129.1_FOSL1::JUN(var.2)","gain",1.38460930541016,0.000516797009995929,26,1.11799700073997,0.112912936118842,13,"Mono_CD14","C19_sev vs C19_ctrl",TRUE,FALSE,"unadjusted only"
"TF_motif_clusters","regionSet_131.bed","nfkb_2","loss",0.724674433841612,0.00053331499456665,108,0.62001450878021,0.0423995908781795,69,"Mono_CD14","C19_sev vs C19_ctrl",TRUE,TRUE,"significant in both"
"TF_motif_clusters","regionSet_177.bed","rel_halfsite","loss",0.662424161061646,0.000712264182866395,203,0.407999700504463,0.205437262396357,127,"Mono_CD14","C19_sev vs C19_ctrl",TRUE,FALSE,"unadjusted only"
"TF_motif_clusters","regionSet_200.bed","sox_8","gain",0.695166062067206,0.000713143771180495,94,0.535965954931349,0.125114547877777,51,"Mono_CD14","C19_sev vs C19_ctrl",TRUE,FALSE,"unadjusted only"
"TF_motifs_vert","regionSet_444.bed","MA0840.1_Creb5","gain",1.22331752091544,0.000964433075010153,30,1.14554711002219,0.047371176807639,17,"Mono_CD14","C19_sev vs C19_ctrl",TRUE,TRUE,"significant in both"
"TF_motifs","regionSet_339.bed","MA0835.1_BATF3","gain",1.11765105332879,0.00129448588788411,34,1.01832024550203,0.0658469971441283,19,"Mono_CD14","C19_sev vs C19_ctrl",TRUE,FALSE,"unadjusted only"
"TF_motifs_vert","regionSet_439.bed","MA0835.1_BATF3","gain",1.11765105332879,0.00129448588788411,34,1.01832024550203,0.0658469971441283,19,"Mono_CD14","C19_sev vs C19_ctrl",TRUE,FALSE,"unadjusted only"
"TF_motifs","regionSet_338.bed","MA0834.1_ATF7","gain",1.2684939442714,0.00129735382756524,27,1.0567470971221,0.1193436717475,14,"Mono_CD14","C19_sev vs C19_ctrl",TRUE,FALSE,"unadjusted only"
"TF_motifs_vert","regionSet_438.bed","MA0834.1_ATF7","gain",1.2684939442714,0.00129735382756524,27,1.0567470971221,0.1193436717475,14,"Mono_CD14","C19_sev vs C19_ctrl",TRUE,FALSE,"unadjusted only"
"TF_motifs","regionSet_41.bed","MA0081.1_SPIB","loss",0.692631651588573,0.00139396129657514,102,0.948194310249971,0.000198276229510475,77,"Mono_CD14","C19_sev vs C19_ctrl",TRUE,TRUE,"significant in both"
"TF_motifs_vert","regionSet_58.bed","MA0081.1_SPIB","loss",0.692631651588573,0.00139396129657514,102,0.948194310249971,0.000198276229510475,77,"Mono_CD14","C19_sev vs C19_ctrl",TRUE,TRUE,"significant in both"
"TF_motifs","regionSet_56.bed","MA0105.4_NFKB1","loss",0.852415346257436,0.00145527953680197,60,0.704024290889071,0.086085540478104,37,"Mono_CD14","C19_sev vs C19_ctrl",TRUE,FALSE,"unadjusted only"
"TF_motifs_vert","regionSet_76.bed","MA0105.4_NFKB1","loss",0.852415346257436,0.00145527953680197,60,0.704024290889071,0.086085540478104,37,"Mono_CD14","C19_sev vs C19_ctrl",TRUE,FALSE,"unadjusted only"
"TF_motifs","regionSet_437.bed","MA1143.1_FOSL1::JUND(var.2)","gain",1.19770937070184,0.00158538125487939,29,0.766097736230864,0.358128599494202,13,"Mono_CD14","C19_sev vs C19_ctrl",TRUE,FALSE,"unadjusted only"
"TF_motifs_vert","regionSet_563.bed","MA1143.1_FOSL1::JUND(var.2)","gain",1.19770937070184,0.00158538125487939,29,0.766097736230864,0.358128599494202,13,"Mono_CD14","C19_sev vs C19_ctrl",TRUE,FALSE,"unadjusted only"
"TF_motifs","regionSet_117.bed","MA0495.2_MAFF","gain",0.966821062695101,0.00185163409947741,42,0.835247333550161,0.104419427544496,23,"Mono_CD14","C19_sev vs C19_ctrl",TRUE,FALSE,"unadjusted only"
"TF_motifs_vert","regionSet_161.bed","MA0495.2_MAFF","gain",0.966821062695101,0.00185163409947741,42,0.835247333550161,0.104419427544496,23,"Mono_CD14","C19_sev vs C19_ctrl",TRUE,FALSE,"unadjusted only"
"TF_motifs","regionSet_161.bed","MA0641.1_ELF4","loss",0.909538504090875,0.00185163409947741,50,0.881228521978778,0.0307751687605544,33,"Mono_CD14","C19_sev vs C19_ctrl",TRUE,TRUE,"significant in both"
"TF_motifs_vert","regionSet_245.bed","MA0641.1_ELF4","loss",0.909538504090875,0.00185163409947741,50,0.881228521978778,0.0307751687605544,33,"Mono_CD14","C19_sev vs C19_ctrl",TRUE,TRUE,"significant in both"
"TF_motifs","regionSet_112.bed","MA0488.1_JUN","gain",0.830300791934899,0.00189777222205504,56,1.12278806940562,0.00062615212483697,40,"Mono_CD14","C19_sev vs C19_ctrl",TRUE,TRUE,"significant in both"
"TF_motifs_vert","regionSet_154.bed","MA0488.1_JUN","gain",0.830300791934899,0.00189777222205504,56,1.12278806940562,0.00062615212483697,40,"Mono_CD14","C19_sev vs C19_ctrl",TRUE,TRUE,"significant in both"
"TF_motifs_vert","regionSet_150.bed","MA0483.1_Gfi1b","gain",0.683643394873771,0.00209449051597349,82,0.788983731857634,0.00961947919315036,52,"Mono_CD14","C19_sev vs C19_ctrl",TRUE,TRUE,"significant in both"
"TF_motif_clusters","regionSet_13.bed","creb_atf_1","gain",0.456086326866805,0.00212826396319277,242,0.621212770515643,0.001378735001112,154,"Mono_CD14","C19_sev vs C19_ctrl",TRUE,TRUE,"significant in both"
"TF_motif_clusters","regionSet_268.bed","znf528","loss",0.626329521938248,0.00216540402871404,128,0.345782860387305,0.373923202879127,76,"Mono_CD14","C19_sev vs C19_ctrl",TRUE,FALSE,"unadjusted only"
"TF_motifs","regionSet_118.bed","MA0496.2_MAFK","gain",0.950307785036317,0.00263557712767925,41,0.787565370922045,0.145101027387329,22,"Mono_CD14","C19_sev vs C19_ctrl",TRUE,FALSE,"unadjusted only"
"TF_motifs_vert","regionSet_162.bed","MA0496.2_MAFK","gain",0.950307785036317,0.00263557712767925,41,0.787565370922045,0.145101027387329,22,"Mono_CD14","C19_sev vs C19_ctrl",TRUE,FALSE,"unadjusted only"
"TF_motif_clusters","regionSet_151.bed","nr_7","loss",0.60006560487184,0.00265815611801977,198,0.83206269657873,0.000730257478678795,141,"Mono_CD14","C19_sev vs C19_ctrl",TRUE,TRUE,"significant in both"
"TF_motifs","regionSet_23.bed","MA0052.3_MEF2A","gain",0.791986503116311,0.00268973525076746,58,0.66912536946301,0.127028397101986,32,"Mono_CD14","C19_sev vs C19_ctrl",TRUE,FALSE,"unadjusted only"
"TF_motifs_vert","regionSet_34.bed","MA0052.3_MEF2A","gain",0.791986503116311,0.00268973525076746,58,0.66912536946301,0.127028397101986,32,"Mono_CD14","C19_sev vs C19_ctrl",TRUE,FALSE,"unadjusted only"
"TF_motifs","regionSet_24.bed","MA0056.1_MZF1","loss",0.587101794783566,0.00297287085814632,177,0.407787271974925,0.199734301963827,112,"Mono_CD14","C19_sev vs C19_ctrl",TRUE,FALSE,"unadjusted only"
"TF_motifs_vert","regionSet_35.bed","MA0056.1_MZF1","loss",0.587101794783566,0.00297287085814632,177,0.407787271974925,0.199734301963827,112,"Mono_CD14","C19_sev vs C19_ctrl",TRUE,FALSE,"unadjusted only"
"TF_motifs","regionSet_409.bed","MA1115.1_POU5F1","gain",0.809226883355811,0.00313778320436314,54,0.849461345249177,0.033208127525766,33,"Mono_CD14","C19_sev vs C19_ctrl",TRUE,TRUE,"significant in both"
"TF_motifs_vert","regionSet_535.bed","MA1115.1_POU5F1","gain",0.809226883355811,0.00313778320436314,54,0.849461345249177,0.033208127525766,33,"Mono_CD14","C19_sev vs C19_ctrl",TRUE,TRUE,"significant in both"
"TF_motifs","regionSet_116.bed","MA0492.1_JUND(var.2)","gain",0.878674715727795,0.00313778320436314,46,0.734714062176315,0.145667668148867,25,"Mono_CD14","C19_sev vs C19_ctrl",TRUE,FALSE,"unadjusted only"
"TF_motifs_vert","regionSet_158.bed","MA0492.1_JUND(var.2)","gain",0.878674715727795,0.00313778320436314,46,0.734714062176315,0.145667668148867,25,"Mono_CD14","C19_sev vs C19_ctrl",TRUE,FALSE,"unadjusted only"
"TF_motif_clusters","regionSet_73.bed","hd_2","gain",0.448867313550882,0.00316113421936186,401,0.290724250643111,0.289722756347939,230,"Mono_CD14","C19_sev vs C19_ctrl",TRUE,FALSE,"unadjusted only"
"TF_motif_clusters","regionSet_196.bed","sox_4","gain",0.530521176645361,0.00323073063442143,134,0.581216352644882,0.024462830361606,82,"Mono_CD14","C19_sev vs C19_ctrl",TRUE,TRUE,"significant in both"
"TF_motifs","regionSet_250.bed","MA0741.1_KLF16","loss",0.605197757660399,0.00335103401893258,126,0.0598455971547276,1,66,"Mono_CD14","C19_sev vs C19_ctrl",TRUE,FALSE,"unadjusted only"
"TF_motifs_vert","regionSet_345.bed","MA0741.1_KLF16","loss",0.605197757660399,0.00335103401893258,126,0.0598455971547276,1,66,"Mono_CD14","C19_sev vs C19_ctrl",TRUE,FALSE,"unadjusted only"
"Superenhancers","regionSet_44.bed","GM12878","loss",1.35925751616454,0.00437520183380857,20,0.908960355358139,0.348865941856043,10,"Mono_CD14","C19_sev vs C19_ctrl",TRUE,FALSE,"unadjusted only"
"TF_motifs","regionSet_434.bed","MA1140.1_JUNB(var.2)","gain",1.35342692350862,0.00573504704028974,19,0.834635962928356,0.48172808097561,8,"Mono_CD14","C19_sev vs C19_ctrl",TRUE,FALSE,"unadjusted only"
"TF_motifs_vert","regionSet_560.bed","MA1140.1_JUNB(var.2)","gain",1.35342692350862,0.00573504704028974,19,0.834635962928356,0.48172808097561,8,"Mono_CD14","C19_sev vs C19_ctrl",TRUE,FALSE,"unadjusted only"
"EnsemblRegBuildBP","regionSet_2.bed","dnase","loss",1.56269986078902,0.00573891311916402,15,2.27518533947939,2.84190113713053e-05,16,"Mono_CD14","C19_sev vs C19_ctrl",TRUE,TRUE,"significant in both"
"TF_motifs","regionSet_420.bed","MA1126.1_FOS::JUN(var.2)","gain",1.00447191737322,0.00605180572534976,32,0.63906518071628,0.426377826069817,15,"Mono_CD14","C19_sev vs C19_ctrl",TRUE,FALSE,"unadjusted only"
"TF_motifs_vert","regionSet_546.bed","MA1126.1_FOS::JUN(var.2)","gain",1.00447191737322,0.00605180572534976,32,0.63906518071628,0.426377826069817,15,"Mono_CD14","C19_sev vs C19_ctrl",TRUE,FALSE,"unadjusted only"
"TF_motifs","regionSet_280.bed","MA0773.1_MEF2D","gain",0.658528193495844,0.00640258252301481,72,0.623981206292861,0.0969911373746422,42,"Mono_CD14","C19_sev vs C19_ctrl",TRUE,FALSE,"unadjusted only"
"TF_motifs_vert","regionSet_377.bed","MA0773.1_MEF2D","gain",0.658528193495844,0.00640258252301481,72,0.623981206292861,0.0969911373746422,42,"Mono_CD14","C19_sev vs C19_ctrl",TRUE,FALSE,"unadjusted only"
"TF_motifs","regionSet_261.bed","MA0753.1_ZNF740","loss",0.630718788804329,0.00686994960077424,90,0.150989347160844,0.937972378738927,47,"Mono_CD14","C19_sev vs C19_ctrl",TRUE,FALSE,"unadjusted only"
"TF_motifs_vert","regionSet_357.bed","MA0753.1_ZNF740","loss",0.630718788804329,0.00686994960077424,90,0.150989347160844,0.937972378738927,47,"Mono_CD14","C19_sev vs C19_ctrl",TRUE,FALSE,"unadjusted only"
"TF_motifs","regionSet_427.bed","MA1133.1_JUN::JUNB(var.2)","gain",1.02553855207997,0.00686994960077424,30,1.03548841660682,0.0701577357537725,18,"Mono_CD14","C19_sev vs C19_ctrl",TRUE,FALSE,"unadjusted only"
"TF_motifs_vert","regionSet_553.bed","MA1133.1_JUN::JUNB(var.2)","gain",1.02553855207997,0.00686994960077424,30,1.03548841660682,0.0701577357537725,18,"Mono_CD14","C19_sev vs C19_ctrl",TRUE,FALSE,"unadjusted only"
"TF_motif_clusters","regionSet_23.bed","dmrt1","gain",0.529926518695554,0.00689111899752876,114,0.709931373666199,0.00530143510848495,75,"Mono_CD14","C19_sev vs C19_ctrl",TRUE,TRUE,"significant in both"
"TF_motifs","regionSet_179.bed","MA0660.1_MEF2B","gain",0.667507210335593,0.00724145976382998,68,0.563472779827669,0.17478219791519,38,"Mono_CD14","C19_sev vs C19_ctrl",TRUE,FALSE,"unadjusted only"
"TF_motifs_vert","regionSet_264.bed","MA0660.1_MEF2B","gain",0.667507210335593,0.00724145976382998,68,0.563472779827669,0.17478219791519,38,"Mono_CD14","C19_sev vs C19_ctrl",TRUE,FALSE,"unadjusted only"
"TF_motifs","regionSet_123.bed","MA0504.1_NR2C2","loss",0.712979160555229,0.00837898549156023,63,0.569924913665629,0.184146491702403,39,"Mono_CD14","C19_sev vs C19_ctrl",TRUE,FALSE,"unadjusted only"
"TF_motifs_vert","regionSet_170.bed","MA0504.1_NR2C2","loss",0.712979160555229,0.00837898549156023,63,0.569924913665629,0.184146491702403,39,"Mono_CD14","C19_sev vs C19_ctrl",TRUE,FALSE,"unadjusted only"
"TF_motifs","regionSet_268.bed","MA0760.1_ERF","loss",0.956224603946176,0.00837898549156023,34,1.10446082188274,0.0159097009281881,25,"Mono_CD14","C19_sev vs C19_ctrl",TRUE,TRUE,"significant in both"
"TF_motifs_vert","regionSet_364.bed","MA0760.1_ERF","loss",0.956224603946176,0.00837898549156023,34,1.10446082188274,0.0159097009281881,25,"Mono_CD14","C19_sev vs C19_ctrl",TRUE,TRUE,"significant in both"
"TF_motifs","regionSet_49.bed","MA0098.3_ETS1","loss",0.927168695513413,0.0084544075151778,36,0.847404852600654,0.105195416436001,23,"Mono_CD14","C19_sev vs C19_ctrl",TRUE,FALSE,"unadjusted only"
"TF_motifs_vert","regionSet_69.bed","MA0098.3_ETS1","loss",0.927168695513413,0.0084544075151778,36,0.847404852600654,0.105195416436001,23,"Mono_CD14","C19_sev vs C19_ctrl",TRUE,FALSE,"unadjusted only"
"TF_motif_clusters","regionSet_139.bed","nr_14","gain",0.450624122238718,0.00853992075195032,163,0.589576819281985,0.00972153414770497,104,"Mono_CD14","C19_sev vs C19_ctrl",TRUE,TRUE,"significant in both"
"TF_motif_clusters","regionSet_38.bed","ets_2","loss",1.30743584982721,0.00897512006539034,314,1.18585106145263,0.101237177351805,210,"Mono_CD14","C19_sev vs C19_ctrl",TRUE,FALSE,"unadjusted only"
"TF_motif_clusters","regionSet_194.bed","sox_2","gain",0.531221494418531,0.00901819961539892,106,0.383380746275088,0.306355336453834,58,"Mono_CD14","C19_sev vs C19_ctrl",TRUE,FALSE,"unadjusted only"
"TF_motifs","regionSet_67.bed","MA0136.2_ELF5","loss",0.73011251678713,0.0092392168285015,58,0.907618466832909,0.00851478101689447,43,"Mono_CD14","C19_sev vs C19_ctrl",TRUE,TRUE,"significant in both"
"TF_motifs_vert","regionSet_96.bed","MA0136.2_ELF5","loss",0.73011251678713,0.0092392168285015,58,0.907618466832909,0.00851478101689447,43,"Mono_CD14","C19_sev vs C19_ctrl",TRUE,TRUE,"significant in both"
"TF_motif_clusters","regionSet_243.bed","znf274","gain",0.440843639626338,0.0096924530883232,167,0.431713013059953,0.0982847596160414,99,"Mono_CD14","C19_sev vs C19_ctrl",TRUE,FALSE,"unadjusted only"
"TF_motif_clusters","regionSet_50.bed","fox_9","gain",0.563895882080138,0.0113645210750314,88,1.0945065864685,4.01437497562448e-06,71,"Mono_CD14","C19_sev vs C19_ctrl",TRUE,TRUE,"significant in both"
"TF_motifs","regionSet_59.bed","MA0112.3_ESR1","gain",0.633458460255412,0.0118469008940417,68,0.571643332159635,0.160064244001156,39,"Mono_CD14","C19_sev vs C19_ctrl",TRUE,FALSE,"unadjusted only"
"TF_motifs_vert","regionSet_82.bed","MA0112.3_ESR1","gain",0.633458460255412,0.0118469008940417,68,0.571643332159635,0.160064244001156,39,"Mono_CD14","C19_sev vs C19_ctrl",TRUE,FALSE,"unadjusted only"
"TF_motif_clusters","regionSet_257.bed","znf384_2","gain",0.421507540432657,0.0127505454011892,176,0.366139050320427,0.184146491702403,102,"Mono_CD14","C19_sev vs C19_ctrl",TRUE,FALSE,"unadjusted only"
"TF_motifs","regionSet_324.bed","MA0818.1_BHLHE22","gain",1.19845615292247,0.0127505454011892,20,1.32785300842567,0.0485484604138211,13,"Mono_CD14","C19_sev vs C19_ctrl",TRUE,TRUE,"significant in both"
"TF_motifs_vert","regionSet_422.bed","MA0818.1_BHLHE22","gain",1.19845615292247,0.0127505454011892,20,1.32785300842567,0.0485484604138211,13,"Mono_CD14","C19_sev vs C19_ctrl",TRUE,TRUE,"significant in both"
"TF_motif_clusters","regionSet_216.bed","tfap2_1","loss",0.605291378855886,0.0129220104751555,256,0.280421104833422,0.572640646554022,163,"Mono_CD14","C19_sev vs C19_ctrl",TRUE,FALSE,"unadjusted only"
"TF_motifs","regionSet_5.bed","MA0018.3_CREB1","gain",0.840170258859952,0.0130242204436103,38,0.795519602104523,0.139827329029822,22,"Mono_CD14","C19_sev vs C19_ctrl",TRUE,FALSE,"unadjusted only"
"TF_motifs_vert","regionSet_9.bed","MA0018.3_CREB1","gain",0.840170258859952,0.0130242204436103,38,0.795519602104523,0.139827329029822,22,"Mono_CD14","C19_sev vs C19_ctrl",TRUE,FALSE,"unadjusted only"
"TF_motif_clusters","regionSet_52.bed","gc_tract","loss",1.63225343408765,0.0131858085752598,319,0.812451525539736,0.470271996656307,211,"Mono_CD14","C19_sev vs C19_ctrl",TRUE,FALSE,"unadjusted only"
"TF_motif_clusters","regionSet_211.bed","tbx_2","gain",0.413554659294266,0.0134643159889973,182,0.463466627574963,0.0540982880742079,111,"Mono_CD14","C19_sev vs C19_ctrl",TRUE,FALSE,"unadjusted only"
"TF_motifs_vert","regionSet_128.bed","MA0461.2_Atoh1","gain",1.1447431843005,0.0147560866490685,21,1.31263306950892,0.0411043284307374,14,"Mono_CD14","C19_sev vs C19_ctrl",TRUE,TRUE,"significant in both"
"TF_motifs_vert","regionSet_40.bed","MA0062.2_Gabpa","loss",0.720598424519156,0.0151200016478555,53,0.74176087422136,0.0701577357537725,36,"Mono_CD14","C19_sev vs C19_ctrl",TRUE,FALSE,"unadjusted only"
"Superenhancers","regionSet_29.bed","CD19_primary","loss",0.921245066316962,0.0151212111663543,32,0.456056540294908,0.63348881813876,16,"Mono_CD14","C19_sev vs C19_ctrl",TRUE,FALSE,"unadjusted only"
"TF_motifs","regionSet_119.bed","MA0497.1_MEF2C","gain",0.528324407628999,0.0151938461550027,94,0.369499020597398,0.380989490898858,51,"Mono_CD14","C19_sev vs C19_ctrl",TRUE,FALSE,"unadjusted only"
"TF_motifs_vert","regionSet_163.bed","MA0497.1_MEF2C","gain",0.528324407628999,0.0151938461550027,94,0.369499020597398,0.380989490898858,51,"Mono_CD14","C19_sev vs C19_ctrl",TRUE,FALSE,"unadjusted only"
"TF_motifs","regionSet_323.bed","MA0817.1_BHLHE23","gain",1.13405595929116,0.0156573071929817,21,0.939900073545619,0.275327626875719,11,"Mono_CD14","C19_sev vs C19_ctrl",TRUE,FALSE,"unadjusted only"
"TF_motifs_vert","regionSet_421.bed","MA0817.1_BHLHE23","gain",1.13405595929116,0.0156573071929817,21,0.939900073545619,0.275327626875719,11,"Mono_CD14","C19_sev vs C19_ctrl",TRUE,FALSE,"unadjusted only"
"TF_motif_clusters","regionSet_156.bed","oct4sox2","gain",0.395852247681651,0.016124651716168,196,0.58151834661278,0.00603220837493521,127,"Mono_CD14","C19_sev vs C19_ctrl",TRUE,TRUE,"significant in both"
"TF_motif_clusters","regionSet_46.bed","fox_5","gain",0.370292873762666,0.016591087461342,362,0.260035146319447,0.362298444371805,209,"Mono_CD14","C19_sev vs C19_ctrl",TRUE,FALSE,"unadjusted only"
"TF_motif_clusters","regionSet_109.bed","maf","gain",0.374235262998439,0.0175286735937748,384,0.380752170751253,0.111492301571453,229,"Mono_CD14","C19_sev vs C19_ctrl",TRUE,FALSE,"unadjusted only"
"TF_motifs","regionSet_419.bed","MA1125.1_ZNF384","gain",0.42928867972614,0.0175286735937748,149,0.347068069891345,0.267535283090511,85,"Mono_CD14","C19_sev vs C19_ctrl",TRUE,FALSE,"unadjusted only"
"TF_motifs_vert","regionSet_545.bed","MA1125.1_ZNF384","gain",0.42928867972614,0.0175286735937748,149,0.347068069891345,0.267535283090511,85,"Mono_CD14","C19_sev vs C19_ctrl",TRUE,FALSE,"unadjusted only"
"TF_motifs","regionSet_288.bed","MA0781.1_PAX9","gain",0.856339619089097,0.017724996700245,34,1.24252127973264,0.00335932535641597,26,"Mono_CD14","C19_sev vs C19_ctrl",TRUE,TRUE,"significant in both"
"TF_motifs_vert","regionSet_385.bed","MA0781.1_PAX9","gain",0.856339619089097,0.017724996700245,34,1.24252127973264,0.00335932535641597,26,"Mono_CD14","C19_sev vs C19_ctrl",TRUE,TRUE,"significant in both"
"TF_motif_clusters","regionSet_113.bed","mfz1","loss",0.503214913166433,0.018210249581567,135,0.460374559359291,0.142115785835515,89,"Mono_CD14","C19_sev vs C19_ctrl",TRUE,FALSE,"unadjusted only"
"TF_motif_clusters","regionSet_13.bed","creb_atf_1","loss",0.500936293195245,0.0192293703545455,134,0.309826281371027,0.432860376105445,83,"Mono_CD14","C19_sev vs C19_ctrl",TRUE,FALSE,"unadjusted only"
"TF_motif_clusters","regionSet_277.bed","znf667","loss",0.481262779855743,0.0227407799666478,156,0.115085612988734,0.955190813170777,91,"Mono_CD14","C19_sev vs C19_ctrl",TRUE,FALSE,"unadjusted only"
"TF_motifs","regionSet_2.bed","MA0009.2_T","gain",0.99657597554938,0.0242174741896914,24,0.602072960381577,0.572640646554022,11,"Mono_CD14","C19_sev vs C19_ctrl",TRUE,FALSE,"unadjusted only"
"TF_motifs_vert","regionSet_6.bed","MA0009.2_T","gain",0.99657597554938,0.0242174741896914,24,0.602072960381577,0.572640646554022,11,"Mono_CD14","C19_sev vs C19_ctrl",TRUE,FALSE,"unadjusted only"
"TF_motifs","regionSet_37.bed","MA0076.2_ELK4","loss",0.633683423676403,0.029261599588226,59,0.69590873634016,0.0716855755355482,41,"Mono_CD14","C19_sev vs C19_ctrl",TRUE,FALSE,"unadjusted only"
"TF_motifs_vert","regionSet_53.bed","MA0076.2_ELK4","loss",0.633683423676403,0.029261599588226,59,0.69590873634016,0.0716855755355482,41,"Mono_CD14","C19_sev vs C19_ctrl",TRUE,FALSE,"unadjusted only"
"TF_motifs","regionSet_5.bed","MA0018.3_CREB1","loss",1.00546754026065,0.0298643803404266,23,1.24610721261329,0.024462830361606,18,"Mono_CD14","C19_sev vs C19_ctrl",TRUE,TRUE,"significant in both"
"TF_motifs_vert","regionSet_9.bed","MA0018.3_CREB1","loss",1.00546754026065,0.0298643803404266,23,1.24610721261329,0.024462830361606,18,"Mono_CD14","C19_sev vs C19_ctrl",TRUE,TRUE,"significant in both"
"TF_motifs","regionSet_286.bed","MA0779.1_PAX1","gain",0.871145757504705,0.0306912072068981,29,1.30979742086005,0.00399028276583967,23,"Mono_CD14","C19_sev vs C19_ctrl",TRUE,TRUE,"significant in both"
"TF_motifs_vert","regionSet_383.bed","MA0779.1_PAX1","gain",0.871145757504705,0.0306912072068981,29,1.30979742086005,0.00399028276583967,23,"Mono_CD14","C19_sev vs C19_ctrl",TRUE,TRUE,"significant in both"
"EnsemblRegBuild","regionSet_2.bed","Enhancer","loss",0.735410380564251,0.0307084114364555,42,0.402833145766005,0.593731178359241,23,"Mono_CD14","C19_sev vs C19_ctrl",TRUE,FALSE,"unadjusted only"
"TF_motifs","regionSet_103.bed","MA0474.2_ERG","loss",0.854046395810153,0.0308600133606957,31,0.869088193561654,0.113363840764455,21,"Mono_CD14","C19_sev vs C19_ctrl",TRUE,FALSE,"unadjusted only"
"TF_motifs_vert","regionSet_141.bed","MA0474.2_ERG","loss",0.854046395810153,0.0308600133606957,31,0.869088193561654,0.113363840764455,21,"Mono_CD14","C19_sev vs C19_ctrl",TRUE,FALSE,"unadjusted only"
"TF_motif_clusters","regionSet_166.bed","pou_1","gain",0.367209470446908,0.0310808722938152,193,0.33127764543673,0.233298757428463,113,"Mono_CD14","C19_sev vs C19_ctrl",TRUE,FALSE,"unadjusted only"
"TF_motifs_vert","regionSet_209.bed","MA0605.1_Atf3","gain",0.940194056543832,0.0311755406535717,25,1.22711557271727,0.0248177865077345,18,"Mono_CD14","C19_sev vs C19_ctrl",TRUE,TRUE,"significant in both"
"TF_motif_clusters","regionSet_99.bed","irf_1","loss",0.460026584641407,0.0319709696476534,159,0.681155886608564,0.00814652172000071,115,"Mono_CD14","C19_sev vs C19_ctrl",TRUE,TRUE,"significant in both"
"TF_motifs","regionSet_406.bed","MA1112.1_NR4A1","loss",0.908739660813654,0.0326785973070357,27,0.983679408879324,0.0850021673661205,19,"Mono_CD14","C19_sev vs C19_ctrl",TRUE,FALSE,"unadjusted only"
"TF_motifs_vert","regionSet_532.bed","MA1112.1_NR4A1","loss",0.908739660813654,0.0326785973070357,27,0.983679408879324,0.0850021673661205,19,"Mono_CD14","C19_sev vs C19_ctrl",TRUE,FALSE,"unadjusted only"
"Superenhancers","regionSet_68.bed","UCSD_Adrenal_Gland","loss",0.828951108848643,0.0336612328411743,32,0.715368016711115,0.250848427902522,20,"Mono_CD14","C19_sev vs C19_ctrl",TRUE,FALSE,"unadjusted only"
"TF_motif_clusters","regionSet_281.bed","znf768","loss",0.455622774847255,0.0338870178231569,178,0.338117731651489,0.347303675524052,115,"Mono_CD14","C19_sev vs C19_ctrl",TRUE,FALSE,"unadjusted only"
"TF_motif_clusters","regionSet_14.bed","creb_atf_2","loss",0.493371965370516,0.0339705670948908,107,0.588843398050332,0.0493446920396656,75,"Mono_CD14","C19_sev vs C19_ctrl",TRUE,TRUE,"significant in both"
"TF_motifs","regionSet_160.bed","MA0640.1_ELF3","loss",0.705288320324907,0.034302627571173,44,0.893082170133985,0.0280196765932067,33,"Mono_CD14","C19_sev vs C19_ctrl",TRUE,TRUE,"significant in both"
"TF_motifs_vert","regionSet_244.bed","MA0640.1_ELF3","loss",0.705288320324907,0.034302627571173,44,0.893082170133985,0.0280196765932067,33,"Mono_CD14","C19_sev vs C19_ctrl",TRUE,TRUE,"significant in both"
"TF_motifs_vert","regionSet_41.bed","MA0063.1_Nkx2-5","gain",0.648795151153325,0.034302627571173,49,0.890903570520292,0.0214140096499961,34,"Mono_CD14","C19_sev vs C19_ctrl",TRUE,TRUE,"significant in both"
"TF_motif_clusters","regionSet_209.bed","tata","gain",0.486793366360212,0.0344098435919174,89,0.284406591995185,0.572640646554022,47,"Mono_CD14","C19_sev vs C19_ctrl",TRUE,FALSE,"unadjusted only"
"TF_motif_clusters","regionSet_72.bed","hd_19","gain",0.794440950113623,0.0346492661843811,33,0.480288670741588,0.589100361557244,16,"Mono_CD14","C19_sev vs C19_ctrl",TRUE,FALSE,"unadjusted only"
"TF_motif_clusters","regionSet_241.bed","znf250","gain",0.604574555066903,0.0348702063826691,56,0.897366434621339,0.00961947919315036,40,"Mono_CD14","C19_sev vs C19_ctrl",TRUE,TRUE,"significant in both"
"TF_motifs","regionSet_267.bed","MA0759.1_ELK3","loss",0.914312922496919,0.0348702063826691,26,0.963247131731262,0.105195416436001,18,"Mono_CD14","C19_sev vs C19_ctrl",TRUE,FALSE,"unadjusted only"
"TF_motifs_vert","regionSet_363.bed","MA0759.1_ELK3","loss",0.914312922496919,0.0348702063826691,26,0.963247131731262,0.105195416436001,18,"Mono_CD14","C19_sev vs C19_ctrl",TRUE,FALSE,"unadjusted only"
"TF_motif_clusters","regionSet_67.bed","hd_14","gain",0.436513417129627,0.035175495780761,113,0.607839134897125,0.024373598596495,74,"Mono_CD14","C19_sev vs C19_ctrl",TRUE,TRUE,"significant in both"
"TF_motifs","regionSet_398.bed","MA1104.1_GATA6","gain",0.754115491905291,0.0355343549070499,36,0.567957505648279,0.425061583028602,19,"Mono_CD14","C19_sev vs C19_ctrl",TRUE,FALSE,"unadjusted only"
"TF_motifs_vert","regionSet_524.bed","MA1104.1_GATA6","gain",0.754115491905291,0.0355343549070499,36,0.567957505648279,0.425061583028602,19,"Mono_CD14","C19_sev vs C19_ctrl",TRUE,FALSE,"unadjusted only"
"Superenhancers","regionSet_77.bed","UCSD_Psoas_Muscle","loss",0.923489328223562,0.0373311839630545,25,0.405089196427271,0.804363451698919,12,"Mono_CD14","C19_sev vs C19_ctrl",TRUE,FALSE,"unadjusted only"
"TF_motifs_vert","regionSet_87.bed","MA0117.2_Mafb","gain",0.656441369583366,0.0386903296209735,46,0.901307242887375,0.024462830361606,32,"Mono_CD14","C19_sev vs C19_ctrl",TRUE,TRUE,"significant in both"
"TF_motifs","regionSet_178.bed","MA0659.1_MAFG","gain",0.851024273894411,0.0386903296209735,28,0.879407100454776,0.160064244001156,17,"Mono_CD14","C19_sev vs C19_ctrl",TRUE,FALSE,"unadjusted only"
"TF_motifs_vert","regionSet_263.bed","MA0659.1_MAFG","gain",0.851024273894411,0.0386903296209735,28,0.879407100454776,0.160064244001156,17,"Mono_CD14","C19_sev vs C19_ctrl",TRUE,FALSE,"unadjusted only"
"TF_motifs","regionSet_136.bed","MA0526.2_USF2","loss",0.819774687874691,0.0387633217705935,31,1.11665079119914,0.0146324002536244,25,"Mono_CD14","C19_sev vs C19_ctrl",TRUE,TRUE,"significant in both"
"TF_motifs_vert","regionSet_192.bed","MA0526.2_USF2","loss",0.819774687874691,0.0387633217705935,31,1.11665079119914,0.0146324002536244,25,"Mono_CD14","C19_sev vs C19_ctrl",TRUE,TRUE,"significant in both"
"TF_motifs_vert","regionSet_231.bed","MA0627.1_Pou2f3","gain",0.720364127762228,0.0395335910937219,38,0.874063901157641,0.0673667330528526,25,"Mono_CD14","C19_sev vs C19_ctrl",TRUE,FALSE,"unadjusted only"
"TF_motif_clusters","regionSet_254.bed","znf354","loss",0.498634583449675,0.0395335910937219,243,0.533770272654342,0.112912936118842,164,"Mono_CD14","C19_sev vs C19_ctrl",TRUE,FALSE,"unadjusted only"
"TF_motif_clusters","regionSet_61.bed","hand1","loss",0.439256099664272,0.0424137029658147,162,0.0477781649969641,1,94,"Mono_CD14","C19_sev vs C19_ctrl",TRUE,FALSE,"unadjusted only"
"TF_motifs","regionSet_144.bed","MA0599.1_KLF5","loss",0.438394928467653,0.0431363594947183,159,0.181000000911613,0.772261514825027,97,"Mono_CD14","C19_sev vs C19_ctrl",TRUE,FALSE,"unadjusted only"
"TF_motifs_vert","regionSet_203.bed","MA0599.1_KLF5","loss",0.438394928467653,0.0431363594947183,159,0.181000000911613,0.772261514825027,97,"Mono_CD14","C19_sev vs C19_ctrl",TRUE,FALSE,"unadjusted only"
"RepeatMasker","regionSet_2.bed","LINE","gain",0.37269476001659,0.045794153007395,153,0.283669119888643,0.414572914480014,87,"Mono_CD14","C19_sev vs C19_ctrl",TRUE,FALSE,"unadjusted only"
"TF_motif_clusters","regionSet_252.bed","znf332","loss",0.438390423637029,0.0462653706604214,194,0.136681209416201,0.911144265649603,119,"Mono_CD14","C19_sev vs C19_ctrl",TRUE,FALSE,"unadjusted only"
"Superenhancers","regionSet_66.bed","u87","gain",0.623795807695339,0.0463575005798711,48,0.75135923747505,0.083795756879634,31,"Mono_CD14","C19_sev vs C19_ctrl",TRUE,FALSE,"unadjusted only"
"TF_motifs","regionSet_345.bed","MA0842.1_NRL","gain",0.683854766598472,0.0463575005798711,40,0.878381032978414,0.0506656525292594,27,"Mono_CD14","C19_sev vs C19_ctrl",TRUE,FALSE,"unadjusted only"
"TF_motifs_vert","regionSet_446.bed","MA0842.1_NRL","gain",0.683854766598472,0.0463575005798711,40,0.878381032978414,0.0506656525292594,27,"Mono_CD14","C19_sev vs C19_ctrl",TRUE,FALSE,"unadjusted only"
"TF_motif_clusters","regionSet_176.bed","rbpj","loss",0.452771817211187,0.0463575005798711,217,0.587344466275824,0.0459441876126473,150,"Mono_CD14","C19_sev vs C19_ctrl",TRUE,TRUE,"significant in both"
"TF_motif_clusters","regionSet_33.bed","ebox_cagatgg","loss",0.579733715003554,0.0488213560654882,276,0.152256527543158,0.953965909881595,176,"Mono_CD14","C19_sev vs C19_ctrl",TRUE,FALSE,"unadjusted only"
"TF_motif_clusters","regionSet_193.bed","sox_1","gain",0.334064911437951,0.0488213560654882,407,0.127692840792444,0.838210442154569,231,"Mono_CD14","C19_sev vs C19_ctrl",TRUE,FALSE,"unadjusted only"
"TF_motifs","regionSet_25.bed","MA0057.1_MZF1(var.2)","loss",0.623771004965816,0.049991137547753,50,0.792660045501108,0.043311356383536,37,"Mono_CD14","C19_sev vs C19_ctrl",TRUE,TRUE,"significant in both"
"TF_motifs_vert","regionSet_36.bed","MA0057.1_MZF1(var.2)","loss",0.623771004965816,0.049991137547753,50,0.792660045501108,0.043311356383536,37,"Mono_CD14","C19_sev vs C19_ctrl",TRUE,TRUE,"significant in both"
"TF_motif_clusters","regionSet_147.bed","nr_3","loss",0.85706131779461,0.049991137547753,306,1.22594244523553,0.0411043284307374,208,"Mono_CD14","C19_sev vs C19_ctrl",TRUE,TRUE,"significant in both"
"TF_motifs","regionSet_197.bed","MA0680.1_PAX7","gain",1.31149734427164,0.049991137547753,12,1.05083951435886,0.445439202442904,6,"Mono_CD14","C19_sev vs C19_ctrl",TRUE,FALSE,"unadjusted only"
"TF_motifs_vert","regionSet_284.bed","MA0680.1_PAX7","gain",1.31149734427164,0.049991137547753,12,1.05083951435886,0.445439202442904,6,"Mono_CD14","C19_sev vs C19_ctrl",TRUE,FALSE,"unadjusted only"
"TF_motifs","regionSet_131.bed","MA0517.1_STAT1::STAT2","loss",0.510109378416194,0.0569941338997357,76,0.654689672118284,0.0493446920396656,55,"Mono_CD14","C19_sev vs C19_ctrl",FALSE,TRUE,"adjusted only"
"TF_motifs_vert","regionSet_183.bed","MA0517.1_STAT1::STAT2","loss",0.510109378416194,0.0569941338997357,76,0.654689672118284,0.0493446920396656,55,"Mono_CD14","C19_sev vs C19_ctrl",FALSE,TRUE,"adjusted only"
"TF_motif_clusters","regionSet_18.bed","cux_1","gain",0.502340863400593,0.060094363614385,68,0.782916491045179,0.014809655484613,48,"Mono_CD14","C19_sev vs C19_ctrl",FALSE,TRUE,"adjusted only"
"TF_motifs","regionSet_356.bed","MA0856.1_RXRG","loss",0.772695615800775,0.060094363614385,30,0.986461443443595,0.047371176807639,23,"Mono_CD14","C19_sev vs C19_ctrl",FALSE,TRUE,"adjusted only"
"TF_motifs_vert","regionSet_460.bed","MA0856.1_RXRG","loss",0.772695615800775,0.060094363614385,30,0.986461443443595,0.047371176807639,23,"Mono_CD14","C19_sev vs C19_ctrl",FALSE,TRUE,"adjusted only"
"TF_motifs","regionSet_47.bed","MA0093.2_USF1","loss",0.716614854685076,0.0642155347369437,34,0.991518721617928,0.0270062674341807,27,"Mono_CD14","C19_sev vs C19_ctrl",FALSE,TRUE,"adjusted only"
"TF_motifs_vert","regionSet_67.bed","MA0093.2_USF1","loss",0.716614854685076,0.0642155347369437,34,0.991518721617928,0.0270062674341807,27,"Mono_CD14","C19_sev vs C19_ctrl",FALSE,TRUE,"adjusted only"
"TF_motif_clusters","regionSet_102.bed","irf_4","loss",0.767119502306309,0.0683083878329572,29,1.10383490797251,0.0192619644878944,24,"Mono_CD14","C19_sev vs C19_ctrl",FALSE,TRUE,"adjusted only"
"TF_motif_clusters","regionSet_107.bed","lef1","loss",0.411609608538874,0.0684698531396973,200,0.635369269747899,0.0214140096499961,142,"Mono_CD14","C19_sev vs C19_ctrl",FALSE,TRUE,"adjusted only"
"TF_motif_clusters","regionSet_244.bed","znf28","loss",0.409001345747281,0.0742464862246258,133,0.72680299051087,0.00435009335004205,101,"Mono_CD14","C19_sev vs C19_ctrl",FALSE,TRUE,"adjusted only"
"TF_motifs","regionSet_449.bed","MA1418.1_IRF3","loss",0.525878600882049,0.0944467088356788,56,0.847405450358959,0.0139661086329698,45,"Mono_CD14","C19_sev vs C19_ctrl",FALSE,TRUE,"adjusted only"
"TF_motifs_vert","regionSet_576.bed","MA1418.1_IRF3","loss",0.525878600882049,0.0944467088356788,56,0.847405450358959,0.0139661086329698,45,"Mono_CD14","C19_sev vs C19_ctrl",FALSE,TRUE,"adjusted only"
"Gencode","regionSet_1.bed","genes_lincRNA","loss",0.759923486768586,0.0944467088356788,26,1.05379608794662,0.0423995908781795,21,"Mono_CD14","C19_sev vs C19_ctrl",FALSE,TRUE,"adjusted only"
"TF_motif_clusters","regionSet_77.bed","hd_23","gain",0.409175061997463,0.101064185125067,84,0.631321933845902,0.0411043284307374,57,"Mono_CD14","C19_sev vs C19_ctrl",FALSE,TRUE,"adjusted only"
"TF_motifs_vert","regionSet_223.bed","MA0619.1_LIN54","gain",0.634732871430703,0.110279251504269,33,1.00582345734711,0.0280196765932067,25,"Mono_CD14","C19_sev vs C19_ctrl",FALSE,TRUE,"adjusted only"
"TF_motif_clusters","regionSet_144.bed","nr_19","loss",0.400699044543014,0.136227763403704,246,0.70487363647514,0.0286404415740183,173,"Mono_CD14","C19_sev vs C19_ctrl",FALSE,TRUE,"adjusted only"
"TF_motifs","regionSet_55.bed","MA0104.4_MYCN","loss",0.702185410992403,0.140139330486638,25,1.05768305689955,0.0416197936153492,21,"Mono_CD14","C19_sev vs C19_ctrl",FALSE,TRUE,"adjusted only"
"TF_motifs_vert","regionSet_75.bed","MA0104.4_MYCN","loss",0.702185410992403,0.140139330486638,25,1.05768305689955,0.0416197936153492,21,"Mono_CD14","C19_sev vs C19_ctrl",FALSE,TRUE,"adjusted only"
"TF_motif_clusters","regionSet_169.bed","prdm1","loss",0.334664953105729,0.163148705643145,153,0.636154500578686,0.0159216647176114,114,"Mono_CD14","C19_sev vs C19_ctrl",FALSE,TRUE,"adjusted only"
"TF_motifs_vert","regionSet_332.bed","MA0728.1_Nr2f6(var.2)","gain",0.366449163586553,0.171521726615425,80,0.670463088794661,0.0270062674341807,57,"Mono_CD14","C19_sev vs C19_ctrl",FALSE,TRUE,"adjusted only"
"TF_motifs","regionSet_7.bed","MA0025.1_NFIL3","gain",0.656339532646332,0.234312230251626,20,1.19256184722014,0.0377764433034866,17,"Mono_CD14","C19_sev vs C19_ctrl",FALSE,TRUE,"adjusted only"
"TF_motifs_vert","regionSet_12.bed","MA0025.1_NFIL3","gain",0.656339532646332,0.234312230251626,20,1.19256184722014,0.0377764433034866,17,"Mono_CD14","C19_sev vs C19_ctrl",FALSE,TRUE,"adjusted only"
"TF_motif_clusters","regionSet_184.bed","scrt1","gain",0.282693114118716,0.246307053272419,107,0.55097028978059,0.0473060467608555,74,"Mono_CD14","C19_sev vs C19_ctrl",FALSE,TRUE,"adjusted only"
"TF_motifs_vert","regionSet_175.bed","MA0509.1_Rfx1","loss",0.497502600269444,0.287734625970147,30,0.973238527206865,0.0307751687605544,27,"Mono_CD14","C19_sev vs C19_ctrl",FALSE,TRUE,"adjusted only"
"TF_motifs","regionSet_378.bed","MA0891.1_GSC2","gain",0.556575285185011,0.308984357097427,22,1.19812289916745,0.0192619644878944,20,"Mono_CD14","C19_sev vs C19_ctrl",FALSE,TRUE,"adjusted only"
"TF_motifs_vert","regionSet_495.bed","MA0891.1_GSC2","gain",0.556575285185011,0.308984357097427,22,1.19812289916745,0.0192619644878944,20,"Mono_CD14","C19_sev vs C19_ctrl",FALSE,TRUE,"adjusted only"
"TF_motif_clusters","regionSet_138.bed","nr_13","gain",0.194982177939248,0.325854597691346,225,0.500196972421083,0.0178040986799172,152,"Mono_CD14","C19_sev vs C19_ctrl",FALSE,TRUE,"adjusted only"
"TF_motif_clusters","regionSet_81.bed","hd_4","gain",0.202739226744101,0.351933338030963,168,0.491619021682567,0.0348295534878863,115,"Mono_CD14","C19_sev vs C19_ctrl",FALSE,TRUE,"adjusted only"
"TF_motif_clusters","regionSet_10.bed","ccaat_cebp","gain",1.95496385829879,2.78532593164883e-27,209,1.83104857333645,3.48520092903009e-14,126,"Mono_CD14","C19_mod vs C19_ctrl",TRUE,TRUE,"significant in both"
"TF_motifs","regionSet_115.bed","MA0491.1_JUND","gain",1.83513093549759,2.83599819922633e-14,74,1.92092941056568,6.79705029584555e-10,48,"Mono_CD14","C19_mod vs C19_ctrl",TRUE,TRUE,"significant in both"
"TF_motifs_vert","regionSet_157.bed","MA0491.1_JUND","gain",1.83513093549759,2.83599819922633e-14,74,1.92092941056568,6.79705029584555e-10,48,"Mono_CD14","C19_mod vs C19_ctrl",TRUE,TRUE,"significant in both"
"TF_motif_clusters","regionSet_15.bed","creb_atf_3","gain",1.47176216732755,6.04803573059148e-14,123,1.39958952660633,1.23589873638934e-07,74,"Mono_CD14","C19_mod vs C19_ctrl",TRUE,TRUE,"significant in both"
"TF_motifs","regionSet_50.bed","MA0099.3_FOS::JUN","gain",1.88377070576307,3.31174759049178e-13,63,1.78435091217718,4.71445420968011e-07,37,"Mono_CD14","C19_mod vs C19_ctrl",TRUE,TRUE,"significant in both"
"TF_motifs_vert","regionSet_70.bed","MA0099.3_FOS::JUN","gain",1.88377070576307,3.31174759049178e-13,63,1.78435091217718,4.71445420968011e-07,37,"Mono_CD14","C19_mod vs C19_ctrl",TRUE,TRUE,"significant in both"
"TF_motifs","regionSet_435.bed","MA1141.1_FOS::JUND","gain",1.77685745412128,3.53867275113439e-13,70,1.71457509641586,2.58083250610363e-07,42,"Mono_CD14","C19_mod vs C19_ctrl",TRUE,TRUE,"significant in both"
"TF_motifs_vert","regionSet_561.bed","MA1141.1_FOS::JUND","gain",1.77685745412128,3.53867275113439e-13,70,1.71457509641586,2.58083250610363e-07,42,"Mono_CD14","C19_mod vs C19_ctrl",TRUE,TRUE,"significant in both"
"TF_motifs","regionSet_429.bed","MA1135.1_FOSB::JUNB","gain",1.90646264980509,4.06515905323846e-13,60,1.7961255278851,8.06244441769327e-07,35,"Mono_CD14","C19_mod vs C19_ctrl",TRUE,TRUE,"significant in both"
"TF_motifs_vert","regionSet_555.bed","MA1135.1_FOSB::JUNB","gain",1.90646264980509,4.06515905323846e-13,60,1.7961255278851,8.06244441769327e-07,35,"Mono_CD14","C19_mod vs C19_ctrl",TRUE,TRUE,"significant in both"
"TF_motifs","regionSet_106.bed","MA0477.1_FOSL1","gain",1.64806828245116,9.24181144841064e-13,78,1.90319544182346,1.35092928202237e-10,55,"Mono_CD14","C19_mod vs C19_ctrl",TRUE,TRUE,"significant in both"
"TF_motifs_vert","regionSet_144.bed","MA0477.1_FOSL1","gain",1.64806828245116,9.24181144841064e-13,78,1.90319544182346,1.35092928202237e-10,55,"Mono_CD14","C19_mod vs C19_ctrl",TRUE,TRUE,"significant in both"
"TF_motifs","regionSet_424.bed","MA1130.1_FOSL2::JUN","gain",1.82759476195288,1.15221555137612e-12,62,1.65810079530674,5.09265734061897e-06,35,"Mono_CD14","C19_mod vs C19_ctrl",TRUE,TRUE,"significant in both"
"TF_motifs_vert","regionSet_550.bed","MA1130.1_FOSL2::JUN","gain",1.82759476195288,1.15221555137612e-12,62,1.65810079530674,5.09265734061897e-06,35,"Mono_CD14","C19_mod vs C19_ctrl",TRUE,TRUE,"significant in both"
"TF_motifs","regionSet_107.bed","MA0478.1_FOSL2","gain",1.62841659160965,4.76184863587379e-12,74,1.7942056777848,4.16325493739539e-09,50,"Mono_CD14","C19_mod vs C19_ctrl",TRUE,TRUE,"significant in both"
"TF_motifs_vert","regionSet_145.bed","MA0478.1_FOSL2","gain",1.62841659160965,4.76184863587379e-12,74,1.7942056777848,4.16325493739539e-09,50,"Mono_CD14","C19_mod vs C19_ctrl",TRUE,TRUE,"significant in both"
"TF_motifs","regionSet_105.bed","MA0476.1_FOS","gain",1.67615098321258,7.40409032480211e-12,68,1.96166970457849,2.40108876181077e-10,49,"Mono_CD14","C19_mod vs C19_ctrl",TRUE,TRUE,"significant in both"
"TF_motifs_vert","regionSet_143.bed","MA0476.1_FOS","gain",1.67615098321258,7.40409032480211e-12,68,1.96166970457849,2.40108876181077e-10,49,"Mono_CD14","C19_mod vs C19_ctrl",TRUE,TRUE,"significant in both"
"TF_motifs","regionSet_438.bed","MA1144.1_FOSL2::JUND","gain",1.81572017612078,1.52588502573132e-11,56,1.77744066591618,1.40376762185313e-06,34,"Mono_CD14","C19_mod vs C19_ctrl",TRUE,TRUE,"significant in both"
"TF_motifs_vert","regionSet_564.bed","MA1144.1_FOSL2::JUND","gain",1.81572017612078,1.52588502573132e-11,56,1.77744066591618,1.40376762185313e-06,34,"Mono_CD14","C19_mod vs C19_ctrl",TRUE,TRUE,"significant in both"
"TF_motifs","regionSet_432.bed","MA1138.1_FOSL2::JUNB","gain",1.84285042307168,1.68109682882488e-11,54,1.76242521906625,3.71115193594456e-06,32,"Mono_CD14","C19_mod vs C19_ctrl",TRUE,TRUE,"significant in both"
"TF_motifs_vert","regionSet_558.bed","MA1138.1_FOSL2::JUNB","gain",1.84285042307168,1.68109682882488e-11,54,1.76242521906625,3.71115193594456e-06,32,"Mono_CD14","C19_mod vs C19_ctrl",TRUE,TRUE,"significant in both"
"TF_motifs","regionSet_53.bed","MA0102.3_CEBPA","gain",1.72354140127558,6.24594814600314e-11,58,1.28722289448063,0.00291576718954432,28,"Mono_CD14","C19_mod vs C19_ctrl",TRUE,TRUE,"significant in both"
"TF_motifs_vert","regionSet_73.bed","MA0102.3_CEBPA","gain",1.72354140127558,6.24594814600314e-11,58,1.28722289448063,0.00291576718954432,28,"Mono_CD14","C19_mod vs C19_ctrl",TRUE,TRUE,"significant in both"
"TF_motifs","regionSet_114.bed","MA0490.1_JUNB","gain",1.54874232853343,8.50506408310953e-11,71,1.67293717853745,1.23589873638934e-07,47,"Mono_CD14","C19_mod vs C19_ctrl",TRUE,TRUE,"significant in both"
"TF_motifs_vert","regionSet_156.bed","MA0490.1_JUNB","gain",1.54874232853343,8.50506408310953e-11,71,1.67293717853745,1.23589873638934e-07,47,"Mono_CD14","C19_mod vs C19_ctrl",TRUE,TRUE,"significant in both"
"TF_motifs","regionSet_422.bed","MA1128.1_FOSL1::JUN","gain",1.67716299455999,8.50506408310953e-11,60,1.56725684133848,1.71087964233277e-05,35,"Mono_CD14","C19_mod vs C19_ctrl",TRUE,TRUE,"significant in both"
"TF_motifs_vert","regionSet_548.bed","MA1128.1_FOSL1::JUN","gain",1.67716299455999,8.50506408310953e-11,60,1.56725684133848,1.71087964233277e-05,35,"Mono_CD14","C19_mod vs C19_ctrl",TRUE,TRUE,"significant in both"
"TF_motifs","regionSet_428.bed","MA1134.1_FOS::JUNB","gain",1.7317831402022,2.02604879972943e-10,54,1.65159774205444,1.54321806739712e-05,32,"Mono_CD14","C19_mod vs C19_ctrl",TRUE,TRUE,"significant in both"
"TF_motifs_vert","regionSet_554.bed","MA1134.1_FOS::JUNB","gain",1.7317831402022,2.02604879972943e-10,54,1.65159774205444,1.54321806739712e-05,32,"Mono_CD14","C19_mod vs C19_ctrl",TRUE,TRUE,"significant in both"
"TF_motifs","regionSet_113.bed","MA0489.1_JUN(var.2)","gain",1.56623766804944,5.14180973777067e-10,63,1.65440353167225,8.06244441769327e-07,41,"Mono_CD14","C19_mod vs C19_ctrl",TRUE,TRUE,"significant in both"
"TF_motifs_vert","regionSet_155.bed","MA0489.1_JUN(var.2)","gain",1.56623766804944,5.14180973777067e-10,63,1.65440353167225,8.06244441769327e-07,41,"Mono_CD14","C19_mod vs C19_ctrl",TRUE,TRUE,"significant in both"
"TF_motif_clusters","regionSet_3.bed","ap1_1","gain",1.15398811855647,1.40764584156135e-09,211,1.34644239332306,2.34013942078699e-07,136,"Mono_CD14","C19_mod vs C19_ctrl",TRUE,TRUE,"significant in both"
"TF_motifs","regionSet_121.bed","MA0501.1_MAF::NFE2","gain",1.54683782896206,2.83915095616458e-09,59,1.51760551561774,2.48471557862449e-05,36,"Mono_CD14","C19_mod vs C19_ctrl",TRUE,TRUE,"significant in both"
"TF_motifs_vert","regionSet_167.bed","MA0501.1_MAF::NFE2","gain",1.54683782896206,2.83915095616458e-09,59,1.51760551561774,2.48471557862449e-05,36,"Mono_CD14","C19_mod vs C19_ctrl",TRUE,TRUE,"significant in both"
"TF_motifs","regionSet_431.bed","MA1137.1_FOSL1::JUNB","gain",1.6913315647372,4.85719091297992e-09,48,1.52462722365513,0.000393718075908487,27,"Mono_CD14","C19_mod vs C19_ctrl",TRUE,TRUE,"significant in both"
"TF_motifs_vert","regionSet_557.bed","MA1137.1_FOSL1::JUNB","gain",1.6913315647372,4.85719091297992e-09,48,1.52462722365513,0.000393718075908487,27,"Mono_CD14","C19_mod vs C19_ctrl",TRUE,TRUE,"significant in both"
"EnsemblRegBuild","regionSet_3.bed","Open chromatin","gain",1.47326608153061,5.00127092114526e-09,63,1.56154455449571,3.67105377628008e-06,41,"Mono_CD14","C19_mod vs C19_ctrl",TRUE,TRUE,"significant in both"
"TF_motifs","regionSet_344.bed","MA0841.1_NFE2","gain",1.61588115370214,7.57300176099904e-09,51,1.68952925567408,6.35633186689376e-06,33,"Mono_CD14","C19_mod vs C19_ctrl",TRUE,TRUE,"significant in both"
"TF_motifs_vert","regionSet_445.bed","MA0841.1_NFE2","gain",1.61588115370214,7.57300176099904e-09,51,1.68952925567408,6.35633186689376e-06,33,"Mono_CD14","C19_mod vs C19_ctrl",TRUE,TRUE,"significant in both"
"TF_motifs","regionSet_426.bed","MA1132.1_JUN::JUNB","gain",1.67957418583515,8.26717486519627e-09,47,1.48547053861839,0.000680161363322561,26,"Mono_CD14","C19_mod vs C19_ctrl",TRUE,TRUE,"significant in both"
"TF_motifs_vert","regionSet_552.bed","MA1132.1_JUN::JUNB","gain",1.67957418583515,8.26717486519627e-09,47,1.48547053861839,0.000680161363322561,26,"Mono_CD14","C19_mod vs C19_ctrl",TRUE,TRUE,"significant in both"
"TF_motifs","regionSet_174.bed","MA0655.1_JDP2","gain",1.75303501894026,9.25961565770287e-09,43,1.57622616892728,0.000547371984781325,24,"Mono_CD14","C19_mod vs C19_ctrl",TRUE,TRUE,"significant in both"
"TF_motifs_vert","regionSet_259.bed","MA0655.1_JDP2","gain",1.75303501894026,9.25961565770287e-09,43,1.57622616892728,0.000547371984781325,24,"Mono_CD14","C19_mod vs C19_ctrl",TRUE,TRUE,"significant in both"
"TF_motifs","regionSet_436.bed","MA1142.1_FOSL1::JUND","gain",1.62791258785858,4.86331961933568e-08,45,1.50797001096972,0.000547371984781325,26,"Mono_CD14","C19_mod vs C19_ctrl",TRUE,TRUE,"significant in both"
"TF_motifs_vert","regionSet_562.bed","MA1142.1_FOSL1::JUND","gain",1.62791258785858,4.86331961933568e-08,45,1.50797001096972,0.000547371984781325,26,"Mono_CD14","C19_mod vs C19_ctrl",TRUE,TRUE,"significant in both"
"TF_motifs","regionSet_337.bed","MA0833.1_ATF4","gain",1.74821830090681,5.54913103525423e-08,39,1.59125288092383,0.000889049674452655,22,"Mono_CD14","C19_mod vs C19_ctrl",TRUE,TRUE,"significant in both"
"TF_motifs_vert","regionSet_437.bed","MA0833.1_ATF4","gain",1.74821830090681,5.54913103525423e-08,39,1.59125288092383,0.000889049674452655,22,"Mono_CD14","C19_mod vs C19_ctrl",TRUE,TRUE,"significant in both"
"EnsemblRegBuildBP","regionSet_2.bed","dnase","gain",2.32038833976172,1.04872235175616e-07,23,2.39725223182533,4.54907358879872e-05,15,"Mono_CD14","C19_mod vs C19_ctrl",TRUE,TRUE,"significant in both"
"TF_motifs_vert","regionSet_110.bed","MA0150.2_Nfe2l2","gain",1.34804653849211,1.13173657396881e-07,62,1.4202431046845,3.44183152093809e-05,40,"Mono_CD14","C19_mod vs C19_ctrl",TRUE,TRUE,"significant in both"
"TF_motifs","regionSet_341.bed","MA0837.1_CEBPE","gain",2.0188730251993,6.38968420450286e-07,26,2.00507247108275,0.000487084627286156,16,"Mono_CD14","C19_mod vs C19_ctrl",TRUE,TRUE,"significant in both"
"TF_motifs_vert","regionSet_441.bed","MA0837.1_CEBPE","gain",2.0188730251993,6.38968420450286e-07,26,2.00507247108275,0.000487084627286156,16,"Mono_CD14","C19_mod vs C19_ctrl",TRUE,TRUE,"significant in both"
"TF_motifs","regionSet_93.bed","MA0462.1_BATF::JUN","gain",1.45409216133493,6.68742492862038e-07,47,1.44499694871091,0.000487084627286156,29,"Mono_CD14","C19_mod vs C19_ctrl",TRUE,TRUE,"significant in both"
"TF_motifs_vert","regionSet_129.bed","MA0462.1_BATF::JUN","gain",1.45409216133493,6.68742492862038e-07,47,1.44499694871091,0.000487084627286156,29,"Mono_CD14","C19_mod vs C19_ctrl",TRUE,TRUE,"significant in both"
"TF_motif_clusters","regionSet_84.bed","hd_7","gain",1.29421989264739,1.18517861592701e-06,57,1.32686320264644,0.000370111223564171,36,"Mono_CD14","C19_mod vs C19_ctrl",TRUE,TRUE,"significant in both"
"TF_motifs_vert","regionSet_63.bed","MA0089.1_MAFG::NFE2L1","gain",1.01675252816382,2.47292182179593e-06,94,1.11327018606623,0.000141536659454787,61,"Mono_CD14","C19_mod vs C19_ctrl",TRUE,TRUE,"significant in both"
"TF_motifs","regionSet_96.bed","MA0466.2_CEBPB","gain",1.95252605253165,2.47292182179593e-06,25,2.00083120395655,0.000487084627286156,16,"Mono_CD14","C19_mod vs C19_ctrl",TRUE,TRUE,"significant in both"
"TF_motifs_vert","regionSet_133.bed","MA0466.2_CEBPB","gain",1.95252605253165,2.47292182179593e-06,25,2.00083120395655,0.000487084627286156,16,"Mono_CD14","C19_mod vs C19_ctrl",TRUE,TRUE,"significant in both"
"RepeatMasker","regionSet_10.bed","SINE","gain",0.874357664611582,5.94448822762215e-06,147,0.778909841422081,0.0070013662864523,88,"Mono_CD14","C19_mod vs C19_ctrl",TRUE,TRUE,"significant in both"
"EnsemblRegBuild","regionSet_2.bed","Enhancer","gain",1.23989220344494,8.49822852400967e-06,53,1.0816655104891,0.0147370173726169,30,"Mono_CD14","C19_mod vs C19_ctrl",TRUE,TRUE,"significant in both"
"TF_motifs","regionSet_395.bed","MA1101.1_BACH2","gain",1.14908297166452,2.20274378017811e-05,57,1.23099177115933,0.000797312620392944,37,"Mono_CD14","C19_mod vs C19_ctrl",TRUE,TRUE,"significant in both"
"TF_motifs_vert","regionSet_521.bed","MA1101.1_BACH2","gain",1.14908297166452,2.20274378017811e-05,57,1.23099177115933,0.000797312620392944,37,"Mono_CD14","C19_mod vs C19_ctrl",TRUE,TRUE,"significant in both"
"TF_motifs","regionSet_340.bed","MA0836.1_CEBPD","gain",1.82583365095751,5.26019251188037e-05,22,1.86485894499551,0.0032382488768699,14,"Mono_CD14","C19_mod vs C19_ctrl",TRUE,TRUE,"significant in both"
"TF_motifs_vert","regionSet_440.bed","MA0836.1_CEBPD","gain",1.82583365095751,5.26019251188037e-05,22,1.86485894499551,0.0032382488768699,14,"Mono_CD14","C19_mod vs C19_ctrl",TRUE,TRUE,"significant in both"
"RepeatMasker","regionSet_1.bed","DNA","gain",1.15401228668002,6.16742733974635e-05,51,0.754829163720162,0.281370863255988,25,"Mono_CD14","C19_mod vs C19_ctrl",TRUE,FALSE,"unadjusted only"
"TF_motifs","regionSet_342.bed","MA0838.1_CEBPG","gain",1.66953262455764,0.000108157195993051,24,1.57281976580649,0.0199151226351189,14,"Mono_CD14","C19_mod vs C19_ctrl",TRUE,TRUE,"significant in both"
"TF_motifs_vert","regionSet_442.bed","MA0838.1_CEBPG","gain",1.66953262455764,0.000108157195993051,24,1.57281976580649,0.0199151226351189,14,"Mono_CD14","C19_mod vs C19_ctrl",TRUE,TRUE,"significant in both"
"TF_motif_clusters","regionSet_22.bed","ddit3cebpa","gain",0.98729367847898,0.000290388009667889,60,0.827191119690878,0.0891593388679311,34,"Mono_CD14","C19_mod vs C19_ctrl",TRUE,FALSE,"unadjusted only"
"TF_motif_clusters","regionSet_23.bed","dmrt1","gain",0.895123224639519,0.000450217683151725,71,0.851378080778673,0.0306122189878488,43,"Mono_CD14","C19_mod vs C19_ctrl",TRUE,TRUE,"significant in both"
"TF_motif_clusters","regionSet_4.bed","ap1_2","gain",0.745137824629285,0.000535872320747171,211,0.717846101536684,0.0282533014239323,130,"Mono_CD14","C19_mod vs C19_ctrl",TRUE,TRUE,"significant in both"
"TF_motifs_vert","regionSet_195.bed","MA0591.1_Bach1::Mafk","gain",0.945233160454869,0.00118271454581996,55,1.13864281368858,0.00216928030080707,38,"Mono_CD14","C19_mod vs C19_ctrl",TRUE,TRUE,"significant in both"
"TF_motif_clusters","regionSet_238.bed","znf146","gain",0.971373135555705,0.00132309372274057,51,0.701292199199024,0.322032012377502,27,"Mono_CD14","C19_mod vs C19_ctrl",TRUE,FALSE,"unadjusted only"
"TF_motif_clusters","regionSet_112.bed","mef2","gain",0.710566128337466,0.00173662090976906,107,0.699779483580097,0.0431990901367824,66,"Mono_CD14","C19_mod vs C19_ctrl",TRUE,TRUE,"significant in both"
"Superenhancers","regionSet_30.bed","CD20","loss",1.73872023504924,0.00267452640797778,18,1.76476947887812,0.0492944004844441,11,"Mono_CD14","C19_mod vs C19_ctrl",TRUE,TRUE,"significant in both"
"TF_motifs","regionSet_112.bed","MA0488.1_JUN","gain",1.10943734328228,0.00342337464527526,34,0.941284137208194,0.214751832271669,19,"Mono_CD14","C19_mod vs C19_ctrl",TRUE,FALSE,"unadjusted only"
"TF_motifs_vert","regionSet_154.bed","MA0488.1_JUN","gain",1.10943734328228,0.00342337464527526,34,0.941284137208194,0.214751832271669,19,"Mono_CD14","C19_mod vs C19_ctrl",TRUE,FALSE,"unadjusted only"
"TF_motif_clusters","regionSet_14.bed","creb_atf_2","gain",0.673880617598451,0.00343095007073123,109,0.884093581825707,0.00216928030080707,74,"Mono_CD14","C19_mod vs C19_ctrl",TRUE,TRUE,"significant in both"
"TF_motif_clusters","regionSet_67.bed","hd_14","gain",0.763986814328741,0.00574470556782806,69,0.546682859201398,0.448652480028205,38,"Mono_CD14","C19_mod vs C19_ctrl",TRUE,FALSE,"unadjusted only"
"TF_motif_clusters","regionSet_196.bed","sox_4","gain",0.705113949108664,0.0103559844029456,75,0.6005966019651,0.264650147360208,44,"Mono_CD14","C19_mod vs C19_ctrl",TRUE,FALSE,"unadjusted only"
"EnsemblRegBuildBP","regionSet_1.bed","distal","loss",1.48788399906287,0.0103672024020061,20,0.92022299480755,0.701139338704101,9,"Mono_CD14","C19_mod vs C19_ctrl",TRUE,FALSE,"unadjusted only"
"TF_motif_clusters","regionSet_44.bed","fox_3","gain",0.6599818203226,0.0114939291105155,87,0.625120245981832,0.17088605810142,53,"Mono_CD14","C19_mod vs C19_ctrl",TRUE,FALSE,"unadjusted only"
"TF_motifs_vert","regionSet_185.bed","MA0519.1_Stat5a::Stat5b","gain",0.932979066330879,0.0119241348403767,39,0.777411061990063,0.320478185963153,22,"Mono_CD14","C19_mod vs C19_ctrl",TRUE,FALSE,"unadjusted only"
"EnsemblRegBuildBP","regionSet_1.bed","distal","gain",0.751701904916121,0.0128294182195154,61,0.613367448988741,0.341230543736296,35,"Mono_CD14","C19_mod vs C19_ctrl",TRUE,FALSE,"unadjusted only"
"TF_motifs_vert","regionSet_160.bed","MA0494.1_Nr1h3::Rxra","gain",0.950910257736327,0.0148065296013107,36,1.13822214197014,0.021720007218711,25,"Mono_CD14","C19_mod vs C19_ctrl",TRUE,TRUE,"significant in both"
"TF_motifs_vert","regionSet_184.bed","MA0518.1_Stat4","gain",0.866118514408365,0.0156139148987802,43,0.824160676908221,0.190994917827474,26,"Mono_CD14","C19_mod vs C19_ctrl",TRUE,FALSE,"unadjusted only"
"TF_motifs_vert","regionSet_463.bed","MA0859.1_Rarg","gain",0.807527553956037,0.0169039600661388,49,0.951431205192287,0.0324511027322558,33,"Mono_CD14","C19_mod vs C19_ctrl",TRUE,TRUE,"significant in both"
"TF_motif_clusters","regionSet_203.bed","spi","loss",1.63616233691916,0.0184321750499202,60,1.57708667794801,0.216005166765147,36,"Mono_CD14","C19_mod vs C19_ctrl",TRUE,FALSE,"unadjusted only"
"TF_motif_clusters","regionSet_7.bed","batf","gain",0.585010065420233,0.022687731091668,103,0.725069278443789,0.0294309302018038,68,"Mono_CD14","C19_mod vs C19_ctrl",TRUE,TRUE,"significant in both"
"TF_motifs","regionSet_392.bed","MA0909.1_HOXD13","gain",1.12836695935393,0.0269712253813616,23,1.58291020794651,0.00291576718954432,19,"Mono_CD14","C19_mod vs C19_ctrl",TRUE,TRUE,"significant in both"
"TF_motifs_vert","regionSet_513.bed","MA0909.1_HOXD13","gain",1.12836695935393,0.0269712253813616,23,1.58291020794651,0.00291576718954432,19,"Mono_CD14","C19_mod vs C19_ctrl",TRUE,TRUE,"significant in both"
"TF_motifs","regionSet_128.bed","MA0511.2_RUNX2","gain",0.9567121795975,0.0284252761016429,31,1.31905416084743,0.00563357158943799,24,"Mono_CD14","C19_mod vs C19_ctrl",TRUE,TRUE,"significant in both"
"TF_motifs_vert","regionSet_177.bed","MA0511.2_RUNX2","gain",0.9567121795975,0.0284252761016429,31,1.31905416084743,0.00563357158943799,24,"Mono_CD14","C19_mod vs C19_ctrl",TRUE,TRUE,"significant in both"
"TF_motif_clusters","regionSet_45.bed","fox_4","gain",0.562840719126055,0.0291906790562494,214,0.843639573880011,0.00700867793902454,140,"Mono_CD14","C19_mod vs C19_ctrl",TRUE,TRUE,"significant in both"
"TF_motifs_vert","regionSet_332.bed","MA0728.1_Nr2f6(var.2)","gain",0.745270772329459,0.0298658298860747,51,0.820027008788059,0.104163397966479,33,"Mono_CD14","C19_mod vs C19_ctrl",TRUE,FALSE,"unadjusted only"
"TF_motif_clusters","regionSet_107.bed","lef1","loss",1.2071000168157,0.0329741429975564,50,1.77747518841573,0.0198561044397451,33,"Mono_CD14","C19_mod vs C19_ctrl",TRUE,TRUE,"significant in both"
"TF_motifs","regionSet_439.bed","MA1145.1_FOSL2::JUND(var.2)","gain",1.18284963474126,0.0329741429975564,20,1.13169361789499,0.268490147499493,12,"Mono_CD14","C19_mod vs C19_ctrl",TRUE,FALSE,"unadjusted only"
"TF_motifs_vert","regionSet_565.bed","MA1145.1_FOSL2::JUND(var.2)","gain",1.18284963474126,0.0329741429975564,20,1.13169361789499,0.268490147499493,12,"Mono_CD14","C19_mod vs C19_ctrl",TRUE,FALSE,"unadjusted only"
"TF_motifs","regionSet_244.bed","MA0734.1_GLI2","gain",0.892305925043483,0.0329741429975564,34,0.54686326988501,0.772464494410937,17,"Mono_CD14","C19_mod vs C19_ctrl",TRUE,FALSE,"unadjusted only"
"TF_motifs_vert","regionSet_338.bed","MA0734.1_GLI2","gain",0.892305925043483,0.0329741429975564,34,0.54686326988501,0.772464494410937,17,"Mono_CD14","C19_mod vs C19_ctrl",TRUE,FALSE,"unadjusted only"
"TF_motifs_vert","regionSet_1.bed","MA0002.2_RUNX1","gain",0.713788270925937,0.0333621909258897,54,0.891653641467585,0.0362823021962901,37,"Mono_CD14","C19_mod vs C19_ctrl",TRUE,TRUE,"significant in both"
"TF_motifs","regionSet_258.bed","MA0750.2_ZBTB7A","loss",1.24651999649014,0.0367678394273062,22,1.03733824911563,0.503679118204998,12,"Mono_CD14","C19_mod vs C19_ctrl",TRUE,FALSE,"unadjusted only"
"TF_motifs_vert","regionSet_354.bed","MA0750.2_ZBTB7A","loss",1.24651999649014,0.0367678394273062,22,1.03733824911563,0.503679118204998,12,"Mono_CD14","C19_mod vs C19_ctrl",TRUE,FALSE,"unadjusted only"
"TF_motifs","regionSet_119.bed","MA0497.1_MEF2C","gain",0.701027702760946,0.0413698983674586,53,0.543583499523622,0.52530187547665,30,"Mono_CD14","C19_mod vs C19_ctrl",TRUE,FALSE,"unadjusted only"
"TF_motifs_vert","regionSet_163.bed","MA0497.1_MEF2C","gain",0.701027702760946,0.0413698983674586,53,0.543583499523622,0.52530187547665,30,"Mono_CD14","C19_mod vs C19_ctrl",TRUE,FALSE,"unadjusted only"
"TF_motif_clusters","regionSet_73.bed","hd_2","gain",0.523363561432718,0.0471327014368937,208,0.388142211310292,0.539883970252736,125,"Mono_CD14","C19_mod vs C19_ctrl",TRUE,FALSE,"unadjusted only"
"TF_motif_clusters","regionSet_167.bed","pou_2","gain",0.607305270363454,0.0481902808868496,71,0.288522584159395,0.887714162837086,37,"Mono_CD14","C19_mod vs C19_ctrl",TRUE,FALSE,"unadjusted only"
"TF_motifs","regionSet_40.bed","MA0080.4_SPI1","loss",1.16774011048514,0.0481902808868496,24,0.594326175197054,0.888222851369855,11,"Mono_CD14","C19_mod vs C19_ctrl",TRUE,FALSE,"unadjusted only"
"TF_motifs_vert","regionSet_57.bed","MA0080.4_SPI1","loss",1.16774011048514,0.0481902808868496,24,0.594326175197054,0.888222851369855,11,"Mono_CD14","C19_mod vs C19_ctrl",TRUE,FALSE,"unadjusted only"
"TF_motifs","regionSet_288.bed","MA0781.1_PAX9","gain",0.995010195609065,0.116226272195549,19,1.37082409245748,0.0450340833029371,15,"Mono_CD14","C19_mod vs C19_ctrl",FALSE,TRUE,"adjusted only"
"TF_motifs_vert","regionSet_385.bed","MA0781.1_PAX9","gain",0.995010195609065,0.116226272195549,19,1.37082409245748,0.0450340833029371,15,"Mono_CD14","C19_mod vs C19_ctrl",FALSE,TRUE,"adjusted only"
"TF_motif_clusters","regionSet_211.bed","tbx_2","gain",0.461143996940149,0.128845982479909,95,0.807287324637661,0.00868404187040858,69,"Mono_CD14","C19_mod vs C19_ctrl",FALSE,TRUE,"adjusted only"
"TF_motifs_vert","regionSet_473.bed","MA0869.1_Sox11","gain",0.910353525868187,0.130109627279902,21,1.42012739165297,0.0138334249586934,18,"Mono_CD14","C19_mod vs C19_ctrl",FALSE,TRUE,"adjusted only"
"TF_motifs","regionSet_363.bed","MA0867.1_SOX4","gain",0.868061016404305,0.144953339144873,22,1.4749700919926,0.00481591610481061,20,"Mono_CD14","C19_mod vs C19_ctrl",FALSE,TRUE,"adjusted only"
"TF_motifs_vert","regionSet_471.bed","MA0867.1_SOX4","gain",0.868061016404305,0.144953339144873,22,1.4749700919926,0.00481591610481061,20,"Mono_CD14","C19_mod vs C19_ctrl",FALSE,TRUE,"adjusted only"
"RepeatMasker","regionSet_4.bed","LTR","gain",0.533901994134081,0.206313771815867,49,1.02235074993825,0.00602216894789552,40,"Mono_CD14","C19_mod vs C19_ctrl",FALSE,TRUE,"adjusted only"
"TF_motifs","regionSet_362.bed","MA0866.1_SOX21","gain",0.810210334203326,0.357052934995062,15,1.44001184638477,0.0423741332427424,14,"Mono_CD14","C19_mod vs C19_ctrl",FALSE,TRUE,"adjusted only"
"TF_motifs_vert","regionSet_470.bed","MA0866.1_SOX21","gain",0.810210334203326,0.357052934995062,15,1.44001184638477,0.0423741332427424,14,"Mono_CD14","C19_mod vs C19_ctrl",FALSE,TRUE,"adjusted only"
"TF_motifs","regionSet_172.bed","MA0653.1_IRF9","loss",2.50048427426427,4.5292965922538e-07,26,1.81910471777974,3.0488157900831e-10,57,"T_mem_CD8","HIV_ctrl vs HIV_acu",TRUE,TRUE,"significant in both"
"TF_motifs_vert","regionSet_257.bed","MA0653.1_IRF9","loss",2.50048427426427,4.5292965922538e-07,26,1.81910471777974,3.0488157900831e-10,57,"T_mem_CD8","HIV_ctrl vs HIV_acu",TRUE,TRUE,"significant in both"
"TF_motifs","regionSet_21.bed","MA0050.2_IRF1","loss",2.07464371249647,8.05157918806733e-07,44,1.36994910860505,1.19865502301667e-09,107,"T_mem_CD8","HIV_ctrl vs HIV_acu",TRUE,TRUE,"significant in both"
"TF_motifs_vert","regionSet_32.bed","MA0050.2_IRF1","loss",2.07464371249647,8.05157918806733e-07,44,1.36994910860505,1.19865502301667e-09,107,"T_mem_CD8","HIV_ctrl vs HIV_acu",TRUE,TRUE,"significant in both"
"TF_motifs","regionSet_449.bed","MA1418.1_IRF3","loss",2.20467493203265,2.08756423421878e-06,29,1.59336811744934,1.19865502301667e-09,67,"T_mem_CD8","HIV_ctrl vs HIV_acu",TRUE,TRUE,"significant in both"
"TF_motifs_vert","regionSet_576.bed","MA1418.1_IRF3","loss",2.20467493203265,2.08756423421878e-06,29,1.59336811744934,1.19865502301667e-09,67,"T_mem_CD8","HIV_ctrl vs HIV_acu",TRUE,TRUE,"significant in both"
"TF_motifs","regionSet_131.bed","MA0517.1_STAT1::STAT2","loss",1.98522157708527,9.5448995555122e-06,33,1.37562318888005,2.95466731247629e-08,78,"T_mem_CD8","HIV_ctrl vs HIV_acu",TRUE,TRUE,"significant in both"
"TF_motifs_vert","regionSet_183.bed","MA0517.1_STAT1::STAT2","loss",1.98522157708527,9.5448995555122e-06,33,1.37562318888005,2.95466731247629e-08,78,"T_mem_CD8","HIV_ctrl vs HIV_acu",TRUE,TRUE,"significant in both"
"TF_motifs","regionSet_205.bed","MA0690.1_TBX21","loss",2.48634143157615,9.64344264038378e-06,19,1.5727810077539,1.91620860049943e-05,35,"T_mem_CD8","HIV_ctrl vs HIV_acu",TRUE,TRUE,"significant in both"
"TF_motifs_vert","regionSet_294.bed","MA0690.1_TBX21","loss",2.48634143157615,9.64344264038378e-06,19,1.5727810077539,1.91620860049943e-05,35,"T_mem_CD8","HIV_ctrl vs HIV_acu",TRUE,TRUE,"significant in both"
"TF_motif_clusters","regionSet_99.bed","irf_1","loss",1.87624122498514,1.4283842598023e-05,52,1.12586739428895,9.34433524313077e-07,132,"T_mem_CD8","HIV_ctrl vs HIV_acu",TRUE,TRUE,"significant in both"
"TF_motifs","regionSet_22.bed","MA0051.1_IRF2","loss",2.25368010281491,1.4283842598023e-05,22,1.52774470041516,1.4507455046342e-06,46,"T_mem_CD8","HIV_ctrl vs HIV_acu",TRUE,TRUE,"significant in both"
"TF_motifs_vert","regionSet_33.bed","MA0051.1_IRF2","loss",2.25368010281491,1.4283842598023e-05,22,1.52774470041516,1.4507455046342e-06,46,"T_mem_CD8","HIV_ctrl vs HIV_acu",TRUE,TRUE,"significant in both"
"TF_motifs","regionSet_307.bed","MA0800.1_EOMES","loss",2.5140845741649,2.06835004551882e-05,17,1.71311980997368,5.96666660483627e-06,33,"T_mem_CD8","HIV_ctrl vs HIV_acu",TRUE,TRUE,"significant in both"
"TF_motifs_vert","regionSet_404.bed","MA0800.1_EOMES","loss",2.5140845741649,2.06835004551882e-05,17,1.71311980997368,5.96666660483627e-06,33,"T_mem_CD8","HIV_ctrl vs HIV_acu",TRUE,TRUE,"significant in both"
"TF_motif_clusters","regionSet_169.bed","prdm1","loss",1.6156863523642,0.000385056446823409,49,0.747306796435714,0.00556743594786674,117,"T_mem_CD8","HIV_ctrl vs HIV_acu",TRUE,TRUE,"significant in both"
"TF_motifs","regionSet_171.bed","MA0652.1_IRF8","loss",2.09331536754642,0.000761112054558614,17,1.9124591002733,1.13632175339997e-09,47,"T_mem_CD8","HIV_ctrl vs HIV_acu",TRUE,TRUE,"significant in both"
"TF_motifs_vert","regionSet_256.bed","MA0652.1_IRF8","loss",2.09331536754642,0.000761112054558614,17,1.9124591002733,1.13632175339997e-09,47,"T_mem_CD8","HIV_ctrl vs HIV_acu",TRUE,TRUE,"significant in both"
"TF_motifs","regionSet_309.bed","MA0802.1_TBR1","loss",2.182716568058,0.00103605313458311,15,1.66299373192056,7.6590656565337e-06,34,"T_mem_CD8","HIV_ctrl vs HIV_acu",TRUE,TRUE,"significant in both"
"TF_motifs_vert","regionSet_406.bed","MA0802.1_TBR1","loss",2.182716568058,0.00103605313458311,15,1.66299373192056,7.6590656565337e-06,34,"T_mem_CD8","HIV_ctrl vs HIV_acu",TRUE,TRUE,"significant in both"
"TF_motifs","regionSet_203.bed","MA0688.1_TBX2","loss",2.19902379497311,0.00154728934722352,14,1.47791019591316,0.000696780130258137,28,"T_mem_CD8","HIV_ctrl vs HIV_acu",TRUE,TRUE,"significant in both"
"TF_motifs_vert","regionSet_292.bed","MA0688.1_TBX2","loss",2.19902379497311,0.00154728934722352,14,1.47791019591316,0.000696780130258137,28,"T_mem_CD8","HIV_ctrl vs HIV_acu",TRUE,TRUE,"significant in both"
"TF_motifs_vert","regionSet_180.bed","MA0514.1_Sox3","loss",1.67765939962125,0.00179306245470377,24,0.688197638261895,0.120077094833595,44,"T_mem_CD8","HIV_ctrl vs HIV_acu",TRUE,FALSE,"unadjusted only"
"TF_motifs","regionSet_204.bed","MA0689.1_TBX20","loss",2.14101132580935,0.00206842774317873,14,1.35982037076176,0.00297783378392682,27,"T_mem_CD8","HIV_ctrl vs HIV_acu",TRUE,TRUE,"significant in both"
"TF_motifs_vert","regionSet_293.bed","MA0689.1_TBX20","loss",2.14101132580935,0.00206842774317873,14,1.35982037076176,0.00297783378392682,27,"T_mem_CD8","HIV_ctrl vs HIV_acu",TRUE,TRUE,"significant in both"
"TF_motifs","regionSet_450.bed","MA1419.1_IRF4","loss",2.05456266640328,0.00206842774317873,15,1.85937532354636,2.26012992235292e-08,41,"T_mem_CD8","HIV_ctrl vs HIV_acu",TRUE,TRUE,"significant in both"
"TF_motifs_vert","regionSet_577.bed","MA1419.1_IRF4","loss",2.05456266640328,0.00206842774317873,15,1.85937532354636,2.26012992235292e-08,41,"T_mem_CD8","HIV_ctrl vs HIV_acu",TRUE,TRUE,"significant in both"
"TF_motifs","regionSet_106.bed","MA0477.1_FOSL1","gain",3.00944969895611,0.00592528260018316,8,1.94476285986463,0.00407733670773254,15,"T_mem_CD8","HIV_ctrl vs HIV_acu",TRUE,TRUE,"significant in both"
"TF_motifs_vert","regionSet_144.bed","MA0477.1_FOSL1","gain",3.00944969895611,0.00592528260018316,8,1.94476285986463,0.00407733670773254,15,"T_mem_CD8","HIV_ctrl vs HIV_acu",TRUE,TRUE,"significant in both"
"TF_motifs","regionSet_446.bed","MA1152.1_SOX15","loss",1.81545653511182,0.00682317028509507,16,0.966070232430024,0.0480432709515863,30,"T_mem_CD8","HIV_ctrl vs HIV_acu",TRUE,TRUE,"significant in both"
"TF_motifs_vert","regionSet_572.bed","MA1152.1_SOX15","loss",1.81545653511182,0.00682317028509507,16,0.966070232430024,0.0480432709515863,30,"T_mem_CD8","HIV_ctrl vs HIV_acu",TRUE,TRUE,"significant in both"
"TF_motifs","regionSet_62.bed","MA0119.1_NFIC::TLX1","gain",2.79878772168521,0.00708144942898235,9,1.79936608810962,0.00373321981023505,18,"T_mem_CD8","HIV_ctrl vs HIV_acu",TRUE,TRUE,"significant in both"
"TF_motifs_vert","regionSet_88.bed","MA0119.1_NFIC::TLX1","gain",2.79878772168521,0.00708144942898235,9,1.79936608810962,0.00373321981023505,18,"T_mem_CD8","HIV_ctrl vs HIV_acu",TRUE,TRUE,"significant in both"
"TF_motifs","regionSet_107.bed","MA0478.1_FOSL2","gain",2.79334660184786,0.0260822985271188,7,1.76631326295825,0.023046309012837,13,"T_mem_CD8","HIV_ctrl vs HIV_acu",TRUE,TRUE,"significant in both"
"TF_motifs_vert","regionSet_145.bed","MA0478.1_FOSL2","gain",2.79334660184786,0.0260822985271188,7,1.76631326295825,0.023046309012837,13,"T_mem_CD8","HIV_ctrl vs HIV_acu",TRUE,TRUE,"significant in both"
"Superenhancers","regionSet_61.bed","NHLF","gain",3.01925075264854,0.0260822985271188,6,1.85592394178101,0.0480432709515863,10,"T_mem_CD8","HIV_ctrl vs HIV_acu",TRUE,TRUE,"significant in both"
"TF_motifs","regionSet_114.bed","MA0490.1_JUNB","gain",2.78200000550786,0.0260822985271188,7,1.88949242480656,0.00851846875117233,14,"T_mem_CD8","HIV_ctrl vs HIV_acu",TRUE,TRUE,"significant in both"
"TF_motifs_vert","regionSet_156.bed","MA0490.1_JUNB","gain",2.78200000550786,0.0260822985271188,7,1.88949242480656,0.00851846875117233,14,"T_mem_CD8","HIV_ctrl vs HIV_acu",TRUE,TRUE,"significant in both"
"TF_motifs","regionSet_279.bed","MA0772.1_IRF7","loss",1.58558693107468,0.0285363137343423,16,1.35571429212727,5.11145748495203e-05,43,"T_mem_CD8","HIV_ctrl vs HIV_acu",TRUE,TRUE,"significant in both"
"TF_motifs_vert","regionSet_376.bed","MA0772.1_IRF7","loss",1.58558693107468,0.0285363137343423,16,1.35571429212727,5.11145748495203e-05,43,"T_mem_CD8","HIV_ctrl vs HIV_acu",TRUE,TRUE,"significant in both"
"Superenhancers","regionSet_79.bed","UCSD_Right_Ventricle","gain",3.34514906709151,0.0833880741605976,4,2.35823459008669,0.0385328371697435,7,"T_mem_CD8","HIV_ctrl vs HIV_acu",FALSE,TRUE,"adjusted only"
"TF_motif_clusters","regionSet_214.bed","tcf_lef","loss",0.932193287854162,0.185872723033503,36,0.832037902315373,0.00139753551601468,106,"T_mem_CD8","HIV_ctrl vs HIV_acu",FALSE,TRUE,"adjusted only"
"TF_motifs","regionSet_313.bed","MA0806.1_TBX4","loss",1.30238005469674,0.207370213587605,13,0.933703841084664,0.0480432709515863,32,"T_mem_CD8","HIV_ctrl vs HIV_acu",FALSE,TRUE,"adjusted only"
"TF_motifs_vert","regionSet_410.bed","MA0806.1_TBX4","loss",1.30238005469674,0.207370213587605,13,0.933703841084664,0.0480432709515863,32,"T_mem_CD8","HIV_ctrl vs HIV_acu",FALSE,TRUE,"adjusted only"
"TF_motifs","regionSet_308.bed","MA0801.1_MGA","loss",1.30425141477994,0.240894558185105,12,0.96675921188154,0.0480432709515863,30,"T_mem_CD8","HIV_ctrl vs HIV_acu",FALSE,TRUE,"adjusted only"
"TF_motifs_vert","regionSet_405.bed","MA0801.1_MGA","loss",1.30425141477994,0.240894558185105,12,0.96675921188154,0.0480432709515863,30,"T_mem_CD8","HIV_ctrl vs HIV_acu",FALSE,TRUE,"adjusted only"
"TF_motifs","regionSet_128.bed","MA0511.2_RUNX2","gain",2.2641362651256,0.25272641249608,5,2.17785542349842,0.000932601231469956,15,"T_mem_CD8","HIV_ctrl vs HIV_acu",FALSE,TRUE,"adjusted only"
"TF_motifs_vert","regionSet_177.bed","MA0511.2_RUNX2","gain",2.2641362651256,0.25272641249608,5,2.17785542349842,0.000932601231469956,15,"T_mem_CD8","HIV_ctrl vs HIV_acu",FALSE,TRUE,"adjusted only"
"TF_motifs","regionSet_314.bed","MA0807.1_TBX5","loss",1.14461558303623,0.377982259536957,12,1.01763169071968,0.0197990120241907,34,"T_mem_CD8","HIV_ctrl vs HIV_acu",FALSE,TRUE,"adjusted only"
"TF_motifs_vert","regionSet_411.bed","MA0807.1_TBX5","loss",1.14461558303623,0.377982259536957,12,1.01763169071968,0.0197990120241907,34,"T_mem_CD8","HIV_ctrl vs HIV_acu",FALSE,TRUE,"adjusted only"
"EnsemblRegBuild","regionSet_6.bed","TF binding site","loss",1.52641582063308,0.378784614355893,7,1.25620521169586,0.0480432709515863,18,"T_mem_CD8","HIV_ctrl vs HIV_acu",FALSE,TRUE,"adjusted only"
"TF_motifs","regionSet_426.bed","MA1132.1_JUN::JUNB","loss",1.38297890658923,0.49346050315989,7,1.35646304508363,0.0140113012562584,21,"T_mem_CD8","HIV_ctrl vs HIV_acu",FALSE,TRUE,"adjusted only"
"TF_motifs_vert","regionSet_552.bed","MA1132.1_JUN::JUNB","loss",1.38297890658923,0.49346050315989,7,1.35646304508363,0.0140113012562584,21,"T_mem_CD8","HIV_ctrl vs HIV_acu",FALSE,TRUE,"adjusted only"
"TF_motifs","regionSet_424.bed","MA1130.1_FOSL2::JUN","loss",1.27958313544326,0.49346050315989,8,1.18382733803403,0.0300975173252507,23,"T_mem_CD8","HIV_ctrl vs HIV_acu",FALSE,TRUE,"adjusted only"
"TF_motifs_vert","regionSet_550.bed","MA1130.1_FOSL2::JUN","loss",1.27958313544326,0.49346050315989,8,1.18382733803403,0.0300975173252507,23,"T_mem_CD8","HIV_ctrl vs HIV_acu",FALSE,TRUE,"adjusted only"
"TF_motifs","regionSet_133.bed","MA0523.1_TCF7L2","loss",1.09882979409837,0.603622352829239,9,1.07096710404621,0.0345967960811604,27,"T_mem_CD8","HIV_ctrl vs HIV_acu",FALSE,TRUE,"adjusted only"
"TF_motifs_vert","regionSet_189.bed","MA0523.1_TCF7L2","loss",1.09882979409837,0.603622352829239,9,1.07096710404621,0.0345967960811604,27,"T_mem_CD8","HIV_ctrl vs HIV_acu",FALSE,TRUE,"adjusted only"
"TF_motifs","regionSet_199.bed","MA0684.1_RUNX3","gain",1.78770498976936,0.694024245359719,4,2.11093296506115,0.00140676636937569,15,"T_mem_CD8","HIV_ctrl vs HIV_acu",FALSE,TRUE,"adjusted only"
"TF_motifs_vert","regionSet_288.bed","MA0684.1_RUNX3","gain",1.78770498976936,0.694024245359719,4,2.11093296506115,0.00140676636937569,15,"T_mem_CD8","HIV_ctrl vs HIV_acu",FALSE,TRUE,"adjusted only"
"TF_motif_clusters","regionSet_7.bed","batf","loss",0.638963005888792,0.770271915959032,24,0.717799819198034,0.023046309012837,76,"T_mem_CD8","HIV_ctrl vs HIV_acu",FALSE,TRUE,"adjusted only"
"TF_motifs","regionSet_101.bed","MA0472.2_EGR2","gain",1.4843022189727,0.773562940607891,5,1.63579491641477,0.0142103085793726,17,"T_mem_CD8","HIV_ctrl vs HIV_acu",FALSE,TRUE,"adjusted only"
"TF_motifs_vert","regionSet_139.bed","MA0472.2_EGR2","gain",1.4843022189727,0.773562940607891,5,1.63579491641477,0.0142103085793726,17,"T_mem_CD8","HIV_ctrl vs HIV_acu",FALSE,TRUE,"adjusted only"
"TF_motifs","regionSet_93.bed","MA0462.1_BATF::JUN","loss",1.05981851716288,0.818876087682749,7,1.31344666566418,0.00721093246560939,25,"T_mem_CD8","HIV_ctrl vs HIV_acu",FALSE,TRUE,"adjusted only"
"TF_motifs_vert","regionSet_129.bed","MA0462.1_BATF::JUN","loss",1.05981851716288,0.818876087682749,7,1.31344666566418,0.00721093246560939,25,"T_mem_CD8","HIV_ctrl vs HIV_acu",FALSE,TRUE,"adjusted only"
"TF_motif_clusters","regionSet_3.bed","ap1_1","loss",0.502035678361608,0.924331066919367,41,0.600822205974492,0.0482430998087557,129,"T_mem_CD8","HIV_ctrl vs HIV_acu",FALSE,TRUE,"adjusted only"
"TF_motifs_vert","regionSet_1.bed","MA0002.2_RUNX1","gain",1.10515097656325,1,5,1.47724847970289,0.023046309012837,19,"T_mem_CD8","HIV_ctrl vs HIV_acu",FALSE,TRUE,"adjusted only"
"TF_motifs_vert","regionSet_184.bed","MA0518.1_Stat4","loss",0.686069787126075,1,9,1.04267490816886,0.0154302655084236,34,"T_mem_CD8","HIV_ctrl vs HIV_acu",FALSE,TRUE,"adjusted only"
"TF_motifs","regionSet_68.bed","MA0137.3_STAT1","loss",0.640005765817641,1,7,1.01867072302737,0.0480432709515863,27,"T_mem_CD8","HIV_ctrl vs HIV_acu",FALSE,TRUE,"adjusted only"
"TF_motifs_vert","regionSet_97.bed","MA0137.3_STAT1","loss",0.640005765817641,1,7,1.01867072302737,0.0480432709515863,27,"T_mem_CD8","HIV_ctrl vs HIV_acu",FALSE,TRUE,"adjusted only"
"TF_motifs","regionSet_93.bed","MA0462.1_BATF::JUN","gain",1.070023410771,1,2,1.83370940274546,0.0480432709515863,10,"T_mem_CD8","HIV_ctrl vs HIV_acu",FALSE,TRUE,"adjusted only"
"TF_motifs_vert","regionSet_129.bed","MA0462.1_BATF::JUN","gain",1.070023410771,1,2,1.83370940274546,0.0480432709515863,10,"T_mem_CD8","HIV_ctrl vs HIV_acu",FALSE,TRUE,"adjusted only"
"EnsemblRegBuildBP","regionSet_1.bed","distal","loss",0.326668058320274,1,6,1.00898528699862,0.0480432709515863,28,"T_mem_CD8","HIV_ctrl vs HIV_acu",FALSE,TRUE,"adjusted only"
"Superenhancers","regionSet_47.bed","HCC1954","loss",-0.355052530859751,1,1,1.80563248828234,0.0126045305346114,13,"T_mem_CD8","HIV_ctrl vs HIV_acu",FALSE,TRUE,"adjusted only"
