"TF","mlog10Padj","direction","held_out"
"TFAP2B_1",0,"up","Subject 1"
"TFAP2D_2",0,"up","Subject 1"
"TFAP2C_3",0,"up","Subject 1"
"TFAP2E_4",0,"up","Subject 1"
"TFAP2A_5",0,"up","Subject 1"
"ARID3A_6",4.16175749056067,"up","Subject 1"
"ARID5B_7",2.21345749056068,"up","Subject 1"
"ARID3B_8",1.56245749056068,"up","Subject 1"
"ARID5A_9",0.811757490560675,"up","Subject 1"
"ARID3C_10",0.921657490560675,"up","Subject 1"
"ARID2_11",0,"up","Subject 1"
"HMGA1_12",0,"up","Subject 1"
"HMGA2_13",0,"up","Subject 1"
"MAX_14",0,"up","Subject 1"
"MLXIPL_15",0,"up","Subject 1"
"ARNTL2_16",0,"up","Subject 1"
"AHRR_17",0,"up","Subject 1"
"TFE3_18",0,"up","Subject 1"
"HES2_19",0,"up","Subject 1"
"MNT_20",0,"up","Subject 1"
"TCF3_21",0,"up","Subject 1"
"SREBF1_22",0,"up","Subject 1"
"TFAP4_23",0,"up","Subject 1"
"HIF1A_24",0,"up","Subject 1"
"TCFL5_25",0,"up","Subject 1"
"USF2_26",0,"up","Subject 1"
"TFEC_27",0,"up","Subject 1"
"AHR_28",0,"up","Subject 1"
"MLX_29",0,"up","Subject 1"
"MYF6_30",0,"up","Subject 1"
"SIM1_31",0,"up","Subject 1"
"TFEB_32",0,"up","Subject 1"
"HAND1_33",0,"up","Subject 1"
"HES1_34",0,"up","Subject 1"
"ID2_35",0,"up","Subject 1"
"EPAS1_36",0,"up","Subject 1"
"MYCL1_37",0,"up","Subject 1"
"ID3_38",0,"up","Subject 1"
"TCF21_39",0,"up","Subject 1"
"MXI1_40",0,"up","Subject 1"
"MYOG_41",0,"up","Subject 1"
"TWIST1_42",0,"up","Subject 1"
"NEUROG3_43",0.918457490560675,"up","Subject 1"
"BHLHE41_44",0,"up","Subject 1"
"BHLHE23_45",0,"up","Subject 1"
"TCF15_46",0,"up","Subject 1"
"ID1_47",0,"up","Subject 1"
"MYOD1_48",0,"up","Subject 1"
"NPAS1_49",0,"up","Subject 1"
"ARNTL_50",0,"up","Subject 1"
"BHLHE40_51",0,"up","Subject 1"
"MYCN_52",0,"up","Subject 1"
"CLOCK_53",0,"up","Subject 1"
"HEY2_54",0,"up","Subject 1"
"MYC_55",0,"up","Subject 1"
"TCF12_56",0,"up","Subject 1"
"ARNT_57",0,"up","Subject 1"
"FERD3L_58",0,"up","Subject 1"
"NPAS3_59",0,"up","Subject 1"
"USF1_60",0,"up","Subject 1"
"SIM2_61",0,"up","Subject 1"
"TAL1_62",0.422757490560675,"up","Subject 1"
"NEUROD1_63",0,"up","Subject 1"
"TCF23_64",0,"up","Subject 1"
"HEYL_65",0,"up","Subject 1"
"HAND2_66",0,"up","Subject 1"
"EBF1_67",0,"up","Subject 1"
"HEY1_68",0,"up","Subject 1"
"MESP1_69",0,"up","Subject 1"
"PTF1A_70",0,"up","Subject 1"
"ATOH8_71",0,"up","Subject 1"
"NPAS2_72",0,"up","Subject 1"
"NEUROD2_73",0,"up","Subject 1"
"NHLH1_74",0.101457490560675,"up","Subject 1"
"ID4_75",0,"up","Subject 1"
"ARNT2_76",0,"up","Subject 1"
"NPAS4_77",0,"up","Subject 1"
"MLXIP_78",0,"up","Subject 1"
"OLIG3_79",0,"up","Subject 1"
"NHLH2_80",0.0996574905606752,"up","Subject 1"
"NEUROG2_81",0,"up","Subject 1"
"MSC_82",0,"up","Subject 1"
"HES7_83",0,"up","Subject 1"
"ATOH7_84",0,"up","Subject 1"
"BHLHA15_85",0,"up","Subject 1"
"BHLHE22_86",0.112657490560675,"up","Subject 1"
"NEUROG1_87",0,"up","Subject 1"
"FIGLA_88",0,"up","Subject 1"
"ASCL2_89",0.0630574905606752,"up","Subject 1"
"OLIG1_90",0,"up","Subject 1"
"MITF_91",0,"up","Subject 1"
"ENSG00000187728_92",0,"up","Subject 1"
"SCXB_93",0,"up","Subject 1"
"MESP2_94",0,"up","Subject 1"
"HES4_95",0,"up","Subject 1"
"SCXA_96",0,"up","Subject 1"
"TCF4_97",0,"up","Subject 1"
"HES5_98",0,"up","Subject 1"
"SREBF2_99",0,"up","Subject 1"
"OLIG2_100",0,"up","Subject 1"
"TWIST2_101",0.150857490560675,"up","Subject 1"
"ENSG00000250811_102",0,"up","Subject 1"
"MGA_103",0,"up","Subject 1"
"CREB3L3_104",0,"up","Subject 1"
"FOSL2_105",7.51875749056068,"up","Subject 1"
"NFE2L1_106",1.41705749056068,"up","Subject 1"
"CEBPE_107",0,"up","Subject 1"
"CREM_108",0,"up","Subject 1"
"XBP1_109",0,"up","Subject 1"
"DBP_110",0.0698574905606751,"up","Subject 1"
"CREB3_111",0,"up","Subject 1"
"HLF_112",0,"up","Subject 1"
"BACH2_113",4.05425749056067,"up","Subject 1"
"ATF2_114",0,"up","Subject 1"
"NFE2L2_115",0.286057490560675,"up","Subject 1"
"ATF6_116",0,"up","Subject 1"
"CREB1_117",0,"up","Subject 1"
"ATF1_118",0,"up","Subject 1"
"NFE2_119",2.13935749056068,"up","Subject 1"
"BATF3_120",0,"up","Subject 1"
"FOSB_121",6.45285749056067,"up","Subject 1"
"ATF4_122",0,"up","Subject 1"
"NRL_123",0,"up","Subject 1"
"JUND_124",5.86865749056067,"up","Subject 1"
"JDP2_125",8.52765749056067,"up","Subject 1"
"CREB3L4_126",0,"up","Subject 1"
"CREB5_127",0,"up","Subject 1"
"CEBPG_128",0,"up","Subject 1"
"BATF_129",7.45715749056068,"up","Subject 1"
"BACH1_130",7.45845749056067,"up","Subject 1"
"CREB3L1_131",0,"up","Subject 1"
"ATF3_132",0,"up","Subject 1"
"NFIL3_133",0,"up","Subject 1"
"TEF_134",0.00145749056067512,"up","Subject 1"
"CR7538031_135",0,"up","Subject 1"
"ATF5_136",0,"up","Subject 1"
"FOS_137",5.80525749056067,"up","Subject 1"
"ATF7_138",0,"up","Subject 1"
"JUNB_139",6.60055749056067,"up","Subject 1"
"CEBPB_140",0,"up","Subject 1"
"DDIT3_141",0,"up","Subject 1"
"FOSL1_142",7.30955749056067,"up","Subject 1"
"JUN_143",9.85775749056067,"up","Subject 1"
"MAF_144",0.443457490560675,"up","Subject 1"
"CREB3L2_145",0,"up","Subject 1"
"MAFA_146",0,"up","Subject 1"
"MAFF_147",5.48255749056067,"up","Subject 1"
"MAFG_148",0.231157490560675,"up","Subject 1"
"MAFK_149",0.748157490560675,"up","Subject 1"
"MAFB_150",0.239957490560675,"up","Subject 1"
"ATF6B_151",0,"up","Subject 1"
"CEBPD_152",0,"up","Subject 1"
"CR9257962_153",0,"up","Subject 1"
"AL6628286_154",0,"up","Subject 1"
"CEBPA_155",0,"up","Subject 1"
"ZEB1_157",0,"up","Subject 1"
"ZFX_158",0,"up","Subject 1"
"ZNF263_159",0,"up","Subject 1"
"HIVEP2_160",0,"up","Subject 1"
"SNAI2_161",0,"up","Subject 1"
"ZIC2_162",0,"up","Subject 1"
"PRDM1_163",1.27075749056068,"up","Subject 1"
"ZNF76_164",0,"up","Subject 1"
"KLF6_165",0,"up","Subject 1"
"ZFY_166",0,"up","Subject 1"
"GLI2_167",0,"up","Subject 1"
"REST_168",0,"up","Subject 1"
"MECOM_169",2.03505749056068,"up","Subject 1"
"HIVEP1_170",0,"up","Subject 1"
"MZF1_171",0,"up","Subject 1"
"PATZ1_172",0,"up","Subject 1"
"YY1_173",0,"up","Subject 1"
"KLF8_174",0,"up","Subject 1"
"KLF5_175",0,"up","Subject 1"
"ZNF423_176",0,"up","Subject 1"
"CTCF_177",0,"up","Subject 1"
"MAZ_178",0,"up","Subject 1"
"KLF1_179",0,"up","Subject 1"
"SP4_180",0,"up","Subject 1"
"ZKSCAN1_181",0,"up","Subject 1"
"GLI3_182",0,"up","Subject 1"
"GLIS3_183",0,"up","Subject 1"
"KLF3_184",0,"up","Subject 1"
"PRDM4_185",0,"up","Subject 1"
"GLI1_186",0,"up","Subject 1"
"BCL6_187",0.0365574905606751,"up","Subject 1"
"ZBTB47_188",0.885457490560675,"up","Subject 1"
"KLF7_189",0,"up","Subject 1"
"PLAGL1_190",0,"up","Subject 1"
"KLF12_191",0,"up","Subject 1"
"KLF9_192",0,"up","Subject 1"
"ZNF410_193",0,"up","Subject 1"
"BCL11A_194",4.67845749056067,"up","Subject 1"
"EGR1_195",0,"up","Subject 1"
"EGR2_196",0,"up","Subject 1"
"IKZF4_197",0,"up","Subject 1"
"CTCFL_198",0,"up","Subject 1"
"SNAI1_199",0,"up","Subject 1"
"RREB1_200",0,"up","Subject 1"
"GLIS2_201",0,"up","Subject 1"
"ZNF384_202",0,"up","Subject 1"
"ZBTB1_203",0,"up","Subject 1"
"FEZF1_204",0,"up","Subject 1"
"KLF16_205",0,"up","Subject 1"
"ZSCAN10_206",0,"up","Subject 1"
"EGR4_207",0,"up","Subject 1"
"KLF4_208",0,"up","Subject 1"
"ZNF740_209",0,"up","Subject 1"
"ZIC5_210",0,"up","Subject 1"
"PRDM16_211",1.90425749056068,"up","Subject 1"
"OSR1_212",0,"up","Subject 1"
"ZIC1_213",0,"up","Subject 1"
"FEZF2_214",0,"up","Subject 1"
"ZIC3_215",0,"up","Subject 1"
"ZBTB7B_216",0,"up","Subject 1"
"ZNF333_217",2.13975749056068,"up","Subject 1"
"BCL6B_218",0,"up","Subject 1"
"ZNF75A_219",0,"up","Subject 1"
"GFI1_220",0.0240574905606751,"up","Subject 1"
"ZNF281_221",0,"up","Subject 1"
"ZNF148_222",0,"up","Subject 1"
"KLF15_223",0,"up","Subject 1"
"ZNF691_224",0,"up","Subject 1"
"ZNF589_225",0,"up","Subject 1"
"SP8_226",0,"up","Subject 1"
"OSR2_227",0,"up","Subject 1"
"GFI1B_228",1.07055749056068,"up","Subject 1"
"ZNF219_229",0,"up","Subject 1"
"ZNF202_230",0,"up","Subject 1"
"ZNF143_231",0,"up","Subject 1"
"SP2_232",0,"up","Subject 1"
"ZNF232_233",1.28765749056068,"up","Subject 1"
"E4F1_234",0,"up","Subject 1"
"ZBTB49_235",0,"up","Subject 1"
"HIC2_236",0,"up","Subject 1"
"ZNF32_237",0,"up","Subject 1"
"KLF13_238",0,"up","Subject 1"
"ZNF35_239",2.88265749056068,"up","Subject 1"
"ZNF282_240",0,"up","Subject 1"
"SP7_241",0,"up","Subject 1"
"SCRT1_242",0,"up","Subject 1"
"ZNF524_243",0,"up","Subject 1"
"ZNF274_244",0.0483574905606751,"up","Subject 1"
"HINFP_245",0,"up","Subject 1"
"OVOL1_246",0,"up","Subject 1"
"SP3_247",0,"up","Subject 1"
"INSM1_248",0,"up","Subject 1"
"ZBTB4_249",0,"up","Subject 1"
"GLIS1_250",0,"up","Subject 1"
"KLF14_251",0,"up","Subject 1"
"ZIC4_252",0,"up","Subject 1"
"ZNF683_253",1.17635749056068,"up","Subject 1"
"HIC1_254",0,"up","Subject 1"
"ZBTB33_255",0,"up","Subject 1"
"ZNF354C_256",0,"up","Subject 1"
"ZNF713_257",0.997557490560675,"up","Subject 1"
"ZBTB7A_258",0,"up","Subject 1"
"EGR3_259",0,"up","Subject 1"
"ZNF238_260",0,"up","Subject 1"
"ZBTB42_261",0,"up","Subject 1"
"ZNF784_262",0,"up","Subject 1"
"ZSCAN4_263",2.75425749056068,"up","Subject 1"
"PLAG1_264",0,"up","Subject 1"
"ZBTB7C_265",0,"up","Subject 1"
"WT1_266",0,"up","Subject 1"
"SP1_267",0,"up","Subject 1"
"SNAI3_268",4.13145749056067,"up","Subject 1"
"ZBTB3_269",0,"up","Subject 1"
"IKZF1_270",0,"up","Subject 1"
"ZBTB6_271",0,"up","Subject 1"
"ZNF75D_272",0,"up","Subject 1"
"ZKSCAN4_273",0,"up","Subject 1"
"MTF1_274",0,"up","Subject 1"
"SP6_275",0,"up","Subject 1"
"ZKSCAN3_276",0,"up","Subject 1"
"ZSCAN16_277",0.107857490560675,"up","Subject 1"
"ZNF652_278",0.885457490560675,"up","Subject 1"
"SP5_279",0,"up","Subject 1"
"ZBTB12_280",0,"up","Subject 1"
"AL8448538_281",0,"up","Subject 1"
"SCRT2_282",0,"up","Subject 1"
"SP9_283",0,"up","Subject 1"
"YY2_284",0,"up","Subject 1"
"CR7597843_285",0,"up","Subject 1"
"CR3882194_286",0,"up","Subject 1"
"AL66283413_287",0,"up","Subject 1"
"NFYA_288",0,"up","Subject 1"
"CENPB_289",0,"up","Subject 1"
"YBX1_290",0,"up","Subject 1"
"RBPJ_291",0,"up","Subject 1"
"CUX2_292",0.200057490560675,"up","Subject 1"
"ONECUT2_293",0,"up","Subject 1"
"CUX1_294",0,"up","Subject 1"
"ONECUT1_295",0,"up","Subject 1"
"ONECUT3_296",1.26485749056068,"up","Subject 1"
"LIN54_297",2.43775749056068,"up","Subject 1"
"CGBP_298",0,"up","Subject 1"
"KDM2B_299",0,"up","Subject 1"
"MLL_300",0,"up","Subject 1"
"DNMT1_301",0,"up","Subject 1"
"TET1_302",0.208257490560675,"up","Subject 1"
"CXXC1_303",0,"up","Subject 1"
"DMRT3_304",0,"up","Subject 1"
"DMRT1_305",0.855157490560675,"up","Subject 1"
"DMRTA2_306",1.29515749056068,"up","Subject 1"
"DMRT2_307",2.10195749056068,"up","Subject 1"
"TFDP2_308",0,"up","Subject 1"
"TFDP3_309",0,"up","Subject 1"
"TFDP1_310",0,"up","Subject 1"
"E2F2_311",0,"up","Subject 1"
"E2F1_312",0,"up","Subject 1"
"E2F3_313",0,"up","Subject 1"
"E2F8_314",0,"up","Subject 1"
"E2F5_315",0,"up","Subject 1"
"E2F7_316",0,"up","Subject 1"
"E2F6_317",0,"up","Subject 1"
"E2F4_318",0,"up","Subject 1"
"BRCA1_319",0.695957490560675,"up","Subject 1"
"ETV1_320",0,"up","Subject 1"
"ETV7_321",5.79575749056067,"up","Subject 1"
"SPI1_322",2.06435749056068,"up","Subject 1"
"ELF4_323",0,"up","Subject 1"
"ETV2_324",4.41885749056067,"up","Subject 1"
"ERF_325",3.27905749056068,"up","Subject 1"
"ELF2_326",4.22545749056068,"up","Subject 1"
"ELK3_327",0,"up","Subject 1"
"ETV3_328",0,"up","Subject 1"
"ELF1_329",0,"up","Subject 1"
"SPDEF_330",0,"up","Subject 1"
"ELK1_331",0,"up","Subject 1"
"ETS1_332",0,"up","Subject 1"
"EHF_333",0,"up","Subject 1"
"ELF5_334",2.83705749056068,"up","Subject 1"
"ETV6_335",0,"up","Subject 1"
"SPIB_336",2.40565749056068,"up","Subject 1"
"FLI1_337",0,"up","Subject 1"
"GABPA_338",0,"up","Subject 1"
"ERG_339",0.857957490560675,"up","Subject 1"
"ETS2_340",0.272157490560675,"up","Subject 1"
"ELK4_341",0,"up","Subject 1"
"ELF3_342",0,"up","Subject 1"
"FEV_343",0.528857490560675,"up","Subject 1"
"SPIC_344",2.19605749056068,"up","Subject 1"
"ETV4_345",0,"up","Subject 1"
"ENSG00000235187_346",0.162457490560675,"up","Subject 1"
"ETV5_347",0,"up","Subject 1"
"FOXP3_348",11.6019574905607,"up","Subject 1"
"FOXC1_349",5.11005749056068,"up","Subject 1"
"FOXJ2_350",4.52195749056068,"up","Subject 1"
"FOXF1_351",4.33675749056068,"up","Subject 1"
"FOXM1_352",5.99495749056068,"up","Subject 1"
"FOXP1_353",6.37925749056067,"up","Subject 1"
"FOXO3_354",8.88035749056067,"up","Subject 1"
"FOXA2_355",5.79635749056068,"up","Subject 1"
"FOXP2_356",8.82805749056067,"up","Subject 1"
"FOXA1_357",6.84245749056068,"up","Subject 1"
"FOXP4_358",6.37925749056067,"up","Subject 1"
"FOXF2_359",3.99945749056068,"up","Subject 1"
"FOXK2_360",5.98605749056067,"up","Subject 1"
"FOXO1_361",6.37925749056067,"up","Subject 1"
"FOXH1_362",1.04155749056068,"up","Subject 1"
"FOXQ1_363",6.02935749056067,"up","Subject 1"
"FOXK1_364",7.98515749056067,"up","Subject 1"
"FOXI1_365",3.73265749056067,"up","Subject 1"
"FOXA3_366",6.58005749056067,"up","Subject 1"
"FOXB1_367",2.22415749056068,"up","Subject 1"
"FOXG1_368",6.37925749056067,"up","Subject 1"
"FOXL1_369",3.23525749056068,"up","Subject 1"
"FOXC2_370",0.883457490560675,"up","Subject 1"
"FOXE1_371",3.25365749056068,"up","Subject 1"
"FOXS1_372",3.81175749056068,"up","Subject 1"
"FOXO4_373",1.01955749056068,"up","Subject 1"
"FOXD2_374",2.18415749056068,"up","Subject 1"
"FOXI2_375",3.19645749056067,"up","Subject 1"
"FOXE3_376",8.88035749056067,"up","Subject 1"
"FOXD3_377",4.27905749056067,"up","Subject 1"
"FOXJ3_378",6.08595749056067,"up","Subject 1"
"FOXO6_379",5.05235749056067,"up","Subject 1"
"FOXB2_380",4.19605749056067,"up","Subject 1"
"KIAA0415_381",7.98515749056067,"up","Subject 1"
"FOXD1_382",8.88035749056067,"up","Subject 1"
"GATA1_383",0.342757490560675,"up","Subject 1"
"GATA3_384",2.16475749056068,"up","Subject 1"
"GATA5_385",2.22655749056068,"up","Subject 1"
"GATA4_386",1.58135749056068,"up","Subject 1"
"GATA6_387",2.03495749056068,"up","Subject 1"
"GATA2_388",1.99035749056068,"up","Subject 1"
"GCM2_389",0,"up","Subject 1"
"GCM1_390",0,"up","Subject 1"
"GRHL1_391",0,"up","Subject 1"
"TFCP2_392",0,"up","Subject 1"
"UBP1_393",0.283457490560675,"up","Subject 1"
"ARX_394",0,"up","Subject 1"
"HOXA11_395",2.24715749056068,"up","Subject 1"
"MEOX1_396",0.741357490560675,"up","Subject 1"
"DLX6_397",0,"up","Subject 1"
"ISL1_398",1.54595749056068,"up","Subject 1"
"HOXC8_399",0.623657490560675,"up","Subject 1"
"BARX2_400",0.269757490560675,"up","Subject 1"
"ALX4_401",0,"up","Subject 1"
"GSC2_402",0,"up","Subject 1"
"DLX3_403",0,"up","Subject 1"
"PITX1_404",0,"up","Subject 1"
"HOXA9_405",0.731957490560675,"up","Subject 1"
"LHX5_406",0,"up","Subject 1"
"SIX4_407",0,"up","Subject 1"
"VSX1_408",1.16585749056068,"up","Subject 1"
"RHOXF1_409",0,"up","Subject 1"
"CRX_410",0,"up","Subject 1"
"MEIS3_411",0.912057490560675,"up","Subject 1"
"DLX5_412",0.640657490560675,"up","Subject 1"
"HOXA1_413",1.54905749056068,"up","Subject 1"
"HOXA2_414",0,"up","Subject 1"
"HOXA3_415",0,"up","Subject 1"
"HOXA5_416",0,"up","Subject 1"
"HOXA6_417",1.46925749056068,"up","Subject 1"
"HOXA13_418",0.147857490560675,"up","Subject 1"
"EVX1_419",0.571357490560675,"up","Subject 1"
"NOBOX_420",2.82105749056068,"up","Subject 1"
"MEOX2_421",1.95165749056068,"up","Subject 1"
"LHX2_422",0,"up","Subject 1"
"LHX6_423",0,"up","Subject 1"
"LHX3_424",0.522057490560675,"up","Subject 1"
"TLX1_425",0,"up","Subject 1"
"PITX3_426",0,"up","Subject 1"
"HOXB6_427",0,"up","Subject 1"
"HNF1B_428",0.367157490560675,"up","Subject 1"
"DLX4_429",0,"up","Subject 1"
"VTN_430",0,"up","Subject 1"
"PHOX2B_431",0,"up","Subject 1"
"NKX32_432",0,"up","Subject 1"
"NANOG_433",0.592557490560675,"up","Subject 1"
"IRX4_434",0.155557490560675,"up","Subject 1"
"CDX1_435",1.87205749056068,"up","Subject 1"
"TLX2_436",1.13965749056068,"up","Subject 1"
"OTX1_437",0,"up","Subject 1"
"DLX2_438",0,"up","Subject 1"
"VAX2_439",0.443657490560675,"up","Subject 1"
"PRRX1_440",0,"up","Subject 1"
"TGIF2_441",0,"up","Subject 1"
"VSX2_442",1.30695749056068,"up","Subject 1"
"NKX23_443",0,"up","Subject 1"
"HOXB8_444",0.478057490560675,"up","Subject 1"
"HOXB5_445",0,"up","Subject 1"
"HOXB7_446",1.26575749056068,"up","Subject 1"
"HOXB3_447",1.17355749056068,"up","Subject 1"
"HOXB1_448",0,"up","Subject 1"
"MSX2_449",0,"up","Subject 1"
"LHX4_450",0.136057490560675,"up","Subject 1"
"HOXA7_451",0,"up","Subject 1"
"HOXC13_452",1.00595749056068,"up","Subject 1"
"HOXC11_453",0.560157490560675,"up","Subject 1"
"HOXC12_454",0.253557490560675,"up","Subject 1"
"ESX1_455",1.95515749056068,"up","Subject 1"
"BARHL1_456",3.92305749056068,"up","Subject 1"
"NKX24_457",1.60625749056068,"up","Subject 1"
"NKX22_458",0,"up","Subject 1"
"SIX1_459",0,"up","Subject 1"
"HOXD1_460",1.42425749056068,"up","Subject 1"
"HOXD3_461",0,"up","Subject 1"
"HOXD9_462",4.71785749056068,"up","Subject 1"
"HOXD10_463",2.50335749056068,"up","Subject 1"
"HOXD11_464",0,"up","Subject 1"
"HOXD13_465",0.612857490560675,"up","Subject 1"
"MNX1_466",1.36385749056068,"up","Subject 1"
"CDX4_467",0.094957490560675,"up","Subject 1"
"BARX1_468",1.62645749056068,"up","Subject 1"
"LHX1_469",0,"up","Subject 1"
"GSC_470",0,"up","Subject 1"
"MEIS2_471",0.116357490560675,"up","Subject 1"
"RAX_472",1.67865749056068,"up","Subject 1"
"HNF1A_473",0,"up","Subject 1"
"EMX1_474",0.641857490560675,"up","Subject 1"
"NKX28_475",0,"up","Subject 1"
"NKX21_476",0,"up","Subject 1"
"ZFHX2_477",0,"up","Subject 1"
"HLX_478",0,"up","Subject 1"
"LMX1B_479",0.184257490560675,"up","Subject 1"
"SIX3_480",0,"up","Subject 1"
"LBX1_481",0.747457490560675,"up","Subject 1"
"PDX1_482",0,"up","Subject 1"
"ZFHX3_483",0,"up","Subject 1"
"BARHL2_484",0.757557490560675,"up","Subject 1"
"LHX9_485",0,"up","Subject 1"
"MEIS1_486",0,"up","Subject 1"
"DLX1_487",0.170357490560675,"up","Subject 1"
"HMBOX1_488",0.842857490560675,"up","Subject 1"
"VAX1_489",0.443657490560675,"up","Subject 1"
"VENTX_490",0,"up","Subject 1"
"HHEX_491",0.102857490560675,"up","Subject 1"
"TGIF2LX_492",0.515457490560675,"up","Subject 1"
"ALX3_493",2.04445749056068,"up","Subject 1"
"HOXB13_494",0,"up","Subject 1"
"IRX6_495",0.155557490560675,"up","Subject 1"
"ISL2_496",0.522357490560675,"up","Subject 1"
"PKNOX1_497",0,"up","Subject 1"
"LHX8_498",0,"up","Subject 1"
"LMX1A_499",0.184257490560675,"up","Subject 1"
"EN1_500",0.110857490560675,"up","Subject 1"
"MSX1_501",0.580657490560675,"up","Subject 1"
"NKX61_502",1.26605749056068,"up","Subject 1"
"HESX1_503",2.33625749056068,"up","Subject 1"
"PITX2_504",0,"up","Subject 1"
"TLX3_505",0,"up","Subject 1"
"EN2_506",1.32015749056068,"up","Subject 1"
"UNCX_507",0,"up","Subject 1"
"GBX1_508",0.502657490560675,"up","Subject 1"
"NKX63_509",0.328657490560675,"up","Subject 1"
"ZHX1_510",0,"up","Subject 1"
"HDX_511",0.988057490560675,"up","Subject 1"
"PHOX2A_512",0,"up","Subject 1"
"PKNOX2_513",0,"up","Subject 1"
"CDX2_514",1.50655749056068,"up","Subject 1"
"OTX2_515",0,"up","Subject 1"
"DRGX_516",0,"up","Subject 1"
"NKX31_517",3.14565749056068,"up","Subject 1"
"PBX3_518",0,"up","Subject 1"
"PRRX2_519",0,"up","Subject 1"
"GBX2_520",2.76795749056068,"up","Subject 1"
"SHOX2_521",0,"up","Subject 1"
"GSX1_522",0,"up","Subject 1"
"HOXD4_523",0,"up","Subject 1"
"HOXD12_524",0,"up","Subject 1"
"EMX2_525",0.766857490560675,"up","Subject 1"
"IRX1_526",0.186657490560675,"up","Subject 1"
"IRX2_527",1.15425749056068,"up","Subject 1"
"SIX2_528",0,"up","Subject 1"
"HOXB9_529",0.507457490560675,"up","Subject 1"
"OTP_530",0.167157490560675,"up","Subject 1"
"AC0125311_531",0.553557490560675,"up","Subject 1"
"HOXB2_532",1.02395749056067,"up","Subject 1"
"RAX2_533",0,"up","Subject 1"
"EVX2_534",0.149157490560675,"up","Subject 1"
"PROP1_535",0,"up","Subject 1"
"ISX_536",0,"up","Subject 1"
"HOXD8_537",0,"up","Subject 1"
"TGIF2LY_538",0.515457490560675,"up","Subject 1"
"IRX5_539",0.00255749056067511,"up","Subject 1"
"SIX5_540",0,"up","Subject 1"
"TGIF1_541",3.06315749056068,"up","Subject 1"
"IRX3_542",0.186657490560675,"up","Subject 1"
"LBX2_543",0.662457490560675,"up","Subject 1"
"NKX26_544",0.358957490560675,"up","Subject 1"
"ALX1_545",0.253657490560675,"up","Subject 1"
"GSX2_546",0,"up","Subject 1"
"HOXC9_547",0.655457490560675,"up","Subject 1"
"HOXC10_548",2.53205749056068,"up","Subject 1"
"HOXB4_549",2.20685749056068,"up","Subject 1"
"NKX25_550",0,"up","Subject 1"
"POU6F1_551",1.88735749056068,"up","Subject 1"
"SIX6_552",0,"up","Subject 1"
"MIXL1_553",0.0522574905606751,"up","Subject 1"
"DBX2_554",1.32975749056068,"up","Subject 1"
"PBX1_555",1.54335749056068,"up","Subject 1"
"SHOX_556",0,"up","Subject 1"
"HMX3_557",1.32115749056068,"up","Subject 1"
"HMX2_558",1.69555749056068,"up","Subject 1"
"BSX_559",0,"up","Subject 1"
"DMBX1_560",0,"up","Subject 1"
"HOXC6_561",0.911157490560675,"up","Subject 1"
"HOXC5_562",1.30055749056068,"up","Subject 1"
"PBX2_563",0.0609574905606752,"up","Subject 1"
"DUXA_564",0,"up","Subject 1"
"DPRX_565",0,"up","Subject 1"
"AL8454643_566",0.0609574905606752,"up","Subject 1"
"NOTO_567",0,"up","Subject 1"
"HOMEZ_568",0.257257490560675,"up","Subject 1"
"HMX1_569",2.69055749056068,"up","Subject 1"
"ENSG00000215754_570",0,"up","Subject 1"
"ENSG00000217642_571",0,"up","Subject 1"
"ENSG00000224558_572",0,"up","Subject 1"
"BX2846861_573",0.0609574905606752,"up","Subject 1"
"ENSG00000225958_574",0,"up","Subject 1"
"CR8124782_575",0.0609574905606752,"up","Subject 1"
"ENSG00000226866_576",0,"up","Subject 1"
"AC2261502_577",0,"up","Subject 1"
"DUX4L5_578",0,"up","Subject 1"
"ENSG00000227522_579",0,"up","Subject 1"
"DUX4L2_580",0,"up","Subject 1"
"DUX4L3_581",0,"up","Subject 1"
"DUX4L6_582",0,"up","Subject 1"
"ENSG00000228710_583",0,"up","Subject 1"
"ENSG00000229544_584",0.765557490560675,"up","Subject 1"
"CT4768282_585",0,"up","Subject 1"
"ENSG00000230380_586",0,"up","Subject 1"
"ENSG00000230776_587",0,"up","Subject 1"
"AL5921702_588",0,"up","Subject 1"
"BX9272396_589",0.0609574905606752,"up","Subject 1"
"ENSG00000232923_590",0,"up","Subject 1"
"ENSG00000233294_591",0,"up","Subject 1"
"ENSG00000233361_592",0,"up","Subject 1"
"ENSG00000233698_593",0,"up","Subject 1"
"ENSG00000233794_594",0,"up","Subject 1"
"ENSG00000234254_595",4.32285749056067,"up","Subject 1"
"ENSG00000234550_596",0,"up","Subject 1"
"NKX11_597",2.74695749056068,"up","Subject 1"
"ENSG00000236207_598",0,"up","Subject 1"
"CR9338788_599",0.0609574905606752,"up","Subject 1"
"AL6628305_600",0.0609574905606752,"up","Subject 1"
"ENSG00000237516_601",0,"up","Subject 1"
"ENSG00000250589_602",0,"up","Subject 1"
"DUX4_603",0,"up","Subject 1"
"PAX6_604",0.262457490560675,"up","Subject 1"
"PAX7_605",0.354157490560675,"up","Subject 1"
"PAX2_606",0,"up","Subject 1"
"PAX4_607",0,"up","Subject 1"
"PAX3_608",0,"up","Subject 1"
"POU2F2_609",1.26755749056068,"up","Subject 1"
"POU1F1_610",3.27505749056068,"up","Subject 1"
"POU4F3_611",0.198957490560675,"up","Subject 1"
"POU6F2_612",0.438957490560675,"up","Subject 1"
"POU2F3_613",1.54725749056068,"up","Subject 1"
"POU2F1_614",0.861057490560675,"up","Subject 1"
"POU4F2_615",0.990457490560675,"up","Subject 1"
"POU4F1_616",0.393357490560675,"up","Subject 1"
"POU3F2_617",0.592957490560675,"up","Subject 1"
"POU3F1_618",0.996157490560675,"up","Subject 1"
"POU3F4_619",0.834857490560675,"up","Subject 1"
"POU3F3_620",4.75555749056068,"up","Subject 1"
"POU5F1_621",4.28275749056067,"up","Subject 1"
"POU5F1B_622",1.25055749056068,"up","Subject 1"
"HSF2_623",0,"up","Subject 1"
"HSF4_624",0,"up","Subject 1"
"HSFY2_625",0.387557490560675,"up","Subject 1"
"HSFY1_626",0.387557490560675,"up","Subject 1"
"HSF1_627",0,"up","Subject 1"
"IRF6_628",0,"up","Subject 1"
"IRF1_629",4.94565749056067,"up","Subject 1"
"IRF3_630",1.66185749056068,"up","Subject 1"
"IRF5_631",2.69295749056068,"up","Subject 1"
"IRF4_632",5.04895749056067,"up","Subject 1"
"IRF8_633",8.40025749056067,"up","Subject 1"
"IRF2_634",1.71345749056068,"up","Subject 1"
"IRF7_635",1.65225749056068,"up","Subject 1"
"IRF9_636",8.36015749056067,"up","Subject 1"
"NAIF1_637",0,"up","Subject 1"
"AC0021266_638",0,"up","Subject 1"
"MEF2A_639",0,"up","Subject 1"
"MEF2C_640",0,"up","Subject 1"
"SRF_641",0,"up","Subject 1"
"MEF2D_642",0,"up","Subject 1"
"MEF2B_643",0,"up","Subject 1"
"MBD2_644",0,"up","Subject 1"
"MECP2_645",0,"up","Subject 1"
"CDC5L_646",1.80845749056068,"up","Subject 1"
"MYBL2_647",0,"up","Subject 1"
"MYB_648",0,"up","Subject 1"
"TERF2_649",0,"up","Subject 1"
"SMARCC2_650",0,"up","Subject 1"
"SMARCC1_651",6.47995749056067,"up","Subject 1"
"MYPOP_652",0,"up","Subject 1"
"MYBL1_653",0,"up","Subject 1"
"C11orf9_654",0,"up","Subject 1"
"NR1H4_655",0,"up","Subject 1"
"NR1H3_656",0,"up","Subject 1"
"NR2E3_657",0,"up","Subject 1"
"RORA_658",4.02225749056067,"up","Subject 1"
"RARB_659",0,"up","Subject 1"
"PGR_660",0.521757490560675,"up","Subject 1"
"ESR1_661",0,"up","Subject 1"
"HNF4A_662",0,"up","Subject 1"
"VDR_663",0,"up","Subject 1"
"PPARD_664",0,"up","Subject 1"
"NR2E1_665",0,"up","Subject 1"
"NR3C1_666",0,"up","Subject 1"
"NR5A2_667",0,"up","Subject 1"
"NR4A3_668",0,"up","Subject 1"
"ESRRB_669",0,"up","Subject 1"
"NR2C1_670",0,"up","Subject 1"
"NR4A1_671",0,"up","Subject 1"
"THRA_672",0,"up","Subject 1"
"NR1D1_673",3.44165749056068,"up","Subject 1"
"NR1H2_674",0,"up","Subject 1"
"RARA_675",0.0579574905606751,"up","Subject 1"
"PPARG_676",0,"up","Subject 1"
"NR5A1_677",0,"up","Subject 1"
"ESR2_678",0,"up","Subject 1"
"RXRG_679",0,"up","Subject 1"
"NR1I3_680",0,"up","Subject 1"
"RORC_681",1.98685749056068,"up","Subject 1"
"NR1I2_682",0,"up","Subject 1"
"NR6A1_683",0,"up","Subject 1"
"THRB_684",0,"up","Subject 1"
"NR3C2_685",0.297057490560675,"up","Subject 1"
"NR4A2_686",0.154657490560675,"up","Subject 1"
"NR2F6_687",0,"up","Subject 1"
"HNF4G_688",0,"up","Subject 1"
"AR_689",0,"up","Subject 1"
"RARG_690",0,"up","Subject 1"
"ESRRA_691",0,"up","Subject 1"
"NR2F1_692",0,"up","Subject 1"
"NR2C2_693",0,"up","Subject 1"
"NR2F2_694",0,"up","Subject 1"
"RXRA_695",0,"up","Subject 1"
"PPARA_696",0,"up","Subject 1"
"ESRRG_697",0,"up","Subject 1"
"RXRB_698",0,"up","Subject 1"
"AL8445277_699",0,"up","Subject 1"
"AL6628245_700",0,"up","Subject 1"
"CR7597334_701",0,"up","Subject 1"
"CR3545653_702",0,"up","Subject 1"
"CR9368773_703",0,"up","Subject 1"
"TP63_704",0,"up","Subject 1"
"TP73_705",0,"up","Subject 1"
"TP53_706",0,"up","Subject 1"
"PAX8_707",0,"up","Subject 1"
"PAX1_708",0,"up","Subject 1"
"PAX5_709",0,"up","Subject 1"
"PAX9_710",0,"up","Subject 1"
"LCOR_711",0.947957490560675,"up","Subject 1"
"PROX1_712",0,"up","Subject 1"
"NFATC3_713",0,"up","Subject 1"
"NFKB2_714",0,"up","Subject 1"
"NFATC4_715",0,"up","Subject 1"
"NFATC2_716",0,"up","Subject 1"
"NFAT5_717",0,"up","Subject 1"
"RELB_718",0,"up","Subject 1"
"NFKB1_719",0,"up","Subject 1"
"NFATC1_720",0,"up","Subject 1"
"REL_721",0,"up","Subject 1"
"RELA_722",0,"up","Subject 1"
"RFX3_723",0,"up","Subject 1"
"RFX2_724",0,"up","Subject 1"
"RFX4_725",0,"up","Subject 1"
"RFX1_726",0,"up","Subject 1"
"RFX5_727",0,"up","Subject 1"
"RFX7_728",0,"up","Subject 1"
"RFX6_729",0,"up","Subject 1"
"RFX8_730",0,"up","Subject 1"
"RUNX3_731",4.14645749056067,"up","Subject 1"
"RUNX2_732",8.24795749056067,"up","Subject 1"
"RUNX1_733",9.12165749056068,"up","Subject 1"
"ENSG00000250096_734",8.24795749056067,"up","Subject 1"
"GMEB2_735",0,"up","Subject 1"
"AIRE_736",0.613057490560675,"up","Subject 1"
"GMEB1_737",0,"up","Subject 1"
"NFIX_738",0,"up","Subject 1"
"SMAD4_739",0,"up","Subject 1"
"NFIC_740",0.604457490560675,"up","Subject 1"
"NFIB_741",0,"up","Subject 1"
"NFIA_742",0,"up","Subject 1"
"SMAD3_743",0,"up","Subject 1"
"SMAD1_744",0,"up","Subject 1"
"SMAD2_745",0,"up","Subject 1"
"SOX8_746",1.89925749056068,"up","Subject 1"
"SOX30_747",1.71535749056068,"up","Subject 1"
"HMG20B_748",3.14275749056068,"up","Subject 1"
"CIC_749",0.936657490560675,"up","Subject 1"
"TCF7_750",0,"up","Subject 1"
"SOX10_751",1.52345749056068,"up","Subject 1"
"HBP1_752",0.110657490560675,"up","Subject 1"
"BBX_753",0.154557490560675,"up","Subject 1"
"SOX4_754",1.82045749056068,"up","Subject 1"
"SOX21_755",0.450757490560675,"up","Subject 1"
"SOX9_756",0.360857490560675,"up","Subject 1"
"SOX15_757",2.26705749056068,"up","Subject 1"
"SOX5_758",1.50825749056068,"up","Subject 1"
"SOX3_759",0.441057490560675,"up","Subject 1"
"LEF1_760",2.63695749056068,"up","Subject 1"
"SOX13_761",0,"up","Subject 1"
"TCF7L2_762",0.939457490560675,"up","Subject 1"
"TCF7L1_763",0.659857490560675,"up","Subject 1"
"SOX17_764",0.124357490560675,"up","Subject 1"
"SOX14_765",0.588357490560675,"up","Subject 1"
"SOX7_766",1.21845749056068,"up","Subject 1"
"SOX11_767",0,"up","Subject 1"
"SOX12_768",1.80365749056068,"up","Subject 1"
"SOX2_769",0.700057490560675,"up","Subject 1"
"SOX1_770",0,"up","Subject 1"
"SRY_771",4.38805749056067,"up","Subject 1"
"SOX18_772",0.0860574905606751,"up","Subject 1"
"STAT1_773",0.403657490560675,"up","Subject 1"
"STAT5A_774",0,"up","Subject 1"
"STAT4_775",0.743057490560675,"up","Subject 1"
"STAT6_776",0,"up","Subject 1"
"STAT3_777",0,"up","Subject 1"
"STAT2_778",4.97895749056068,"up","Subject 1"
"STAT5B_779",0.309057490560675,"up","Subject 1"
"TBX21_780",0.0299574905606751,"up","Subject 1"
"TBX5_781",0,"up","Subject 1"
"TBX15_782",0,"up","Subject 1"
"TBX2_783",0,"up","Subject 1"
"TBX4_784",0,"up","Subject 1"
"TBX3_785",0,"up","Subject 1"
"TBR1_786",0.478857490560675,"up","Subject 1"
"TBX19_787",1.55125749056068,"up","Subject 1"
"EOMES_788",0.757157490560675,"up","Subject 1"
"T_789",0.672157490560675,"up","Subject 1"
"TBX20_790",0,"up","Subject 1"
"TBX10_791",0,"up","Subject 1"
"TBX1_792",0,"up","Subject 1"
"TBP_793",2.01295749056068,"up","Subject 1"
"TBPL2_794",2.00705749056068,"up","Subject 1"
"TEAD3_795",0,"up","Subject 1"
"TEAD1_796",0,"up","Subject 1"
"TEAD4_797",0,"up","Subject 1"
"THAP1_798",0,"up","Subject 1"
"PRKRIR_799",0,"up","Subject 1"
"NFYC_800",0,"up","Subject 1"
"CBFB_801",6.41265749056068,"up","Subject 1"
"HLTF_802",0.563957490560675,"up","Subject 1"
"ENO1_803",0,"up","Subject 1"
"EP300_804",0,"up","Subject 1"
"NRF1_805",0,"up","Subject 1"
"CEBPZ_806",0,"up","Subject 1"
"NFYB_807",0,"up","Subject 1"
"LMO2_808",0,"up","Subject 1"
"FUBP1_809",2.43255749056068,"up","Subject 1"
"SPZ1_810",0,"up","Subject 1"
"NR0B1_811",0,"up","Subject 1"
"BPTF_812",2.20085749056068,"up","Subject 1"
"PURA_813",0,"up","Subject 1"
"TOPORS_814",0,"up","Subject 1"
"CPEB1_815",4.22065749056067,"up","Subject 1"
"ZBED1_816",0,"up","Subject 1"
"ZNF350_817",0,"up","Subject 1"
"LYL1_818",0.101457490560675,"up","Subject 1"
"SOHLH2_819",0,"up","Subject 1"
"NEUROD4_820",0.485357490560675,"up","Subject 1"
"NEUROD6_821",0.485357490560675,"up","Subject 1"
"TAL2_822",0.422757490560675,"up","Subject 1"
"C13orf38SOHLH2_823",0,"up","Subject 1"
"HIVEP3_824",0,"up","Subject 1"
"BCL11B_825",4.67845749056067,"up","Subject 1"
"KLF10_826",0,"up","Subject 1"
"YBX2_827",0,"up","Subject 1"
"CSDA_828",0,"up","Subject 1"
"FOXN3_829",7.33615749056067,"up","Subject 1"
"FOXD4_830",10.6018574905607,"up","Subject 1"
"FOXD4L1_831",10.6018574905607,"up","Subject 1"
"FOXD4L3_832",11.6019574905607,"up","Subject 1"
"FOXD4L5_833",11.6019574905607,"up","Subject 1"
"FOXD4L6_834",11.6019574905607,"up","Subject 1"
"NANOGP1_835",3.35515749056068,"up","Subject 1"
"AL7735441_836",6.49555749056067,"up","Subject 1"
"CR3882292_837",6.49555749056067,"up","Subject 1"
"AL6628334_838",6.49555749056067,"up","Subject 1"
"CR7598154_839",6.49555749056067,"up","Subject 1"
"BX0885802_840",6.49555749056067,"up","Subject 1"
"NR1D2_841",1.28645749056068,"up","Subject 1"
"MYF5_842",0,"up","Subject 1"
"ASCL1_843",0,"up","Subject 1"
"ATOH1_844",0,"up","Subject 1"
"NFE2L3_845",1.41705749056068,"up","Subject 1"
"KLF2_846",0,"up","Subject 1"
"KLF11_847",0,"up","Subject 1"
"ZFP42_848",0,"up","Subject 1"
"ZNF187_849",0,"up","Subject 1"
"ZFP161_850",0,"up","Subject 1"
"ZNF75C_851",0,"up","Subject 1"
"DMRTC2_852",5.94195749056068,"up","Subject 1"
"FOXJ1_853",10.6018574905607,"up","Subject 1"
"FOXN2_854",7.33615749056067,"up","Subject 1"
"FOXL2_855",7.33615749056067,"up","Subject 1"
"FOXD4L4_856",11.6019574905607,"up","Subject 1"
"FOXD4L2_857",11.6019574905607,"up","Subject 1"
"TFCP2L1_858",0,"up","Subject 1"
"DUX1_859",0,"up","Subject 1"
"DUX3_860",0,"up","Subject 1"
"PBX4_861",2.12625749056068,"up","Subject 1"
"NKX62_862",0.945857490560675,"up","Subject 1"
"HOXA4_863",0.553557490560675,"up","Subject 1"
"CR8477943_864",6.49555749056067,"up","Subject 1"
"RORB_865",2.74115749056068,"up","Subject 1"
"SMAD5_866",0,"up","Subject 1"
"SMAD9_867",0,"up","Subject 1"
"SOX6_868",1.50825749056068,"up","Subject 1"
"TBX18_869",0,"up","Subject 1"
"TBX22_870",0,"up","Subject 1"
"TFAP2B_1",28.8913574905607,"down","Subject 1"
"TFAP2D_2",235.771857490561,"down","Subject 1"
"TFAP2C_3",24.2324574905607,"down","Subject 1"
"TFAP2E_4",16.1347574905607,"down","Subject 1"
"TFAP2A_5",35.0588574905607,"down","Subject 1"
"ARID3A_6",0,"down","Subject 1"
"ARID5B_7",0,"down","Subject 1"
"ARID3B_8",0,"down","Subject 1"
"ARID5A_9",0,"down","Subject 1"
"ARID3C_10",0,"down","Subject 1"
"ARID2_11",6.21905749056068,"down","Subject 1"
"HMGA1_12",0,"down","Subject 1"
"HMGA2_13",0,"down","Subject 1"
"MAX_14",23.6566574905607,"down","Subject 1"
"MLXIPL_15",18.7950574905607,"down","Subject 1"
"ARNTL2_16",22.0243574905607,"down","Subject 1"
"AHRR_17",14.2352574905607,"down","Subject 1"
"TFE3_18",21.8966574905607,"down","Subject 1"
"HES2_19",0.354057490560675,"down","Subject 1"
"MNT_20",7.07765749056068,"down","Subject 1"
"TCF3_21",0,"down","Subject 1"
"SREBF1_22",0,"down","Subject 1"
"TFAP4_23",0,"down","Subject 1"
"HIF1A_24",27.3225574905607,"down","Subject 1"
"TCFL5_25",46.4975574905607,"down","Subject 1"
"USF2_26",30.6066574905607,"down","Subject 1"
"TFEC_27",5.62455749056067,"down","Subject 1"
"AHR_28",14.2352574905607,"down","Subject 1"
"MLX_29",20.1499574905607,"down","Subject 1"
"MYF6_30",0,"down","Subject 1"
"SIM1_31",2.55675749056068,"down","Subject 1"
"TFEB_32",14.3092574905607,"down","Subject 1"
"HAND1_33",0,"down","Subject 1"
"HES1_34",28.8671574905607,"down","Subject 1"
"ID2_35",9.68795749056068,"down","Subject 1"
"EPAS1_36",5.98495749056067,"down","Subject 1"
"MYCL1_37",17.0538574905607,"down","Subject 1"
"ID3_38",0,"down","Subject 1"
"TCF21_39",0,"down","Subject 1"
"MXI1_40",23.5970574905607,"down","Subject 1"
"MYOG_41",0,"down","Subject 1"
"TWIST1_42",0,"down","Subject 1"
"NEUROG3_43",0,"down","Subject 1"
"BHLHE41_44",17.7799574905607,"down","Subject 1"
"BHLHE23_45",0,"down","Subject 1"
"TCF15_46",0,"down","Subject 1"
"ID1_47",9.68795749056068,"down","Subject 1"
"MYOD1_48",0,"down","Subject 1"
"NPAS1_49",2.55675749056068,"down","Subject 1"
"ARNTL_50",16.8519574905607,"down","Subject 1"
"BHLHE40_51",23.4931574905607,"down","Subject 1"
"MYCN_52",10.9318574905607,"down","Subject 1"
"CLOCK_53",0,"down","Subject 1"
"HEY2_54",8.73445749056068,"down","Subject 1"
"MYC_55",28.2532574905607,"down","Subject 1"
"TCF12_56",1.96515749056068,"down","Subject 1"
"ARNT_57",19.2949574905607,"down","Subject 1"
"FERD3L_58",0,"down","Subject 1"
"NPAS3_59",2.55675749056068,"down","Subject 1"
"USF1_60",24.1725574905607,"down","Subject 1"
"SIM2_61",2.55675749056068,"down","Subject 1"
"TAL1_62",0,"down","Subject 1"
"NEUROD1_63",1.56205749056068,"down","Subject 1"
"TCF23_64",0,"down","Subject 1"
"HEYL_65",6.04675749056068,"down","Subject 1"
"HAND2_66",0,"down","Subject 1"
"EBF1_67",13.5961574905607,"down","Subject 1"
"HEY1_68",9.59305749056067,"down","Subject 1"
"MESP1_69",0,"down","Subject 1"
"PTF1A_70",0,"down","Subject 1"
"ATOH8_71",0.337957490560675,"down","Subject 1"
"NPAS2_72",0.867257490560675,"down","Subject 1"
"NEUROD2_73",0,"down","Subject 1"
"NHLH1_74",8.14675749056068,"down","Subject 1"
"ID4_75",0,"down","Subject 1"
"ARNT2_76",41.4960574905607,"down","Subject 1"
"NPAS4_77",0.0239574905606751,"down","Subject 1"
"MLXIP_78",0.630857490560675,"down","Subject 1"
"OLIG3_79",0,"down","Subject 1"
"NHLH2_80",0,"down","Subject 1"
"NEUROG2_81",0,"down","Subject 1"
"MSC_82",0,"down","Subject 1"
"HES7_83",0,"down","Subject 1"
"ATOH7_84",0,"down","Subject 1"
"BHLHA15_85",0,"down","Subject 1"
"BHLHE22_86",0,"down","Subject 1"
"NEUROG1_87",0,"down","Subject 1"
"FIGLA_88",0,"down","Subject 1"
"ASCL2_89",0,"down","Subject 1"
"OLIG1_90",0,"down","Subject 1"
"MITF_91",0,"down","Subject 1"
"ENSG00000187728_92",0,"down","Subject 1"
"SCXB_93",0,"down","Subject 1"
"MESP2_94",0,"down","Subject 1"
"HES4_95",41.7722574905607,"down","Subject 1"
"SCXA_96",0,"down","Subject 1"
"TCF4_97",0,"down","Subject 1"
"HES5_98",0,"down","Subject 1"
"SREBF2_99",0,"down","Subject 1"
"OLIG2_100",0,"down","Subject 1"
"TWIST2_101",0,"down","Subject 1"
"ENSG00000250811_102",2.55675749056068,"down","Subject 1"
"MGA_103",0,"down","Subject 1"
"CREB3L3_104",28.4924574905607,"down","Subject 1"
"FOSL2_105",0,"down","Subject 1"
"NFE2L1_106",0,"down","Subject 1"
"CEBPE_107",0,"down","Subject 1"
"CREM_108",18.7711574905607,"down","Subject 1"
"XBP1_109",0.832657490560675,"down","Subject 1"
"DBP_110",0,"down","Subject 1"
"CREB3_111",28.4924574905607,"down","Subject 1"
"HLF_112",0,"down","Subject 1"
"BACH2_113",0,"down","Subject 1"
"ATF2_114",2.15425749056068,"down","Subject 1"
"NFE2L2_115",0,"down","Subject 1"
"ATF6_116",33.3031574905607,"down","Subject 1"
"CREB1_117",47.7770574905607,"down","Subject 1"
"ATF1_118",37.6810574905607,"down","Subject 1"
"NFE2_119",0,"down","Subject 1"
"BATF3_120",5.80465749056067,"down","Subject 1"
"FOSB_121",0,"down","Subject 1"
"ATF4_122",0,"down","Subject 1"
"NRL_123",0,"down","Subject 1"
"JUND_124",0,"down","Subject 1"
"JDP2_125",0,"down","Subject 1"
"CREB3L4_126",28.4924574905607,"down","Subject 1"
"CREB5_127",15.0896574905607,"down","Subject 1"
"CEBPG_128",0,"down","Subject 1"
"BATF_129",0,"down","Subject 1"
"BACH1_130",0,"down","Subject 1"
"CREB3L1_131",0.216757490560675,"down","Subject 1"
"ATF3_132",50.0344574905607,"down","Subject 1"
"NFIL3_133",0,"down","Subject 1"
"TEF_134",0,"down","Subject 1"
"CR7538031_135",7.20995749056067,"down","Subject 1"
"ATF5_136",0,"down","Subject 1"
"FOS_137",0,"down","Subject 1"
"ATF7_138",19.1441574905607,"down","Subject 1"
"JUNB_139",0,"down","Subject 1"
"CEBPB_140",0,"down","Subject 1"
"DDIT3_141",0,"down","Subject 1"
"FOSL1_142",0,"down","Subject 1"
"JUN_143",0,"down","Subject 1"
"MAF_144",0,"down","Subject 1"
"CREB3L2_145",12.4554574905607,"down","Subject 1"
"MAFA_146",7.19225749056067,"down","Subject 1"
"MAFF_147",0,"down","Subject 1"
"MAFG_148",0,"down","Subject 1"
"MAFK_149",0,"down","Subject 1"
"MAFB_150",0,"down","Subject 1"
"ATF6B_151",7.20995749056067,"down","Subject 1"
"CEBPD_152",0,"down","Subject 1"
"CR9257962_153",7.20995749056067,"down","Subject 1"
"AL6628286_154",7.20995749056067,"down","Subject 1"
"CEBPA_155",0,"down","Subject 1"
"ZEB1_157",0,"down","Subject 1"
"ZFX_158",256.097857490561,"down","Subject 1"
"ZNF263_159",161.010357490561,"down","Subject 1"
"HIVEP2_160",15.1397574905607,"down","Subject 1"
"SNAI2_161",1.00215749056068,"down","Subject 1"
"ZIC2_162",5.96075749056067,"down","Subject 1"
"PRDM1_163",0,"down","Subject 1"
"ZNF76_164",3.25315749056068,"down","Subject 1"
"KLF6_165",223.860757490561,"down","Subject 1"
"ZFY_166",115.707757490561,"down","Subject 1"
"GLI2_167",4.79395749056067,"down","Subject 1"
"REST_168",11.2524574905607,"down","Subject 1"
"MECOM_169",0,"down","Subject 1"
"HIVEP1_170",8.89695749056068,"down","Subject 1"
"MZF1_171",7.06375749056068,"down","Subject 1"
"PATZ1_172",129.462957490561,"down","Subject 1"
"YY1_173",46.7070574905607,"down","Subject 1"
"KLF8_174",21.3273574905607,"down","Subject 1"
"KLF5_175",267.934757490561,"down","Subject 1"
"ZNF423_176",3.20945749056068,"down","Subject 1"
"CTCF_177",8.28105749056068,"down","Subject 1"
"MAZ_178",200.542357490561,"down","Subject 1"
"KLF1_179",19.8389574905607,"down","Subject 1"
"SP4_180",225.486157490561,"down","Subject 1"
"ZKSCAN1_181",0,"down","Subject 1"
"GLI3_182",0,"down","Subject 1"
"GLIS3_183",9.46535749056068,"down","Subject 1"
"KLF3_184",0,"down","Subject 1"
"PRDM4_185",0,"down","Subject 1"
"GLI1_186",0.740957490560675,"down","Subject 1"
"BCL6_187",0,"down","Subject 1"
"ZBTB47_188",0,"down","Subject 1"
"KLF7_189",260.230757490561,"down","Subject 1"
"PLAGL1_190",50.9983574905607,"down","Subject 1"
"KLF12_191",0,"down","Subject 1"
"KLF9_192",0.0697574905606752,"down","Subject 1"
"ZNF410_193",0,"down","Subject 1"
"BCL11A_194",0,"down","Subject 1"
"EGR1_195",275.547457490561,"down","Subject 1"
"EGR2_196",108.056357490561,"down","Subject 1"
"IKZF4_197",1.91935749056068,"down","Subject 1"
"CTCFL_198",118.837657490561,"down","Subject 1"
"SNAI1_199",0.331957490560675,"down","Subject 1"
"RREB1_200",11.2754574905607,"down","Subject 1"
"GLIS2_201",50.7876574905607,"down","Subject 1"
"ZNF384_202",0.424857490560675,"down","Subject 1"
"ZBTB1_203",41.6495574905607,"down","Subject 1"
"FEZF1_204",0,"down","Subject 1"
"KLF16_205",243.394657490561,"down","Subject 1"
"ZSCAN10_206",3.78945749056067,"down","Subject 1"
"EGR4_207",88.4228574905607,"down","Subject 1"
"KLF4_208",187.241757490561,"down","Subject 1"
"ZNF740_209",72.8327574905607,"down","Subject 1"
"ZIC5_210",53.0034574905607,"down","Subject 1"
"PRDM16_211",0,"down","Subject 1"
"OSR1_212",0,"down","Subject 1"
"ZIC1_213",5.43505749056068,"down","Subject 1"
"FEZF2_214",0,"down","Subject 1"
"ZIC3_215",4.15175749056067,"down","Subject 1"
"ZBTB7B_216",27.7185574905607,"down","Subject 1"
"ZNF333_217",0,"down","Subject 1"
"BCL6B_218",0,"down","Subject 1"
"ZNF75A_219",0,"down","Subject 1"
"GFI1_220",0,"down","Subject 1"
"ZNF281_221",52.2348574905607,"down","Subject 1"
"ZNF148_222",272.632057490561,"down","Subject 1"
"KLF15_223",187.941757490561,"down","Subject 1"
"ZNF691_224",0.801957490560675,"down","Subject 1"
"ZNF589_225",5.90535749056068,"down","Subject 1"
"SP8_226",181.817457490561,"down","Subject 1"
"OSR2_227",0,"down","Subject 1"
"GFI1B_228",0,"down","Subject 1"
"ZNF219_229",88.9668574905607,"down","Subject 1"
"ZNF202_230",10.2986574905607,"down","Subject 1"
"ZNF143_231",3.37295749056068,"down","Subject 1"
"SP2_232",375.728557490561,"down","Subject 1"
"ZNF232_233",0,"down","Subject 1"
"E4F1_234",45.1150574905607,"down","Subject 1"
"ZBTB49_235",2.63805749056068,"down","Subject 1"
"HIC2_236",0,"down","Subject 1"
"ZNF32_237",0,"down","Subject 1"
"KLF13_238",51.0111574905607,"down","Subject 1"
"ZNF35_239",0,"down","Subject 1"
"ZNF282_240",0.518457490560675,"down","Subject 1"
"SP7_241",181.817457490561,"down","Subject 1"
"SCRT1_242",0,"down","Subject 1"
"ZNF524_243",5.93695749056068,"down","Subject 1"
"ZNF274_244",0,"down","Subject 1"
"HINFP_245",11.8313574905607,"down","Subject 1"
"OVOL1_246",0,"down","Subject 1"
"SP3_247",220.014257490561,"down","Subject 1"
"INSM1_248",28.9188574905607,"down","Subject 1"
"ZBTB4_249",34.0144574905607,"down","Subject 1"
"GLIS1_250",19.0885574905607,"down","Subject 1"
"KLF14_251",215.916657490561,"down","Subject 1"
"ZIC4_252",49.4261574905607,"down","Subject 1"
"ZNF683_253",0,"down","Subject 1"
"HIC1_254",3.00145749056068,"down","Subject 1"
"ZBTB33_255",49.5618574905607,"down","Subject 1"
"ZNF354C_256",0,"down","Subject 1"
"ZNF713_257",0,"down","Subject 1"
"ZBTB7A_258",344.193557490561,"down","Subject 1"
"EGR3_259",56.3089574905607,"down","Subject 1"
"ZNF238_260",0,"down","Subject 1"
"ZBTB42_261",0,"down","Subject 1"
"ZNF784_262",0,"down","Subject 1"
"ZSCAN4_263",0,"down","Subject 1"
"PLAG1_264",72.2477574905607,"down","Subject 1"
"ZBTB7C_265",32.2027574905607,"down","Subject 1"
"WT1_266",353.053457490561,"down","Subject 1"
"SP1_267",345.767757490561,"down","Subject 1"
"SNAI3_268",0,"down","Subject 1"
"ZBTB3_269",0,"down","Subject 1"
"IKZF1_270",1.91935749056068,"down","Subject 1"
"ZBTB6_271",2.64845749056068,"down","Subject 1"
"ZNF75D_272",0,"down","Subject 1"
"ZKSCAN4_273",2.15355749056068,"down","Subject 1"
"MTF1_274",0.242557490560675,"down","Subject 1"
"SP6_275",289.061857490561,"down","Subject 1"
"ZKSCAN3_276",2.15355749056068,"down","Subject 1"
"ZSCAN16_277",0,"down","Subject 1"
"ZNF652_278",0,"down","Subject 1"
"SP5_279",289.061857490561,"down","Subject 1"
"ZBTB12_280",0,"down","Subject 1"
"AL8448538_281",0,"down","Subject 1"
"SCRT2_282",0,"down","Subject 1"
"SP9_283",181.817457490561,"down","Subject 1"
"YY2_284",29.1765574905607,"down","Subject 1"
"CR7597843_285",0,"down","Subject 1"
"CR3882194_286",0,"down","Subject 1"
"AL66283413_287",0,"down","Subject 1"
"NFYA_288",13.2139574905607,"down","Subject 1"
"CENPB_289",9.03805749056067,"down","Subject 1"
"YBX1_290",24.8766574905607,"down","Subject 1"
"RBPJ_291",0,"down","Subject 1"
"CUX2_292",0,"down","Subject 1"
"ONECUT2_293",0,"down","Subject 1"
"CUX1_294",0,"down","Subject 1"
"ONECUT1_295",0,"down","Subject 1"
"ONECUT3_296",0,"down","Subject 1"
"LIN54_297",0,"down","Subject 1"
"CGBP_298",10.8154574905607,"down","Subject 1"
"KDM2B_299",0,"down","Subject 1"
"MLL_300",39.2410574905607,"down","Subject 1"
"DNMT1_301",298.406957490561,"down","Subject 1"
"TET1_302",0.632257490560675,"down","Subject 1"
"CXXC1_303",9.83685749056067,"down","Subject 1"
"DMRT3_304",0,"down","Subject 1"
"DMRT1_305",0,"down","Subject 1"
"DMRTA2_306",0,"down","Subject 1"
"DMRT2_307",0,"down","Subject 1"
"TFDP2_308",48.2236574905607,"down","Subject 1"
"TFDP3_309",48.2236574905607,"down","Subject 1"
"TFDP1_310",48.2236574905607,"down","Subject 1"
"E2F2_311",11.6801574905607,"down","Subject 1"
"E2F1_312",5.71625749056067,"down","Subject 1"
"E2F3_313",0,"down","Subject 1"
"E2F8_314",1.65815749056068,"down","Subject 1"
"E2F5_315",22.3750574905607,"down","Subject 1"
"E2F7_316",0.275157490560675,"down","Subject 1"
"E2F6_317",137.164457490561,"down","Subject 1"
"E2F4_318",154.332957490561,"down","Subject 1"
"BRCA1_319",0,"down","Subject 1"
"ETV1_320",101.929357490561,"down","Subject 1"
"ETV7_321",3.05025749056068,"down","Subject 1"
"SPI1_322",0,"down","Subject 1"
"ELF4_323",43.7820574905607,"down","Subject 1"
"ETV2_324",10.6188574905607,"down","Subject 1"
"ERF_325",53.2753574905607,"down","Subject 1"
"ELF2_326",6.42815749056067,"down","Subject 1"
"ELK3_327",97.2132574905607,"down","Subject 1"
"ETV3_328",75.3177574905607,"down","Subject 1"
"ELF1_329",105.795457490561,"down","Subject 1"
"SPDEF_330",21.9018574905607,"down","Subject 1"
"ELK1_331",109.014557490561,"down","Subject 1"
"ETS1_332",68.5430574905607,"down","Subject 1"
"EHF_333",26.5593574905607,"down","Subject 1"
"ELF5_334",10.7582574905607,"down","Subject 1"
"ETV6_335",57.1170574905607,"down","Subject 1"
"SPIB_336",0,"down","Subject 1"
"FLI1_337",85.5314574905607,"down","Subject 1"
"GABPA_338",111.073257490561,"down","Subject 1"
"ERG_339",49.1344574905607,"down","Subject 1"
"ETS2_340",50.5797574905607,"down","Subject 1"
"ELK4_341",107.793457490561,"down","Subject 1"
"ELF3_342",13.4043574905607,"down","Subject 1"
"FEV_343",67.6818574905607,"down","Subject 1"
"SPIC_344",0,"down","Subject 1"
"ETV4_345",93.5296574905607,"down","Subject 1"
"ENSG00000235187_346",51.0816574905607,"down","Subject 1"
"ETV5_347",104.220457490561,"down","Subject 1"
"FOXP3_348",0,"down","Subject 1"
"FOXC1_349",0,"down","Subject 1"
"FOXJ2_350",0,"down","Subject 1"
"FOXF1_351",0,"down","Subject 1"
"FOXM1_352",0,"down","Subject 1"
"FOXP1_353",0,"down","Subject 1"
"FOXO3_354",0,"down","Subject 1"
"FOXA2_355",0,"down","Subject 1"
"FOXP2_356",0,"down","Subject 1"
"FOXA1_357",0,"down","Subject 1"
"FOXP4_358",0,"down","Subject 1"
"FOXF2_359",0,"down","Subject 1"
"FOXK2_360",0,"down","Subject 1"
"FOXO1_361",0,"down","Subject 1"
"FOXH1_362",0,"down","Subject 1"
"FOXQ1_363",0,"down","Subject 1"
"FOXK1_364",0,"down","Subject 1"
"FOXI1_365",0,"down","Subject 1"
"FOXA3_366",0,"down","Subject 1"
"FOXB1_367",0,"down","Subject 1"
"FOXG1_368",0,"down","Subject 1"
"FOXL1_369",0,"down","Subject 1"
"FOXC2_370",0,"down","Subject 1"
"FOXE1_371",0,"down","Subject 1"
"FOXS1_372",0,"down","Subject 1"
"FOXO4_373",0,"down","Subject 1"
"FOXD2_374",0,"down","Subject 1"
"FOXI2_375",0,"down","Subject 1"
"FOXE3_376",0,"down","Subject 1"
"FOXD3_377",0,"down","Subject 1"
"FOXJ3_378",0,"down","Subject 1"
"FOXO6_379",0,"down","Subject 1"
"FOXB2_380",0,"down","Subject 1"
"KIAA0415_381",0,"down","Subject 1"
"FOXD1_382",0,"down","Subject 1"
"GATA1_383",0,"down","Subject 1"
"GATA3_384",0,"down","Subject 1"
"GATA5_385",0,"down","Subject 1"
"GATA4_386",0,"down","Subject 1"
"GATA6_387",0,"down","Subject 1"
"GATA2_388",0,"down","Subject 1"
"GCM2_389",7.68175749056067,"down","Subject 1"
"GCM1_390",1.77345749056068,"down","Subject 1"
"GRHL1_391",0,"down","Subject 1"
"TFCP2_392",2.57245749056068,"down","Subject 1"
"UBP1_393",0,"down","Subject 1"
"ARX_394",0,"down","Subject 1"
"HOXA11_395",0,"down","Subject 1"
"MEOX1_396",0,"down","Subject 1"
"DLX6_397",0,"down","Subject 1"
"ISL1_398",0,"down","Subject 1"
"HOXC8_399",0,"down","Subject 1"
"BARX2_400",0,"down","Subject 1"
"ALX4_401",0,"down","Subject 1"
"GSC2_402",0,"down","Subject 1"
"DLX3_403",0,"down","Subject 1"
"PITX1_404",0,"down","Subject 1"
"HOXA9_405",0,"down","Subject 1"
"LHX5_406",0,"down","Subject 1"
"SIX4_407",0,"down","Subject 1"
"VSX1_408",0,"down","Subject 1"
"RHOXF1_409",0,"down","Subject 1"
"CRX_410",0,"down","Subject 1"
"MEIS3_411",0,"down","Subject 1"
"DLX5_412",0,"down","Subject 1"
"HOXA1_413",0,"down","Subject 1"
"HOXA2_414",0,"down","Subject 1"
"HOXA3_415",0,"down","Subject 1"
"HOXA5_416",0,"down","Subject 1"
"HOXA6_417",0,"down","Subject 1"
"HOXA13_418",0,"down","Subject 1"
"EVX1_419",0,"down","Subject 1"
"NOBOX_420",0,"down","Subject 1"
"MEOX2_421",0,"down","Subject 1"
"LHX2_422",0,"down","Subject 1"
"LHX6_423",0,"down","Subject 1"
"LHX3_424",0,"down","Subject 1"
"TLX1_425",1.17435749056068,"down","Subject 1"
"PITX3_426",0,"down","Subject 1"
"HOXB6_427",0,"down","Subject 1"
"HNF1B_428",0,"down","Subject 1"
"DLX4_429",0,"down","Subject 1"
"VTN_430",0,"down","Subject 1"
"PHOX2B_431",0,"down","Subject 1"
"NKX32_432",0,"down","Subject 1"
"NANOG_433",0,"down","Subject 1"
"IRX4_434",0,"down","Subject 1"
"CDX1_435",0,"down","Subject 1"
"TLX2_436",0,"down","Subject 1"
"OTX1_437",0.577657490560675,"down","Subject 1"
"DLX2_438",0,"down","Subject 1"
"VAX2_439",0,"down","Subject 1"
"PRRX1_440",0,"down","Subject 1"
"TGIF2_441",0,"down","Subject 1"
"VSX2_442",0,"down","Subject 1"
"NKX23_443",0,"down","Subject 1"
"HOXB8_444",0,"down","Subject 1"
"HOXB5_445",0,"down","Subject 1"
"HOXB7_446",0,"down","Subject 1"
"HOXB3_447",0,"down","Subject 1"
"HOXB1_448",0,"down","Subject 1"
"MSX2_449",0,"down","Subject 1"
"LHX4_450",0,"down","Subject 1"
"HOXA7_451",0,"down","Subject 1"
"HOXC13_452",0,"down","Subject 1"
"HOXC11_453",0,"down","Subject 1"
"HOXC12_454",0,"down","Subject 1"
"ESX1_455",0,"down","Subject 1"
"BARHL1_456",0,"down","Subject 1"
"NKX24_457",0,"down","Subject 1"
"NKX22_458",0,"down","Subject 1"
"SIX1_459",0,"down","Subject 1"
"HOXD1_460",0,"down","Subject 1"
"HOXD3_461",0,"down","Subject 1"
"HOXD9_462",0,"down","Subject 1"
"HOXD10_463",0,"down","Subject 1"
"HOXD11_464",0,"down","Subject 1"
"HOXD13_465",0,"down","Subject 1"
"MNX1_466",0,"down","Subject 1"
"CDX4_467",0,"down","Subject 1"
"BARX1_468",0,"down","Subject 1"
"LHX1_469",0,"down","Subject 1"
"GSC_470",0,"down","Subject 1"
"MEIS2_471",0,"down","Subject 1"
"RAX_472",0,"down","Subject 1"
"HNF1A_473",0,"down","Subject 1"
"EMX1_474",0,"down","Subject 1"
"NKX28_475",0,"down","Subject 1"
"NKX21_476",0,"down","Subject 1"
"ZFHX2_477",0,"down","Subject 1"
"HLX_478",0,"down","Subject 1"
"LMX1B_479",0,"down","Subject 1"
"SIX3_480",0,"down","Subject 1"
"LBX1_481",0,"down","Subject 1"
"PDX1_482",0,"down","Subject 1"
"ZFHX3_483",0,"down","Subject 1"
"BARHL2_484",0,"down","Subject 1"
"LHX9_485",0,"down","Subject 1"
"MEIS1_486",0,"down","Subject 1"
"DLX1_487",0,"down","Subject 1"
"HMBOX1_488",0,"down","Subject 1"
"VAX1_489",0,"down","Subject 1"
"VENTX_490",0,"down","Subject 1"
"HHEX_491",0,"down","Subject 1"
"TGIF2LX_492",0,"down","Subject 1"
"ALX3_493",0,"down","Subject 1"
"HOXB13_494",0,"down","Subject 1"
"IRX6_495",0,"down","Subject 1"
"ISL2_496",0,"down","Subject 1"
"PKNOX1_497",0,"down","Subject 1"
"LHX8_498",0,"down","Subject 1"
"LMX1A_499",0,"down","Subject 1"
"EN1_500",0,"down","Subject 1"
"MSX1_501",0,"down","Subject 1"
"NKX61_502",0,"down","Subject 1"
"HESX1_503",0,"down","Subject 1"
"PITX2_504",0,"down","Subject 1"
"TLX3_505",1.17435749056068,"down","Subject 1"
"EN2_506",0,"down","Subject 1"
"UNCX_507",0,"down","Subject 1"
"GBX1_508",0,"down","Subject 1"
"NKX63_509",0,"down","Subject 1"
"ZHX1_510",0,"down","Subject 1"
"HDX_511",0,"down","Subject 1"
"PHOX2A_512",0,"down","Subject 1"
"PKNOX2_513",0,"down","Subject 1"
"CDX2_514",0,"down","Subject 1"
"OTX2_515",0,"down","Subject 1"
"DRGX_516",0,"down","Subject 1"
"NKX31_517",0,"down","Subject 1"
"PBX3_518",22.5148574905607,"down","Subject 1"
"PRRX2_519",0,"down","Subject 1"
"GBX2_520",0,"down","Subject 1"
"SHOX2_521",0,"down","Subject 1"
"GSX1_522",0,"down","Subject 1"
"HOXD4_523",0,"down","Subject 1"
"HOXD12_524",0,"down","Subject 1"
"EMX2_525",0,"down","Subject 1"
"IRX1_526",0,"down","Subject 1"
"IRX2_527",0,"down","Subject 1"
"SIX2_528",0,"down","Subject 1"
"HOXB9_529",0,"down","Subject 1"
"OTP_530",0,"down","Subject 1"
"AC0125311_531",0,"down","Subject 1"
"HOXB2_532",0,"down","Subject 1"
"RAX2_533",0,"down","Subject 1"
"EVX2_534",0,"down","Subject 1"
"PROP1_535",0,"down","Subject 1"
"ISX_536",0,"down","Subject 1"
"HOXD8_537",0,"down","Subject 1"
"TGIF2LY_538",0,"down","Subject 1"
"IRX5_539",0,"down","Subject 1"
"SIX5_540",0,"down","Subject 1"
"TGIF1_541",0,"down","Subject 1"
"IRX3_542",0,"down","Subject 1"
"LBX2_543",0,"down","Subject 1"
"NKX26_544",0,"down","Subject 1"
"ALX1_545",0,"down","Subject 1"
"GSX2_546",0,"down","Subject 1"
"HOXC9_547",0,"down","Subject 1"
"HOXC10_548",0,"down","Subject 1"
"HOXB4_549",0,"down","Subject 1"
"NKX25_550",0,"down","Subject 1"
"POU6F1_551",0,"down","Subject 1"
"SIX6_552",0,"down","Subject 1"
"MIXL1_553",0,"down","Subject 1"
"DBX2_554",0,"down","Subject 1"
"PBX1_555",0,"down","Subject 1"
"SHOX_556",0,"down","Subject 1"
"HMX3_557",0,"down","Subject 1"
"HMX2_558",0,"down","Subject 1"
"BSX_559",0,"down","Subject 1"
"DMBX1_560",0,"down","Subject 1"
"HOXC6_561",0,"down","Subject 1"
"HOXC5_562",0,"down","Subject 1"
"PBX2_563",0,"down","Subject 1"
"DUXA_564",0,"down","Subject 1"
"DPRX_565",0,"down","Subject 1"
"AL8454643_566",0,"down","Subject 1"
"NOTO_567",0,"down","Subject 1"
"HOMEZ_568",0,"down","Subject 1"
"HMX1_569",0,"down","Subject 1"
"ENSG00000215754_570",0,"down","Subject 1"
"ENSG00000217642_571",0,"down","Subject 1"
"ENSG00000224558_572",0,"down","Subject 1"
"BX2846861_573",0,"down","Subject 1"
"ENSG00000225958_574",0,"down","Subject 1"
"CR8124782_575",0,"down","Subject 1"
"ENSG00000226866_576",0,"down","Subject 1"
"AC2261502_577",0,"down","Subject 1"
"DUX4L5_578",0,"down","Subject 1"
"ENSG00000227522_579",0,"down","Subject 1"
"DUX4L2_580",0,"down","Subject 1"
"DUX4L3_581",0,"down","Subject 1"
"DUX4L6_582",0,"down","Subject 1"
"ENSG00000228710_583",0,"down","Subject 1"
"ENSG00000229544_584",0,"down","Subject 1"
"CT4768282_585",0,"down","Subject 1"
"ENSG00000230380_586",0,"down","Subject 1"
"ENSG00000230776_587",0,"down","Subject 1"
"AL5921702_588",0,"down","Subject 1"
"BX9272396_589",0,"down","Subject 1"
"ENSG00000232923_590",0,"down","Subject 1"
"ENSG00000233294_591",0,"down","Subject 1"
"ENSG00000233361_592",0,"down","Subject 1"
"ENSG00000233698_593",0,"down","Subject 1"
"ENSG00000233794_594",0,"down","Subject 1"
"ENSG00000234254_595",0,"down","Subject 1"
"ENSG00000234550_596",0,"down","Subject 1"
"NKX11_597",0,"down","Subject 1"
"ENSG00000236207_598",0,"down","Subject 1"
"CR9338788_599",0,"down","Subject 1"
"AL6628305_600",0,"down","Subject 1"
"ENSG00000237516_601",0,"down","Subject 1"
"ENSG00000250589_602",0,"down","Subject 1"
"DUX4_603",0,"down","Subject 1"
"PAX6_604",0,"down","Subject 1"
"PAX7_605",0,"down","Subject 1"
"PAX2_606",0,"down","Subject 1"
"PAX4_607",0,"down","Subject 1"
"PAX3_608",4.16145749056068,"down","Subject 1"
"POU2F2_609",0,"down","Subject 1"
"POU1F1_610",0,"down","Subject 1"
"POU4F3_611",0,"down","Subject 1"
"POU6F2_612",0,"down","Subject 1"
"POU2F3_613",0,"down","Subject 1"
"POU2F1_614",0,"down","Subject 1"
"POU4F2_615",0,"down","Subject 1"
"POU4F1_616",0,"down","Subject 1"
"POU3F2_617",0,"down","Subject 1"
"POU3F1_618",0,"down","Subject 1"
"POU3F4_619",0,"down","Subject 1"
"POU3F3_620",0,"down","Subject 1"
"POU5F1_621",0,"down","Subject 1"
"POU5F1B_622",0,"down","Subject 1"
"HSF2_623",0,"down","Subject 1"
"HSF4_624",0,"down","Subject 1"
"HSFY2_625",0,"down","Subject 1"
"HSFY1_626",0,"down","Subject 1"
"HSF1_627",0,"down","Subject 1"
"IRF6_628",5.71045749056067,"down","Subject 1"
"IRF1_629",0,"down","Subject 1"
"IRF3_630",0,"down","Subject 1"
"IRF5_631",0,"down","Subject 1"
"IRF4_632",0,"down","Subject 1"
"IRF8_633",0,"down","Subject 1"
"IRF2_634",0,"down","Subject 1"
"IRF7_635",0,"down","Subject 1"
"IRF9_636",0,"down","Subject 1"
"NAIF1_637",0.984757490560675,"down","Subject 1"
"AC0021266_638",0,"down","Subject 1"
"MEF2A_639",0,"down","Subject 1"
"MEF2C_640",0,"down","Subject 1"
"SRF_641",0,"down","Subject 1"
"MEF2D_642",0,"down","Subject 1"
"MEF2B_643",0,"down","Subject 1"
"MBD2_644",199.109457490561,"down","Subject 1"
"MECP2_645",146.058257490561,"down","Subject 1"
"CDC5L_646",0,"down","Subject 1"
"MYBL2_647",0,"down","Subject 1"
"MYB_648",0,"down","Subject 1"
"TERF2_649",0,"down","Subject 1"
"SMARCC2_650",13.7443574905607,"down","Subject 1"
"SMARCC1_651",0,"down","Subject 1"
"MYPOP_652",2.31075749056068,"down","Subject 1"
"MYBL1_653",0,"down","Subject 1"
"C11orf9_654",0,"down","Subject 1"
"NR1H4_655",0,"down","Subject 1"
"NR1H3_656",0,"down","Subject 1"
"NR2E3_657",0,"down","Subject 1"
"RORA_658",0,"down","Subject 1"
"RARB_659",0,"down","Subject 1"
"PGR_660",0,"down","Subject 1"
"ESR1_661",2.41825749056068,"down","Subject 1"
"HNF4A_662",0,"down","Subject 1"
"VDR_663",0,"down","Subject 1"
"PPARD_664",0,"down","Subject 1"
"NR2E1_665",0,"down","Subject 1"
"NR3C1_666",0,"down","Subject 1"
"NR5A2_667",0,"down","Subject 1"
"NR4A3_668",0,"down","Subject 1"
"ESRRB_669",0,"down","Subject 1"
"NR2C1_670",0,"down","Subject 1"
"NR4A1_671",0,"down","Subject 1"
"THRA_672",0,"down","Subject 1"
"NR1D1_673",0,"down","Subject 1"
"NR1H2_674",0,"down","Subject 1"
"RARA_675",0,"down","Subject 1"
"PPARG_676",0,"down","Subject 1"
"NR5A1_677",0,"down","Subject 1"
"ESR2_678",0,"down","Subject 1"
"RXRG_679",0,"down","Subject 1"
"NR1I3_680",0,"down","Subject 1"
"RORC_681",0,"down","Subject 1"
"NR1I2_682",0,"down","Subject 1"
"NR6A1_683",0,"down","Subject 1"
"THRB_684",0,"down","Subject 1"
"NR3C2_685",0,"down","Subject 1"
"NR4A2_686",0,"down","Subject 1"
"NR2F6_687",0,"down","Subject 1"
"HNF4G_688",0,"down","Subject 1"
"AR_689",0,"down","Subject 1"
"RARG_690",0.427457490560675,"down","Subject 1"
"ESRRA_691",0,"down","Subject 1"
"NR2F1_692",0,"down","Subject 1"
"NR2C2_693",70.2602574905607,"down","Subject 1"
"NR2F2_694",0,"down","Subject 1"
"RXRA_695",0,"down","Subject 1"
"PPARA_696",0,"down","Subject 1"
"ESRRG_697",0,"down","Subject 1"
"RXRB_698",0,"down","Subject 1"
"AL8445277_699",4.25175749056068,"down","Subject 1"
"AL6628245_700",4.25175749056068,"down","Subject 1"
"CR7597334_701",4.25175749056068,"down","Subject 1"
"CR3545653_702",4.25175749056068,"down","Subject 1"
"CR9368773_703",4.25175749056068,"down","Subject 1"
"TP63_704",0,"down","Subject 1"
"TP73_705",0,"down","Subject 1"
"TP53_706",1.67585749056068,"down","Subject 1"
"PAX8_707",0.536857490560675,"down","Subject 1"
"PAX1_708",5.86835749056068,"down","Subject 1"
"PAX5_709",8.32385749056068,"down","Subject 1"
"PAX9_710",2.80925749056068,"down","Subject 1"
"LCOR_711",0,"down","Subject 1"
"PROX1_712",0,"down","Subject 1"
"NFATC3_713",0,"down","Subject 1"
"NFKB2_714",19.4849574905607,"down","Subject 1"
"NFATC4_715",0,"down","Subject 1"
"NFATC2_716",0,"down","Subject 1"
"NFAT5_717",0,"down","Subject 1"
"RELB_718",13.7069574905607,"down","Subject 1"
"NFKB1_719",13.1082574905607,"down","Subject 1"
"NFATC1_720",0,"down","Subject 1"
"REL_721",23.3763574905607,"down","Subject 1"
"RELA_722",14.7484574905607,"down","Subject 1"
"RFX3_723",16.2512574905607,"down","Subject 1"
"RFX2_724",22.1498574905607,"down","Subject 1"
"RFX4_725",12.9505574905607,"down","Subject 1"
"RFX1_726",2.10035749056068,"down","Subject 1"
"RFX5_727",5.17845749056067,"down","Subject 1"
"RFX7_728",10.9470574905607,"down","Subject 1"
"RFX6_729",4.75385749056067,"down","Subject 1"
"RFX8_730",7.75915749056067,"down","Subject 1"
"RUNX3_731",0,"down","Subject 1"
"RUNX2_732",0,"down","Subject 1"
"RUNX1_733",0,"down","Subject 1"
"ENSG00000250096_734",0,"down","Subject 1"
"GMEB2_735",0,"down","Subject 1"
"AIRE_736",0,"down","Subject 1"
"GMEB1_737",7.39545749056068,"down","Subject 1"
"NFIX_738",0,"down","Subject 1"
"SMAD4_739",0,"down","Subject 1"
"NFIC_740",0,"down","Subject 1"
"NFIB_741",0,"down","Subject 1"
"NFIA_742",0,"down","Subject 1"
"SMAD3_743",0,"down","Subject 1"
"SMAD1_744",0,"down","Subject 1"
"SMAD2_745",0.206757490560675,"down","Subject 1"
"SOX8_746",0,"down","Subject 1"
"SOX30_747",0,"down","Subject 1"
"HMG20B_748",0,"down","Subject 1"
"CIC_749",0,"down","Subject 1"
"TCF7_750",0,"down","Subject 1"
"SOX10_751",0,"down","Subject 1"
"HBP1_752",0,"down","Subject 1"
"BBX_753",0,"down","Subject 1"
"SOX4_754",0,"down","Subject 1"
"SOX21_755",0,"down","Subject 1"
"SOX9_756",0,"down","Subject 1"
"SOX15_757",0,"down","Subject 1"
"SOX5_758",0,"down","Subject 1"
"SOX3_759",0,"down","Subject 1"
"LEF1_760",0,"down","Subject 1"
"SOX13_761",0,"down","Subject 1"
"TCF7L2_762",0,"down","Subject 1"
"TCF7L1_763",0,"down","Subject 1"
"SOX17_764",0,"down","Subject 1"
"SOX14_765",0,"down","Subject 1"
"SOX7_766",0,"down","Subject 1"
"SOX11_767",0,"down","Subject 1"
"SOX12_768",0,"down","Subject 1"
"SOX2_769",0,"down","Subject 1"
"SOX1_770",0,"down","Subject 1"
"SRY_771",0,"down","Subject 1"
"SOX18_772",0,"down","Subject 1"
"STAT1_773",0.0564574905606751,"down","Subject 1"
"STAT5A_774",0.00345749056067512,"down","Subject 1"
"STAT4_775",0,"down","Subject 1"
"STAT6_776",0,"down","Subject 1"
"STAT3_777",0,"down","Subject 1"
"STAT2_778",0,"down","Subject 1"
"STAT5B_779",0,"down","Subject 1"
"TBX21_780",0,"down","Subject 1"
"TBX5_781",0,"down","Subject 1"
"TBX15_782",0,"down","Subject 1"
"TBX2_783",0,"down","Subject 1"
"TBX4_784",0,"down","Subject 1"
"TBX3_785",0,"down","Subject 1"
"TBR1_786",0,"down","Subject 1"
"TBX19_787",0,"down","Subject 1"
"EOMES_788",0,"down","Subject 1"
"T_789",0,"down","Subject 1"
"TBX20_790",0,"down","Subject 1"
"TBX10_791",0,"down","Subject 1"
"TBX1_792",0,"down","Subject 1"
"TBP_793",0,"down","Subject 1"
"TBPL2_794",0,"down","Subject 1"
"TEAD3_795",0,"down","Subject 1"
"TEAD1_796",0,"down","Subject 1"
"TEAD4_797",0,"down","Subject 1"
"THAP1_798",0.476457490560675,"down","Subject 1"
"PRKRIR_799",0,"down","Subject 1"
"NFYC_800",11.9997574905607,"down","Subject 1"
"CBFB_801",0,"down","Subject 1"
"HLTF_802",0,"down","Subject 1"
"ENO1_803",0.305157490560675,"down","Subject 1"
"EP300_804",1.35615749056068,"down","Subject 1"
"NRF1_805",139.827157490561,"down","Subject 1"
"CEBPZ_806",7.97105749056067,"down","Subject 1"
"NFYB_807",22.4840574905607,"down","Subject 1"
"LMO2_808",8.43125749056068,"down","Subject 1"
"FUBP1_809",0,"down","Subject 1"
"SPZ1_810",29.2993574905607,"down","Subject 1"
"NR0B1_811",64.6227574905607,"down","Subject 1"
"BPTF_812",0,"down","Subject 1"
"PURA_813",172.671857490561,"down","Subject 1"
"TOPORS_814",0,"down","Subject 1"
"CPEB1_815",0,"down","Subject 1"
"ZBED1_816",1.89095749056068,"down","Subject 1"
"ZNF350_817",31.3434574905607,"down","Subject 1"
"LYL1_818",8.14675749056068,"down","Subject 1"
"SOHLH2_819",22.1682574905607,"down","Subject 1"
"NEUROD4_820",0,"down","Subject 1"
"NEUROD6_821",0,"down","Subject 1"
"TAL2_822",0,"down","Subject 1"
"C13orf38SOHLH2_823",22.1682574905607,"down","Subject 1"
"HIVEP3_824",8.89695749056068,"down","Subject 1"
"BCL11B_825",0,"down","Subject 1"
"KLF10_826",51.0111574905607,"down","Subject 1"
"YBX2_827",0,"down","Subject 1"
"CSDA_828",0,"down","Subject 1"
"FOXN3_829",0,"down","Subject 1"
"FOXD4_830",0,"down","Subject 1"
"FOXD4L1_831",0,"down","Subject 1"
"FOXD4L3_832",0,"down","Subject 1"
"FOXD4L5_833",0,"down","Subject 1"
"FOXD4L6_834",0,"down","Subject 1"
"NANOGP1_835",0,"down","Subject 1"
"AL7735441_836",0,"down","Subject 1"
"CR3882292_837",0,"down","Subject 1"
"AL6628334_838",0,"down","Subject 1"
"CR7598154_839",0,"down","Subject 1"
"BX0885802_840",0,"down","Subject 1"
"NR1D2_841",0,"down","Subject 1"
"MYF5_842",0,"down","Subject 1"
"ASCL1_843",0,"down","Subject 1"
"ATOH1_844",0,"down","Subject 1"
"NFE2L3_845",0,"down","Subject 1"
"KLF2_846",154.798257490561,"down","Subject 1"
"KLF11_847",215.916657490561,"down","Subject 1"
"ZFP42_848",12.9555574905607,"down","Subject 1"
"ZNF187_849",0,"down","Subject 1"
"ZFP161_850",120.758857490561,"down","Subject 1"
"ZNF75C_851",0,"down","Subject 1"
"DMRTC2_852",0,"down","Subject 1"
"FOXJ1_853",0,"down","Subject 1"
"FOXN2_854",0,"down","Subject 1"
"FOXL2_855",0,"down","Subject 1"
"FOXD4L4_856",0,"down","Subject 1"
"FOXD4L2_857",0,"down","Subject 1"
"TFCP2L1_858",7.49245749056067,"down","Subject 1"
"DUX1_859",0,"down","Subject 1"
"DUX3_860",0,"down","Subject 1"
"PBX4_861",0,"down","Subject 1"
"NKX62_862",0,"down","Subject 1"
"HOXA4_863",0,"down","Subject 1"
"CR8477943_864",0,"down","Subject 1"
"RORB_865",0,"down","Subject 1"
"SMAD5_866",283.825457490561,"down","Subject 1"
"SMAD9_867",0,"down","Subject 1"
"SOX6_868",0,"down","Subject 1"
"TBX18_869",0,"down","Subject 1"
"TBX22_870",0,"down","Subject 1"
"TFAP2B_1",0,"up","Subject 2"
"TFAP2D_2",0,"up","Subject 2"
"TFAP2C_3",0,"up","Subject 2"
"TFAP2E_4",0,"up","Subject 2"
"TFAP2A_5",0,"up","Subject 2"
"ARID3A_6",8.11965749056067,"up","Subject 2"
"ARID5B_7",5.47705749056068,"up","Subject 2"
"ARID3B_8",0.560157490560675,"up","Subject 2"
"ARID5A_9",4.63385749056067,"up","Subject 2"
"ARID3C_10",2.01345749056068,"up","Subject 2"
"ARID2_11",0,"up","Subject 2"
"HMGA1_12",0,"up","Subject 2"
"HMGA2_13",0.127457490560675,"up","Subject 2"
"MAX_14",0,"up","Subject 2"
"MLXIPL_15",0,"up","Subject 2"
"ARNTL2_16",0,"up","Subject 2"
"AHRR_17",0,"up","Subject 2"
"TFE3_18",0,"up","Subject 2"
"HES2_19",0,"up","Subject 2"
"MNT_20",0,"up","Subject 2"
"TCF3_21",0,"up","Subject 2"
"SREBF1_22",0,"up","Subject 2"
"TFAP4_23",0,"up","Subject 2"
"HIF1A_24",0,"up","Subject 2"
"TCFL5_25",0,"up","Subject 2"
"USF2_26",0,"up","Subject 2"
"TFEC_27",0,"up","Subject 2"
"AHR_28",0,"up","Subject 2"
"MLX_29",0,"up","Subject 2"
"MYF6_30",0.510057490560675,"up","Subject 2"
"SIM1_31",0,"up","Subject 2"
"TFEB_32",0,"up","Subject 2"
"HAND1_33",0,"up","Subject 2"
"HES1_34",0,"up","Subject 2"
"ID2_35",0,"up","Subject 2"
"EPAS1_36",0,"up","Subject 2"
"MYCL1_37",0,"up","Subject 2"
"ID3_38",0,"up","Subject 2"
"TCF21_39",1.25235749056068,"up","Subject 2"
"MXI1_40",0,"up","Subject 2"
"MYOG_41",0,"up","Subject 2"
"TWIST1_42",0,"up","Subject 2"
"NEUROG3_43",1.61445749056068,"up","Subject 2"
"BHLHE41_44",0,"up","Subject 2"
"BHLHE23_45",2.62485749056068,"up","Subject 2"
"TCF15_46",0,"up","Subject 2"
"ID1_47",0,"up","Subject 2"
"MYOD1_48",0,"up","Subject 2"
"NPAS1_49",0,"up","Subject 2"
"ARNTL_50",0,"up","Subject 2"
"BHLHE40_51",0,"up","Subject 2"
"MYCN_52",0,"up","Subject 2"
"CLOCK_53",0,"up","Subject 2"
"HEY2_54",0,"up","Subject 2"
"MYC_55",0,"up","Subject 2"
"TCF12_56",0,"up","Subject 2"
"ARNT_57",0,"up","Subject 2"
"FERD3L_58",0,"up","Subject 2"
"NPAS3_59",0,"up","Subject 2"
"USF1_60",0,"up","Subject 2"
"SIM2_61",0,"up","Subject 2"
"TAL1_62",0.531557490560675,"up","Subject 2"
"NEUROD1_63",0,"up","Subject 2"
"TCF23_64",1.95725749056068,"up","Subject 2"
"HEYL_65",0,"up","Subject 2"
"HAND2_66",0,"up","Subject 2"
"EBF1_67",0,"up","Subject 2"
"HEY1_68",0,"up","Subject 2"
"MESP1_69",0,"up","Subject 2"
"PTF1A_70",0,"up","Subject 2"
"ATOH8_71",0,"up","Subject 2"
"NPAS2_72",0,"up","Subject 2"
"NEUROD2_73",3.35315749056068,"up","Subject 2"
"NHLH1_74",0,"up","Subject 2"
"ID4_75",0,"up","Subject 2"
"ARNT2_76",0,"up","Subject 2"
"NPAS4_77",0,"up","Subject 2"
"MLXIP_78",0,"up","Subject 2"
"OLIG3_79",3.78185749056068,"up","Subject 2"
"NHLH2_80",0.587557490560675,"up","Subject 2"
"NEUROG2_81",1.23255749056068,"up","Subject 2"
"MSC_82",0,"up","Subject 2"
"HES7_83",0,"up","Subject 2"
"ATOH7_84",3.81825749056068,"up","Subject 2"
"BHLHA15_85",2.95645749056068,"up","Subject 2"
"BHLHE22_86",4.23215749056067,"up","Subject 2"
"NEUROG1_87",3.84435749056068,"up","Subject 2"
"FIGLA_88",0,"up","Subject 2"
"ASCL2_89",0,"up","Subject 2"
"OLIG1_90",3.32155749056068,"up","Subject 2"
"MITF_91",0,"up","Subject 2"
"ENSG00000187728_92",1.25235749056068,"up","Subject 2"
"SCXB_93",0,"up","Subject 2"
"MESP2_94",0,"up","Subject 2"
"HES4_95",0,"up","Subject 2"
"SCXA_96",0,"up","Subject 2"
"TCF4_97",0,"up","Subject 2"
"HES5_98",0,"up","Subject 2"
"SREBF2_99",0,"up","Subject 2"
"OLIG2_100",3.07645749056068,"up","Subject 2"
"TWIST2_101",2.90515749056068,"up","Subject 2"
"ENSG00000250811_102",0,"up","Subject 2"
"MGA_103",0,"up","Subject 2"
"CREB3L3_104",0,"up","Subject 2"
"FOSL2_105",9.72285749056067,"up","Subject 2"
"NFE2L1_106",0.664057490560675,"up","Subject 2"
"CEBPE_107",0,"up","Subject 2"
"CREM_108",0,"up","Subject 2"
"XBP1_109",0,"up","Subject 2"
"DBP_110",0,"up","Subject 2"
"CREB3_111",0,"up","Subject 2"
"HLF_112",0,"up","Subject 2"
"BACH2_113",3.62395749056068,"up","Subject 2"
"ATF2_114",0,"up","Subject 2"
"NFE2L2_115",0.301757490560675,"up","Subject 2"
"ATF6_116",0,"up","Subject 2"
"CREB1_117",0,"up","Subject 2"
"ATF1_118",0,"up","Subject 2"
"NFE2_119",3.97825749056068,"up","Subject 2"
"BATF3_120",0,"up","Subject 2"
"FOSB_121",8.19735749056067,"up","Subject 2"
"ATF4_122",0,"up","Subject 2"
"NRL_123",1.70065749056068,"up","Subject 2"
"JUND_124",8.59775749056067,"up","Subject 2"
"JDP2_125",11.7548574905607,"up","Subject 2"
"CREB3L4_126",0,"up","Subject 2"
"CREB5_127",0.998957490560675,"up","Subject 2"
"CEBPG_128",0,"up","Subject 2"
"BATF_129",11.1258574905607,"up","Subject 2"
"BACH1_130",6.98045749056068,"up","Subject 2"
"CREB3L1_131",0,"up","Subject 2"
"ATF3_132",0,"up","Subject 2"
"NFIL3_133",0,"up","Subject 2"
"TEF_134",0,"up","Subject 2"
"CR7538031_135",0,"up","Subject 2"
"ATF5_136",0,"up","Subject 2"
"FOS_137",12.6355574905607,"up","Subject 2"
"ATF7_138",0.135257490560675,"up","Subject 2"
"JUNB_139",8.56275749056067,"up","Subject 2"
"CEBPB_140",0,"up","Subject 2"
"DDIT3_141",0,"up","Subject 2"
"FOSL1_142",9.05425749056067,"up","Subject 2"
"JUN_143",14.5782574905607,"up","Subject 2"
"MAF_144",2.18255749056068,"up","Subject 2"
"CREB3L2_145",0,"up","Subject 2"
"MAFA_146",0,"up","Subject 2"
"MAFF_147",4.03955749056068,"up","Subject 2"
"MAFG_148",1.79325749056068,"up","Subject 2"
"MAFK_149",2.94565749056068,"up","Subject 2"
"MAFB_150",3.45345749056068,"up","Subject 2"
"ATF6B_151",0,"up","Subject 2"
"CEBPD_152",0,"up","Subject 2"
"CR9257962_153",0,"up","Subject 2"
"AL6628286_154",0,"up","Subject 2"
"CEBPA_155",0.664157490560675,"up","Subject 2"
"ZEB1_157",0,"up","Subject 2"
"ZFX_158",0,"up","Subject 2"
"ZNF263_159",0,"up","Subject 2"
"HIVEP2_160",0,"up","Subject 2"
"SNAI2_161",0,"up","Subject 2"
"ZIC2_162",0,"up","Subject 2"
"PRDM1_163",4.93535749056067,"up","Subject 2"
"ZNF76_164",0,"up","Subject 2"
"KLF6_165",0,"up","Subject 2"
"ZFY_166",0,"up","Subject 2"
"GLI2_167",0,"up","Subject 2"
"REST_168",0,"up","Subject 2"
"MECOM_169",7.81845749056068,"up","Subject 2"
"HIVEP1_170",0,"up","Subject 2"
"MZF1_171",0,"up","Subject 2"
"PATZ1_172",0,"up","Subject 2"
"YY1_173",0,"up","Subject 2"
"KLF8_174",0,"up","Subject 2"
"KLF5_175",0,"up","Subject 2"
"ZNF423_176",0,"up","Subject 2"
"CTCF_177",0,"up","Subject 2"
"MAZ_178",0,"up","Subject 2"
"KLF1_179",0,"up","Subject 2"
"SP4_180",0,"up","Subject 2"
"ZKSCAN1_181",0.266557490560675,"up","Subject 2"
"GLI3_182",0,"up","Subject 2"
"GLIS3_183",0,"up","Subject 2"
"KLF3_184",0,"up","Subject 2"
"PRDM4_185",0,"up","Subject 2"
"GLI1_186",0,"up","Subject 2"
"BCL6_187",1.07495749056068,"up","Subject 2"
"ZBTB47_188",1.58695749056068,"up","Subject 2"
"KLF7_189",0,"up","Subject 2"
"PLAGL1_190",0,"up","Subject 2"
"KLF12_191",0,"up","Subject 2"
"KLF9_192",0,"up","Subject 2"
"ZNF410_193",0.228757490560675,"up","Subject 2"
"BCL11A_194",10.5820574905607,"up","Subject 2"
"EGR1_195",0,"up","Subject 2"
"EGR2_196",0,"up","Subject 2"
"IKZF4_197",0,"up","Subject 2"
"CTCFL_198",0,"up","Subject 2"
"SNAI1_199",0,"up","Subject 2"
"RREB1_200",0,"up","Subject 2"
"GLIS2_201",0,"up","Subject 2"
"ZNF384_202",0,"up","Subject 2"
"ZBTB1_203",0,"up","Subject 2"
"FEZF1_204",0,"up","Subject 2"
"KLF16_205",0,"up","Subject 2"
"ZSCAN10_206",0,"up","Subject 2"
"EGR4_207",0,"up","Subject 2"
"KLF4_208",0,"up","Subject 2"
"ZNF740_209",0,"up","Subject 2"
"ZIC5_210",0,"up","Subject 2"
"PRDM16_211",4.46505749056067,"up","Subject 2"
"OSR1_212",0,"up","Subject 2"
"ZIC1_213",0,"up","Subject 2"
"FEZF2_214",0,"up","Subject 2"
"ZIC3_215",0,"up","Subject 2"
"ZBTB7B_216",0,"up","Subject 2"
"ZNF333_217",2.12775749056068,"up","Subject 2"
"BCL6B_218",1.33245749056068,"up","Subject 2"
"ZNF75A_219",0.332057490560675,"up","Subject 2"
"GFI1_220",0.0142574905606752,"up","Subject 2"
"ZNF281_221",0,"up","Subject 2"
"ZNF148_222",0,"up","Subject 2"
"KLF15_223",0,"up","Subject 2"
"ZNF691_224",0,"up","Subject 2"
"ZNF589_225",0,"up","Subject 2"
"SP8_226",0,"up","Subject 2"
"OSR2_227",0.275857490560675,"up","Subject 2"
"GFI1B_228",0.396157490560675,"up","Subject 2"
"ZNF219_229",0,"up","Subject 2"
"ZNF202_230",0,"up","Subject 2"
"ZNF143_231",0,"up","Subject 2"
"SP2_232",0,"up","Subject 2"
"ZNF232_233",3.62455749056068,"up","Subject 2"
"E4F1_234",0,"up","Subject 2"
"ZBTB49_235",0,"up","Subject 2"
"HIC2_236",0,"up","Subject 2"
"ZNF32_237",3.42335749056068,"up","Subject 2"
"KLF13_238",0,"up","Subject 2"
"ZNF35_239",7.65525749056068,"up","Subject 2"
"ZNF282_240",0,"up","Subject 2"
"SP7_241",0,"up","Subject 2"
"SCRT1_242",0,"up","Subject 2"
"ZNF524_243",0,"up","Subject 2"
"ZNF274_244",0.412157490560675,"up","Subject 2"
"HINFP_245",0,"up","Subject 2"
"OVOL1_246",1.37495749056068,"up","Subject 2"
"SP3_247",0,"up","Subject 2"
"INSM1_248",0,"up","Subject 2"
"ZBTB4_249",0,"up","Subject 2"
"GLIS1_250",0,"up","Subject 2"
"KLF14_251",0,"up","Subject 2"
"ZIC4_252",0,"up","Subject 2"
"ZNF683_253",4.35755749056067,"up","Subject 2"
"HIC1_254",0,"up","Subject 2"
"ZBTB33_255",0,"up","Subject 2"
"ZNF354C_256",0,"up","Subject 2"
"ZNF713_257",3.11495749056068,"up","Subject 2"
"ZBTB7A_258",0,"up","Subject 2"
"EGR3_259",0,"up","Subject 2"
"ZNF238_260",0,"up","Subject 2"
"ZBTB42_261",0,"up","Subject 2"
"ZNF784_262",0,"up","Subject 2"
"ZSCAN4_263",5.17065749056068,"up","Subject 2"
"PLAG1_264",0,"up","Subject 2"
"ZBTB7C_265",0,"up","Subject 2"
"WT1_266",0,"up","Subject 2"
"SP1_267",0,"up","Subject 2"
"SNAI3_268",7.13005749056068,"up","Subject 2"
"ZBTB3_269",0,"up","Subject 2"
"IKZF1_270",0,"up","Subject 2"
"ZBTB6_271",0,"up","Subject 2"
"ZNF75D_272",0.332057490560675,"up","Subject 2"
"ZKSCAN4_273",0,"up","Subject 2"
"MTF1_274",0,"up","Subject 2"
"SP6_275",0,"up","Subject 2"
"ZKSCAN3_276",0,"up","Subject 2"
"ZSCAN16_277",5.15575749056068,"up","Subject 2"
"ZNF652_278",1.58695749056068,"up","Subject 2"
"SP5_279",0,"up","Subject 2"
"ZBTB12_280",0,"up","Subject 2"
"AL8448538_281",0,"up","Subject 2"
"SCRT2_282",0,"up","Subject 2"
"SP9_283",0,"up","Subject 2"
"YY2_284",0,"up","Subject 2"
"CR7597843_285",0,"up","Subject 2"
"CR3882194_286",0,"up","Subject 2"
"AL66283413_287",0,"up","Subject 2"
"NFYA_288",0,"up","Subject 2"
"CENPB_289",0,"up","Subject 2"
"YBX1_290",0,"up","Subject 2"
"RBPJ_291",0,"up","Subject 2"
"CUX2_292",0,"up","Subject 2"
"ONECUT2_293",1.15345749056068,"up","Subject 2"
"CUX1_294",0.0201574905606752,"up","Subject 2"
"ONECUT1_295",1.38065749056068,"up","Subject 2"
"ONECUT3_296",2.78245749056068,"up","Subject 2"
"LIN54_297",2.59755749056068,"up","Subject 2"
"CGBP_298",0,"up","Subject 2"
"KDM2B_299",0,"up","Subject 2"
"MLL_300",0,"up","Subject 2"
"DNMT1_301",0,"up","Subject 2"
"TET1_302",0,"up","Subject 2"
"CXXC1_303",0,"up","Subject 2"
"DMRT3_304",3.95505749056068,"up","Subject 2"
"DMRT1_305",2.05655749056068,"up","Subject 2"
"DMRTA2_306",3.02655749056068,"up","Subject 2"
"DMRT2_307",4.58005749056067,"up","Subject 2"
"TFDP2_308",0,"up","Subject 2"
"TFDP3_309",0,"up","Subject 2"
"TFDP1_310",0,"up","Subject 2"
"E2F2_311",0,"up","Subject 2"
"E2F1_312",0,"up","Subject 2"
"E2F3_313",0,"up","Subject 2"
"E2F8_314",0,"up","Subject 2"
"E2F5_315",0,"up","Subject 2"
"E2F7_316",0,"up","Subject 2"
"E2F6_317",0,"up","Subject 2"
"E2F4_318",0,"up","Subject 2"
"BRCA1_319",1.70915749056068,"up","Subject 2"
"ETV1_320",0,"up","Subject 2"
"ETV7_321",15.1783574905607,"up","Subject 2"
"SPI1_322",7.22905749056067,"up","Subject 2"
"ELF4_323",1.10445749056068,"up","Subject 2"
"ETV2_324",13.7009574905607,"up","Subject 2"
"ERF_325",9.81115749056067,"up","Subject 2"
"ELF2_326",11.9512574905607,"up","Subject 2"
"ELK3_327",0,"up","Subject 2"
"ETV3_328",0.199657490560675,"up","Subject 2"
"ELF1_329",0.542857490560675,"up","Subject 2"
"SPDEF_330",0,"up","Subject 2"
"ELK1_331",0,"up","Subject 2"
"ETS1_332",1.56385749056068,"up","Subject 2"
"EHF_333",3.94035749056067,"up","Subject 2"
"ELF5_334",10.8647574905607,"up","Subject 2"
"ETV6_335",0,"up","Subject 2"
"SPIB_336",10.6675574905607,"up","Subject 2"
"FLI1_337",1.20045749056068,"up","Subject 2"
"GABPA_338",0,"up","Subject 2"
"ERG_339",7.40315749056067,"up","Subject 2"
"ETS2_340",2.81955749056068,"up","Subject 2"
"ELK4_341",1.38775749056068,"up","Subject 2"
"ELF3_342",2.37665749056068,"up","Subject 2"
"FEV_343",2.20085749056068,"up","Subject 2"
"SPIC_344",7.34995749056067,"up","Subject 2"
"ETV4_345",0,"up","Subject 2"
"ENSG00000235187_346",5.20125749056067,"up","Subject 2"
"ETV5_347",0,"up","Subject 2"
"FOXP3_348",15.0908574905607,"up","Subject 2"
"FOXC1_349",6.75645749056067,"up","Subject 2"
"FOXJ2_350",8.31135749056067,"up","Subject 2"
"FOXF1_351",6.88915749056067,"up","Subject 2"
"FOXM1_352",7.19305749056067,"up","Subject 2"
"FOXP1_353",14.4265574905607,"up","Subject 2"
"FOXO3_354",15.1343574905607,"up","Subject 2"
"FOXA2_355",12.2944574905607,"up","Subject 2"
"FOXP2_356",13.3243574905607,"up","Subject 2"
"FOXA1_357",20.0012574905607,"up","Subject 2"
"FOXP4_358",14.4265574905607,"up","Subject 2"
"FOXF2_359",4.79675749056068,"up","Subject 2"
"FOXK2_360",14.4312574905607,"up","Subject 2"
"FOXO1_361",14.4265574905607,"up","Subject 2"
"FOXH1_362",3.45695749056068,"up","Subject 2"
"FOXQ1_363",6.29935749056067,"up","Subject 2"
"FOXK1_364",16.8877574905607,"up","Subject 2"
"FOXI1_365",8.67205749056068,"up","Subject 2"
"FOXA3_366",11.3418574905607,"up","Subject 2"
"FOXB1_367",12.6741574905607,"up","Subject 2"
"FOXG1_368",14.4265574905607,"up","Subject 2"
"FOXL1_369",5.03715749056067,"up","Subject 2"
"FOXC2_370",1.75075749056068,"up","Subject 2"
"FOXE1_371",6.40855749056067,"up","Subject 2"
"FOXS1_372",13.9584574905607,"up","Subject 2"
"FOXO4_373",5.97245749056068,"up","Subject 2"
"FOXD2_374",4.61835749056068,"up","Subject 2"
"FOXI2_375",8.60535749056067,"up","Subject 2"
"FOXE3_376",15.1343574905607,"up","Subject 2"
"FOXD3_377",7.54525749056067,"up","Subject 2"
"FOXJ3_378",10.8154574905607,"up","Subject 2"
"FOXO6_379",3.23405749056068,"up","Subject 2"
"FOXB2_380",17.7765574905607,"up","Subject 2"
"KIAA0415_381",16.8877574905607,"up","Subject 2"
"FOXD1_382",15.1343574905607,"up","Subject 2"
"GATA1_383",3.00095749056068,"up","Subject 2"
"GATA3_384",3.15005749056068,"up","Subject 2"
"GATA5_385",2.78195749056068,"up","Subject 2"
"GATA4_386",4.92715749056067,"up","Subject 2"
"GATA6_387",3.18015749056068,"up","Subject 2"
"GATA2_388",3.99315749056068,"up","Subject 2"
"GCM2_389",0,"up","Subject 2"
"GCM1_390",0,"up","Subject 2"
"GRHL1_391",0,"up","Subject 2"
"TFCP2_392",0,"up","Subject 2"
"UBP1_393",0,"up","Subject 2"
"ARX_394",1.77805749056068,"up","Subject 2"
"HOXA11_395",3.23365749056068,"up","Subject 2"
"MEOX1_396",0.922757490560675,"up","Subject 2"
"DLX6_397",0.0302574905606752,"up","Subject 2"
"ISL1_398",1.73695749056068,"up","Subject 2"
"HOXC8_399",1.39325749056068,"up","Subject 2"
"BARX2_400",1.70685749056068,"up","Subject 2"
"ALX4_401",3.84415749056068,"up","Subject 2"
"GSC2_402",0,"up","Subject 2"
"DLX3_403",0.966957490560675,"up","Subject 2"
"PITX1_404",0.280457490560675,"up","Subject 2"
"HOXA9_405",1.39085749056068,"up","Subject 2"
"LHX5_406",0.898557490560675,"up","Subject 2"
"SIX4_407",0.0108574905606751,"up","Subject 2"
"VSX1_408",0.798857490560675,"up","Subject 2"
"RHOXF1_409",0,"up","Subject 2"
"CRX_410",0,"up","Subject 2"
"MEIS3_411",0.192657490560675,"up","Subject 2"
"DLX5_412",1.68645749056068,"up","Subject 2"
"HOXA1_413",1.48385749056068,"up","Subject 2"
"HOXA2_414",1.77395749056068,"up","Subject 2"
"HOXA3_415",0,"up","Subject 2"
"HOXA5_416",0,"up","Subject 2"
"HOXA6_417",2.54185749056068,"up","Subject 2"
"HOXA13_418",3.55455749056068,"up","Subject 2"
"EVX1_419",1.83665749056068,"up","Subject 2"
"NOBOX_420",0.456557490560675,"up","Subject 2"
"MEOX2_421",1.69795749056068,"up","Subject 2"
"LHX2_422",0.837257490560675,"up","Subject 2"
"LHX6_423",0.893457490560675,"up","Subject 2"
"LHX3_424",1.14885749056068,"up","Subject 2"
"TLX1_425",0,"up","Subject 2"
"PITX3_426",0,"up","Subject 2"
"HOXB6_427",2.19355749056068,"up","Subject 2"
"HNF1B_428",1.71495749056068,"up","Subject 2"
"DLX4_429",0.458357490560675,"up","Subject 2"
"VTN_430",0.212557490560675,"up","Subject 2"
"PHOX2B_431",4.40145749056067,"up","Subject 2"
"NKX32_432",0,"up","Subject 2"
"NANOG_433",0.990557490560675,"up","Subject 2"
"IRX4_434",0.295657490560675,"up","Subject 2"
"CDX1_435",3.03955749056068,"up","Subject 2"
"TLX2_436",1.80835749056068,"up","Subject 2"
"OTX1_437",0,"up","Subject 2"
"DLX2_438",0.966957490560675,"up","Subject 2"
"VAX2_439",0.398057490560675,"up","Subject 2"
"PRRX1_440",1.56225749056068,"up","Subject 2"
"TGIF2_441",1.52155749056068,"up","Subject 2"
"VSX2_442",1.01105749056068,"up","Subject 2"
"NKX23_443",0.476257490560675,"up","Subject 2"
"HOXB8_444",0.337457490560675,"up","Subject 2"
"HOXB5_445",1.06755749056068,"up","Subject 2"
"HOXB7_446",0.662657490560675,"up","Subject 2"
"HOXB3_447",2.33645749056068,"up","Subject 2"
"HOXB1_448",0,"up","Subject 2"
"MSX2_449",0.0317574905606751,"up","Subject 2"
"LHX4_450",0.591957490560675,"up","Subject 2"
"HOXA7_451",0,"up","Subject 2"
"HOXC13_452",6.46485749056068,"up","Subject 2"
"HOXC11_453",1.94225749056068,"up","Subject 2"
"HOXC12_454",3.09495749056068,"up","Subject 2"
"ESX1_455",4.02095749056067,"up","Subject 2"
"BARHL1_456",0.146757490560675,"up","Subject 2"
"NKX24_457",2.79245749056068,"up","Subject 2"
"NKX22_458",1.94155749056068,"up","Subject 2"
"SIX1_459",0,"up","Subject 2"
"HOXD1_460",0.432957490560675,"up","Subject 2"
"HOXD3_461",2.62605749056068,"up","Subject 2"
"HOXD9_462",3.76245749056068,"up","Subject 2"
"HOXD10_463",3.94745749056068,"up","Subject 2"
"HOXD11_464",1.38095749056068,"up","Subject 2"
"HOXD13_465",2.83815749056068,"up","Subject 2"
"MNX1_466",2.70315749056068,"up","Subject 2"
"CDX4_467",3.37715749056068,"up","Subject 2"
"BARX1_468",1.92275749056068,"up","Subject 2"
"LHX1_469",0.898557490560675,"up","Subject 2"
"GSC_470",0,"up","Subject 2"
"MEIS2_471",1.10375749056068,"up","Subject 2"
"RAX_472",2.37815749056068,"up","Subject 2"
"HNF1A_473",4.01805749056067,"up","Subject 2"
"EMX1_474",0,"up","Subject 2"
"NKX28_475",0,"up","Subject 2"
"NKX21_476",0,"up","Subject 2"
"ZFHX2_477",0.455257490560675,"up","Subject 2"
"HLX_478",1.13665749056068,"up","Subject 2"
"LMX1B_479",0.548157490560675,"up","Subject 2"
"SIX3_480",2.31445749056068,"up","Subject 2"
"LBX1_481",0.591357490560675,"up","Subject 2"
"PDX1_482",0,"up","Subject 2"
"ZFHX3_483",1.43435749056068,"up","Subject 2"
"BARHL2_484",0.0798574905606751,"up","Subject 2"
"LHX9_485",0.798157490560675,"up","Subject 2"
"MEIS1_486",0.756057490560675,"up","Subject 2"
"DLX1_487",2.61775749056068,"up","Subject 2"
"HMBOX1_488",0.488757490560675,"up","Subject 2"
"VAX1_489",0.398057490560675,"up","Subject 2"
"VENTX_490",1.85305749056068,"up","Subject 2"
"HHEX_491",0,"up","Subject 2"
"TGIF2LX_492",4.50005749056067,"up","Subject 2"
"ALX3_493",0.998757490560675,"up","Subject 2"
"HOXB13_494",3.79445749056068,"up","Subject 2"
"IRX6_495",0.295657490560675,"up","Subject 2"
"ISL2_496",1.73815749056068,"up","Subject 2"
"PKNOX1_497",0.494057490560675,"up","Subject 2"
"LHX8_498",0,"up","Subject 2"
"LMX1A_499",0.548157490560675,"up","Subject 2"
"EN1_500",0,"up","Subject 2"
"MSX1_501",0.274757490560675,"up","Subject 2"
"NKX61_502",2.30905749056068,"up","Subject 2"
"HESX1_503",1.24295749056068,"up","Subject 2"
"PITX2_504",0,"up","Subject 2"
"TLX3_505",0,"up","Subject 2"
"EN2_506",1.38895749056068,"up","Subject 2"
"UNCX_507",3.43535749056067,"up","Subject 2"
"GBX1_508",0,"up","Subject 2"
"NKX63_509",4.12455749056067,"up","Subject 2"
"ZHX1_510",0.515957490560675,"up","Subject 2"
"HDX_511",0,"up","Subject 2"
"PHOX2A_512",5.37805749056067,"up","Subject 2"
"PKNOX2_513",0,"up","Subject 2"
"CDX2_514",3.75505749056068,"up","Subject 2"
"OTX2_515",0.506257490560675,"up","Subject 2"
"DRGX_516",3.28385749056068,"up","Subject 2"
"NKX31_517",7.58605749056068,"up","Subject 2"
"PBX3_518",0,"up","Subject 2"
"PRRX2_519",0.798157490560675,"up","Subject 2"
"GBX2_520",0,"up","Subject 2"
"SHOX2_521",0.0414574905606752,"up","Subject 2"
"GSX1_522",1.04125749056068,"up","Subject 2"
"HOXD4_523",0.0973574905606752,"up","Subject 2"
"HOXD12_524",3.31455749056067,"up","Subject 2"
"EMX2_525",0,"up","Subject 2"
"IRX1_526",4.23305749056067,"up","Subject 2"
"IRX2_527",3.26895749056068,"up","Subject 2"
"SIX2_528",0,"up","Subject 2"
"HOXB9_529",2.69875749056068,"up","Subject 2"
"OTP_530",1.28855749056068,"up","Subject 2"
"AC0125311_531",6.82345749056068,"up","Subject 2"
"HOXB2_532",1.48305749056068,"up","Subject 2"
"RAX2_533",0.798157490560675,"up","Subject 2"
"EVX2_534",0.173457490560675,"up","Subject 2"
"PROP1_535",1.81475749056068,"up","Subject 2"
"ISX_536",0.798157490560675,"up","Subject 2"
"HOXD8_537",0,"up","Subject 2"
"TGIF2LY_538",4.50005749056067,"up","Subject 2"
"IRX5_539",3.63965749056067,"up","Subject 2"
"SIX5_540",0.285357490560675,"up","Subject 2"
"TGIF1_541",4.38555749056068,"up","Subject 2"
"IRX3_542",4.23305749056067,"up","Subject 2"
"LBX2_543",0.155257490560675,"up","Subject 2"
"NKX26_544",4.21955749056067,"up","Subject 2"
"ALX1_545",5.39955749056067,"up","Subject 2"
"GSX2_546",1.67405749056068,"up","Subject 2"
"HOXC9_547",1.98245749056068,"up","Subject 2"
"HOXC10_548",4.91505749056067,"up","Subject 2"
"HOXB4_549",2.11895749056068,"up","Subject 2"
"NKX25_550",0,"up","Subject 2"
"POU6F1_551",1.53615749056068,"up","Subject 2"
"SIX6_552",0.0734574905606752,"up","Subject 2"
"MIXL1_553",1.10385749056068,"up","Subject 2"
"DBX2_554",0.884757490560675,"up","Subject 2"
"PBX1_555",4.17725749056067,"up","Subject 2"
"SHOX_556",0.798157490560675,"up","Subject 2"
"HMX3_557",3.19075749056067,"up","Subject 2"
"HMX2_558",3.41025749056067,"up","Subject 2"
"BSX_559",0.0317574905606751,"up","Subject 2"
"DMBX1_560",0,"up","Subject 2"
"HOXC6_561",6.04895749056067,"up","Subject 2"
"HOXC5_562",1.24075749056068,"up","Subject 2"
"PBX2_563",2.08075749056068,"up","Subject 2"
"DUXA_564",1.14165749056068,"up","Subject 2"
"DPRX_565",0,"up","Subject 2"
"AL8454643_566",2.08075749056068,"up","Subject 2"
"NOTO_567",0.473457490560675,"up","Subject 2"
"HOMEZ_568",1.15185749056068,"up","Subject 2"
"HMX1_569",2.98335749056068,"up","Subject 2"
"ENSG00000215754_570",1.21335749056068,"up","Subject 2"
"ENSG00000217642_571",1.21335749056068,"up","Subject 2"
"ENSG00000224558_572",1.21335749056068,"up","Subject 2"
"BX2846861_573",2.08075749056068,"up","Subject 2"
"ENSG00000225958_574",1.21335749056068,"up","Subject 2"
"CR8124782_575",2.08075749056068,"up","Subject 2"
"ENSG00000226866_576",1.21335749056068,"up","Subject 2"
"AC2261502_577",0.479457490560675,"up","Subject 2"
"DUX4L5_578",1.21335749056068,"up","Subject 2"
"ENSG00000227522_579",1.21335749056068,"up","Subject 2"
"DUX4L2_580",1.21335749056068,"up","Subject 2"
"DUX4L3_581",1.21335749056068,"up","Subject 2"
"DUX4L6_582",1.21335749056068,"up","Subject 2"
"ENSG00000228710_583",1.21335749056068,"up","Subject 2"
"ENSG00000229544_584",0,"up","Subject 2"
"CT4768282_585",1.21335749056068,"up","Subject 2"
"ENSG00000230380_586",1.21335749056068,"up","Subject 2"
"ENSG00000230776_587",1.21335749056068,"up","Subject 2"
"AL5921702_588",1.21335749056068,"up","Subject 2"
"BX9272396_589",2.08075749056068,"up","Subject 2"
"ENSG00000232923_590",1.21335749056068,"up","Subject 2"
"ENSG00000233294_591",1.21335749056068,"up","Subject 2"
"ENSG00000233361_592",1.21335749056068,"up","Subject 2"
"ENSG00000233698_593",1.21335749056068,"up","Subject 2"
"ENSG00000233794_594",1.21335749056068,"up","Subject 2"
"ENSG00000234254_595",7.95325749056068,"up","Subject 2"
"ENSG00000234550_596",1.21335749056068,"up","Subject 2"
"NKX11_597",0,"up","Subject 2"
"ENSG00000236207_598",1.21335749056068,"up","Subject 2"
"CR9338788_599",2.08075749056068,"up","Subject 2"
"AL6628305_600",2.08075749056068,"up","Subject 2"
"ENSG00000237516_601",1.21335749056068,"up","Subject 2"
"ENSG00000250589_602",1.21335749056068,"up","Subject 2"
"DUX4_603",1.21335749056068,"up","Subject 2"
"PAX6_604",2.91155749056068,"up","Subject 2"
"PAX7_605",0.571057490560675,"up","Subject 2"
"PAX2_606",0,"up","Subject 2"
"PAX4_607",0.560057490560675,"up","Subject 2"
"PAX3_608",0,"up","Subject 2"
"POU2F2_609",13.1357574905607,"up","Subject 2"
"POU1F1_610",5.13575749056067,"up","Subject 2"
"POU4F3_611",7.42685749056067,"up","Subject 2"
"POU6F2_612",1.10685749056068,"up","Subject 2"
"POU2F3_613",7.22695749056068,"up","Subject 2"
"POU2F1_614",6.66745749056067,"up","Subject 2"
"POU4F2_615",8.22035749056067,"up","Subject 2"
"POU4F1_616",7.33925749056067,"up","Subject 2"
"POU3F2_617",2.58175749056068,"up","Subject 2"
"POU3F1_618",0,"up","Subject 2"
"POU3F4_619",8.10475749056067,"up","Subject 2"
"POU3F3_620",10.7885574905607,"up","Subject 2"
"POU5F1_621",6.91065749056067,"up","Subject 2"
"POU5F1B_622",6.41885749056067,"up","Subject 2"
"HSF2_623",0,"up","Subject 2"
"HSF4_624",0,"up","Subject 2"
"HSFY2_625",0,"up","Subject 2"
"HSFY1_626",0,"up","Subject 2"
"HSF1_627",0,"up","Subject 2"
"IRF6_628",0,"up","Subject 2"
"IRF1_629",8.49185749056067,"up","Subject 2"
"IRF3_630",1.32925749056068,"up","Subject 2"
"IRF5_631",3.62835749056068,"up","Subject 2"
"IRF4_632",12.4173574905607,"up","Subject 2"
"IRF8_633",6.28695749056067,"up","Subject 2"
"IRF2_634",2.11885749056068,"up","Subject 2"
"IRF7_635",1.75435749056068,"up","Subject 2"
"IRF9_636",4.19935749056067,"up","Subject 2"
"NAIF1_637",0,"up","Subject 2"
"AC0021266_638",0,"up","Subject 2"
"MEF2A_639",0,"up","Subject 2"
"MEF2C_640",0,"up","Subject 2"
"SRF_641",0,"up","Subject 2"
"MEF2D_642",0,"up","Subject 2"
"MEF2B_643",0,"up","Subject 2"
"MBD2_644",0,"up","Subject 2"
"MECP2_645",0,"up","Subject 2"
"CDC5L_646",6.75715749056068,"up","Subject 2"
"MYBL2_647",0.0269574905606751,"up","Subject 2"
"MYB_648",0,"up","Subject 2"
"TERF2_649",0.406857490560675,"up","Subject 2"
"SMARCC2_650",0,"up","Subject 2"
"SMARCC1_651",7.19595749056067,"up","Subject 2"
"MYPOP_652",0,"up","Subject 2"
"MYBL1_653",0,"up","Subject 2"
"C11orf9_654",0,"up","Subject 2"
"NR1H4_655",0,"up","Subject 2"
"NR1H3_656",1.20025749056068,"up","Subject 2"
"NR2E3_657",0.841957490560675,"up","Subject 2"
"RORA_658",8.89645749056067,"up","Subject 2"
"RARB_659",0,"up","Subject 2"
"PGR_660",0,"up","Subject 2"
"ESR1_661",0,"up","Subject 2"
"HNF4A_662",0,"up","Subject 2"
"VDR_663",0,"up","Subject 2"
"PPARD_664",0,"up","Subject 2"
"NR2E1_665",0,"up","Subject 2"
"NR3C1_666",0.0480574905606751,"up","Subject 2"
"NR5A2_667",0,"up","Subject 2"
"NR4A3_668",1.02745749056068,"up","Subject 2"
"ESRRB_669",0.366957490560675,"up","Subject 2"
"NR2C1_670",0,"up","Subject 2"
"NR4A1_671",2.30125749056068,"up","Subject 2"
"THRA_672",0,"up","Subject 2"
"NR1D1_673",5.33575749056067,"up","Subject 2"
"NR1H2_674",1.20025749056068,"up","Subject 2"
"RARA_675",0.461557490560675,"up","Subject 2"
"PPARG_676",0,"up","Subject 2"
"NR5A1_677",0,"up","Subject 2"
"ESR2_678",0,"up","Subject 2"
"RXRG_679",0,"up","Subject 2"
"NR1I3_680",0,"up","Subject 2"
"RORC_681",2.95245749056068,"up","Subject 2"
"NR1I2_682",0.444657490560675,"up","Subject 2"
"NR6A1_683",0,"up","Subject 2"
"THRB_684",0,"up","Subject 2"
"NR3C2_685",0.324857490560675,"up","Subject 2"
"NR4A2_686",5.95385749056067,"up","Subject 2"
"NR2F6_687",0,"up","Subject 2"
"HNF4G_688",0,"up","Subject 2"
"AR_689",0,"up","Subject 2"
"RARG_690",0,"up","Subject 2"
"ESRRA_691",0.227157490560675,"up","Subject 2"
"NR2F1_692",0,"up","Subject 2"
"NR2C2_693",0,"up","Subject 2"
"NR2F2_694",1.07185749056068,"up","Subject 2"
"RXRA_695",0,"up","Subject 2"
"PPARA_696",1.04705749056068,"up","Subject 2"
"ESRRG_697",1.13025749056068,"up","Subject 2"
"RXRB_698",0,"up","Subject 2"
"AL8445277_699",0,"up","Subject 2"
"AL6628245_700",0,"up","Subject 2"
"CR7597334_701",0,"up","Subject 2"
"CR3545653_702",0,"up","Subject 2"
"CR9368773_703",0,"up","Subject 2"
"TP63_704",0,"up","Subject 2"
"TP73_705",0,"up","Subject 2"
"TP53_706",0,"up","Subject 2"
"PAX8_707",0,"up","Subject 2"
"PAX1_708",0,"up","Subject 2"
"PAX5_709",0,"up","Subject 2"
"PAX9_710",0,"up","Subject 2"
"LCOR_711",1.71375749056068,"up","Subject 2"
"PROX1_712",0,"up","Subject 2"
"NFATC3_713",0,"up","Subject 2"
"NFKB2_714",0,"up","Subject 2"
"NFATC4_715",0,"up","Subject 2"
"NFATC2_716",0,"up","Subject 2"
"NFAT5_717",0,"up","Subject 2"
"RELB_718",0,"up","Subject 2"
"NFKB1_719",0,"up","Subject 2"
"NFATC1_720",0,"up","Subject 2"
"REL_721",0,"up","Subject 2"
"RELA_722",0,"up","Subject 2"
"RFX3_723",0,"up","Subject 2"
"RFX2_724",0,"up","Subject 2"
"RFX4_725",0,"up","Subject 2"
"RFX1_726",0,"up","Subject 2"
"RFX5_727",0,"up","Subject 2"
"RFX7_728",0,"up","Subject 2"
"RFX6_729",0,"up","Subject 2"
"RFX8_730",0,"up","Subject 2"
"RUNX3_731",5.59465749056067,"up","Subject 2"
"RUNX2_732",14.3776574905607,"up","Subject 2"
"RUNX1_733",31.6959574905607,"up","Subject 2"
"ENSG00000250096_734",14.3776574905607,"up","Subject 2"
"GMEB2_735",0,"up","Subject 2"
"AIRE_736",1.67495749056068,"up","Subject 2"
"GMEB1_737",0,"up","Subject 2"
"NFIX_738",0,"up","Subject 2"
"SMAD4_739",0,"up","Subject 2"
"NFIC_740",0.648457490560675,"up","Subject 2"
"NFIB_741",0,"up","Subject 2"
"NFIA_742",0,"up","Subject 2"
"SMAD3_743",0,"up","Subject 2"
"SMAD1_744",0,"up","Subject 2"
"SMAD2_745",0,"up","Subject 2"
"SOX8_746",1.26635749056068,"up","Subject 2"
"SOX30_747",2.91865749056068,"up","Subject 2"
"HMG20B_748",6.55895749056068,"up","Subject 2"
"CIC_749",5.37195749056067,"up","Subject 2"
"TCF7_750",1.74445749056068,"up","Subject 2"
"SOX10_751",5.25175749056068,"up","Subject 2"
"HBP1_752",1.26975749056068,"up","Subject 2"
"BBX_753",1.12815749056068,"up","Subject 2"
"SOX4_754",1.25875749056068,"up","Subject 2"
"SOX21_755",6.49785749056067,"up","Subject 2"
"SOX9_756",0.463557490560675,"up","Subject 2"
"SOX15_757",9.44065749056067,"up","Subject 2"
"SOX5_758",4.24265749056068,"up","Subject 2"
"SOX3_759",3.60455749056067,"up","Subject 2"
"LEF1_760",1.99815749056068,"up","Subject 2"
"SOX13_761",1.59285749056068,"up","Subject 2"
"TCF7L2_762",3.25375749056068,"up","Subject 2"
"TCF7L1_763",2.31085749056068,"up","Subject 2"
"SOX17_764",2.71255749056068,"up","Subject 2"
"SOX14_765",3.45805749056068,"up","Subject 2"
"SOX7_766",5.49425749056067,"up","Subject 2"
"SOX11_767",0.102057490560675,"up","Subject 2"
"SOX12_768",2.12935749056068,"up","Subject 2"
"SOX2_769",5.57565749056067,"up","Subject 2"
"SOX1_770",1.43495749056068,"up","Subject 2"
"SRY_771",6.84515749056068,"up","Subject 2"
"SOX18_772",3.99135749056068,"up","Subject 2"
"STAT1_773",0.231957490560675,"up","Subject 2"
"STAT5A_774",0,"up","Subject 2"
"STAT4_775",0.431257490560675,"up","Subject 2"
"STAT6_776",0.188357490560675,"up","Subject 2"
"STAT3_777",0,"up","Subject 2"
"STAT2_778",5.33655749056067,"up","Subject 2"
"STAT5B_779",0.0674574905606752,"up","Subject 2"
"TBX21_780",0.939357490560675,"up","Subject 2"
"TBX5_781",0,"up","Subject 2"
"TBX15_782",0.872157490560675,"up","Subject 2"
"TBX2_783",0,"up","Subject 2"
"TBX4_784",0,"up","Subject 2"
"TBX3_785",0,"up","Subject 2"
"TBR1_786",1.19985749056068,"up","Subject 2"
"TBX19_787",1.88805749056068,"up","Subject 2"
"EOMES_788",1.84735749056068,"up","Subject 2"
"T_789",1.04915749056068,"up","Subject 2"
"TBX20_790",0,"up","Subject 2"
"TBX10_791",0.409357490560675,"up","Subject 2"
"TBX1_792",0,"up","Subject 2"
"TBP_793",5.26835749056067,"up","Subject 2"
"TBPL2_794",8.44575749056068,"up","Subject 2"
"TEAD3_795",0.00375749056067509,"up","Subject 2"
"TEAD1_796",0,"up","Subject 2"
"TEAD4_797",0,"up","Subject 2"
"THAP1_798",0,"up","Subject 2"
"PRKRIR_799",0,"up","Subject 2"
"NFYC_800",0,"up","Subject 2"
"CBFB_801",11.3776574905607,"up","Subject 2"
"HLTF_802",0.161157490560675,"up","Subject 2"
"ENO1_803",0,"up","Subject 2"
"EP300_804",0,"up","Subject 2"
"NRF1_805",0,"up","Subject 2"
"CEBPZ_806",0,"up","Subject 2"
"NFYB_807",0,"up","Subject 2"
"LMO2_808",0,"up","Subject 2"
"FUBP1_809",1.27945749056068,"up","Subject 2"
"SPZ1_810",0,"up","Subject 2"
"NR0B1_811",0,"up","Subject 2"
"BPTF_812",2.76105749056068,"up","Subject 2"
"PURA_813",0,"up","Subject 2"
"TOPORS_814",0,"up","Subject 2"
"CPEB1_815",6.21155749056067,"up","Subject 2"
"ZBED1_816",0,"up","Subject 2"
"ZNF350_817",0,"up","Subject 2"
"LYL1_818",0,"up","Subject 2"
"SOHLH2_819",0,"up","Subject 2"
"NEUROD4_820",4.74585749056067,"up","Subject 2"
"NEUROD6_821",4.74585749056067,"up","Subject 2"
"TAL2_822",0.531557490560675,"up","Subject 2"
"C13orf38SOHLH2_823",0,"up","Subject 2"
"HIVEP3_824",0,"up","Subject 2"
"BCL11B_825",10.5820574905607,"up","Subject 2"
"KLF10_826",0,"up","Subject 2"
"YBX2_827",0,"up","Subject 2"
"CSDA_828",0,"up","Subject 2"
"FOXN3_829",14.9090574905607,"up","Subject 2"
"FOXD4_830",16.1255574905607,"up","Subject 2"
"FOXD4L1_831",16.1255574905607,"up","Subject 2"
"FOXD4L3_832",15.0908574905607,"up","Subject 2"
"FOXD4L5_833",15.0908574905607,"up","Subject 2"
"FOXD4L6_834",15.0908574905607,"up","Subject 2"
"NANOGP1_835",0,"up","Subject 2"
"AL7735441_836",7.73245749056067,"up","Subject 2"
"CR3882292_837",7.73245749056067,"up","Subject 2"
"AL6628334_838",7.73245749056067,"up","Subject 2"
"CR7598154_839",7.73245749056067,"up","Subject 2"
"BX0885802_840",7.73245749056067,"up","Subject 2"
"NR1D2_841",6.71365749056068,"up","Subject 2"
"MYF5_842",0,"up","Subject 2"
"ASCL1_843",0,"up","Subject 2"
"ATOH1_844",0,"up","Subject 2"
"NFE2L3_845",0.664057490560675,"up","Subject 2"
"KLF2_846",0,"up","Subject 2"
"KLF11_847",0,"up","Subject 2"
"ZFP42_848",0,"up","Subject 2"
"ZNF187_849",0.359257490560675,"up","Subject 2"
"ZFP161_850",0,"up","Subject 2"
"ZNF75C_851",0.332057490560675,"up","Subject 2"
"DMRTC2_852",4.84375749056067,"up","Subject 2"
"FOXJ1_853",16.1255574905607,"up","Subject 2"
"FOXN2_854",14.9090574905607,"up","Subject 2"
"FOXL2_855",14.9090574905607,"up","Subject 2"
"FOXD4L4_856",15.0908574905607,"up","Subject 2"
"FOXD4L2_857",15.0908574905607,"up","Subject 2"
"TFCP2L1_858",0,"up","Subject 2"
"DUX1_859",1.21335749056068,"up","Subject 2"
"DUX3_860",1.21335749056068,"up","Subject 2"
"PBX4_861",2.25695749056068,"up","Subject 2"
"NKX62_862",3.91335749056068,"up","Subject 2"
"HOXA4_863",6.82345749056068,"up","Subject 2"
"CR8477943_864",7.73245749056067,"up","Subject 2"
"RORB_865",6.57955749056068,"up","Subject 2"
"SMAD5_866",0,"up","Subject 2"
"SMAD9_867",0,"up","Subject 2"
"SOX6_868",4.24265749056068,"up","Subject 2"
"TBX18_869",0.872157490560675,"up","Subject 2"
"TBX22_870",0.872157490560675,"up","Subject 2"
"TFAP2B_1",38.7339574905607,"down","Subject 2"
"TFAP2D_2",293.348657490561,"down","Subject 2"
"TFAP2C_3",36.9937574905607,"down","Subject 2"
"TFAP2E_4",19.8507574905607,"down","Subject 2"
"TFAP2A_5",51.4016574905607,"down","Subject 2"
"ARID3A_6",0,"down","Subject 2"
"ARID5B_7",0,"down","Subject 2"
"ARID3B_8",0,"down","Subject 2"
"ARID5A_9",0,"down","Subject 2"
"ARID3C_10",0,"down","Subject 2"
"ARID2_11",6.90825749056067,"down","Subject 2"
"HMGA1_12",0,"down","Subject 2"
"HMGA2_13",0,"down","Subject 2"
"MAX_14",27.5268574905607,"down","Subject 2"
"MLXIPL_15",21.6149574905607,"down","Subject 2"
"ARNTL2_16",26.5788574905607,"down","Subject 2"
"AHRR_17",18.4964574905607,"down","Subject 2"
"TFE3_18",28.5152574905607,"down","Subject 2"
"HES2_19",0.318757490560675,"down","Subject 2"
"MNT_20",9.98045749056067,"down","Subject 2"
"TCF3_21",0,"down","Subject 2"
"SREBF1_22",0,"down","Subject 2"
"TFAP4_23",0.821357490560675,"down","Subject 2"
"HIF1A_24",32.6063574905607,"down","Subject 2"
"TCFL5_25",56.4562574905607,"down","Subject 2"
"USF2_26",38.2858574905607,"down","Subject 2"
"TFEC_27",7.12005749056067,"down","Subject 2"
"AHR_28",18.4964574905607,"down","Subject 2"
"MLX_29",21.6457574905607,"down","Subject 2"
"MYF6_30",0,"down","Subject 2"
"SIM1_31",2.87195749056068,"down","Subject 2"
"TFEB_32",16.8858574905607,"down","Subject 2"
"HAND1_33",0,"down","Subject 2"
"HES1_34",30.8618574905607,"down","Subject 2"
"ID2_35",13.0599574905607,"down","Subject 2"
"EPAS1_36",7.90225749056068,"down","Subject 2"
"MYCL1_37",15.8273574905607,"down","Subject 2"
"ID3_38",0,"down","Subject 2"
"TCF21_39",0,"down","Subject 2"
"MXI1_40",26.0157574905607,"down","Subject 2"
"MYOG_41",1.92305749056068,"down","Subject 2"
"TWIST1_42",0,"down","Subject 2"
"NEUROG3_43",0,"down","Subject 2"
"BHLHE41_44",20.3572574905607,"down","Subject 2"
"BHLHE23_45",0,"down","Subject 2"
"TCF15_46",0,"down","Subject 2"
"ID1_47",13.0599574905607,"down","Subject 2"
"MYOD1_48",0,"down","Subject 2"
"NPAS1_49",2.87195749056068,"down","Subject 2"
"ARNTL_50",27.5191574905607,"down","Subject 2"
"BHLHE40_51",28.9939574905607,"down","Subject 2"
"MYCN_52",14.0995574905607,"down","Subject 2"
"CLOCK_53",0,"down","Subject 2"
"HEY2_54",8.49105749056067,"down","Subject 2"
"MYC_55",34.9404574905607,"down","Subject 2"
"TCF12_56",3.11035749056068,"down","Subject 2"
"ARNT_57",23.2553574905607,"down","Subject 2"
"FERD3L_58",0,"down","Subject 2"
"NPAS3_59",2.87195749056068,"down","Subject 2"
"USF1_60",25.8197574905607,"down","Subject 2"
"SIM2_61",2.87195749056068,"down","Subject 2"
"TAL1_62",0,"down","Subject 2"
"NEUROD1_63",1.18915749056068,"down","Subject 2"
"TCF23_64",0,"down","Subject 2"
"HEYL_65",8.33435749056068,"down","Subject 2"
"HAND2_66",0,"down","Subject 2"
"EBF1_67",13.5529574905607,"down","Subject 2"
"HEY1_68",9.43925749056067,"down","Subject 2"
"MESP1_69",0,"down","Subject 2"
"PTF1A_70",0,"down","Subject 2"
"ATOH8_71",1.83555749056068,"down","Subject 2"
"NPAS2_72",1.38945749056068,"down","Subject 2"
"NEUROD2_73",0,"down","Subject 2"
"NHLH1_74",10.2067574905607,"down","Subject 2"
"ID4_75",0,"down","Subject 2"
"ARNT2_76",57.1724574905607,"down","Subject 2"
"NPAS4_77",0,"down","Subject 2"
"MLXIP_78",0.310457490560675,"down","Subject 2"
"OLIG3_79",0,"down","Subject 2"
"NHLH2_80",0,"down","Subject 2"
"NEUROG2_81",0,"down","Subject 2"
"MSC_82",0,"down","Subject 2"
"HES7_83",0,"down","Subject 2"
"ATOH7_84",0,"down","Subject 2"
"BHLHA15_85",0,"down","Subject 2"
"BHLHE22_86",0,"down","Subject 2"
"NEUROG1_87",0,"down","Subject 2"
"FIGLA_88",0,"down","Subject 2"
"ASCL2_89",0,"down","Subject 2"
"OLIG1_90",0,"down","Subject 2"
"MITF_91",0,"down","Subject 2"
"ENSG00000187728_92",0,"down","Subject 2"
"SCXB_93",0,"down","Subject 2"
"MESP2_94",0,"down","Subject 2"
"HES4_95",53.1863574905607,"down","Subject 2"
"SCXA_96",0,"down","Subject 2"
"TCF4_97",0,"down","Subject 2"
"HES5_98",0,"down","Subject 2"
"SREBF2_99",0,"down","Subject 2"
"OLIG2_100",0,"down","Subject 2"
"TWIST2_101",0,"down","Subject 2"
"ENSG00000250811_102",2.87195749056068,"down","Subject 2"
"MGA_103",0,"down","Subject 2"
"CREB3L3_104",34.2263574905607,"down","Subject 2"
"FOSL2_105",0,"down","Subject 2"
"NFE2L1_106",0,"down","Subject 2"
"CEBPE_107",0,"down","Subject 2"
"CREM_108",14.1643574905607,"down","Subject 2"
"XBP1_109",2.91875749056068,"down","Subject 2"
"DBP_110",0,"down","Subject 2"
"CREB3_111",34.2263574905607,"down","Subject 2"
"HLF_112",0,"down","Subject 2"
"BACH2_113",0,"down","Subject 2"
"ATF2_114",3.90615749056068,"down","Subject 2"
"NFE2L2_115",0,"down","Subject 2"
"ATF6_116",51.8744574905607,"down","Subject 2"
"CREB1_117",57.6124574905607,"down","Subject 2"
"ATF1_118",46.9792574905607,"down","Subject 2"
"NFE2_119",0,"down","Subject 2"
"BATF3_120",7.31595749056068,"down","Subject 2"
"FOSB_121",0,"down","Subject 2"
"ATF4_122",0,"down","Subject 2"
"NRL_123",0,"down","Subject 2"
"JUND_124",0,"down","Subject 2"
"JDP2_125",0,"down","Subject 2"
"CREB3L4_126",34.2263574905607,"down","Subject 2"
"CREB5_127",20.9761574905607,"down","Subject 2"
"CEBPG_128",0,"down","Subject 2"
"BATF_129",0,"down","Subject 2"
"BACH1_130",0,"down","Subject 2"
"CREB3L1_131",4.13635749056068,"down","Subject 2"
"ATF3_132",66.0606574905607,"down","Subject 2"
"NFIL3_133",0,"down","Subject 2"
"TEF_134",0,"down","Subject 2"
"CR7538031_135",11.1602574905607,"down","Subject 2"
"ATF5_136",0,"down","Subject 2"
"FOS_137",0,"down","Subject 2"
"ATF7_138",24.2258574905607,"down","Subject 2"
"JUNB_139",0,"down","Subject 2"
"CEBPB_140",0,"down","Subject 2"
"DDIT3_141",0,"down","Subject 2"
"FOSL1_142",0,"down","Subject 2"
"JUN_143",0,"down","Subject 2"
"MAF_144",0,"down","Subject 2"
"CREB3L2_145",11.4469574905607,"down","Subject 2"
"MAFA_146",5.80785749056068,"down","Subject 2"
"MAFF_147",0,"down","Subject 2"
"MAFG_148",0,"down","Subject 2"
"MAFK_149",0,"down","Subject 2"
"MAFB_150",0,"down","Subject 2"
"ATF6B_151",11.1602574905607,"down","Subject 2"
"CEBPD_152",0,"down","Subject 2"
"CR9257962_153",11.1602574905607,"down","Subject 2"
"AL6628286_154",11.1602574905607,"down","Subject 2"
"CEBPA_155",0,"down","Subject 2"
"ZEB1_157",0,"down","Subject 2"
"ZFX_158",346.167057490561,"down","Subject 2"
"ZNF263_159",220.945357490561,"down","Subject 2"
"HIVEP2_160",14.3287574905607,"down","Subject 2"
"SNAI2_161",5.75375749056067,"down","Subject 2"
"ZIC2_162",4.49035749056068,"down","Subject 2"
"PRDM1_163",0,"down","Subject 2"
"ZNF76_164",7.92845749056067,"down","Subject 2"
"KLF6_165",292.649357490561,"down","Subject 2"
"ZFY_166",145.092657490561,"down","Subject 2"
"GLI2_167",4.57585749056067,"down","Subject 2"
"REST_168",14.0482574905607,"down","Subject 2"
"MECOM_169",0,"down","Subject 2"
"HIVEP1_170",8.26015749056067,"down","Subject 2"
"MZF1_171",13.7839574905607,"down","Subject 2"
"PATZ1_172",170.826857490561,"down","Subject 2"
"YY1_173",49.7510574905607,"down","Subject 2"
"KLF8_174",34.7334574905607,"down","Subject 2"
"KLF5_175",333.595757490561,"down","Subject 2"
"ZNF423_176",2.14525749056068,"down","Subject 2"
"CTCF_177",24.2336574905607,"down","Subject 2"
"MAZ_178",256.981357490561,"down","Subject 2"
"KLF1_179",26.1483574905607,"down","Subject 2"
"SP4_180",273.675257490561,"down","Subject 2"
"ZKSCAN1_181",0,"down","Subject 2"
"GLI3_182",0,"down","Subject 2"
"GLIS3_183",9.24235749056067,"down","Subject 2"
"KLF3_184",0,"down","Subject 2"
"PRDM4_185",0,"down","Subject 2"
"GLI1_186",1.96825749056068,"down","Subject 2"
"BCL6_187",0,"down","Subject 2"
"ZBTB47_188",0,"down","Subject 2"
"KLF7_189",336.942257490561,"down","Subject 2"
"PLAGL1_190",76.0937574905607,"down","Subject 2"
"KLF12_191",0,"down","Subject 2"
"KLF9_192",1.17475749056068,"down","Subject 2"
"ZNF410_193",0,"down","Subject 2"
"BCL11A_194",0,"down","Subject 2"
"EGR1_195",389.968057490561,"down","Subject 2"
"EGR2_196",165.716757490561,"down","Subject 2"
"IKZF4_197",0,"down","Subject 2"
"CTCFL_198",192.348757490561,"down","Subject 2"
"SNAI1_199",2.32935749056068,"down","Subject 2"
"RREB1_200",14.2269574905607,"down","Subject 2"
"GLIS2_201",68.9808574905607,"down","Subject 2"
"ZNF384_202",0,"down","Subject 2"
"ZBTB1_203",55.9385574905607,"down","Subject 2"
"FEZF1_204",0,"down","Subject 2"
"KLF16_205",296.513857490561,"down","Subject 2"
"ZSCAN10_206",2.11585749056068,"down","Subject 2"
"EGR4_207",133.092557490561,"down","Subject 2"
"KLF4_208",243.394657490561,"down","Subject 2"
"ZNF740_209",89.8236574905607,"down","Subject 2"
"ZIC5_210",75.5097574905607,"down","Subject 2"
"PRDM16_211",0,"down","Subject 2"
"OSR1_212",0,"down","Subject 2"
"ZIC1_213",8.98415749056067,"down","Subject 2"
"FEZF2_214",0,"down","Subject 2"
"ZIC3_215",5.49565749056068,"down","Subject 2"
"ZBTB7B_216",39.4273574905607,"down","Subject 2"
"ZNF333_217",0,"down","Subject 2"
"BCL6B_218",0,"down","Subject 2"
"ZNF75A_219",0,"down","Subject 2"
"GFI1_220",0,"down","Subject 2"
"ZNF281_221",55.1278574905607,"down","Subject 2"
"ZNF148_222",341.959457490561,"down","Subject 2"
"KLF15_223",250.436257490561,"down","Subject 2"
"ZNF691_224",0.426757490560675,"down","Subject 2"
"ZNF589_225",6.15405749056067,"down","Subject 2"
"SP8_226",231.727157490561,"down","Subject 2"
"OSR2_227",0,"down","Subject 2"
"GFI1B_228",0,"down","Subject 2"
"ZNF219_229",109.809457490561,"down","Subject 2"
"ZNF202_230",10.5579574905607,"down","Subject 2"
"ZNF143_231",5.81105749056067,"down","Subject 2"
"SP2_232",477.487457490561,"down","Subject 2"
"ZNF232_233",0,"down","Subject 2"
"E4F1_234",57.4119574905607,"down","Subject 2"
"ZBTB49_235",1.82235749056068,"down","Subject 2"
"HIC2_236",0,"down","Subject 2"
"ZNF32_237",0,"down","Subject 2"
"KLF13_238",65.8450574905607,"down","Subject 2"
"ZNF35_239",0,"down","Subject 2"
"ZNF282_240",1.87115749056068,"down","Subject 2"
"SP7_241",231.727157490561,"down","Subject 2"
"SCRT1_242",0,"down","Subject 2"
"ZNF524_243",6.84275749056067,"down","Subject 2"
"ZNF274_244",0,"down","Subject 2"
"HINFP_245",17.3438574905607,"down","Subject 2"
"OVOL1_246",0,"down","Subject 2"
"SP3_247",281.593357490561,"down","Subject 2"
"INSM1_248",50.8833574905607,"down","Subject 2"
"ZBTB4_249",33.1481574905607,"down","Subject 2"
"GLIS1_250",21.0473574905607,"down","Subject 2"
"KLF14_251",248.135057490561,"down","Subject 2"
"ZIC4_252",73.1434574905607,"down","Subject 2"
"ZNF683_253",0,"down","Subject 2"
"HIC1_254",2.99785749056068,"down","Subject 2"
"ZBTB33_255",59.1361574905607,"down","Subject 2"
"ZNF354C_256",0,"down","Subject 2"
"ZNF713_257",0,"down","Subject 2"
"ZBTB7A_258",465.156757490561,"down","Subject 2"
"EGR3_259",67.9605574905607,"down","Subject 2"
"ZNF238_260",0,"down","Subject 2"
"ZBTB42_261",0,"down","Subject 2"
"ZNF784_262",0,"down","Subject 2"
"ZSCAN4_263",0,"down","Subject 2"
"PLAG1_264",98.6934574905607,"down","Subject 2"
"ZBTB7C_265",43.9119574905607,"down","Subject 2"
"WT1_266",463.719957490561,"down","Subject 2"
"SP1_267",438.010157490561,"down","Subject 2"
"SNAI3_268",0,"down","Subject 2"
"ZBTB3_269",0,"down","Subject 2"
"IKZF1_270",0,"down","Subject 2"
"ZBTB6_271",2.47385749056068,"down","Subject 2"
"ZNF75D_272",0,"down","Subject 2"
"ZKSCAN4_273",5.34645749056067,"down","Subject 2"
"MTF1_274",0,"down","Subject 2"
"SP6_275",353.690057490561,"down","Subject 2"
"ZKSCAN3_276",5.34645749056067,"down","Subject 2"
"ZSCAN16_277",0,"down","Subject 2"
"ZNF652_278",0,"down","Subject 2"
"SP5_279",353.690057490561,"down","Subject 2"
"ZBTB12_280",0,"down","Subject 2"
"AL8448538_281",0,"down","Subject 2"
"SCRT2_282",0,"down","Subject 2"
"SP9_283",231.727157490561,"down","Subject 2"
"YY2_284",30.5281574905607,"down","Subject 2"
"CR7597843_285",0,"down","Subject 2"
"CR3882194_286",0,"down","Subject 2"
"AL66283413_287",0,"down","Subject 2"
"NFYA_288",9.98955749056067,"down","Subject 2"
"CENPB_289",15.7368574905607,"down","Subject 2"
"YBX1_290",15.6582574905607,"down","Subject 2"
"RBPJ_291",0,"down","Subject 2"
"CUX2_292",0,"down","Subject 2"
"ONECUT2_293",0,"down","Subject 2"
"CUX1_294",0,"down","Subject 2"
"ONECUT1_295",0,"down","Subject 2"
"ONECUT3_296",0,"down","Subject 2"
"LIN54_297",0,"down","Subject 2"
"CGBP_298",6.20405749056067,"down","Subject 2"
"KDM2B_299",0,"down","Subject 2"
"MLL_300",43.7937574905607,"down","Subject 2"
"DNMT1_301",388.792957490561,"down","Subject 2"
"TET1_302",1.16465749056068,"down","Subject 2"
"CXXC1_303",13.2150574905607,"down","Subject 2"
"DMRT3_304",0,"down","Subject 2"
"DMRT1_305",0,"down","Subject 2"
"DMRTA2_306",0,"down","Subject 2"
"DMRT2_307",0,"down","Subject 2"
"TFDP2_308",56.9025574905607,"down","Subject 2"
"TFDP3_309",56.9025574905607,"down","Subject 2"
"TFDP1_310",56.9025574905607,"down","Subject 2"
"E2F2_311",20.7805574905607,"down","Subject 2"
"E2F1_312",5.85545749056068,"down","Subject 2"
"E2F3_313",0,"down","Subject 2"
"E2F8_314",0,"down","Subject 2"
"E2F5_315",25.9747574905607,"down","Subject 2"
"E2F7_316",0,"down","Subject 2"
"E2F6_317",185.805857490561,"down","Subject 2"
"E2F4_318",183.785957490561,"down","Subject 2"
"BRCA1_319",0,"down","Subject 2"
"ETV1_320",109.682157490561,"down","Subject 2"
"ETV7_321",1.89935749056068,"down","Subject 2"
"SPI1_322",0,"down","Subject 2"
"ELF4_323",54.7855574905607,"down","Subject 2"
"ETV2_324",4.82795749056067,"down","Subject 2"
"ERF_325",43.5930574905607,"down","Subject 2"
"ELF2_326",11.2379574905607,"down","Subject 2"
"ELK3_327",99.4292574905607,"down","Subject 2"
"ETV3_328",72.2439574905607,"down","Subject 2"
"ELF1_329",122.894257490561,"down","Subject 2"
"SPDEF_330",19.5152574905607,"down","Subject 2"
"ELK1_331",117.123857490561,"down","Subject 2"
"ETS1_332",66.2886574905607,"down","Subject 2"
"EHF_333",26.0901574905607,"down","Subject 2"
"ELF5_334",10.7520574905607,"down","Subject 2"
"ETV6_335",62.9373574905607,"down","Subject 2"
"SPIB_336",0,"down","Subject 2"
"FLI1_337",81.4821574905607,"down","Subject 2"
"GABPA_338",124.956857490561,"down","Subject 2"
"ERG_339",45.8260574905607,"down","Subject 2"
"ETS2_340",47.4997574905607,"down","Subject 2"
"ELK4_341",127.158557490561,"down","Subject 2"
"ELF3_342",14.8903574905607,"down","Subject 2"
"FEV_343",65.4463574905607,"down","Subject 2"
"SPIC_344",0,"down","Subject 2"
"ETV4_345",99.6365574905607,"down","Subject 2"
"ENSG00000235187_346",53.2574574905607,"down","Subject 2"
"ETV5_347",116.533157490561,"down","Subject 2"
"FOXP3_348",0,"down","Subject 2"
"FOXC1_349",0,"down","Subject 2"
"FOXJ2_350",0,"down","Subject 2"
"FOXF1_351",0,"down","Subject 2"
"FOXM1_352",0,"down","Subject 2"
"FOXP1_353",0,"down","Subject 2"
"FOXO3_354",0,"down","Subject 2"
"FOXA2_355",0,"down","Subject 2"
"FOXP2_356",0,"down","Subject 2"
"FOXA1_357",0,"down","Subject 2"
"FOXP4_358",0,"down","Subject 2"
"FOXF2_359",0,"down","Subject 2"
"FOXK2_360",0,"down","Subject 2"
"FOXO1_361",0,"down","Subject 2"
"FOXH1_362",0,"down","Subject 2"
"FOXQ1_363",0,"down","Subject 2"
"FOXK1_364",0,"down","Subject 2"
"FOXI1_365",0,"down","Subject 2"
"FOXA3_366",0,"down","Subject 2"
"FOXB1_367",0,"down","Subject 2"
"FOXG1_368",0,"down","Subject 2"
"FOXL1_369",0,"down","Subject 2"
"FOXC2_370",0,"down","Subject 2"
"FOXE1_371",0,"down","Subject 2"
"FOXS1_372",0,"down","Subject 2"
"FOXO4_373",0,"down","Subject 2"
"FOXD2_374",0,"down","Subject 2"
"FOXI2_375",0,"down","Subject 2"
"FOXE3_376",0,"down","Subject 2"
"FOXD3_377",0,"down","Subject 2"
"FOXJ3_378",0,"down","Subject 2"
"FOXO6_379",0,"down","Subject 2"
"FOXB2_380",0,"down","Subject 2"
"KIAA0415_381",0,"down","Subject 2"
"FOXD1_382",0,"down","Subject 2"
"GATA1_383",0,"down","Subject 2"
"GATA3_384",0,"down","Subject 2"
"GATA5_385",0,"down","Subject 2"
"GATA4_386",0,"down","Subject 2"
"GATA6_387",0,"down","Subject 2"
"GATA2_388",0,"down","Subject 2"
"GCM2_389",11.1679574905607,"down","Subject 2"
"GCM1_390",2.03135749056068,"down","Subject 2"
"GRHL1_391",0,"down","Subject 2"
"TFCP2_392",4.17205749056067,"down","Subject 2"
"UBP1_393",0,"down","Subject 2"
"ARX_394",0,"down","Subject 2"
"HOXA11_395",0,"down","Subject 2"
"MEOX1_396",0,"down","Subject 2"
"DLX6_397",0,"down","Subject 2"
"ISL1_398",0,"down","Subject 2"
"HOXC8_399",0,"down","Subject 2"
"BARX2_400",0,"down","Subject 2"
"ALX4_401",0,"down","Subject 2"
"GSC2_402",0,"down","Subject 2"
"DLX3_403",0,"down","Subject 2"
"PITX1_404",0,"down","Subject 2"
"HOXA9_405",0,"down","Subject 2"
"LHX5_406",0,"down","Subject 2"
"SIX4_407",0,"down","Subject 2"
"VSX1_408",0,"down","Subject 2"
"RHOXF1_409",0,"down","Subject 2"
"CRX_410",0,"down","Subject 2"
"MEIS3_411",0,"down","Subject 2"
"DLX5_412",0,"down","Subject 2"
"HOXA1_413",0,"down","Subject 2"
"HOXA2_414",0,"down","Subject 2"
"HOXA3_415",0,"down","Subject 2"
"HOXA5_416",0,"down","Subject 2"
"HOXA6_417",0,"down","Subject 2"
"HOXA13_418",0,"down","Subject 2"
"EVX1_419",0,"down","Subject 2"
"NOBOX_420",0,"down","Subject 2"
"MEOX2_421",0,"down","Subject 2"
"LHX2_422",0,"down","Subject 2"
"LHX6_423",0,"down","Subject 2"
"LHX3_424",0,"down","Subject 2"
"TLX1_425",0.564657490560675,"down","Subject 2"
"PITX3_426",0,"down","Subject 2"
"HOXB6_427",0,"down","Subject 2"
"HNF1B_428",0,"down","Subject 2"
"DLX4_429",0,"down","Subject 2"
"VTN_430",0,"down","Subject 2"
"PHOX2B_431",0,"down","Subject 2"
"NKX32_432",0,"down","Subject 2"
"NANOG_433",0,"down","Subject 2"
"IRX4_434",0,"down","Subject 2"
"CDX1_435",0,"down","Subject 2"
"TLX2_436",0,"down","Subject 2"
"OTX1_437",0,"down","Subject 2"
"DLX2_438",0,"down","Subject 2"
"VAX2_439",0,"down","Subject 2"
"PRRX1_440",0,"down","Subject 2"
"TGIF2_441",0,"down","Subject 2"
"VSX2_442",0,"down","Subject 2"
"NKX23_443",0,"down","Subject 2"
"HOXB8_444",0,"down","Subject 2"
"HOXB5_445",0,"down","Subject 2"
"HOXB7_446",0,"down","Subject 2"
"HOXB3_447",0,"down","Subject 2"
"HOXB1_448",0,"down","Subject 2"
"MSX2_449",0,"down","Subject 2"
"LHX4_450",0,"down","Subject 2"
"HOXA7_451",0,"down","Subject 2"
"HOXC13_452",0,"down","Subject 2"
"HOXC11_453",0,"down","Subject 2"
"HOXC12_454",0,"down","Subject 2"
"ESX1_455",0,"down","Subject 2"
"BARHL1_456",0,"down","Subject 2"
"NKX24_457",0,"down","Subject 2"
"NKX22_458",0,"down","Subject 2"
"SIX1_459",0,"down","Subject 2"
"HOXD1_460",0,"down","Subject 2"
"HOXD3_461",0,"down","Subject 2"
"HOXD9_462",0,"down","Subject 2"
"HOXD10_463",0,"down","Subject 2"
"HOXD11_464",0,"down","Subject 2"
"HOXD13_465",0,"down","Subject 2"
"MNX1_466",0,"down","Subject 2"
"CDX4_467",0,"down","Subject 2"
"BARX1_468",0,"down","Subject 2"
"LHX1_469",0,"down","Subject 2"
"GSC_470",0,"down","Subject 2"
"MEIS2_471",0,"down","Subject 2"
"RAX_472",0,"down","Subject 2"
"HNF1A_473",0,"down","Subject 2"
"EMX1_474",0,"down","Subject 2"
"NKX28_475",0,"down","Subject 2"
"NKX21_476",0,"down","Subject 2"
"ZFHX2_477",0,"down","Subject 2"
"HLX_478",0,"down","Subject 2"
"LMX1B_479",0,"down","Subject 2"
"SIX3_480",0,"down","Subject 2"
"LBX1_481",0,"down","Subject 2"
"PDX1_482",0,"down","Subject 2"
"ZFHX3_483",0,"down","Subject 2"
"BARHL2_484",0,"down","Subject 2"
"LHX9_485",0,"down","Subject 2"
"MEIS1_486",0,"down","Subject 2"
"DLX1_487",0,"down","Subject 2"
"HMBOX1_488",0,"down","Subject 2"
"VAX1_489",0,"down","Subject 2"
"VENTX_490",0,"down","Subject 2"
"HHEX_491",0,"down","Subject 2"
"TGIF2LX_492",0,"down","Subject 2"
"ALX3_493",0,"down","Subject 2"
"HOXB13_494",0,"down","Subject 2"
"IRX6_495",0,"down","Subject 2"
"ISL2_496",0,"down","Subject 2"
"PKNOX1_497",0,"down","Subject 2"
"LHX8_498",0,"down","Subject 2"
"LMX1A_499",0,"down","Subject 2"
"EN1_500",0,"down","Subject 2"
"MSX1_501",0,"down","Subject 2"
"NKX61_502",0,"down","Subject 2"
"HESX1_503",0,"down","Subject 2"
"PITX2_504",0,"down","Subject 2"
"TLX3_505",0.564657490560675,"down","Subject 2"
"EN2_506",0,"down","Subject 2"
"UNCX_507",0,"down","Subject 2"
"GBX1_508",0,"down","Subject 2"
"NKX63_509",0,"down","Subject 2"
"ZHX1_510",0,"down","Subject 2"
"HDX_511",0,"down","Subject 2"
"PHOX2A_512",0,"down","Subject 2"
"PKNOX2_513",0,"down","Subject 2"
"CDX2_514",0,"down","Subject 2"
"OTX2_515",0,"down","Subject 2"
"DRGX_516",0,"down","Subject 2"
"NKX31_517",0,"down","Subject 2"
"PBX3_518",28.9589574905607,"down","Subject 2"
"PRRX2_519",0,"down","Subject 2"
"GBX2_520",0,"down","Subject 2"
"SHOX2_521",0,"down","Subject 2"
"GSX1_522",0,"down","Subject 2"
"HOXD4_523",0,"down","Subject 2"
"HOXD12_524",0,"down","Subject 2"
"EMX2_525",0,"down","Subject 2"
"IRX1_526",0,"down","Subject 2"
"IRX2_527",0,"down","Subject 2"
"SIX2_528",0,"down","Subject 2"
"HOXB9_529",0,"down","Subject 2"
"OTP_530",0,"down","Subject 2"
"AC0125311_531",0,"down","Subject 2"
"HOXB2_532",0,"down","Subject 2"
"RAX2_533",0,"down","Subject 2"
"EVX2_534",0,"down","Subject 2"
"PROP1_535",0,"down","Subject 2"
"ISX_536",0,"down","Subject 2"
"HOXD8_537",0,"down","Subject 2"
"TGIF2LY_538",0,"down","Subject 2"
"IRX5_539",0,"down","Subject 2"
"SIX5_540",0,"down","Subject 2"
"TGIF1_541",0,"down","Subject 2"
"IRX3_542",0,"down","Subject 2"
"LBX2_543",0,"down","Subject 2"
"NKX26_544",0,"down","Subject 2"
"ALX1_545",0,"down","Subject 2"
"GSX2_546",0,"down","Subject 2"
"HOXC9_547",0,"down","Subject 2"
"HOXC10_548",0,"down","Subject 2"
"HOXB4_549",0,"down","Subject 2"
"NKX25_550",0,"down","Subject 2"
"POU6F1_551",0,"down","Subject 2"
"SIX6_552",0,"down","Subject 2"
"MIXL1_553",0,"down","Subject 2"
"DBX2_554",0,"down","Subject 2"
"PBX1_555",0,"down","Subject 2"
"SHOX_556",0,"down","Subject 2"
"HMX3_557",0,"down","Subject 2"
"HMX2_558",0,"down","Subject 2"
"BSX_559",0,"down","Subject 2"
"DMBX1_560",0,"down","Subject 2"
"HOXC6_561",0,"down","Subject 2"
"HOXC5_562",0,"down","Subject 2"
"PBX2_563",0,"down","Subject 2"
"DUXA_564",0,"down","Subject 2"
"DPRX_565",0,"down","Subject 2"
"AL8454643_566",0,"down","Subject 2"
"NOTO_567",0,"down","Subject 2"
"HOMEZ_568",0,"down","Subject 2"
"HMX1_569",0,"down","Subject 2"
"ENSG00000215754_570",0,"down","Subject 2"
"ENSG00000217642_571",0,"down","Subject 2"
"ENSG00000224558_572",0,"down","Subject 2"
"BX2846861_573",0,"down","Subject 2"
"ENSG00000225958_574",0,"down","Subject 2"
"CR8124782_575",0,"down","Subject 2"
"ENSG00000226866_576",0,"down","Subject 2"
"AC2261502_577",0,"down","Subject 2"
"DUX4L5_578",0,"down","Subject 2"
"ENSG00000227522_579",0,"down","Subject 2"
"DUX4L2_580",0,"down","Subject 2"
"DUX4L3_581",0,"down","Subject 2"
"DUX4L6_582",0,"down","Subject 2"
"ENSG00000228710_583",0,"down","Subject 2"
"ENSG00000229544_584",0,"down","Subject 2"
"CT4768282_585",0,"down","Subject 2"
"ENSG00000230380_586",0,"down","Subject 2"
"ENSG00000230776_587",0,"down","Subject 2"
"AL5921702_588",0,"down","Subject 2"
"BX9272396_589",0,"down","Subject 2"
"ENSG00000232923_590",0,"down","Subject 2"
"ENSG00000233294_591",0,"down","Subject 2"
"ENSG00000233361_592",0,"down","Subject 2"
"ENSG00000233698_593",0,"down","Subject 2"
"ENSG00000233794_594",0,"down","Subject 2"
"ENSG00000234254_595",0,"down","Subject 2"
"ENSG00000234550_596",0,"down","Subject 2"
"NKX11_597",0,"down","Subject 2"
"ENSG00000236207_598",0,"down","Subject 2"
"CR9338788_599",0,"down","Subject 2"
"AL6628305_600",0,"down","Subject 2"
"ENSG00000237516_601",0,"down","Subject 2"
"ENSG00000250589_602",0,"down","Subject 2"
"DUX4_603",0,"down","Subject 2"
"PAX6_604",0,"down","Subject 2"
"PAX7_605",0,"down","Subject 2"
"PAX2_606",0,"down","Subject 2"
"PAX4_607",0,"down","Subject 2"
"PAX3_608",7.89925749056068,"down","Subject 2"
"POU2F2_609",0,"down","Subject 2"
"POU1F1_610",0,"down","Subject 2"
"POU4F3_611",0,"down","Subject 2"
"POU6F2_612",0,"down","Subject 2"
"POU2F3_613",0,"down","Subject 2"
"POU2F1_614",0,"down","Subject 2"
"POU4F2_615",0,"down","Subject 2"
"POU4F1_616",0,"down","Subject 2"
"POU3F2_617",0,"down","Subject 2"
"POU3F1_618",0,"down","Subject 2"
"POU3F4_619",0,"down","Subject 2"
"POU3F3_620",0,"down","Subject 2"
"POU5F1_621",0,"down","Subject 2"
"POU5F1B_622",0,"down","Subject 2"
"HSF2_623",0,"down","Subject 2"
"HSF4_624",0,"down","Subject 2"
"HSFY2_625",0,"down","Subject 2"
"HSFY1_626",0,"down","Subject 2"
"HSF1_627",0,"down","Subject 2"
"IRF6_628",3.43445749056068,"down","Subject 2"
"IRF1_629",0,"down","Subject 2"
"IRF3_630",0,"down","Subject 2"
"IRF5_631",0,"down","Subject 2"
"IRF4_632",0,"down","Subject 2"
"IRF8_633",0,"down","Subject 2"
"IRF2_634",0,"down","Subject 2"
"IRF7_635",0,"down","Subject 2"
"IRF9_636",0,"down","Subject 2"
"NAIF1_637",0.0121574905606752,"down","Subject 2"
"AC0021266_638",0,"down","Subject 2"
"MEF2A_639",0,"down","Subject 2"
"MEF2C_640",0,"down","Subject 2"
"SRF_641",0,"down","Subject 2"
"MEF2D_642",0,"down","Subject 2"
"MEF2B_643",0,"down","Subject 2"
"MBD2_644",264.964857490561,"down","Subject 2"
"MECP2_645",184.629457490561,"down","Subject 2"
"CDC5L_646",0,"down","Subject 2"
"MYBL2_647",0,"down","Subject 2"
"MYB_648",0,"down","Subject 2"
"TERF2_649",0,"down","Subject 2"
"SMARCC2_650",20.9427574905607,"down","Subject 2"
"SMARCC1_651",0,"down","Subject 2"
"MYPOP_652",3.51115749056068,"down","Subject 2"
"MYBL1_653",0,"down","Subject 2"
"C11orf9_654",0,"down","Subject 2"
"NR1H4_655",0,"down","Subject 2"
"NR1H3_656",0,"down","Subject 2"
"NR2E3_657",0,"down","Subject 2"
"RORA_658",0,"down","Subject 2"
"RARB_659",0,"down","Subject 2"
"PGR_660",0,"down","Subject 2"
"ESR1_661",4.85665749056067,"down","Subject 2"
"HNF4A_662",0,"down","Subject 2"
"VDR_663",0,"down","Subject 2"
"PPARD_664",0,"down","Subject 2"
"NR2E1_665",0,"down","Subject 2"
"NR3C1_666",0,"down","Subject 2"
"NR5A2_667",0,"down","Subject 2"
"NR4A3_668",0,"down","Subject 2"
"ESRRB_669",0,"down","Subject 2"
"NR2C1_670",0,"down","Subject 2"
"NR4A1_671",0,"down","Subject 2"
"THRA_672",0,"down","Subject 2"
"NR1D1_673",0,"down","Subject 2"
"NR1H2_674",0,"down","Subject 2"
"RARA_675",0,"down","Subject 2"
"PPARG_676",0,"down","Subject 2"
"NR5A1_677",0,"down","Subject 2"
"ESR2_678",0,"down","Subject 2"
"RXRG_679",0,"down","Subject 2"
"NR1I3_680",0,"down","Subject 2"
"RORC_681",0,"down","Subject 2"
"NR1I2_682",0,"down","Subject 2"
"NR6A1_683",0,"down","Subject 2"
"THRB_684",0,"down","Subject 2"
"NR3C2_685",0,"down","Subject 2"
"NR4A2_686",0,"down","Subject 2"
"NR2F6_687",0,"down","Subject 2"
"HNF4G_688",0,"down","Subject 2"
"AR_689",0,"down","Subject 2"
"RARG_690",2.21705749056068,"down","Subject 2"
"ESRRA_691",0,"down","Subject 2"
"NR2F1_692",0,"down","Subject 2"
"NR2C2_693",81.5131574905607,"down","Subject 2"
"NR2F2_694",0,"down","Subject 2"
"RXRA_695",0,"down","Subject 2"
"PPARA_696",0,"down","Subject 2"
"ESRRG_697",0,"down","Subject 2"
"RXRB_698",0,"down","Subject 2"
"AL8445277_699",3.47615749056067,"down","Subject 2"
"AL6628245_700",3.47615749056067,"down","Subject 2"
"CR7597334_701",3.47615749056067,"down","Subject 2"
"CR3545653_702",3.47615749056067,"down","Subject 2"
"CR9368773_703",3.47615749056067,"down","Subject 2"
"TP63_704",0,"down","Subject 2"
"TP73_705",0,"down","Subject 2"
"TP53_706",2.45015749056068,"down","Subject 2"
"PAX8_707",2.06825749056068,"down","Subject 2"
"PAX1_708",3.24545749056068,"down","Subject 2"
"PAX5_709",10.1897574905607,"down","Subject 2"
"PAX9_710",2.32225749056068,"down","Subject 2"
"LCOR_711",0,"down","Subject 2"
"PROX1_712",0.0240574905606751,"down","Subject 2"
"NFATC3_713",0,"down","Subject 2"
"NFKB2_714",20.6862574905607,"down","Subject 2"
"NFATC4_715",0,"down","Subject 2"
"NFATC2_716",0,"down","Subject 2"
"NFAT5_717",0,"down","Subject 2"
"RELB_718",12.2514574905607,"down","Subject 2"
"NFKB1_719",10.4908574905607,"down","Subject 2"
"NFATC1_720",0,"down","Subject 2"
"REL_721",10.3519574905607,"down","Subject 2"
"RELA_722",14.5655574905607,"down","Subject 2"
"RFX3_723",20.1049574905607,"down","Subject 2"
"RFX2_724",24.8373574905607,"down","Subject 2"
"RFX4_725",16.5167574905607,"down","Subject 2"
"RFX1_726",0.477757490560675,"down","Subject 2"
"RFX5_727",6.59495749056067,"down","Subject 2"
"RFX7_728",9.21515749056067,"down","Subject 2"
"RFX6_729",7.22905749056067,"down","Subject 2"
"RFX8_730",8.28745749056067,"down","Subject 2"
"RUNX3_731",0,"down","Subject 2"
"RUNX2_732",0,"down","Subject 2"
"RUNX1_733",0,"down","Subject 2"
"ENSG00000250096_734",0,"down","Subject 2"
"GMEB2_735",0,"down","Subject 2"
"AIRE_736",0,"down","Subject 2"
"GMEB1_737",5.49715749056067,"down","Subject 2"
"NFIX_738",0,"down","Subject 2"
"SMAD4_739",0,"down","Subject 2"
"NFIC_740",0,"down","Subject 2"
"NFIB_741",0,"down","Subject 2"
"NFIA_742",0,"down","Subject 2"
"SMAD3_743",0,"down","Subject 2"
"SMAD1_744",0,"down","Subject 2"
"SMAD2_745",0.602557490560675,"down","Subject 2"
"SOX8_746",0,"down","Subject 2"
"SOX30_747",0,"down","Subject 2"
"HMG20B_748",0,"down","Subject 2"
"CIC_749",0,"down","Subject 2"
"TCF7_750",0,"down","Subject 2"
"SOX10_751",0,"down","Subject 2"
"HBP1_752",0,"down","Subject 2"
"BBX_753",0,"down","Subject 2"
"SOX4_754",0,"down","Subject 2"
"SOX21_755",0,"down","Subject 2"
"SOX9_756",0,"down","Subject 2"
"SOX15_757",0,"down","Subject 2"
"SOX5_758",0,"down","Subject 2"
"SOX3_759",0,"down","Subject 2"
"LEF1_760",0,"down","Subject 2"
"SOX13_761",0,"down","Subject 2"
"TCF7L2_762",0,"down","Subject 2"
"TCF7L1_763",0,"down","Subject 2"
"SOX17_764",0,"down","Subject 2"
"SOX14_765",0,"down","Subject 2"
"SOX7_766",0,"down","Subject 2"
"SOX11_767",0,"down","Subject 2"
"SOX12_768",0,"down","Subject 2"
"SOX2_769",0,"down","Subject 2"
"SOX1_770",0,"down","Subject 2"
"SRY_771",0,"down","Subject 2"
"SOX18_772",0,"down","Subject 2"
"STAT1_773",0,"down","Subject 2"
"STAT5A_774",0,"down","Subject 2"
"STAT4_775",0,"down","Subject 2"
"STAT6_776",0,"down","Subject 2"
"STAT3_777",0,"down","Subject 2"
"STAT2_778",0,"down","Subject 2"
"STAT5B_779",0,"down","Subject 2"
"TBX21_780",0,"down","Subject 2"
"TBX5_781",0,"down","Subject 2"
"TBX15_782",0,"down","Subject 2"
"TBX2_783",0,"down","Subject 2"
"TBX4_784",0,"down","Subject 2"
"TBX3_785",0,"down","Subject 2"
"TBR1_786",0,"down","Subject 2"
"TBX19_787",0,"down","Subject 2"
"EOMES_788",0,"down","Subject 2"
"T_789",0,"down","Subject 2"
"TBX20_790",0,"down","Subject 2"
"TBX10_791",0,"down","Subject 2"
"TBX1_792",0,"down","Subject 2"
"TBP_793",0,"down","Subject 2"
"TBPL2_794",0,"down","Subject 2"
"TEAD3_795",0,"down","Subject 2"
"TEAD1_796",0,"down","Subject 2"
"TEAD4_797",0,"down","Subject 2"
"THAP1_798",1.37365749056068,"down","Subject 2"
"PRKRIR_799",0,"down","Subject 2"
"NFYC_800",19.1641574905607,"down","Subject 2"
"CBFB_801",0,"down","Subject 2"
"HLTF_802",0,"down","Subject 2"
"ENO1_803",1.43825749056068,"down","Subject 2"
"EP300_804",4.70685749056068,"down","Subject 2"
"NRF1_805",141.372657490561,"down","Subject 2"
"CEBPZ_806",8.09155749056067,"down","Subject 2"
"NFYB_807",26.8341574905607,"down","Subject 2"
"LMO2_808",19.4157574905607,"down","Subject 2"
"FUBP1_809",0,"down","Subject 2"
"SPZ1_810",44.6371574905607,"down","Subject 2"
"NR0B1_811",76.4734574905607,"down","Subject 2"
"BPTF_812",0,"down","Subject 2"
"PURA_813",240.069357490561,"down","Subject 2"
"TOPORS_814",0,"down","Subject 2"
"CPEB1_815",0,"down","Subject 2"
"ZBED1_816",5.07225749056068,"down","Subject 2"
"ZNF350_817",39.8514574905607,"down","Subject 2"
"LYL1_818",10.2067574905607,"down","Subject 2"
"SOHLH2_819",26.5409574905607,"down","Subject 2"
"NEUROD4_820",0,"down","Subject 2"
"NEUROD6_821",0,"down","Subject 2"
"TAL2_822",0,"down","Subject 2"
"C13orf38SOHLH2_823",26.5409574905607,"down","Subject 2"
"HIVEP3_824",8.26015749056067,"down","Subject 2"
"BCL11B_825",0,"down","Subject 2"
"KLF10_826",65.8450574905607,"down","Subject 2"
"YBX2_827",0,"down","Subject 2"
"CSDA_828",0,"down","Subject 2"
"FOXN3_829",0,"down","Subject 2"
"FOXD4_830",0,"down","Subject 2"
"FOXD4L1_831",0,"down","Subject 2"
"FOXD4L3_832",0,"down","Subject 2"
"FOXD4L5_833",0,"down","Subject 2"
"FOXD4L6_834",0,"down","Subject 2"
"NANOGP1_835",0,"down","Subject 2"
"AL7735441_836",0,"down","Subject 2"
"CR3882292_837",0,"down","Subject 2"
"AL6628334_838",0,"down","Subject 2"
"CR7598154_839",0,"down","Subject 2"
"BX0885802_840",0,"down","Subject 2"
"NR1D2_841",0,"down","Subject 2"
"MYF5_842",0.701057490560675,"down","Subject 2"
"ASCL1_843",0,"down","Subject 2"
"ATOH1_844",0,"down","Subject 2"
"NFE2L3_845",0,"down","Subject 2"
"KLF2_846",209.330457490561,"down","Subject 2"
"KLF11_847",248.135057490561,"down","Subject 2"
"ZFP42_848",11.8061574905607,"down","Subject 2"
"ZNF187_849",0,"down","Subject 2"
"ZFP161_850",162.636357490561,"down","Subject 2"
"ZNF75C_851",0,"down","Subject 2"
"DMRTC2_852",0,"down","Subject 2"
"FOXJ1_853",0,"down","Subject 2"
"FOXN2_854",0,"down","Subject 2"
"FOXL2_855",0,"down","Subject 2"
"FOXD4L4_856",0,"down","Subject 2"
"FOXD4L2_857",0,"down","Subject 2"
"TFCP2L1_858",11.5416574905607,"down","Subject 2"
"DUX1_859",0,"down","Subject 2"
"DUX3_860",0,"down","Subject 2"
"PBX4_861",0,"down","Subject 2"
"NKX62_862",0,"down","Subject 2"
"HOXA4_863",0,"down","Subject 2"
"CR8477943_864",0,"down","Subject 2"
"RORB_865",0,"down","Subject 2"
"SMAD5_866",374.842657490561,"down","Subject 2"
"SMAD9_867",0,"down","Subject 2"
"SOX6_868",0,"down","Subject 2"
"TBX18_869",0,"down","Subject 2"
"TBX22_870",0,"down","Subject 2"
"TFAP2B_1",0,"up","Subject 3"
"TFAP2D_2",0,"up","Subject 3"
"TFAP2C_3",0,"up","Subject 3"
"TFAP2E_4",0,"up","Subject 3"
"TFAP2A_5",0,"up","Subject 3"
"ARID3A_6",2.66185749056068,"up","Subject 3"
"ARID5B_7",2.55685749056068,"up","Subject 3"
"ARID3B_8",0.183657490560675,"up","Subject 3"
"ARID5A_9",1.71475749056068,"up","Subject 3"
"ARID3C_10",1.56075749056068,"up","Subject 3"
"ARID2_11",0.190857490560675,"up","Subject 3"
"HMGA1_12",0.340357490560675,"up","Subject 3"
"HMGA2_13",0,"up","Subject 3"
"MAX_14",0,"up","Subject 3"
"MLXIPL_15",0,"up","Subject 3"
"ARNTL2_16",0,"up","Subject 3"
"AHRR_17",0,"up","Subject 3"
"TFE3_18",0,"up","Subject 3"
"HES2_19",0,"up","Subject 3"
"MNT_20",0,"up","Subject 3"
"TCF3_21",0,"up","Subject 3"
"SREBF1_22",0,"up","Subject 3"
"TFAP4_23",0,"up","Subject 3"
"HIF1A_24",0,"up","Subject 3"
"TCFL5_25",0,"up","Subject 3"
"USF2_26",0,"up","Subject 3"
"TFEC_27",0,"up","Subject 3"
"AHR_28",0,"up","Subject 3"
"MLX_29",0,"up","Subject 3"
"MYF6_30",0.854957490560675,"up","Subject 3"
"SIM1_31",0,"up","Subject 3"
"TFEB_32",0,"up","Subject 3"
"HAND1_33",0.568457490560675,"up","Subject 3"
"HES1_34",0,"up","Subject 3"
"ID2_35",0,"up","Subject 3"
"EPAS1_36",0,"up","Subject 3"
"MYCL1_37",0,"up","Subject 3"
"ID3_38",0,"up","Subject 3"
"TCF21_39",0,"up","Subject 3"
"MXI1_40",0,"up","Subject 3"
"MYOG_41",0,"up","Subject 3"
"TWIST1_42",0,"up","Subject 3"
"NEUROG3_43",0.183657490560675,"up","Subject 3"
"BHLHE41_44",0,"up","Subject 3"
"BHLHE23_45",0.0153574905606751,"up","Subject 3"
"TCF15_46",0,"up","Subject 3"
"ID1_47",0,"up","Subject 3"
"MYOD1_48",0,"up","Subject 3"
"NPAS1_49",0,"up","Subject 3"
"ARNTL_50",0,"up","Subject 3"
"BHLHE40_51",0,"up","Subject 3"
"MYCN_52",0,"up","Subject 3"
"CLOCK_53",0,"up","Subject 3"
"HEY2_54",0,"up","Subject 3"
"MYC_55",0,"up","Subject 3"
"TCF12_56",0,"up","Subject 3"
"ARNT_57",0,"up","Subject 3"
"FERD3L_58",0,"up","Subject 3"
"NPAS3_59",0,"up","Subject 3"
"USF1_60",0,"up","Subject 3"
"SIM2_61",0,"up","Subject 3"
"TAL1_62",0.292657490560675,"up","Subject 3"
"NEUROD1_63",0,"up","Subject 3"
"TCF23_64",0,"up","Subject 3"
"HEYL_65",0,"up","Subject 3"
"HAND2_66",0.568457490560675,"up","Subject 3"
"EBF1_67",0,"up","Subject 3"
"HEY1_68",0,"up","Subject 3"
"MESP1_69",0,"up","Subject 3"
"PTF1A_70",0,"up","Subject 3"
"ATOH8_71",0,"up","Subject 3"
"NPAS2_72",0,"up","Subject 3"
"NEUROD2_73",0.192057490560675,"up","Subject 3"
"NHLH1_74",0,"up","Subject 3"
"ID4_75",0,"up","Subject 3"
"ARNT2_76",0,"up","Subject 3"
"NPAS4_77",0,"up","Subject 3"
"MLXIP_78",0,"up","Subject 3"
"OLIG3_79",0.0328574905606751,"up","Subject 3"
"NHLH2_80",0.315757490560675,"up","Subject 3"
"NEUROG2_81",0.673457490560675,"up","Subject 3"
"MSC_82",0,"up","Subject 3"
"HES7_83",0,"up","Subject 3"
"ATOH7_84",0.773757490560675,"up","Subject 3"
"BHLHA15_85",0,"up","Subject 3"
"BHLHE22_86",0.370557490560675,"up","Subject 3"
"NEUROG1_87",0,"up","Subject 3"
"FIGLA_88",0,"up","Subject 3"
"ASCL2_89",0.240657490560675,"up","Subject 3"
"OLIG1_90",0,"up","Subject 3"
"MITF_91",0,"up","Subject 3"
"ENSG00000187728_92",0,"up","Subject 3"
"SCXB_93",0,"up","Subject 3"
"MESP2_94",0,"up","Subject 3"
"HES4_95",0,"up","Subject 3"
"SCXA_96",0,"up","Subject 3"
"TCF4_97",0,"up","Subject 3"
"HES5_98",0,"up","Subject 3"
"SREBF2_99",0,"up","Subject 3"
"OLIG2_100",0,"up","Subject 3"
"TWIST2_101",1.03325749056068,"up","Subject 3"
"ENSG00000250811_102",0,"up","Subject 3"
"MGA_103",0,"up","Subject 3"
"CREB3L3_104",0,"up","Subject 3"
"FOSL2_105",6.59695749056067,"up","Subject 3"
"NFE2L1_106",0.0985574905606751,"up","Subject 3"
"CEBPE_107",0,"up","Subject 3"
"CREM_108",0,"up","Subject 3"
"XBP1_109",0,"up","Subject 3"
"DBP_110",0,"up","Subject 3"
"CREB3_111",0,"up","Subject 3"
"HLF_112",0,"up","Subject 3"
"BACH2_113",3.82195749056068,"up","Subject 3"
"ATF2_114",0,"up","Subject 3"
"NFE2L2_115",0,"up","Subject 3"
"ATF6_116",0,"up","Subject 3"
"CREB1_117",0,"up","Subject 3"
"ATF1_118",0,"up","Subject 3"
"NFE2_119",1.77525749056068,"up","Subject 3"
"BATF3_120",0,"up","Subject 3"
"FOSB_121",5.13945749056067,"up","Subject 3"
"ATF4_122",0,"up","Subject 3"
"NRL_123",0.939857490560675,"up","Subject 3"
"JUND_124",4.05285749056068,"up","Subject 3"
"JDP2_125",4.02235749056068,"up","Subject 3"
"CREB3L4_126",0,"up","Subject 3"
"CREB5_127",0,"up","Subject 3"
"CEBPG_128",0,"up","Subject 3"
"BATF_129",2.99605749056068,"up","Subject 3"
"BACH1_130",3.94735749056068,"up","Subject 3"
"CREB3L1_131",0,"up","Subject 3"
"ATF3_132",0,"up","Subject 3"
"NFIL3_133",0.562657490560675,"up","Subject 3"
"TEF_134",0,"up","Subject 3"
"CR7538031_135",0,"up","Subject 3"
"ATF5_136",0,"up","Subject 3"
"FOS_137",6.04475749056067,"up","Subject 3"
"ATF7_138",0,"up","Subject 3"
"JUNB_139",5.92435749056067,"up","Subject 3"
"CEBPB_140",0,"up","Subject 3"
"DDIT3_141",0,"up","Subject 3"
"FOSL1_142",4.35425749056068,"up","Subject 3"
"JUN_143",6.31935749056067,"up","Subject 3"
"MAF_144",0.260057490560675,"up","Subject 3"
"CREB3L2_145",0,"up","Subject 3"
"MAFA_146",0,"up","Subject 3"
"MAFF_147",3.60395749056068,"up","Subject 3"
"MAFG_148",1.40765749056068,"up","Subject 3"
"MAFK_149",2.22255749056068,"up","Subject 3"
"MAFB_150",0.914957490560675,"up","Subject 3"
"ATF6B_151",0,"up","Subject 3"
"CEBPD_152",0,"up","Subject 3"
"CR9257962_153",0,"up","Subject 3"
"AL6628286_154",0,"up","Subject 3"
"CEBPA_155",0,"up","Subject 3"
"ZEB1_157",0,"up","Subject 3"
"ZFX_158",0,"up","Subject 3"
"ZNF263_159",0,"up","Subject 3"
"HIVEP2_160",0,"up","Subject 3"
"SNAI2_161",0,"up","Subject 3"
"ZIC2_162",0,"up","Subject 3"
"PRDM1_163",0.748657490560675,"up","Subject 3"
"ZNF76_164",0,"up","Subject 3"
"KLF6_165",0,"up","Subject 3"
"ZFY_166",0,"up","Subject 3"
"GLI2_167",0,"up","Subject 3"
"REST_168",0,"up","Subject 3"
"MECOM_169",3.38465749056067,"up","Subject 3"
"HIVEP1_170",0,"up","Subject 3"
"MZF1_171",0,"up","Subject 3"
"PATZ1_172",0,"up","Subject 3"
"YY1_173",0,"up","Subject 3"
"KLF8_174",0,"up","Subject 3"
"KLF5_175",0,"up","Subject 3"
"ZNF423_176",0,"up","Subject 3"
"CTCF_177",0,"up","Subject 3"
"MAZ_178",0,"up","Subject 3"
"KLF1_179",0,"up","Subject 3"
"SP4_180",0,"up","Subject 3"
"ZKSCAN1_181",0,"up","Subject 3"
"GLI3_182",0,"up","Subject 3"
"GLIS3_183",0,"up","Subject 3"
"KLF3_184",0.209957490560675,"up","Subject 3"
"PRDM4_185",0,"up","Subject 3"
"GLI1_186",0,"up","Subject 3"
"BCL6_187",0.407057490560675,"up","Subject 3"
"ZBTB47_188",0,"up","Subject 3"
"KLF7_189",0,"up","Subject 3"
"PLAGL1_190",0,"up","Subject 3"
"KLF12_191",0,"up","Subject 3"
"KLF9_192",0.0572574905606752,"up","Subject 3"
"ZNF410_193",0.131357490560675,"up","Subject 3"
"BCL11A_194",8.28245749056068,"up","Subject 3"
"EGR1_195",0,"up","Subject 3"
"EGR2_196",0,"up","Subject 3"
"IKZF4_197",0,"up","Subject 3"
"CTCFL_198",0,"up","Subject 3"
"SNAI1_199",0,"up","Subject 3"
"RREB1_200",0,"up","Subject 3"
"GLIS2_201",0,"up","Subject 3"
"ZNF384_202",0,"up","Subject 3"
"ZBTB1_203",0,"up","Subject 3"
"FEZF1_204",0.480957490560675,"up","Subject 3"
"KLF16_205",0,"up","Subject 3"
"ZSCAN10_206",0,"up","Subject 3"
"EGR4_207",0,"up","Subject 3"
"KLF4_208",0,"up","Subject 3"
"ZNF740_209",0,"up","Subject 3"
"ZIC5_210",0,"up","Subject 3"
"PRDM16_211",3.61405749056068,"up","Subject 3"
"OSR1_212",0,"up","Subject 3"
"ZIC1_213",0,"up","Subject 3"
"FEZF2_214",0.480957490560675,"up","Subject 3"
"ZIC3_215",0,"up","Subject 3"
"ZBTB7B_216",0,"up","Subject 3"
"ZNF333_217",2.51885749056068,"up","Subject 3"
"BCL6B_218",0.570757490560675,"up","Subject 3"
"ZNF75A_219",0,"up","Subject 3"
"GFI1_220",0,"up","Subject 3"
"ZNF281_221",0,"up","Subject 3"
"ZNF148_222",0,"up","Subject 3"
"KLF15_223",0,"up","Subject 3"
"ZNF691_224",0,"up","Subject 3"
"ZNF589_225",0,"up","Subject 3"
"SP8_226",0,"up","Subject 3"
"OSR2_227",0,"up","Subject 3"
"GFI1B_228",0,"up","Subject 3"
"ZNF219_229",0,"up","Subject 3"
"ZNF202_230",0,"up","Subject 3"
"ZNF143_231",0,"up","Subject 3"
"SP2_232",0,"up","Subject 3"
"ZNF232_233",0,"up","Subject 3"
"E4F1_234",0,"up","Subject 3"
"ZBTB49_235",0,"up","Subject 3"
"HIC2_236",0,"up","Subject 3"
"ZNF32_237",0.412157490560675,"up","Subject 3"
"KLF13_238",0,"up","Subject 3"
"ZNF35_239",5.42425749056067,"up","Subject 3"
"ZNF282_240",0,"up","Subject 3"
"SP7_241",0,"up","Subject 3"
"SCRT1_242",0,"up","Subject 3"
"ZNF524_243",0,"up","Subject 3"
"ZNF274_244",0.223757490560675,"up","Subject 3"
"HINFP_245",0,"up","Subject 3"
"OVOL1_246",0.371957490560675,"up","Subject 3"
"SP3_247",0,"up","Subject 3"
"INSM1_248",0,"up","Subject 3"
"ZBTB4_249",0,"up","Subject 3"
"GLIS1_250",0,"up","Subject 3"
"KLF14_251",0,"up","Subject 3"
"ZIC4_252",0,"up","Subject 3"
"ZNF683_253",1.18945749056068,"up","Subject 3"
"HIC1_254",0,"up","Subject 3"
"ZBTB33_255",0,"up","Subject 3"
"ZNF354C_256",0,"up","Subject 3"
"ZNF713_257",1.81735749056068,"up","Subject 3"
"ZBTB7A_258",0,"up","Subject 3"
"EGR3_259",0,"up","Subject 3"
"ZNF238_260",0,"up","Subject 3"
"ZBTB42_261",0,"up","Subject 3"
"ZNF784_262",0,"up","Subject 3"
"ZSCAN4_263",4.55605749056067,"up","Subject 3"
"PLAG1_264",0,"up","Subject 3"
"ZBTB7C_265",0,"up","Subject 3"
"WT1_266",0,"up","Subject 3"
"SP1_267",0,"up","Subject 3"
"SNAI3_268",5.98025749056067,"up","Subject 3"
"ZBTB3_269",0,"up","Subject 3"
"IKZF1_270",0,"up","Subject 3"
"ZBTB6_271",0,"up","Subject 3"
"ZNF75D_272",0,"up","Subject 3"
"ZKSCAN4_273",0,"up","Subject 3"
"MTF1_274",0,"up","Subject 3"
"SP6_275",0,"up","Subject 3"
"ZKSCAN3_276",0,"up","Subject 3"
"ZSCAN16_277",2.61915749056068,"up","Subject 3"
"ZNF652_278",0,"up","Subject 3"
"SP5_279",0,"up","Subject 3"
"ZBTB12_280",0,"up","Subject 3"
"AL8448538_281",0,"up","Subject 3"
"SCRT2_282",0,"up","Subject 3"
"SP9_283",0,"up","Subject 3"
"YY2_284",0,"up","Subject 3"
"CR7597843_285",0,"up","Subject 3"
"CR3882194_286",0,"up","Subject 3"
"AL66283413_287",0,"up","Subject 3"
"NFYA_288",0,"up","Subject 3"
"CENPB_289",0,"up","Subject 3"
"YBX1_290",0,"up","Subject 3"
"RBPJ_291",0,"up","Subject 3"
"CUX2_292",1.63985749056068,"up","Subject 3"
"ONECUT2_293",0,"up","Subject 3"
"CUX1_294",0,"up","Subject 3"
"ONECUT1_295",0,"up","Subject 3"
"ONECUT3_296",2.29565749056068,"up","Subject 3"
"LIN54_297",3.39805749056067,"up","Subject 3"
"CGBP_298",0,"up","Subject 3"
"KDM2B_299",0,"up","Subject 3"
"MLL_300",0,"up","Subject 3"
"DNMT1_301",0,"up","Subject 3"
"TET1_302",0,"up","Subject 3"
"CXXC1_303",0,"up","Subject 3"
"DMRT3_304",1.06865749056068,"up","Subject 3"
"DMRT1_305",0.204357490560675,"up","Subject 3"
"DMRTA2_306",1.67995749056068,"up","Subject 3"
"DMRT2_307",5.41355749056067,"up","Subject 3"
"TFDP2_308",0,"up","Subject 3"
"TFDP3_309",0,"up","Subject 3"
"TFDP1_310",0,"up","Subject 3"
"E2F2_311",0,"up","Subject 3"
"E2F1_312",0,"up","Subject 3"
"E2F3_313",0,"up","Subject 3"
"E2F8_314",0,"up","Subject 3"
"E2F5_315",0,"up","Subject 3"
"E2F7_316",0,"up","Subject 3"
"E2F6_317",0,"up","Subject 3"
"E2F4_318",0,"up","Subject 3"
"BRCA1_319",1.50935749056068,"up","Subject 3"
"ETV1_320",0,"up","Subject 3"
"ETV7_321",8.25165749056067,"up","Subject 3"
"SPI1_322",9.94985749056067,"up","Subject 3"
"ELF4_323",0.804257490560675,"up","Subject 3"
"ETV2_324",14.4691574905607,"up","Subject 3"
"ERF_325",5.76345749056067,"up","Subject 3"
"ELF2_326",11.2555574905607,"up","Subject 3"
"ELK3_327",0,"up","Subject 3"
"ETV3_328",0,"up","Subject 3"
"ELF1_329",0.411957490560675,"up","Subject 3"
"SPDEF_330",0.281857490560675,"up","Subject 3"
"ELK1_331",0,"up","Subject 3"
"ETS1_332",0.778157490560675,"up","Subject 3"
"EHF_333",4.01875749056067,"up","Subject 3"
"ELF5_334",12.7708574905607,"up","Subject 3"
"ETV6_335",0,"up","Subject 3"
"SPIB_336",10.9001574905607,"up","Subject 3"
"FLI1_337",0.802157490560675,"up","Subject 3"
"GABPA_338",0.354257490560675,"up","Subject 3"
"ERG_339",4.76055749056068,"up","Subject 3"
"ETS2_340",1.27065749056068,"up","Subject 3"
"ELK4_341",1.40295749056068,"up","Subject 3"
"ELF3_342",2.64325749056068,"up","Subject 3"
"FEV_343",1.44695749056068,"up","Subject 3"
"SPIC_344",6.49255749056067,"up","Subject 3"
"ETV4_345",0,"up","Subject 3"
"ENSG00000235187_346",5.27305749056067,"up","Subject 3"
"ETV5_347",0,"up","Subject 3"
"FOXP3_348",7.88605749056067,"up","Subject 3"
"FOXC1_349",2.60555749056068,"up","Subject 3"
"FOXJ2_350",6.29145749056068,"up","Subject 3"
"FOXF1_351",3.82055749056068,"up","Subject 3"
"FOXM1_352",4.85675749056067,"up","Subject 3"
"FOXP1_353",8.37145749056067,"up","Subject 3"
"FOXO3_354",7.02015749056067,"up","Subject 3"
"FOXA2_355",5.35405749056067,"up","Subject 3"
"FOXP2_356",10.4024574905607,"up","Subject 3"
"FOXA1_357",8.41565749056067,"up","Subject 3"
"FOXP4_358",8.37145749056067,"up","Subject 3"
"FOXF2_359",3.39915749056067,"up","Subject 3"
"FOXK2_360",6.75115749056067,"up","Subject 3"
"FOXO1_361",8.37145749056067,"up","Subject 3"
"FOXH1_362",2.95955749056068,"up","Subject 3"
"FOXQ1_363",6.51755749056067,"up","Subject 3"
"FOXK1_364",11.7972574905607,"up","Subject 3"
"FOXI1_365",4.92195749056067,"up","Subject 3"
"FOXA3_366",4.01165749056068,"up","Subject 3"
"FOXB1_367",4.10965749056068,"up","Subject 3"
"FOXG1_368",8.37145749056067,"up","Subject 3"
"FOXL1_369",0.960857490560675,"up","Subject 3"
"FOXC2_370",0.745457490560675,"up","Subject 3"
"FOXE1_371",2.85575749056068,"up","Subject 3"
"FOXS1_372",6.43435749056068,"up","Subject 3"
"FOXO4_373",5.65985749056067,"up","Subject 3"
"FOXD2_374",3.18125749056068,"up","Subject 3"
"FOXI2_375",5.45395749056067,"up","Subject 3"
"FOXE3_376",7.02015749056067,"up","Subject 3"
"FOXD3_377",3.85795749056068,"up","Subject 3"
"FOXJ3_378",7.28235749056067,"up","Subject 3"
"FOXO6_379",1.73515749056068,"up","Subject 3"
"FOXB2_380",5.40555749056067,"up","Subject 3"
"KIAA0415_381",11.7972574905607,"up","Subject 3"
"FOXD1_382",7.02015749056067,"up","Subject 3"
"GATA1_383",0.500757490560675,"up","Subject 3"
"GATA3_384",2.81375749056068,"up","Subject 3"
"GATA5_385",4.24295749056067,"up","Subject 3"
"GATA4_386",1.83915749056068,"up","Subject 3"
"GATA6_387",3.16165749056068,"up","Subject 3"
"GATA2_388",1.59605749056068,"up","Subject 3"
"GCM2_389",0,"up","Subject 3"
"GCM1_390",0,"up","Subject 3"
"GRHL1_391",0,"up","Subject 3"
"TFCP2_392",0,"up","Subject 3"
"UBP1_393",0,"up","Subject 3"
"ARX_394",0,"up","Subject 3"
"HOXA11_395",1.60005749056068,"up","Subject 3"
"MEOX1_396",2.35995749056068,"up","Subject 3"
"DLX6_397",0,"up","Subject 3"
"ISL1_398",0.250957490560675,"up","Subject 3"
"HOXC8_399",0,"up","Subject 3"
"BARX2_400",0.062757490560675,"up","Subject 3"
"ALX4_401",0.111057490560675,"up","Subject 3"
"GSC2_402",0,"up","Subject 3"
"DLX3_403",0,"up","Subject 3"
"PITX1_404",0,"up","Subject 3"
"HOXA9_405",0.0495574905606752,"up","Subject 3"
"LHX5_406",0,"up","Subject 3"
"SIX4_407",0,"up","Subject 3"
"VSX1_408",0.601757490560675,"up","Subject 3"
"RHOXF1_409",0,"up","Subject 3"
"CRX_410",0,"up","Subject 3"
"MEIS3_411",1.35455749056068,"up","Subject 3"
"DLX5_412",1.25265749056068,"up","Subject 3"
"HOXA1_413",1.02415749056067,"up","Subject 3"
"HOXA2_414",0.576757490560675,"up","Subject 3"
"HOXA3_415",0,"up","Subject 3"
"HOXA5_416",0,"up","Subject 3"
"HOXA6_417",1.11695749056068,"up","Subject 3"
"HOXA13_418",2.11805749056068,"up","Subject 3"
"EVX1_419",1.82965749056068,"up","Subject 3"
"NOBOX_420",0.937457490560675,"up","Subject 3"
"MEOX2_421",1.51465749056068,"up","Subject 3"
"LHX2_422",0.644457490560675,"up","Subject 3"
"LHX6_423",0.986557490560675,"up","Subject 3"
"LHX3_424",0.200857490560675,"up","Subject 3"
"TLX1_425",0,"up","Subject 3"
"PITX3_426",0,"up","Subject 3"
"HOXB6_427",1.38705749056068,"up","Subject 3"
"HNF1B_428",0.395257490560675,"up","Subject 3"
"DLX4_429",0,"up","Subject 3"
"VTN_430",0,"up","Subject 3"
"PHOX2B_431",1.10245749056068,"up","Subject 3"
"NKX32_432",0.274957490560675,"up","Subject 3"
"NANOG_433",0.107257490560675,"up","Subject 3"
"IRX4_434",0,"up","Subject 3"
"CDX1_435",2.24495749056068,"up","Subject 3"
"TLX2_436",0.263957490560675,"up","Subject 3"
"OTX1_437",0,"up","Subject 3"
"DLX2_438",0,"up","Subject 3"
"VAX2_439",1.38575749056068,"up","Subject 3"
"PRRX1_440",0.305857490560675,"up","Subject 3"
"TGIF2_441",0,"up","Subject 3"
"VSX2_442",2.25545749056068,"up","Subject 3"
"NKX23_443",1.48235749056068,"up","Subject 3"
"HOXB8_444",0,"up","Subject 3"
"HOXB5_445",0,"up","Subject 3"
"HOXB7_446",0.232157490560675,"up","Subject 3"
"HOXB3_447",1.07965749056068,"up","Subject 3"
"HOXB1_448",0,"up","Subject 3"
"MSX2_449",0,"up","Subject 3"
"LHX4_450",1.98265749056068,"up","Subject 3"
"HOXA7_451",0,"up","Subject 3"
"HOXC13_452",4.73075749056067,"up","Subject 3"
"HOXC11_453",0,"up","Subject 3"
"HOXC12_454",3.71375749056068,"up","Subject 3"
"ESX1_455",2.71605749056068,"up","Subject 3"
"BARHL1_456",1.55455749056068,"up","Subject 3"
"NKX24_457",5.05625749056068,"up","Subject 3"
"NKX22_458",1.72435749056068,"up","Subject 3"
"SIX1_459",0,"up","Subject 3"
"HOXD1_460",0.788557490560675,"up","Subject 3"
"HOXD3_461",0.459257490560675,"up","Subject 3"
"HOXD9_462",3.95275749056068,"up","Subject 3"
"HOXD10_463",3.73195749056068,"up","Subject 3"
"HOXD11_464",0,"up","Subject 3"
"HOXD13_465",2.10365749056068,"up","Subject 3"
"MNX1_466",0.566657490560675,"up","Subject 3"
"CDX4_467",0.567057490560675,"up","Subject 3"
"BARX1_468",0.222657490560675,"up","Subject 3"
"LHX1_469",0,"up","Subject 3"
"GSC_470",0,"up","Subject 3"
"MEIS2_471",0.465657490560675,"up","Subject 3"
"RAX_472",0.228257490560675,"up","Subject 3"
"HNF1A_473",0.844157490560675,"up","Subject 3"
"EMX1_474",0,"up","Subject 3"
"NKX28_475",0.284757490560675,"up","Subject 3"
"NKX21_476",0.266057490560675,"up","Subject 3"
"ZFHX2_477",0,"up","Subject 3"
"HLX_478",0,"up","Subject 3"
"LMX1B_479",0,"up","Subject 3"
"SIX3_480",0,"up","Subject 3"
"LBX1_481",1.73375749056068,"up","Subject 3"
"PDX1_482",0.807557490560675,"up","Subject 3"
"ZFHX3_483",1.75775749056068,"up","Subject 3"
"BARHL2_484",0.0867574905606751,"up","Subject 3"
"LHX9_485",0,"up","Subject 3"
"MEIS1_486",0.433357490560675,"up","Subject 3"
"DLX1_487",1.15825749056068,"up","Subject 3"
"HMBOX1_488",0,"up","Subject 3"
"VAX1_489",1.38575749056068,"up","Subject 3"
"VENTX_490",0.115157490560675,"up","Subject 3"
"HHEX_491",0,"up","Subject 3"
"TGIF2LX_492",2.95795749056068,"up","Subject 3"
"ALX3_493",1.29815749056068,"up","Subject 3"
"HOXB13_494",1.69345749056068,"up","Subject 3"
"IRX6_495",0,"up","Subject 3"
"ISL2_496",1.45475749056068,"up","Subject 3"
"PKNOX1_497",0,"up","Subject 3"
"LHX8_498",0,"up","Subject 3"
"LMX1A_499",0,"up","Subject 3"
"EN1_500",0.00185749056067508,"up","Subject 3"
"MSX1_501",0.701157490560675,"up","Subject 3"
"NKX61_502",0.985657490560675,"up","Subject 3"
"HESX1_503",0.201157490560675,"up","Subject 3"
"PITX2_504",0,"up","Subject 3"
"TLX3_505",0,"up","Subject 3"
"EN2_506",0.239957490560675,"up","Subject 3"
"UNCX_507",1.58985749056068,"up","Subject 3"
"GBX1_508",0.295757490560675,"up","Subject 3"
"NKX63_509",2.11245749056068,"up","Subject 3"
"ZHX1_510",0,"up","Subject 3"
"HDX_511",1.83215749056068,"up","Subject 3"
"PHOX2A_512",1.15875749056068,"up","Subject 3"
"PKNOX2_513",0,"up","Subject 3"
"CDX2_514",1.69555749056068,"up","Subject 3"
"OTX2_515",0,"up","Subject 3"
"DRGX_516",1.61525749056068,"up","Subject 3"
"NKX31_517",2.21275749056068,"up","Subject 3"
"PBX3_518",0,"up","Subject 3"
"PRRX2_519",0,"up","Subject 3"
"GBX2_520",1.40015749056068,"up","Subject 3"
"SHOX2_521",0,"up","Subject 3"
"GSX1_522",0.572857490560675,"up","Subject 3"
"HOXD4_523",1.18495749056068,"up","Subject 3"
"HOXD12_524",3.12455749056068,"up","Subject 3"
"EMX2_525",0.584557490560675,"up","Subject 3"
"IRX1_526",1.75555749056068,"up","Subject 3"
"IRX2_527",1.93125749056068,"up","Subject 3"
"SIX2_528",0,"up","Subject 3"
"HOXB9_529",1.21425749056068,"up","Subject 3"
"OTP_530",0.313557490560675,"up","Subject 3"
"AC0125311_531",2.61885749056068,"up","Subject 3"
"HOXB2_532",1.00815749056067,"up","Subject 3"
"RAX2_533",0,"up","Subject 3"
"EVX2_534",0.821357490560675,"up","Subject 3"
"PROP1_535",1.19985749056068,"up","Subject 3"
"ISX_536",0,"up","Subject 3"
"HOXD8_537",0,"up","Subject 3"
"TGIF2LY_538",2.95795749056068,"up","Subject 3"
"IRX5_539",1.45595749056068,"up","Subject 3"
"SIX5_540",1.13985749056068,"up","Subject 3"
"TGIF1_541",4.73585749056067,"up","Subject 3"
"IRX3_542",1.75555749056068,"up","Subject 3"
"LBX2_543",0.356757490560675,"up","Subject 3"
"NKX26_544",5.27895749056067,"up","Subject 3"
"ALX1_545",1.93995749056068,"up","Subject 3"
"GSX2_546",1.28465749056068,"up","Subject 3"
"HOXC9_547",2.76625749056068,"up","Subject 3"
"HOXC10_548",2.84245749056068,"up","Subject 3"
"HOXB4_549",0.0819574905606751,"up","Subject 3"
"NKX25_550",0,"up","Subject 3"
"POU6F1_551",1.80935749056068,"up","Subject 3"
"SIX6_552",0,"up","Subject 3"
"MIXL1_553",0,"up","Subject 3"
"DBX2_554",0.905457490560675,"up","Subject 3"
"PBX1_555",2.11895749056068,"up","Subject 3"
"SHOX_556",0,"up","Subject 3"
"HMX3_557",0.667357490560675,"up","Subject 3"
"HMX2_558",2.40935749056068,"up","Subject 3"
"BSX_559",0,"up","Subject 3"
"DMBX1_560",0,"up","Subject 3"
"HOXC6_561",2.98205749056068,"up","Subject 3"
"HOXC5_562",0,"up","Subject 3"
"PBX2_563",1.86625749056068,"up","Subject 3"
"DUXA_564",2.03405749056068,"up","Subject 3"
"DPRX_565",0,"up","Subject 3"
"AL8454643_566",1.86625749056068,"up","Subject 3"
"NOTO_567",0.404757490560675,"up","Subject 3"
"HOMEZ_568",0,"up","Subject 3"
"HMX1_569",2.46285749056068,"up","Subject 3"
"ENSG00000215754_570",3.88475749056068,"up","Subject 3"
"ENSG00000217642_571",3.88475749056068,"up","Subject 3"
"ENSG00000224558_572",3.88475749056068,"up","Subject 3"
"BX2846861_573",1.86625749056068,"up","Subject 3"
"ENSG00000225958_574",3.88475749056068,"up","Subject 3"
"CR8124782_575",1.86625749056068,"up","Subject 3"
"ENSG00000226866_576",3.88475749056068,"up","Subject 3"
"AC2261502_577",3.43115749056067,"up","Subject 3"
"DUX4L5_578",3.88475749056068,"up","Subject 3"
"ENSG00000227522_579",3.88475749056068,"up","Subject 3"
"DUX4L2_580",3.88475749056068,"up","Subject 3"
"DUX4L3_581",3.88475749056068,"up","Subject 3"
"DUX4L6_582",3.88475749056068,"up","Subject 3"
"ENSG00000228710_583",3.88475749056068,"up","Subject 3"
"ENSG00000229544_584",0,"up","Subject 3"
"CT4768282_585",3.88475749056068,"up","Subject 3"
"ENSG00000230380_586",3.88475749056068,"up","Subject 3"
"ENSG00000230776_587",3.88475749056068,"up","Subject 3"
"AL5921702_588",3.88475749056068,"up","Subject 3"
"BX9272396_589",1.86625749056068,"up","Subject 3"
"ENSG00000232923_590",3.88475749056068,"up","Subject 3"
"ENSG00000233294_591",3.88475749056068,"up","Subject 3"
"ENSG00000233361_592",3.88475749056068,"up","Subject 3"
"ENSG00000233698_593",3.88475749056068,"up","Subject 3"
"ENSG00000233794_594",3.88475749056068,"up","Subject 3"
"ENSG00000234254_595",5.18125749056068,"up","Subject 3"
"ENSG00000234550_596",3.88475749056068,"up","Subject 3"
"NKX11_597",0.993657490560675,"up","Subject 3"
"ENSG00000236207_598",3.88475749056068,"up","Subject 3"
"CR9338788_599",1.86625749056068,"up","Subject 3"
"AL6628305_600",1.86625749056068,"up","Subject 3"
"ENSG00000237516_601",3.88475749056068,"up","Subject 3"
"ENSG00000250589_602",3.88475749056068,"up","Subject 3"
"DUX4_603",3.88475749056068,"up","Subject 3"
"PAX6_604",0.665357490560675,"up","Subject 3"
"PAX7_605",0.0192574905606752,"up","Subject 3"
"PAX2_606",0.110257490560675,"up","Subject 3"
"PAX4_607",0.536657490560675,"up","Subject 3"
"PAX3_608",0,"up","Subject 3"
"POU2F2_609",2.27595749056068,"up","Subject 3"
"POU1F1_610",4.22195749056067,"up","Subject 3"
"POU4F3_611",3.41275749056068,"up","Subject 3"
"POU6F2_612",1.68125749056068,"up","Subject 3"
"POU2F3_613",1.89405749056068,"up","Subject 3"
"POU2F1_614",0.159557490560675,"up","Subject 3"
"POU4F2_615",4.20875749056068,"up","Subject 3"
"POU4F1_616",4.37005749056067,"up","Subject 3"
"POU3F2_617",3.38475749056068,"up","Subject 3"
"POU3F1_618",1.70635749056068,"up","Subject 3"
"POU3F4_619",0.936757490560675,"up","Subject 3"
"POU3F3_620",2.09295749056068,"up","Subject 3"
"POU5F1_621",5.59705749056068,"up","Subject 3"
"POU5F1B_622",2.62745749056068,"up","Subject 3"
"HSF2_623",0,"up","Subject 3"
"HSF4_624",0,"up","Subject 3"
"HSFY2_625",0,"up","Subject 3"
"HSFY1_626",0,"up","Subject 3"
"HSF1_627",0,"up","Subject 3"
"IRF6_628",0,"up","Subject 3"
"IRF1_629",1.52665749056068,"up","Subject 3"
"IRF3_630",0.302057490560675,"up","Subject 3"
"IRF5_631",2.30595749056068,"up","Subject 3"
"IRF4_632",8.30615749056068,"up","Subject 3"
"IRF8_633",2.12015749056068,"up","Subject 3"
"IRF2_634",0.545557490560675,"up","Subject 3"
"IRF7_635",1.53715749056068,"up","Subject 3"
"IRF9_636",2.31715749056068,"up","Subject 3"
"NAIF1_637",0,"up","Subject 3"
"AC0021266_638",0,"up","Subject 3"
"MEF2A_639",0,"up","Subject 3"
"MEF2C_640",0,"up","Subject 3"
"SRF_641",0,"up","Subject 3"
"MEF2D_642",0,"up","Subject 3"
"MEF2B_643",0,"up","Subject 3"
"MBD2_644",0,"up","Subject 3"
"MECP2_645",0,"up","Subject 3"
"CDC5L_646",3.28825749056067,"up","Subject 3"
"MYBL2_647",0,"up","Subject 3"
"MYB_648",0,"up","Subject 3"
"TERF2_649",0,"up","Subject 3"
"SMARCC2_650",0,"up","Subject 3"
"SMARCC1_651",4.28015749056067,"up","Subject 3"
"MYPOP_652",0,"up","Subject 3"
"MYBL1_653",0,"up","Subject 3"
"C11orf9_654",0.274757490560675,"up","Subject 3"
"NR1H4_655",0,"up","Subject 3"
"NR1H3_656",0,"up","Subject 3"
"NR2E3_657",0,"up","Subject 3"
"RORA_658",5.91845749056067,"up","Subject 3"
"RARB_659",0,"up","Subject 3"
"PGR_660",0.753257490560675,"up","Subject 3"
"ESR1_661",0,"up","Subject 3"
"HNF4A_662",0,"up","Subject 3"
"VDR_663",0,"up","Subject 3"
"PPARD_664",0,"up","Subject 3"
"NR2E1_665",0,"up","Subject 3"
"NR3C1_666",1.15465749056068,"up","Subject 3"
"NR5A2_667",0,"up","Subject 3"
"NR4A3_668",0,"up","Subject 3"
"ESRRB_669",0,"up","Subject 3"
"NR2C1_670",0,"up","Subject 3"
"NR4A1_671",0.192357490560675,"up","Subject 3"
"THRA_672",0,"up","Subject 3"
"NR1D1_673",6.14345749056067,"up","Subject 3"
"NR1H2_674",0,"up","Subject 3"
"RARA_675",0.881857490560675,"up","Subject 3"
"PPARG_676",0,"up","Subject 3"
"NR5A1_677",0,"up","Subject 3"
"ESR2_678",0,"up","Subject 3"
"RXRG_679",0,"up","Subject 3"
"NR1I3_680",0,"up","Subject 3"
"RORC_681",2.89735749056068,"up","Subject 3"
"NR1I2_682",0.177357490560675,"up","Subject 3"
"NR6A1_683",0,"up","Subject 3"
"THRB_684",0,"up","Subject 3"
"NR3C2_685",0,"up","Subject 3"
"NR4A2_686",3.80285749056068,"up","Subject 3"
"NR2F6_687",0,"up","Subject 3"
"HNF4G_688",0,"up","Subject 3"
"AR_689",0,"up","Subject 3"
"RARG_690",0,"up","Subject 3"
"ESRRA_691",0,"up","Subject 3"
"NR2F1_692",0,"up","Subject 3"
"NR2C2_693",0,"up","Subject 3"
"NR2F2_694",0,"up","Subject 3"
"RXRA_695",0,"up","Subject 3"
"PPARA_696",0,"up","Subject 3"
"ESRRG_697",0,"up","Subject 3"
"RXRB_698",0,"up","Subject 3"
"AL8445277_699",0,"up","Subject 3"
"AL6628245_700",0,"up","Subject 3"
"CR7597334_701",0,"up","Subject 3"
"CR3545653_702",0,"up","Subject 3"
"CR9368773_703",0,"up","Subject 3"
"TP63_704",0,"up","Subject 3"
"TP73_705",0,"up","Subject 3"
"TP53_706",0,"up","Subject 3"
"PAX8_707",0,"up","Subject 3"
"PAX1_708",0,"up","Subject 3"
"PAX5_709",0,"up","Subject 3"
"PAX9_710",0,"up","Subject 3"
"LCOR_711",0.429757490560675,"up","Subject 3"
"PROX1_712",0,"up","Subject 3"
"NFATC3_713",0,"up","Subject 3"
"NFKB2_714",0,"up","Subject 3"
"NFATC4_715",0,"up","Subject 3"
"NFATC2_716",0,"up","Subject 3"
"NFAT5_717",0,"up","Subject 3"
"RELB_718",0,"up","Subject 3"
"NFKB1_719",0,"up","Subject 3"
"NFATC1_720",0,"up","Subject 3"
"REL_721",0,"up","Subject 3"
"RELA_722",0,"up","Subject 3"
"RFX3_723",0,"up","Subject 3"
"RFX2_724",0,"up","Subject 3"
"RFX4_725",0,"up","Subject 3"
"RFX1_726",0,"up","Subject 3"
"RFX5_727",0,"up","Subject 3"
"RFX7_728",0,"up","Subject 3"
"RFX6_729",0,"up","Subject 3"
"RFX8_730",0,"up","Subject 3"
"RUNX3_731",4.25335749056068,"up","Subject 3"
"RUNX2_732",10.9800574905607,"up","Subject 3"
"RUNX1_733",20.1208574905607,"up","Subject 3"
"ENSG00000250096_734",10.9800574905607,"up","Subject 3"
"GMEB2_735",0,"up","Subject 3"
"AIRE_736",1.60035749056068,"up","Subject 3"
"GMEB1_737",0,"up","Subject 3"
"NFIX_738",0,"up","Subject 3"
"SMAD4_739",0,"up","Subject 3"
"NFIC_740",0.672757490560675,"up","Subject 3"
"NFIB_741",0,"up","Subject 3"
"NFIA_742",0,"up","Subject 3"
"SMAD3_743",0,"up","Subject 3"
"SMAD1_744",0,"up","Subject 3"
"SMAD2_745",0,"up","Subject 3"
"SOX8_746",0,"up","Subject 3"
"SOX30_747",0.796157490560675,"up","Subject 3"
"HMG20B_748",2.96915749056068,"up","Subject 3"
"CIC_749",2.03115749056068,"up","Subject 3"
"TCF7_750",1.46655749056068,"up","Subject 3"
"SOX10_751",0.621557490560675,"up","Subject 3"
"HBP1_752",0.935957490560675,"up","Subject 3"
"BBX_753",0,"up","Subject 3"
"SOX4_754",0.677957490560675,"up","Subject 3"
"SOX21_755",1.46755749056068,"up","Subject 3"
"SOX9_756",0.441757490560675,"up","Subject 3"
"SOX15_757",1.62505749056068,"up","Subject 3"
"SOX5_758",1.53615749056068,"up","Subject 3"
"SOX3_759",1.55225749056068,"up","Subject 3"
"LEF1_760",4.21245749056067,"up","Subject 3"
"SOX13_761",0,"up","Subject 3"
"TCF7L2_762",1.71105749056068,"up","Subject 3"
"TCF7L1_763",3.12815749056068,"up","Subject 3"
"SOX17_764",3.43685749056068,"up","Subject 3"
"SOX14_765",0.272057490560675,"up","Subject 3"
"SOX7_766",4.82435749056067,"up","Subject 3"
"SOX11_767",0.979857490560675,"up","Subject 3"
"SOX12_768",0,"up","Subject 3"
"SOX2_769",1.70875749056068,"up","Subject 3"
"SOX1_770",0.932057490560675,"up","Subject 3"
"SRY_771",3.63055749056068,"up","Subject 3"
"SOX18_772",2.33195749056068,"up","Subject 3"
"STAT1_773",0.707857490560675,"up","Subject 3"
"STAT5A_774",0.693857490560675,"up","Subject 3"
"STAT4_775",0,"up","Subject 3"
"STAT6_776",0.473957490560675,"up","Subject 3"
"STAT3_777",0,"up","Subject 3"
"STAT2_778",3.55345749056068,"up","Subject 3"
"STAT5B_779",1.77465749056068,"up","Subject 3"
"TBX21_780",0.200857490560675,"up","Subject 3"
"TBX5_781",0,"up","Subject 3"
"TBX15_782",0,"up","Subject 3"
"TBX2_783",0,"up","Subject 3"
"TBX4_784",0,"up","Subject 3"
"TBX3_785",0,"up","Subject 3"
"TBR1_786",1.67245749056068,"up","Subject 3"
"TBX19_787",0,"up","Subject 3"
"EOMES_788",0.621057490560675,"up","Subject 3"
"T_789",1.81635749056068,"up","Subject 3"
"TBX20_790",0,"up","Subject 3"
"TBX10_791",0,"up","Subject 3"
"TBX1_792",0,"up","Subject 3"
"TBP_793",0.101957490560675,"up","Subject 3"
"TBPL2_794",2.22635749056068,"up","Subject 3"
"TEAD3_795",0.0455574905606752,"up","Subject 3"
"TEAD1_796",0,"up","Subject 3"
"TEAD4_797",0,"up","Subject 3"
"THAP1_798",0,"up","Subject 3"
"PRKRIR_799",0,"up","Subject 3"
"NFYC_800",0,"up","Subject 3"
"CBFB_801",7.95165749056068,"up","Subject 3"
"HLTF_802",0.975057490560675,"up","Subject 3"
"ENO1_803",0,"up","Subject 3"
"EP300_804",0,"up","Subject 3"
"NRF1_805",0,"up","Subject 3"
"CEBPZ_806",0,"up","Subject 3"
"NFYB_807",0,"up","Subject 3"
"LMO2_808",0,"up","Subject 3"
"FUBP1_809",0.580657490560675,"up","Subject 3"
"SPZ1_810",0,"up","Subject 3"
"NR0B1_811",0,"up","Subject 3"
"BPTF_812",0.557857490560675,"up","Subject 3"
"PURA_813",0,"up","Subject 3"
"TOPORS_814",0,"up","Subject 3"
"CPEB1_815",2.98095749056068,"up","Subject 3"
"ZBED1_816",0,"up","Subject 3"
"ZNF350_817",0,"up","Subject 3"
"LYL1_818",0,"up","Subject 3"
"SOHLH2_819",0,"up","Subject 3"
"NEUROD4_820",0.710657490560675,"up","Subject 3"
"NEUROD6_821",0.710657490560675,"up","Subject 3"
"TAL2_822",0.292657490560675,"up","Subject 3"
"C13orf38SOHLH2_823",0,"up","Subject 3"
"HIVEP3_824",0,"up","Subject 3"
"BCL11B_825",8.28245749056068,"up","Subject 3"
"KLF10_826",0,"up","Subject 3"
"YBX2_827",0,"up","Subject 3"
"CSDA_828",0,"up","Subject 3"
"FOXN3_829",8.74065749056068,"up","Subject 3"
"FOXD4_830",11.1729574905607,"up","Subject 3"
"FOXD4L1_831",11.1729574905607,"up","Subject 3"
"FOXD4L3_832",7.88605749056067,"up","Subject 3"
"FOXD4L5_833",7.88605749056067,"up","Subject 3"
"FOXD4L6_834",7.88605749056067,"up","Subject 3"
"NANOGP1_835",0,"up","Subject 3"
"AL7735441_836",3.68405749056068,"up","Subject 3"
"CR3882292_837",3.68405749056068,"up","Subject 3"
"AL6628334_838",3.68405749056068,"up","Subject 3"
"CR7598154_839",3.68405749056068,"up","Subject 3"
"BX0885802_840",3.68405749056068,"up","Subject 3"
"NR1D2_841",4.53625749056067,"up","Subject 3"
"MYF5_842",0,"up","Subject 3"
"ASCL1_843",0,"up","Subject 3"
"ATOH1_844",0,"up","Subject 3"
"NFE2L3_845",0.0985574905606751,"up","Subject 3"
"KLF2_846",0,"up","Subject 3"
"KLF11_847",0,"up","Subject 3"
"ZFP42_848",0,"up","Subject 3"
"ZNF187_849",0,"up","Subject 3"
"ZFP161_850",0,"up","Subject 3"
"ZNF75C_851",0,"up","Subject 3"
"DMRTC2_852",4.89755749056067,"up","Subject 3"
"FOXJ1_853",11.1729574905607,"up","Subject 3"
"FOXN2_854",8.74065749056068,"up","Subject 3"
"FOXL2_855",8.74065749056068,"up","Subject 3"
"FOXD4L4_856",7.88605749056067,"up","Subject 3"
"FOXD4L2_857",7.88605749056067,"up","Subject 3"
"TFCP2L1_858",0,"up","Subject 3"
"DUX1_859",3.88475749056068,"up","Subject 3"
"DUX3_860",3.88475749056068,"up","Subject 3"
"PBX4_861",0.903857490560675,"up","Subject 3"
"NKX62_862",1.16545749056068,"up","Subject 3"
"HOXA4_863",2.61885749056068,"up","Subject 3"
"CR8477943_864",3.68405749056068,"up","Subject 3"
"RORB_865",4.37645749056068,"up","Subject 3"
"SMAD5_866",0,"up","Subject 3"
"SMAD9_867",0,"up","Subject 3"
"SOX6_868",1.53615749056068,"up","Subject 3"
"TBX18_869",0,"up","Subject 3"
"TBX22_870",0,"up","Subject 3"
"TFAP2B_1",38.8670574905607,"down","Subject 3"
"TFAP2D_2",261.950557490561,"down","Subject 3"
"TFAP2C_3",32.5671574905607,"down","Subject 3"
"TFAP2E_4",16.0373574905607,"down","Subject 3"
"TFAP2A_5",44.1548574905607,"down","Subject 3"
"ARID3A_6",0,"down","Subject 3"
"ARID5B_7",0,"down","Subject 3"
"ARID3B_8",0,"down","Subject 3"
"ARID5A_9",0,"down","Subject 3"
"ARID3C_10",0,"down","Subject 3"
"ARID2_11",6.87705749056067,"down","Subject 3"
"HMGA1_12",0,"down","Subject 3"
"HMGA2_13",0,"down","Subject 3"
"MAX_14",21.8060574905607,"down","Subject 3"
"MLXIPL_15",19.1555574905607,"down","Subject 3"
"ARNTL2_16",26.1645574905607,"down","Subject 3"
"AHRR_17",17.5412574905607,"down","Subject 3"
"TFE3_18",21.4293574905607,"down","Subject 3"
"HES2_19",0.0689574905606752,"down","Subject 3"
"MNT_20",3.30365749056068,"down","Subject 3"
"TCF3_21",0,"down","Subject 3"
"SREBF1_22",0,"down","Subject 3"
"TFAP4_23",0,"down","Subject 3"
"HIF1A_24",24.2472574905607,"down","Subject 3"
"TCFL5_25",56.9407574905607,"down","Subject 3"
"USF2_26",34.3266574905607,"down","Subject 3"
"TFEC_27",6.19275749056068,"down","Subject 3"
"AHR_28",17.5412574905607,"down","Subject 3"
"MLX_29",20.4268574905607,"down","Subject 3"
"MYF6_30",0,"down","Subject 3"
"SIM1_31",1.00895749056068,"down","Subject 3"
"TFEB_32",15.2814574905607,"down","Subject 3"
"HAND1_33",0,"down","Subject 3"
"HES1_34",33.3466574905607,"down","Subject 3"
"ID2_35",8.47405749056067,"down","Subject 3"
"EPAS1_36",6.73185749056067,"down","Subject 3"
"MYCL1_37",8.22215749056067,"down","Subject 3"
"ID3_38",0,"down","Subject 3"
"TCF21_39",0,"down","Subject 3"
"MXI1_40",18.7089574905607,"down","Subject 3"
"MYOG_41",1.58615749056068,"down","Subject 3"
"TWIST1_42",0,"down","Subject 3"
"NEUROG3_43",0,"down","Subject 3"
"BHLHE41_44",21.5244574905607,"down","Subject 3"
"BHLHE23_45",0,"down","Subject 3"
"TCF15_46",0,"down","Subject 3"
"ID1_47",8.47405749056067,"down","Subject 3"
"MYOD1_48",0,"down","Subject 3"
"NPAS1_49",1.00895749056068,"down","Subject 3"
"ARNTL_50",21.7378574905607,"down","Subject 3"
"BHLHE40_51",25.8118574905607,"down","Subject 3"
"MYCN_52",10.2404574905607,"down","Subject 3"
"CLOCK_53",0,"down","Subject 3"
"HEY2_54",4.07805749056068,"down","Subject 3"
"MYC_55",22.0368574905607,"down","Subject 3"
"TCF12_56",5.52015749056067,"down","Subject 3"
"ARNT_57",25.8994574905607,"down","Subject 3"
"FERD3L_58",0,"down","Subject 3"
"NPAS3_59",1.00895749056068,"down","Subject 3"
"USF1_60",25.0560574905607,"down","Subject 3"
"SIM2_61",1.00895749056068,"down","Subject 3"
"TAL1_62",0,"down","Subject 3"
"NEUROD1_63",1.20285749056068,"down","Subject 3"
"TCF23_64",0,"down","Subject 3"
"HEYL_65",4.49735749056067,"down","Subject 3"
"HAND2_66",0,"down","Subject 3"
"EBF1_67",12.1630574905607,"down","Subject 3"
"HEY1_68",5.12015749056067,"down","Subject 3"
"MESP1_69",0,"down","Subject 3"
"PTF1A_70",0,"down","Subject 3"
"ATOH8_71",0,"down","Subject 3"
"NPAS2_72",0.362957490560675,"down","Subject 3"
"NEUROD2_73",0,"down","Subject 3"
"NHLH1_74",16.8083574905607,"down","Subject 3"
"ID4_75",0,"down","Subject 3"
"ARNT2_76",53.2682574905607,"down","Subject 3"
"NPAS4_77",0,"down","Subject 3"
"MLXIP_78",0.694957490560675,"down","Subject 3"
"OLIG3_79",0,"down","Subject 3"
"NHLH2_80",0.759457490560675,"down","Subject 3"
"NEUROG2_81",0,"down","Subject 3"
"MSC_82",0,"down","Subject 3"
"HES7_83",0,"down","Subject 3"
"ATOH7_84",0,"down","Subject 3"
"BHLHA15_85",0,"down","Subject 3"
"BHLHE22_86",0,"down","Subject 3"
"NEUROG1_87",0,"down","Subject 3"
"FIGLA_88",0,"down","Subject 3"
"ASCL2_89",0,"down","Subject 3"
"OLIG1_90",0,"down","Subject 3"
"MITF_91",0,"down","Subject 3"
"ENSG00000187728_92",0,"down","Subject 3"
"SCXB_93",0,"down","Subject 3"
"MESP2_94",0,"down","Subject 3"
"HES4_95",46.5092574905607,"down","Subject 3"
"SCXA_96",0,"down","Subject 3"
"TCF4_97",0,"down","Subject 3"
"HES5_98",0,"down","Subject 3"
"SREBF2_99",0,"down","Subject 3"
"OLIG2_100",0,"down","Subject 3"
"TWIST2_101",0,"down","Subject 3"
"ENSG00000250811_102",1.00895749056068,"down","Subject 3"
"MGA_103",0,"down","Subject 3"
"CREB3L3_104",34.2956574905607,"down","Subject 3"
"FOSL2_105",0,"down","Subject 3"
"NFE2L1_106",0,"down","Subject 3"
"CEBPE_107",0,"down","Subject 3"
"CREM_108",17.7923574905607,"down","Subject 3"
"XBP1_109",4.36855749056067,"down","Subject 3"
"DBP_110",0,"down","Subject 3"
"CREB3_111",34.2956574905607,"down","Subject 3"
"HLF_112",0,"down","Subject 3"
"BACH2_113",0,"down","Subject 3"
"ATF2_114",3.50255749056068,"down","Subject 3"
"NFE2L2_115",0,"down","Subject 3"
"ATF6_116",42.6164574905607,"down","Subject 3"
"CREB1_117",52.9070574905607,"down","Subject 3"
"ATF1_118",42.6758574905607,"down","Subject 3"
"NFE2_119",0,"down","Subject 3"
"BATF3_120",7.95015749056068,"down","Subject 3"
"FOSB_121",0,"down","Subject 3"
"ATF4_122",0,"down","Subject 3"
"NRL_123",0,"down","Subject 3"
"JUND_124",0,"down","Subject 3"
"JDP2_125",0,"down","Subject 3"
"CREB3L4_126",34.2956574905607,"down","Subject 3"
"CREB5_127",17.4993574905607,"down","Subject 3"
"CEBPG_128",0,"down","Subject 3"
"BATF_129",0,"down","Subject 3"
"BACH1_130",0,"down","Subject 3"
"CREB3L1_131",2.44005749056068,"down","Subject 3"
"ATF3_132",69.6990574905607,"down","Subject 3"
"NFIL3_133",0,"down","Subject 3"
"TEF_134",0,"down","Subject 3"
"CR7538031_135",12.7541574905607,"down","Subject 3"
"ATF5_136",0,"down","Subject 3"
"FOS_137",0,"down","Subject 3"
"ATF7_138",19.6242574905607,"down","Subject 3"
"JUNB_139",0,"down","Subject 3"
"CEBPB_140",0,"down","Subject 3"
"DDIT3_141",0,"down","Subject 3"
"FOSL1_142",0,"down","Subject 3"
"JUN_143",0,"down","Subject 3"
"MAF_144",0,"down","Subject 3"
"CREB3L2_145",7.76235749056067,"down","Subject 3"
"MAFA_146",12.8448574905607,"down","Subject 3"
"MAFF_147",0,"down","Subject 3"
"MAFG_148",0,"down","Subject 3"
"MAFK_149",0,"down","Subject 3"
"MAFB_150",0,"down","Subject 3"
"ATF6B_151",12.7541574905607,"down","Subject 3"
"CEBPD_152",0,"down","Subject 3"
"CR9257962_153",12.7541574905607,"down","Subject 3"
"AL6628286_154",12.7541574905607,"down","Subject 3"
"CEBPA_155",0,"down","Subject 3"
"ZEB1_157",0,"down","Subject 3"
"ZFX_158",337.681957490561,"down","Subject 3"
"ZNF263_159",217.351757490561,"down","Subject 3"
"HIVEP2_160",22.8128574905607,"down","Subject 3"
"SNAI2_161",1.69745749056068,"down","Subject 3"
"ZIC2_162",8.23345749056067,"down","Subject 3"
"PRDM1_163",0,"down","Subject 3"
"ZNF76_164",9.31835749056068,"down","Subject 3"
"KLF6_165",249.866457490561,"down","Subject 3"
"ZFY_166",154.286257490561,"down","Subject 3"
"GLI2_167",6.74425749056067,"down","Subject 3"
"REST_168",10.0840574905607,"down","Subject 3"
"MECOM_169",0,"down","Subject 3"
"HIVEP1_170",10.4651574905607,"down","Subject 3"
"MZF1_171",9.84615749056067,"down","Subject 3"
"PATZ1_172",154.856657490561,"down","Subject 3"
"YY1_173",54.6017574905607,"down","Subject 3"
"KLF8_174",28.6442574905607,"down","Subject 3"
"KLF5_175",308.752457490561,"down","Subject 3"
"ZNF423_176",2.07555749056068,"down","Subject 3"
"CTCF_177",13.9207574905607,"down","Subject 3"
"MAZ_178",252.344357490561,"down","Subject 3"
"KLF1_179",26.4353574905607,"down","Subject 3"
"SP4_180",264.505257490561,"down","Subject 3"
"ZKSCAN1_181",0,"down","Subject 3"
"GLI3_182",0,"down","Subject 3"
"GLIS3_183",9.12355749056067,"down","Subject 3"
"KLF3_184",0,"down","Subject 3"
"PRDM4_185",0,"down","Subject 3"
"GLI1_186",2.73445749056068,"down","Subject 3"
"BCL6_187",0,"down","Subject 3"
"ZBTB47_188",0,"down","Subject 3"
"KLF7_189",326.701857490561,"down","Subject 3"
"PLAGL1_190",58.1578574905607,"down","Subject 3"
"KLF12_191",0,"down","Subject 3"
"KLF9_192",0,"down","Subject 3"
"ZNF410_193",0,"down","Subject 3"
"BCL11A_194",0,"down","Subject 3"
"EGR1_195",333.850757490561,"down","Subject 3"
"EGR2_196",125.337857490561,"down","Subject 3"
"IKZF4_197",0.547457490560675,"down","Subject 3"
"CTCFL_198",134.837457490561,"down","Subject 3"
"SNAI1_199",1.11925749056068,"down","Subject 3"
"RREB1_200",11.8189574905607,"down","Subject 3"
"GLIS2_201",54.1449574905607,"down","Subject 3"
"ZNF384_202",0,"down","Subject 3"
"ZBTB1_203",41.8359574905607,"down","Subject 3"
"FEZF1_204",0,"down","Subject 3"
"KLF16_205",289.801657490561,"down","Subject 3"
"ZSCAN10_206",3.68955749056067,"down","Subject 3"
"EGR4_207",111.550157490561,"down","Subject 3"
"KLF4_208",231.410157490561,"down","Subject 3"
"ZNF740_209",88.9016574905607,"down","Subject 3"
"ZIC5_210",71.9898574905607,"down","Subject 3"
"PRDM16_211",0,"down","Subject 3"
"OSR1_212",0,"down","Subject 3"
"ZIC1_213",6.92965749056067,"down","Subject 3"
"FEZF2_214",0,"down","Subject 3"
"ZIC3_215",6.54825749056068,"down","Subject 3"
"ZBTB7B_216",28.8883574905607,"down","Subject 3"
"ZNF333_217",0,"down","Subject 3"
"BCL6B_218",0,"down","Subject 3"
"ZNF75A_219",0,"down","Subject 3"
"GFI1_220",0,"down","Subject 3"
"ZNF281_221",54.0596574905607,"down","Subject 3"
"ZNF148_222",315.351457490561,"down","Subject 3"
"KLF15_223",231.610057490561,"down","Subject 3"
"ZNF691_224",0,"down","Subject 3"
"ZNF589_225",9.94605749056067,"down","Subject 3"
"SP8_226",218.467757490561,"down","Subject 3"
"OSR2_227",0,"down","Subject 3"
"GFI1B_228",0,"down","Subject 3"
"ZNF219_229",119.756557490561,"down","Subject 3"
"ZNF202_230",11.5540574905607,"down","Subject 3"
"ZNF143_231",8.22215749056067,"down","Subject 3"
"SP2_232",435.613857490561,"down","Subject 3"
"ZNF232_233",0,"down","Subject 3"
"E4F1_234",47.7635574905607,"down","Subject 3"
"ZBTB49_235",4.75455749056067,"down","Subject 3"
"HIC2_236",0,"down","Subject 3"
"ZNF32_237",0,"down","Subject 3"
"KLF13_238",62.3254574905607,"down","Subject 3"
"ZNF35_239",0,"down","Subject 3"
"ZNF282_240",0.862957490560675,"down","Subject 3"
"SP7_241",218.467757490561,"down","Subject 3"
"SCRT1_242",0,"down","Subject 3"
"ZNF524_243",8.83955749056067,"down","Subject 3"
"ZNF274_244",0,"down","Subject 3"
"HINFP_245",11.8392574905607,"down","Subject 3"
"OVOL1_246",0,"down","Subject 3"
"SP3_247",264.802757490561,"down","Subject 3"
"INSM1_248",41.4977574905607,"down","Subject 3"
"ZBTB4_249",34.2027574905607,"down","Subject 3"
"GLIS1_250",20.0848574905607,"down","Subject 3"
"KLF14_251",233.488957490561,"down","Subject 3"
"ZIC4_252",64.1092574905607,"down","Subject 3"
"ZNF683_253",0,"down","Subject 3"
"HIC1_254",5.84605749056067,"down","Subject 3"
"ZBTB33_255",53.0493574905607,"down","Subject 3"
"ZNF354C_256",0,"down","Subject 3"
"ZNF713_257",0,"down","Subject 3"
"ZBTB7A_258",419.867557490561,"down","Subject 3"
"EGR3_259",56.6895574905607,"down","Subject 3"
"ZNF238_260",0,"down","Subject 3"
"ZBTB42_261",0,"down","Subject 3"
"ZNF784_262",0,"down","Subject 3"
"ZSCAN4_263",0,"down","Subject 3"
"PLAG1_264",96.5055574905607,"down","Subject 3"
"ZBTB7C_265",32.9579574905607,"down","Subject 3"
"WT1_266",420.927857490561,"down","Subject 3"
"SP1_267",401.045957490561,"down","Subject 3"
"SNAI3_268",0,"down","Subject 3"
"ZBTB3_269",0,"down","Subject 3"
"IKZF1_270",0.547457490560675,"down","Subject 3"
"ZBTB6_271",1.69145749056068,"down","Subject 3"
"ZNF75D_272",0,"down","Subject 3"
"ZKSCAN4_273",2.70505749056068,"down","Subject 3"
"MTF1_274",0.0326574905606751,"down","Subject 3"
"SP6_275",334.193257490561,"down","Subject 3"
"ZKSCAN3_276",2.70505749056068,"down","Subject 3"
"ZSCAN16_277",0,"down","Subject 3"
"ZNF652_278",0,"down","Subject 3"
"SP5_279",334.193257490561,"down","Subject 3"
"ZBTB12_280",0,"down","Subject 3"
"AL8448538_281",0,"down","Subject 3"
"SCRT2_282",0,"down","Subject 3"
"SP9_283",218.467757490561,"down","Subject 3"
"YY2_284",46.8196574905607,"down","Subject 3"
"CR7597843_285",0,"down","Subject 3"
"CR3882194_286",0,"down","Subject 3"
"AL66283413_287",0,"down","Subject 3"
"NFYA_288",9.84805749056068,"down","Subject 3"
"CENPB_289",12.5703574905607,"down","Subject 3"
"YBX1_290",21.8793574905607,"down","Subject 3"
"RBPJ_291",0,"down","Subject 3"
"CUX2_292",0,"down","Subject 3"
"ONECUT2_293",0,"down","Subject 3"
"CUX1_294",0,"down","Subject 3"
"ONECUT1_295",0,"down","Subject 3"
"ONECUT3_296",0,"down","Subject 3"
"LIN54_297",0,"down","Subject 3"
"CGBP_298",6.23315749056068,"down","Subject 3"
"KDM2B_299",0,"down","Subject 3"
"MLL_300",38.8726574905607,"down","Subject 3"
"DNMT1_301",337.487757490561,"down","Subject 3"
"TET1_302",1.68305749056068,"down","Subject 3"
"CXXC1_303",10.0483574905607,"down","Subject 3"
"DMRT3_304",0,"down","Subject 3"
"DMRT1_305",0,"down","Subject 3"
"DMRTA2_306",0,"down","Subject 3"
"DMRT2_307",0,"down","Subject 3"
"TFDP2_308",57.3225574905607,"down","Subject 3"
"TFDP3_309",57.3225574905607,"down","Subject 3"
"TFDP1_310",57.3225574905607,"down","Subject 3"
"E2F2_311",19.4614574905607,"down","Subject 3"
"E2F1_312",6.87385749056067,"down","Subject 3"
"E2F3_313",0,"down","Subject 3"
"E2F8_314",0,"down","Subject 3"
"E2F5_315",23.3295574905607,"down","Subject 3"
"E2F7_316",0,"down","Subject 3"
"E2F6_317",187.819657490561,"down","Subject 3"
"E2F4_318",188.820957490561,"down","Subject 3"
"BRCA1_319",0,"down","Subject 3"
"ETV1_320",98.7628574905607,"down","Subject 3"
"ETV7_321",1.27215749056068,"down","Subject 3"
"SPI1_322",0,"down","Subject 3"
"ELF4_323",50.3381574905607,"down","Subject 3"
"ETV2_324",5.53015749056067,"down","Subject 3"
"ERF_325",40.3760574905607,"down","Subject 3"
"ELF2_326",12.0887574905607,"down","Subject 3"
"ELK3_327",91.2411574905607,"down","Subject 3"
"ETV3_328",64.6212574905607,"down","Subject 3"
"ELF1_329",118.042257490561,"down","Subject 3"
"SPDEF_330",21.3852574905607,"down","Subject 3"
"ELK1_331",106.142357490561,"down","Subject 3"
"ETS1_332",59.8913574905607,"down","Subject 3"
"EHF_333",27.3762574905607,"down","Subject 3"
"ELF5_334",11.4439574905607,"down","Subject 3"
"ETV6_335",62.9355574905607,"down","Subject 3"
"SPIB_336",0,"down","Subject 3"
"FLI1_337",72.4006574905607,"down","Subject 3"
"GABPA_338",113.816157490561,"down","Subject 3"
"ERG_339",35.8799574905607,"down","Subject 3"
"ETS2_340",58.0172574905607,"down","Subject 3"
"ELK4_341",114.202957490561,"down","Subject 3"
"ELF3_342",20.8724574905607,"down","Subject 3"
"FEV_343",57.1825574905607,"down","Subject 3"
"SPIC_344",0,"down","Subject 3"
"ETV4_345",88.0259574905607,"down","Subject 3"
"ENSG00000235187_346",50.5661574905607,"down","Subject 3"
"ETV5_347",102.828757490561,"down","Subject 3"
"FOXP3_348",0,"down","Subject 3"
"FOXC1_349",0,"down","Subject 3"
"FOXJ2_350",0,"down","Subject 3"
"FOXF1_351",0,"down","Subject 3"
"FOXM1_352",0,"down","Subject 3"
"FOXP1_353",0,"down","Subject 3"
"FOXO3_354",0,"down","Subject 3"
"FOXA2_355",0,"down","Subject 3"
"FOXP2_356",0,"down","Subject 3"
"FOXA1_357",0,"down","Subject 3"
"FOXP4_358",0,"down","Subject 3"
"FOXF2_359",0,"down","Subject 3"
"FOXK2_360",0,"down","Subject 3"
"FOXO1_361",0,"down","Subject 3"
"FOXH1_362",0,"down","Subject 3"
"FOXQ1_363",0,"down","Subject 3"
"FOXK1_364",0,"down","Subject 3"
"FOXI1_365",0,"down","Subject 3"
"FOXA3_366",0,"down","Subject 3"
"FOXB1_367",0,"down","Subject 3"
"FOXG1_368",0,"down","Subject 3"
"FOXL1_369",0,"down","Subject 3"
"FOXC2_370",0,"down","Subject 3"
"FOXE1_371",0,"down","Subject 3"
"FOXS1_372",0,"down","Subject 3"
"FOXO4_373",0,"down","Subject 3"
"FOXD2_374",0,"down","Subject 3"
"FOXI2_375",0,"down","Subject 3"
"FOXE3_376",0,"down","Subject 3"
"FOXD3_377",0,"down","Subject 3"
"FOXJ3_378",0,"down","Subject 3"
"FOXO6_379",0,"down","Subject 3"
"FOXB2_380",0,"down","Subject 3"
"KIAA0415_381",0,"down","Subject 3"
"FOXD1_382",0,"down","Subject 3"
"GATA1_383",0,"down","Subject 3"
"GATA3_384",0,"down","Subject 3"
"GATA5_385",0,"down","Subject 3"
"GATA4_386",0,"down","Subject 3"
"GATA6_387",0,"down","Subject 3"
"GATA2_388",0,"down","Subject 3"
"GCM2_389",6.86065749056067,"down","Subject 3"
"GCM1_390",1.11815749056068,"down","Subject 3"
"GRHL1_391",0,"down","Subject 3"
"TFCP2_392",2.25195749056068,"down","Subject 3"
"UBP1_393",0,"down","Subject 3"
"ARX_394",0,"down","Subject 3"
"HOXA11_395",0,"down","Subject 3"
"MEOX1_396",0,"down","Subject 3"
"DLX6_397",0,"down","Subject 3"
"ISL1_398",0,"down","Subject 3"
"HOXC8_399",0,"down","Subject 3"
"BARX2_400",0,"down","Subject 3"
"ALX4_401",0,"down","Subject 3"
"GSC2_402",0,"down","Subject 3"
"DLX3_403",0,"down","Subject 3"
"PITX1_404",0,"down","Subject 3"
"HOXA9_405",0,"down","Subject 3"
"LHX5_406",0,"down","Subject 3"
"SIX4_407",0,"down","Subject 3"
"VSX1_408",0,"down","Subject 3"
"RHOXF1_409",0,"down","Subject 3"
"CRX_410",0,"down","Subject 3"
"MEIS3_411",0,"down","Subject 3"
"DLX5_412",0,"down","Subject 3"
"HOXA1_413",0,"down","Subject 3"
"HOXA2_414",0,"down","Subject 3"
"HOXA3_415",0,"down","Subject 3"
"HOXA5_416",0,"down","Subject 3"
"HOXA6_417",0,"down","Subject 3"
"HOXA13_418",0,"down","Subject 3"
"EVX1_419",0,"down","Subject 3"
"NOBOX_420",0,"down","Subject 3"
"MEOX2_421",0,"down","Subject 3"
"LHX2_422",0,"down","Subject 3"
"LHX6_423",0,"down","Subject 3"
"LHX3_424",0,"down","Subject 3"
"TLX1_425",1.73795749056068,"down","Subject 3"
"PITX3_426",0,"down","Subject 3"
"HOXB6_427",0,"down","Subject 3"
"HNF1B_428",0,"down","Subject 3"
"DLX4_429",0,"down","Subject 3"
"VTN_430",0,"down","Subject 3"
"PHOX2B_431",0,"down","Subject 3"
"NKX32_432",0,"down","Subject 3"
"NANOG_433",0,"down","Subject 3"
"IRX4_434",0,"down","Subject 3"
"CDX1_435",0,"down","Subject 3"
"TLX2_436",0,"down","Subject 3"
"OTX1_437",0.303957490560675,"down","Subject 3"
"DLX2_438",0,"down","Subject 3"
"VAX2_439",0,"down","Subject 3"
"PRRX1_440",0,"down","Subject 3"
"TGIF2_441",0,"down","Subject 3"
"VSX2_442",0,"down","Subject 3"
"NKX23_443",0,"down","Subject 3"
"HOXB8_444",0,"down","Subject 3"
"HOXB5_445",0,"down","Subject 3"
"HOXB7_446",0,"down","Subject 3"
"HOXB3_447",0,"down","Subject 3"
"HOXB1_448",0,"down","Subject 3"
"MSX2_449",0,"down","Subject 3"
"LHX4_450",0,"down","Subject 3"
"HOXA7_451",0,"down","Subject 3"
"HOXC13_452",0,"down","Subject 3"
"HOXC11_453",0,"down","Subject 3"
"HOXC12_454",0,"down","Subject 3"
"ESX1_455",0,"down","Subject 3"
"BARHL1_456",0,"down","Subject 3"
"NKX24_457",0,"down","Subject 3"
"NKX22_458",0,"down","Subject 3"
"SIX1_459",0,"down","Subject 3"
"HOXD1_460",0,"down","Subject 3"
"HOXD3_461",0,"down","Subject 3"
"HOXD9_462",0,"down","Subject 3"
"HOXD10_463",0,"down","Subject 3"
"HOXD11_464",0,"down","Subject 3"
"HOXD13_465",0,"down","Subject 3"
"MNX1_466",0,"down","Subject 3"
"CDX4_467",0,"down","Subject 3"
"BARX1_468",0,"down","Subject 3"
"LHX1_469",0,"down","Subject 3"
"GSC_470",0,"down","Subject 3"
"MEIS2_471",0,"down","Subject 3"
"RAX_472",0,"down","Subject 3"
"HNF1A_473",0,"down","Subject 3"
"EMX1_474",0,"down","Subject 3"
"NKX28_475",0,"down","Subject 3"
"NKX21_476",0,"down","Subject 3"
"ZFHX2_477",0,"down","Subject 3"
"HLX_478",0,"down","Subject 3"
"LMX1B_479",0,"down","Subject 3"
"SIX3_480",0,"down","Subject 3"
"LBX1_481",0,"down","Subject 3"
"PDX1_482",0,"down","Subject 3"
"ZFHX3_483",0,"down","Subject 3"
"BARHL2_484",0,"down","Subject 3"
"LHX9_485",0,"down","Subject 3"
"MEIS1_486",0,"down","Subject 3"
"DLX1_487",0,"down","Subject 3"
"HMBOX1_488",0,"down","Subject 3"
"VAX1_489",0,"down","Subject 3"
"VENTX_490",0,"down","Subject 3"
"HHEX_491",0,"down","Subject 3"
"TGIF2LX_492",0,"down","Subject 3"
"ALX3_493",0,"down","Subject 3"
"HOXB13_494",0,"down","Subject 3"
"IRX6_495",0,"down","Subject 3"
"ISL2_496",0,"down","Subject 3"
"PKNOX1_497",0,"down","Subject 3"
"LHX8_498",0,"down","Subject 3"
"LMX1A_499",0,"down","Subject 3"
"EN1_500",0,"down","Subject 3"
"MSX1_501",0,"down","Subject 3"
"NKX61_502",0,"down","Subject 3"
"HESX1_503",0,"down","Subject 3"
"PITX2_504",0,"down","Subject 3"
"TLX3_505",1.73795749056068,"down","Subject 3"
"EN2_506",0,"down","Subject 3"
"UNCX_507",0,"down","Subject 3"
"GBX1_508",0,"down","Subject 3"
"NKX63_509",0,"down","Subject 3"
"ZHX1_510",0,"down","Subject 3"
"HDX_511",0,"down","Subject 3"
"PHOX2A_512",0,"down","Subject 3"
"PKNOX2_513",0,"down","Subject 3"
"CDX2_514",0,"down","Subject 3"
"OTX2_515",0,"down","Subject 3"
"DRGX_516",0,"down","Subject 3"
"NKX31_517",0,"down","Subject 3"
"PBX3_518",32.0808574905607,"down","Subject 3"
"PRRX2_519",0,"down","Subject 3"
"GBX2_520",0,"down","Subject 3"
"SHOX2_521",0,"down","Subject 3"
"GSX1_522",0,"down","Subject 3"
"HOXD4_523",0,"down","Subject 3"
"HOXD12_524",0,"down","Subject 3"
"EMX2_525",0,"down","Subject 3"
"IRX1_526",0,"down","Subject 3"
"IRX2_527",0,"down","Subject 3"
"SIX2_528",0,"down","Subject 3"
"HOXB9_529",0,"down","Subject 3"
"OTP_530",0,"down","Subject 3"
"AC0125311_531",0,"down","Subject 3"
"HOXB2_532",0,"down","Subject 3"
"RAX2_533",0,"down","Subject 3"
"EVX2_534",0,"down","Subject 3"
"PROP1_535",0,"down","Subject 3"
"ISX_536",0,"down","Subject 3"
"HOXD8_537",0,"down","Subject 3"
"TGIF2LY_538",0,"down","Subject 3"
"IRX5_539",0,"down","Subject 3"
"SIX5_540",0,"down","Subject 3"
"TGIF1_541",0,"down","Subject 3"
"IRX3_542",0,"down","Subject 3"
"LBX2_543",0,"down","Subject 3"
"NKX26_544",0,"down","Subject 3"
"ALX1_545",0,"down","Subject 3"
"GSX2_546",0,"down","Subject 3"
"HOXC9_547",0,"down","Subject 3"
"HOXC10_548",0,"down","Subject 3"
"HOXB4_549",0,"down","Subject 3"
"NKX25_550",0,"down","Subject 3"
"POU6F1_551",0,"down","Subject 3"
"SIX6_552",0,"down","Subject 3"
"MIXL1_553",0,"down","Subject 3"
"DBX2_554",0,"down","Subject 3"
"PBX1_555",0,"down","Subject 3"
"SHOX_556",0,"down","Subject 3"
"HMX3_557",0,"down","Subject 3"
"HMX2_558",0,"down","Subject 3"
"BSX_559",0,"down","Subject 3"
"DMBX1_560",0,"down","Subject 3"
"HOXC6_561",0,"down","Subject 3"
"HOXC5_562",0,"down","Subject 3"
"PBX2_563",0,"down","Subject 3"
"DUXA_564",0,"down","Subject 3"
"DPRX_565",0,"down","Subject 3"
"AL8454643_566",0,"down","Subject 3"
"NOTO_567",0,"down","Subject 3"
"HOMEZ_568",0,"down","Subject 3"
"HMX1_569",0,"down","Subject 3"
"ENSG00000215754_570",0,"down","Subject 3"
"ENSG00000217642_571",0,"down","Subject 3"
"ENSG00000224558_572",0,"down","Subject 3"
"BX2846861_573",0,"down","Subject 3"
"ENSG00000225958_574",0,"down","Subject 3"
"CR8124782_575",0,"down","Subject 3"
"ENSG00000226866_576",0,"down","Subject 3"
"AC2261502_577",0,"down","Subject 3"
"DUX4L5_578",0,"down","Subject 3"
"ENSG00000227522_579",0,"down","Subject 3"
"DUX4L2_580",0,"down","Subject 3"
"DUX4L3_581",0,"down","Subject 3"
"DUX4L6_582",0,"down","Subject 3"
"ENSG00000228710_583",0,"down","Subject 3"
"ENSG00000229544_584",0,"down","Subject 3"
"CT4768282_585",0,"down","Subject 3"
"ENSG00000230380_586",0,"down","Subject 3"
"ENSG00000230776_587",0,"down","Subject 3"
"AL5921702_588",0,"down","Subject 3"
"BX9272396_589",0,"down","Subject 3"
"ENSG00000232923_590",0,"down","Subject 3"
"ENSG00000233294_591",0,"down","Subject 3"
"ENSG00000233361_592",0,"down","Subject 3"
"ENSG00000233698_593",0,"down","Subject 3"
"ENSG00000233794_594",0,"down","Subject 3"
"ENSG00000234254_595",0,"down","Subject 3"
"ENSG00000234550_596",0,"down","Subject 3"
"NKX11_597",0,"down","Subject 3"
"ENSG00000236207_598",0,"down","Subject 3"
"CR9338788_599",0,"down","Subject 3"
"AL6628305_600",0,"down","Subject 3"
"ENSG00000237516_601",0,"down","Subject 3"
"ENSG00000250589_602",0,"down","Subject 3"
"DUX4_603",0,"down","Subject 3"
"PAX6_604",0,"down","Subject 3"
"PAX7_605",0,"down","Subject 3"
"PAX2_606",0,"down","Subject 3"
"PAX4_607",0,"down","Subject 3"
"PAX3_608",5.31435749056067,"down","Subject 3"
"POU2F2_609",0,"down","Subject 3"
"POU1F1_610",0,"down","Subject 3"
"POU4F3_611",0,"down","Subject 3"
"POU6F2_612",0,"down","Subject 3"
"POU2F3_613",0,"down","Subject 3"
"POU2F1_614",0,"down","Subject 3"
"POU4F2_615",0,"down","Subject 3"
"POU4F1_616",0,"down","Subject 3"
"POU3F2_617",0,"down","Subject 3"
"POU3F1_618",0,"down","Subject 3"
"POU3F4_619",0,"down","Subject 3"
"POU3F3_620",0,"down","Subject 3"
"POU5F1_621",0,"down","Subject 3"
"POU5F1B_622",0,"down","Subject 3"
"HSF2_623",0,"down","Subject 3"
"HSF4_624",0,"down","Subject 3"
"HSFY2_625",0,"down","Subject 3"
"HSFY1_626",0,"down","Subject 3"
"HSF1_627",0,"down","Subject 3"
"IRF6_628",2.20665749056068,"down","Subject 3"
"IRF1_629",0,"down","Subject 3"
"IRF3_630",0,"down","Subject 3"
"IRF5_631",0,"down","Subject 3"
"IRF4_632",0,"down","Subject 3"
"IRF8_633",0,"down","Subject 3"
"IRF2_634",0,"down","Subject 3"
"IRF7_635",0,"down","Subject 3"
"IRF9_636",0,"down","Subject 3"
"NAIF1_637",0.111457490560675,"down","Subject 3"
"AC0021266_638",0,"down","Subject 3"
"MEF2A_639",0,"down","Subject 3"
"MEF2C_640",0,"down","Subject 3"
"SRF_641",0,"down","Subject 3"
"MEF2D_642",0,"down","Subject 3"
"MEF2B_643",0,"down","Subject 3"
"MBD2_644",206.815457490561,"down","Subject 3"
"MECP2_645",148.885457490561,"down","Subject 3"
"CDC5L_646",0,"down","Subject 3"
"MYBL2_647",0.291057490560675,"down","Subject 3"
"MYB_648",0,"down","Subject 3"
"TERF2_649",0,"down","Subject 3"
"SMARCC2_650",18.8529574905607,"down","Subject 3"
"SMARCC1_651",0,"down","Subject 3"
"MYPOP_652",2.90535749056068,"down","Subject 3"
"MYBL1_653",0,"down","Subject 3"
"C11orf9_654",0,"down","Subject 3"
"NR1H4_655",0,"down","Subject 3"
"NR1H3_656",0,"down","Subject 3"
"NR2E3_657",0,"down","Subject 3"
"RORA_658",0,"down","Subject 3"
"RARB_659",0,"down","Subject 3"
"PGR_660",0,"down","Subject 3"
"ESR1_661",5.95415749056068,"down","Subject 3"
"HNF4A_662",0,"down","Subject 3"
"VDR_663",0,"down","Subject 3"
"PPARD_664",0,"down","Subject 3"
"NR2E1_665",0,"down","Subject 3"
"NR3C1_666",0,"down","Subject 3"
"NR5A2_667",0,"down","Subject 3"
"NR4A3_668",0,"down","Subject 3"
"ESRRB_669",0,"down","Subject 3"
"NR2C1_670",0,"down","Subject 3"
"NR4A1_671",0,"down","Subject 3"
"THRA_672",0,"down","Subject 3"
"NR1D1_673",0,"down","Subject 3"
"NR1H2_674",0,"down","Subject 3"
"RARA_675",0,"down","Subject 3"
"PPARG_676",0,"down","Subject 3"
"NR5A1_677",0,"down","Subject 3"
"ESR2_678",1.34705749056068,"down","Subject 3"
"RXRG_679",0,"down","Subject 3"
"NR1I3_680",0,"down","Subject 3"
"RORC_681",0,"down","Subject 3"
"NR1I2_682",0,"down","Subject 3"
"NR6A1_683",0,"down","Subject 3"
"THRB_684",0,"down","Subject 3"
"NR3C2_685",0,"down","Subject 3"
"NR4A2_686",0,"down","Subject 3"
"NR2F6_687",0,"down","Subject 3"
"HNF4G_688",0,"down","Subject 3"
"AR_689",0,"down","Subject 3"
"RARG_690",4.56635749056067,"down","Subject 3"
"ESRRA_691",0,"down","Subject 3"
"NR2F1_692",0,"down","Subject 3"
"NR2C2_693",72.0946574905607,"down","Subject 3"
"NR2F2_694",0,"down","Subject 3"
"RXRA_695",0,"down","Subject 3"
"PPARA_696",0,"down","Subject 3"
"ESRRG_697",0,"down","Subject 3"
"RXRB_698",0,"down","Subject 3"
"AL8445277_699",6.82315749056067,"down","Subject 3"
"AL6628245_700",6.82315749056067,"down","Subject 3"
"CR7597334_701",6.82315749056067,"down","Subject 3"
"CR3545653_702",6.82315749056067,"down","Subject 3"
"CR9368773_703",6.82315749056067,"down","Subject 3"
"TP63_704",0,"down","Subject 3"
"TP73_705",0,"down","Subject 3"
"TP53_706",0.942057490560675,"down","Subject 3"
"PAX8_707",0.895657490560675,"down","Subject 3"
"PAX1_708",5.49155749056067,"down","Subject 3"
"PAX5_709",11.3307574905607,"down","Subject 3"
"PAX9_710",3.16405749056067,"down","Subject 3"
"LCOR_711",0,"down","Subject 3"
"PROX1_712",0,"down","Subject 3"
"NFATC3_713",0,"down","Subject 3"
"NFKB2_714",27.0624574905607,"down","Subject 3"
"NFATC4_715",0,"down","Subject 3"
"NFATC2_716",0,"down","Subject 3"
"NFAT5_717",0,"down","Subject 3"
"RELB_718",17.3311574905607,"down","Subject 3"
"NFKB1_719",14.0535574905607,"down","Subject 3"
"NFATC1_720",0,"down","Subject 3"
"REL_721",19.2309574905607,"down","Subject 3"
"RELA_722",16.3061574905607,"down","Subject 3"
"RFX3_723",23.9677574905607,"down","Subject 3"
"RFX2_724",29.4407574905607,"down","Subject 3"
"RFX4_725",23.1015574905607,"down","Subject 3"
"RFX1_726",0.848557490560675,"down","Subject 3"
"RFX5_727",5.17105749056067,"down","Subject 3"
"RFX7_728",9.45335749056068,"down","Subject 3"
"RFX6_729",8.84295749056067,"down","Subject 3"
"RFX8_730",5.94605749056067,"down","Subject 3"
"RUNX3_731",0,"down","Subject 3"
"RUNX2_732",0,"down","Subject 3"
"RUNX1_733",0,"down","Subject 3"
"ENSG00000250096_734",0,"down","Subject 3"
"GMEB2_735",0.095057490560675,"down","Subject 3"
"AIRE_736",0,"down","Subject 3"
"GMEB1_737",7.48495749056067,"down","Subject 3"
"NFIX_738",0,"down","Subject 3"
"SMAD4_739",0,"down","Subject 3"
"NFIC_740",0,"down","Subject 3"
"NFIB_741",0,"down","Subject 3"
"NFIA_742",0,"down","Subject 3"
"SMAD3_743",0,"down","Subject 3"
"SMAD1_744",0,"down","Subject 3"
"SMAD2_745",0,"down","Subject 3"
"SOX8_746",0,"down","Subject 3"
"SOX30_747",0,"down","Subject 3"
"HMG20B_748",0,"down","Subject 3"
"CIC_749",0,"down","Subject 3"
"TCF7_750",0,"down","Subject 3"
"SOX10_751",0,"down","Subject 3"
"HBP1_752",0,"down","Subject 3"
"BBX_753",0,"down","Subject 3"
"SOX4_754",0,"down","Subject 3"
"SOX21_755",0,"down","Subject 3"
"SOX9_756",0,"down","Subject 3"
"SOX15_757",0,"down","Subject 3"
"SOX5_758",0,"down","Subject 3"
"SOX3_759",0,"down","Subject 3"
"LEF1_760",0,"down","Subject 3"
"SOX13_761",0,"down","Subject 3"
"TCF7L2_762",0,"down","Subject 3"
"TCF7L1_763",0,"down","Subject 3"
"SOX17_764",0,"down","Subject 3"
"SOX14_765",0,"down","Subject 3"
"SOX7_766",0,"down","Subject 3"
"SOX11_767",0,"down","Subject 3"
"SOX12_768",0,"down","Subject 3"
"SOX2_769",0,"down","Subject 3"
"SOX1_770",0,"down","Subject 3"
"SRY_771",0,"down","Subject 3"
"SOX18_772",0,"down","Subject 3"
"STAT1_773",0,"down","Subject 3"
"STAT5A_774",0,"down","Subject 3"
"STAT4_775",0,"down","Subject 3"
"STAT6_776",0,"down","Subject 3"
"STAT3_777",0,"down","Subject 3"
"STAT2_778",0,"down","Subject 3"
"STAT5B_779",0,"down","Subject 3"
"TBX21_780",0,"down","Subject 3"
"TBX5_781",0,"down","Subject 3"
"TBX15_782",0,"down","Subject 3"
"TBX2_783",0,"down","Subject 3"
"TBX4_784",0,"down","Subject 3"
"TBX3_785",0,"down","Subject 3"
"TBR1_786",0,"down","Subject 3"
"TBX19_787",0,"down","Subject 3"
"EOMES_788",0,"down","Subject 3"
"T_789",0,"down","Subject 3"
"TBX20_790",0,"down","Subject 3"
"TBX10_791",0,"down","Subject 3"
"TBX1_792",0,"down","Subject 3"
"TBP_793",0,"down","Subject 3"
"TBPL2_794",0,"down","Subject 3"
"TEAD3_795",0,"down","Subject 3"
"TEAD1_796",0,"down","Subject 3"
"TEAD4_797",0,"down","Subject 3"
"THAP1_798",0.078757490560675,"down","Subject 3"
"PRKRIR_799",0,"down","Subject 3"
"NFYC_800",18.0407574905607,"down","Subject 3"
"CBFB_801",0,"down","Subject 3"
"HLTF_802",0,"down","Subject 3"
"ENO1_803",0.104257490560675,"down","Subject 3"
"EP300_804",2.90355749056068,"down","Subject 3"
"NRF1_805",156.739157490561,"down","Subject 3"
"CEBPZ_806",11.3949574905607,"down","Subject 3"
"NFYB_807",30.4778574905607,"down","Subject 3"
"LMO2_808",11.6377574905607,"down","Subject 3"
"FUBP1_809",0,"down","Subject 3"
"SPZ1_810",42.1162574905607,"down","Subject 3"
"NR0B1_811",73.1966574905607,"down","Subject 3"
"BPTF_812",0,"down","Subject 3"
"PURA_813",203.016357490561,"down","Subject 3"
"TOPORS_814",0,"down","Subject 3"
"CPEB1_815",0,"down","Subject 3"
"ZBED1_816",3.40885749056068,"down","Subject 3"
"ZNF350_817",43.8857574905607,"down","Subject 3"
"LYL1_818",16.8083574905607,"down","Subject 3"
"SOHLH2_819",22.0706574905607,"down","Subject 3"
"NEUROD4_820",0,"down","Subject 3"
"NEUROD6_821",0,"down","Subject 3"
"TAL2_822",0,"down","Subject 3"
"C13orf38SOHLH2_823",22.0706574905607,"down","Subject 3"
"HIVEP3_824",10.4651574905607,"down","Subject 3"
"BCL11B_825",0,"down","Subject 3"
"KLF10_826",62.3254574905607,"down","Subject 3"
"YBX2_827",0,"down","Subject 3"
"CSDA_828",0,"down","Subject 3"
"FOXN3_829",0,"down","Subject 3"
"FOXD4_830",0,"down","Subject 3"
"FOXD4L1_831",0,"down","Subject 3"
"FOXD4L3_832",0,"down","Subject 3"
"FOXD4L5_833",0,"down","Subject 3"
"FOXD4L6_834",0,"down","Subject 3"
"NANOGP1_835",0,"down","Subject 3"
"AL7735441_836",0,"down","Subject 3"
"CR3882292_837",0,"down","Subject 3"
"AL6628334_838",0,"down","Subject 3"
"CR7598154_839",0,"down","Subject 3"
"BX0885802_840",0,"down","Subject 3"
"NR1D2_841",0,"down","Subject 3"
"MYF5_842",1.26355749056068,"down","Subject 3"
"ASCL1_843",0,"down","Subject 3"
"ATOH1_844",0,"down","Subject 3"
"NFE2L3_845",0,"down","Subject 3"
"KLF2_846",190.861757490561,"down","Subject 3"
"KLF11_847",233.488957490561,"down","Subject 3"
"ZFP42_848",16.5924574905607,"down","Subject 3"
"ZNF187_849",0,"down","Subject 3"
"ZFP161_850",137.821557490561,"down","Subject 3"
"ZNF75C_851",0,"down","Subject 3"
"DMRTC2_852",0,"down","Subject 3"
"FOXJ1_853",0,"down","Subject 3"
"FOXN2_854",0,"down","Subject 3"
"FOXL2_855",0,"down","Subject 3"
"FOXD4L4_856",0,"down","Subject 3"
"FOXD4L2_857",0,"down","Subject 3"
"TFCP2L1_858",11.5320574905607,"down","Subject 3"
"DUX1_859",0,"down","Subject 3"
"DUX3_860",0,"down","Subject 3"
"PBX4_861",0,"down","Subject 3"
"NKX62_862",0,"down","Subject 3"
"HOXA4_863",0,"down","Subject 3"
"CR8477943_864",0,"down","Subject 3"
"RORB_865",0,"down","Subject 3"
"SMAD5_866",321.764457490561,"down","Subject 3"
"SMAD9_867",0,"down","Subject 3"
"SOX6_868",0,"down","Subject 3"
"TBX18_869",0,"down","Subject 3"
"TBX22_870",0,"down","Subject 3"
"TFAP2B_1",0,"up","Subject 4"
"TFAP2D_2",0,"up","Subject 4"
"TFAP2C_3",0,"up","Subject 4"
"TFAP2E_4",0,"up","Subject 4"
"TFAP2A_5",0,"up","Subject 4"
"ARID3A_6",4.15595749056067,"up","Subject 4"
"ARID5B_7",1.90555749056068,"up","Subject 4"
"ARID3B_8",0.763957490560675,"up","Subject 4"
"ARID5A_9",2.63925749056068,"up","Subject 4"
"ARID3C_10",2.30365749056068,"up","Subject 4"
"ARID2_11",0,"up","Subject 4"
"HMGA1_12",0.826057490560675,"up","Subject 4"
"HMGA2_13",0,"up","Subject 4"
"MAX_14",0,"up","Subject 4"
"MLXIPL_15",0,"up","Subject 4"
"ARNTL2_16",0,"up","Subject 4"
"AHRR_17",0,"up","Subject 4"
"TFE3_18",0,"up","Subject 4"
"HES2_19",0,"up","Subject 4"
"MNT_20",0,"up","Subject 4"
"TCF3_21",0,"up","Subject 4"
"SREBF1_22",0,"up","Subject 4"
"TFAP4_23",0,"up","Subject 4"
"HIF1A_24",0,"up","Subject 4"
"TCFL5_25",0,"up","Subject 4"
"USF2_26",0,"up","Subject 4"
"TFEC_27",0,"up","Subject 4"
"AHR_28",0,"up","Subject 4"
"MLX_29",0,"up","Subject 4"
"MYF6_30",0,"up","Subject 4"
"SIM1_31",0,"up","Subject 4"
"TFEB_32",0,"up","Subject 4"
"HAND1_33",0,"up","Subject 4"
"HES1_34",0,"up","Subject 4"
"ID2_35",0,"up","Subject 4"
"EPAS1_36",0,"up","Subject 4"
"MYCL1_37",0,"up","Subject 4"
"ID3_38",0,"up","Subject 4"
"TCF21_39",0.112257490560675,"up","Subject 4"
"MXI1_40",0,"up","Subject 4"
"MYOG_41",0,"up","Subject 4"
"TWIST1_42",0,"up","Subject 4"
"NEUROG3_43",0.545457490560675,"up","Subject 4"
"BHLHE41_44",0,"up","Subject 4"
"BHLHE23_45",0.187857490560675,"up","Subject 4"
"TCF15_46",0,"up","Subject 4"
"ID1_47",0,"up","Subject 4"
"MYOD1_48",0,"up","Subject 4"
"NPAS1_49",0,"up","Subject 4"
"ARNTL_50",0,"up","Subject 4"
"BHLHE40_51",0,"up","Subject 4"
"MYCN_52",0,"up","Subject 4"
"CLOCK_53",0,"up","Subject 4"
"HEY2_54",0,"up","Subject 4"
"MYC_55",0,"up","Subject 4"
"TCF12_56",0,"up","Subject 4"
"ARNT_57",0,"up","Subject 4"
"FERD3L_58",0,"up","Subject 4"
"NPAS3_59",0,"up","Subject 4"
"USF1_60",0,"up","Subject 4"
"SIM2_61",0,"up","Subject 4"
"TAL1_62",1.63825749056068,"up","Subject 4"
"NEUROD1_63",0,"up","Subject 4"
"TCF23_64",0,"up","Subject 4"
"HEYL_65",0,"up","Subject 4"
"HAND2_66",0,"up","Subject 4"
"EBF1_67",0,"up","Subject 4"
"HEY1_68",0,"up","Subject 4"
"MESP1_69",0,"up","Subject 4"
"PTF1A_70",0,"up","Subject 4"
"ATOH8_71",0,"up","Subject 4"
"NPAS2_72",0,"up","Subject 4"
"NEUROD2_73",0,"up","Subject 4"
"NHLH1_74",0,"up","Subject 4"
"ID4_75",0,"up","Subject 4"
"ARNT2_76",0,"up","Subject 4"
"NPAS4_77",0,"up","Subject 4"
"MLXIP_78",0,"up","Subject 4"
"OLIG3_79",0.0211574905606752,"up","Subject 4"
"NHLH2_80",0,"up","Subject 4"
"NEUROG2_81",1.04645749056068,"up","Subject 4"
"MSC_82",0,"up","Subject 4"
"HES7_83",0,"up","Subject 4"
"ATOH7_84",0,"up","Subject 4"
"BHLHA15_85",0,"up","Subject 4"
"BHLHE22_86",0.527357490560675,"up","Subject 4"
"NEUROG1_87",0,"up","Subject 4"
"FIGLA_88",0,"up","Subject 4"
"ASCL2_89",0,"up","Subject 4"
"OLIG1_90",0,"up","Subject 4"
"MITF_91",0.316257490560675,"up","Subject 4"
"ENSG00000187728_92",0.112257490560675,"up","Subject 4"
"SCXB_93",0,"up","Subject 4"
"MESP2_94",0,"up","Subject 4"
"HES4_95",0,"up","Subject 4"
"SCXA_96",0,"up","Subject 4"
"TCF4_97",0,"up","Subject 4"
"HES5_98",0,"up","Subject 4"
"SREBF2_99",0,"up","Subject 4"
"OLIG2_100",5.74905606751663e-05,"up","Subject 4"
"TWIST2_101",0,"up","Subject 4"
"ENSG00000250811_102",0,"up","Subject 4"
"MGA_103",0,"up","Subject 4"
"CREB3L3_104",0,"up","Subject 4"
"FOSL2_105",8.79375749056067,"up","Subject 4"
"NFE2L1_106",1.23295749056068,"up","Subject 4"
"CEBPE_107",0,"up","Subject 4"
"CREM_108",0,"up","Subject 4"
"XBP1_109",0.112957490560675,"up","Subject 4"
"DBP_110",0,"up","Subject 4"
"CREB3_111",0,"up","Subject 4"
"HLF_112",0,"up","Subject 4"
"BACH2_113",5.56555749056067,"up","Subject 4"
"ATF2_114",0,"up","Subject 4"
"NFE2L2_115",0.264457490560675,"up","Subject 4"
"ATF6_116",0,"up","Subject 4"
"CREB1_117",0,"up","Subject 4"
"ATF1_118",0,"up","Subject 4"
"NFE2_119",0.742157490560675,"up","Subject 4"
"BATF3_120",0,"up","Subject 4"
"FOSB_121",9.16825749056068,"up","Subject 4"
"ATF4_122",0,"up","Subject 4"
"NRL_123",0.0418574905606751,"up","Subject 4"
"JUND_124",5.83715749056068,"up","Subject 4"
"JDP2_125",9.31695749056068,"up","Subject 4"
"CREB3L4_126",0,"up","Subject 4"
"CREB5_127",0,"up","Subject 4"
"CEBPG_128",0,"up","Subject 4"
"BATF_129",9.70065749056067,"up","Subject 4"
"BACH1_130",7.17585749056068,"up","Subject 4"
"CREB3L1_131",0,"up","Subject 4"
"ATF3_132",0,"up","Subject 4"
"NFIL3_133",0,"up","Subject 4"
"TEF_134",0.397957490560675,"up","Subject 4"
"CR7538031_135",0,"up","Subject 4"
"ATF5_136",0,"up","Subject 4"
"FOS_137",11.0863574905607,"up","Subject 4"
"ATF7_138",0,"up","Subject 4"
"JUNB_139",7.99925749056067,"up","Subject 4"
"CEBPB_140",0,"up","Subject 4"
"DDIT3_141",0,"up","Subject 4"
"FOSL1_142",9.27475749056067,"up","Subject 4"
"JUN_143",10.5666574905607,"up","Subject 4"
"MAF_144",0.506557490560675,"up","Subject 4"
"CREB3L2_145",0,"up","Subject 4"
"MAFA_146",0,"up","Subject 4"
"MAFF_147",1.48025749056068,"up","Subject 4"
"MAFG_148",0.470457490560675,"up","Subject 4"
"MAFK_149",1.24815749056068,"up","Subject 4"
"MAFB_150",1.72605749056068,"up","Subject 4"
"ATF6B_151",0,"up","Subject 4"
"CEBPD_152",0,"up","Subject 4"
"CR9257962_153",0,"up","Subject 4"
"AL6628286_154",0,"up","Subject 4"
"CEBPA_155",0,"up","Subject 4"
"ZEB1_157",0,"up","Subject 4"
"ZFX_158",0,"up","Subject 4"
"ZNF263_159",0,"up","Subject 4"
"HIVEP2_160",0,"up","Subject 4"
"SNAI2_161",0,"up","Subject 4"
"ZIC2_162",0,"up","Subject 4"
"PRDM1_163",1.31115749056068,"up","Subject 4"
"ZNF76_164",0,"up","Subject 4"
"KLF6_165",0,"up","Subject 4"
"ZFY_166",0,"up","Subject 4"
"GLI2_167",0,"up","Subject 4"
"REST_168",0,"up","Subject 4"
"MECOM_169",1.12905749056068,"up","Subject 4"
"HIVEP1_170",0,"up","Subject 4"
"MZF1_171",0,"up","Subject 4"
"PATZ1_172",0,"up","Subject 4"
"YY1_173",0,"up","Subject 4"
"KLF8_174",0,"up","Subject 4"
"KLF5_175",0,"up","Subject 4"
"ZNF423_176",0,"up","Subject 4"
"CTCF_177",0,"up","Subject 4"
"MAZ_178",0,"up","Subject 4"
"KLF1_179",0,"up","Subject 4"
"SP4_180",0,"up","Subject 4"
"ZKSCAN1_181",0,"up","Subject 4"
"GLI3_182",0,"up","Subject 4"
"GLIS3_183",0,"up","Subject 4"
"KLF3_184",0,"up","Subject 4"
"PRDM4_185",0,"up","Subject 4"
"GLI1_186",0,"up","Subject 4"
"BCL6_187",0,"up","Subject 4"
"ZBTB47_188",0.379457490560675,"up","Subject 4"
"KLF7_189",0,"up","Subject 4"
"PLAGL1_190",0,"up","Subject 4"
"KLF12_191",0,"up","Subject 4"
"KLF9_192",0,"up","Subject 4"
"ZNF410_193",0,"up","Subject 4"
"BCL11A_194",5.92465749056067,"up","Subject 4"
"EGR1_195",0,"up","Subject 4"
"EGR2_196",0,"up","Subject 4"
"IKZF4_197",0,"up","Subject 4"
"CTCFL_198",0,"up","Subject 4"
"SNAI1_199",0,"up","Subject 4"
"RREB1_200",0,"up","Subject 4"
"GLIS2_201",0,"up","Subject 4"
"ZNF384_202",0,"up","Subject 4"
"ZBTB1_203",0,"up","Subject 4"
"FEZF1_204",1.19465749056068,"up","Subject 4"
"KLF16_205",0,"up","Subject 4"
"ZSCAN10_206",0.541957490560675,"up","Subject 4"
"EGR4_207",0,"up","Subject 4"
"KLF4_208",0,"up","Subject 4"
"ZNF740_209",0,"up","Subject 4"
"ZIC5_210",0,"up","Subject 4"
"PRDM16_211",1.76155749056068,"up","Subject 4"
"OSR1_212",0,"up","Subject 4"
"ZIC1_213",0,"up","Subject 4"
"FEZF2_214",1.19465749056068,"up","Subject 4"
"ZIC3_215",0,"up","Subject 4"
"ZBTB7B_216",0,"up","Subject 4"
"ZNF333_217",0,"up","Subject 4"
"BCL6B_218",0.672157490560675,"up","Subject 4"
"ZNF75A_219",0,"up","Subject 4"
"GFI1_220",0.00525749056067515,"up","Subject 4"
"ZNF281_221",0,"up","Subject 4"
"ZNF148_222",0,"up","Subject 4"
"KLF15_223",0,"up","Subject 4"
"ZNF691_224",0,"up","Subject 4"
"ZNF589_225",0,"up","Subject 4"
"SP8_226",0,"up","Subject 4"
"OSR2_227",0,"up","Subject 4"
"GFI1B_228",0,"up","Subject 4"
"ZNF219_229",0,"up","Subject 4"
"ZNF202_230",0,"up","Subject 4"
"ZNF143_231",0,"up","Subject 4"
"SP2_232",0,"up","Subject 4"
"ZNF232_233",4.17875749056067,"up","Subject 4"
"E4F1_234",0,"up","Subject 4"
"ZBTB49_235",0,"up","Subject 4"
"HIC2_236",0,"up","Subject 4"
"ZNF32_237",0.790557490560675,"up","Subject 4"
"KLF13_238",0,"up","Subject 4"
"ZNF35_239",3.08195749056068,"up","Subject 4"
"ZNF282_240",0,"up","Subject 4"
"SP7_241",0,"up","Subject 4"
"SCRT1_242",0,"up","Subject 4"
"ZNF524_243",0,"up","Subject 4"
"ZNF274_244",0,"up","Subject 4"
"HINFP_245",0,"up","Subject 4"
"OVOL1_246",0.354157490560675,"up","Subject 4"
"SP3_247",0,"up","Subject 4"
"INSM1_248",0,"up","Subject 4"
"ZBTB4_249",0,"up","Subject 4"
"GLIS1_250",0,"up","Subject 4"
"KLF14_251",0,"up","Subject 4"
"ZIC4_252",0,"up","Subject 4"
"ZNF683_253",1.88875749056068,"up","Subject 4"
"HIC1_254",0,"up","Subject 4"
"ZBTB33_255",0,"up","Subject 4"
"ZNF354C_256",0,"up","Subject 4"
"ZNF713_257",0,"up","Subject 4"
"ZBTB7A_258",0,"up","Subject 4"
"EGR3_259",0,"up","Subject 4"
"ZNF238_260",0,"up","Subject 4"
"ZBTB42_261",0,"up","Subject 4"
"ZNF784_262",0,"up","Subject 4"
"ZSCAN4_263",1.73495749056068,"up","Subject 4"
"PLAG1_264",0,"up","Subject 4"
"ZBTB7C_265",0,"up","Subject 4"
"WT1_266",0,"up","Subject 4"
"SP1_267",0,"up","Subject 4"
"SNAI3_268",0.728057490560675,"up","Subject 4"
"ZBTB3_269",0,"up","Subject 4"
"IKZF1_270",0,"up","Subject 4"
"ZBTB6_271",0,"up","Subject 4"
"ZNF75D_272",0,"up","Subject 4"
"ZKSCAN4_273",0,"up","Subject 4"
"MTF1_274",0.0722574905606751,"up","Subject 4"
"SP6_275",0,"up","Subject 4"
"ZKSCAN3_276",0,"up","Subject 4"
"ZSCAN16_277",2.99225749056068,"up","Subject 4"
"ZNF652_278",0.379457490560675,"up","Subject 4"
"SP5_279",0,"up","Subject 4"
"ZBTB12_280",0,"up","Subject 4"
"AL8448538_281",0,"up","Subject 4"
"SCRT2_282",0,"up","Subject 4"
"SP9_283",0,"up","Subject 4"
"YY2_284",0,"up","Subject 4"
"CR7597843_285",0,"up","Subject 4"
"CR3882194_286",0,"up","Subject 4"
"AL66283413_287",0,"up","Subject 4"
"NFYA_288",0,"up","Subject 4"
"CENPB_289",0,"up","Subject 4"
"YBX1_290",0,"up","Subject 4"
"RBPJ_291",0,"up","Subject 4"
"CUX2_292",0,"up","Subject 4"
"ONECUT2_293",0,"up","Subject 4"
"CUX1_294",0.330757490560675,"up","Subject 4"
"ONECUT1_295",0,"up","Subject 4"
"ONECUT3_296",0.338757490560675,"up","Subject 4"
"LIN54_297",2.99925749056068,"up","Subject 4"
"CGBP_298",0,"up","Subject 4"
"KDM2B_299",0.0413574905606752,"up","Subject 4"
"MLL_300",0,"up","Subject 4"
"DNMT1_301",0,"up","Subject 4"
"TET1_302",0,"up","Subject 4"
"CXXC1_303",0,"up","Subject 4"
"DMRT3_304",1.22185749056068,"up","Subject 4"
"DMRT1_305",1.38645749056068,"up","Subject 4"
"DMRTA2_306",1.47235749056068,"up","Subject 4"
"DMRT2_307",1.25235749056068,"up","Subject 4"
"TFDP2_308",0,"up","Subject 4"
"TFDP3_309",0,"up","Subject 4"
"TFDP1_310",0,"up","Subject 4"
"E2F2_311",0,"up","Subject 4"
"E2F1_312",0,"up","Subject 4"
"E2F3_313",0,"up","Subject 4"
"E2F8_314",0,"up","Subject 4"
"E2F5_315",0,"up","Subject 4"
"E2F7_316",0,"up","Subject 4"
"E2F6_317",0,"up","Subject 4"
"E2F4_318",0,"up","Subject 4"
"BRCA1_319",3.03165749056068,"up","Subject 4"
"ETV1_320",0,"up","Subject 4"
"ETV7_321",10.0657574905607,"up","Subject 4"
"SPI1_322",8.00975749056068,"up","Subject 4"
"ELF4_323",2.07885749056068,"up","Subject 4"
"ETV2_324",12.8692574905607,"up","Subject 4"
"ERF_325",11.9526574905607,"up","Subject 4"
"ELF2_326",7.44165749056067,"up","Subject 4"
"ELK3_327",0,"up","Subject 4"
"ETV3_328",2.25875749056068,"up","Subject 4"
"ELF1_329",1.05685749056068,"up","Subject 4"
"SPDEF_330",2.46735749056068,"up","Subject 4"
"ELK1_331",0,"up","Subject 4"
"ETS1_332",4.35195749056067,"up","Subject 4"
"EHF_333",2.65565749056068,"up","Subject 4"
"ELF5_334",9.00245749056067,"up","Subject 4"
"ETV6_335",0,"up","Subject 4"
"SPIB_336",11.0453574905607,"up","Subject 4"
"FLI1_337",3.77915749056067,"up","Subject 4"
"GABPA_338",0.223857490560675,"up","Subject 4"
"ERG_339",9.26945749056067,"up","Subject 4"
"ETS2_340",2.31965749056068,"up","Subject 4"
"ELK4_341",0.597357490560675,"up","Subject 4"
"ELF3_342",3.22505749056067,"up","Subject 4"
"FEV_343",4.07955749056068,"up","Subject 4"
"SPIC_344",8.41845749056067,"up","Subject 4"
"ETV4_345",0,"up","Subject 4"
"ENSG00000235187_346",5.22205749056068,"up","Subject 4"
"ETV5_347",0,"up","Subject 4"
"FOXP3_348",11.2656574905607,"up","Subject 4"
"FOXC1_349",5.44695749056068,"up","Subject 4"
"FOXJ2_350",3.89005749056067,"up","Subject 4"
"FOXF1_351",5.46305749056067,"up","Subject 4"
"FOXM1_352",3.94345749056068,"up","Subject 4"
"FOXP1_353",8.60065749056067,"up","Subject 4"
"FOXO3_354",9.88525749056067,"up","Subject 4"
"FOXA2_355",6.27835749056067,"up","Subject 4"
"FOXP2_356",13.2311574905607,"up","Subject 4"
"FOXA1_357",11.0841574905607,"up","Subject 4"
"FOXP4_358",8.60065749056067,"up","Subject 4"
"FOXF2_359",4.46145749056067,"up","Subject 4"
"FOXK2_360",11.1397574905607,"up","Subject 4"
"FOXO1_361",8.60065749056067,"up","Subject 4"
"FOXH1_362",2.50825749056068,"up","Subject 4"
"FOXQ1_363",2.90545749056068,"up","Subject 4"
"FOXK1_364",14.0745574905607,"up","Subject 4"
"FOXI1_365",3.07005749056068,"up","Subject 4"
"FOXA3_366",6.12905749056068,"up","Subject 4"
"FOXB1_367",4.79425749056067,"up","Subject 4"
"FOXG1_368",8.60065749056067,"up","Subject 4"
"FOXL1_369",0.481257490560675,"up","Subject 4"
"FOXC2_370",2.90745749056068,"up","Subject 4"
"FOXE1_371",2.39595749056068,"up","Subject 4"
"FOXS1_372",5.70665749056067,"up","Subject 4"
"FOXO4_373",5.37095749056067,"up","Subject 4"
"FOXD2_374",6.17135749056068,"up","Subject 4"
"FOXI2_375",3.62435749056068,"up","Subject 4"
"FOXE3_376",9.88525749056067,"up","Subject 4"
"FOXD3_377",2.74395749056068,"up","Subject 4"
"FOXJ3_378",5.86915749056068,"up","Subject 4"
"FOXO6_379",1.89745749056068,"up","Subject 4"
"FOXB2_380",9.58005749056067,"up","Subject 4"
"KIAA0415_381",14.0745574905607,"up","Subject 4"
"FOXD1_382",9.88525749056067,"up","Subject 4"
"GATA1_383",0.224257490560675,"up","Subject 4"
"GATA3_384",1.24365749056068,"up","Subject 4"
"GATA5_385",0.570257490560675,"up","Subject 4"
"GATA4_386",1.80285749056068,"up","Subject 4"
"GATA6_387",1.01155749056068,"up","Subject 4"
"GATA2_388",1.39935749056068,"up","Subject 4"
"GCM2_389",0,"up","Subject 4"
"GCM1_390",0,"up","Subject 4"
"GRHL1_391",0,"up","Subject 4"
"TFCP2_392",0,"up","Subject 4"
"UBP1_393",0,"up","Subject 4"
"ARX_394",0,"up","Subject 4"
"HOXA11_395",0.133757490560675,"up","Subject 4"
"MEOX1_396",0,"up","Subject 4"
"DLX6_397",0,"up","Subject 4"
"ISL1_398",1.19645749056068,"up","Subject 4"
"HOXC8_399",0.325357490560675,"up","Subject 4"
"BARX2_400",1.22045749056068,"up","Subject 4"
"ALX4_401",0,"up","Subject 4"
"GSC2_402",0,"up","Subject 4"
"DLX3_403",0.656657490560675,"up","Subject 4"
"PITX1_404",0,"up","Subject 4"
"HOXA9_405",0,"up","Subject 4"
"LHX5_406",0.594557490560675,"up","Subject 4"
"SIX4_407",0.369657490560675,"up","Subject 4"
"VSX1_408",0.769357490560675,"up","Subject 4"
"RHOXF1_409",0,"up","Subject 4"
"CRX_410",0,"up","Subject 4"
"MEIS3_411",0,"up","Subject 4"
"DLX5_412",1.61335749056068,"up","Subject 4"
"HOXA1_413",0,"up","Subject 4"
"HOXA2_414",0,"up","Subject 4"
"HOXA3_415",0,"up","Subject 4"
"HOXA5_416",0,"up","Subject 4"
"HOXA6_417",0.106157490560675,"up","Subject 4"
"HOXA13_418",0,"up","Subject 4"
"EVX1_419",0.627057490560675,"up","Subject 4"
"NOBOX_420",1.47755749056068,"up","Subject 4"
"MEOX2_421",0.820457490560675,"up","Subject 4"
"LHX2_422",0.00185749056067508,"up","Subject 4"
"LHX6_423",2.99325749056068,"up","Subject 4"
"LHX3_424",0,"up","Subject 4"
"TLX1_425",0.433457490560675,"up","Subject 4"
"PITX3_426",0,"up","Subject 4"
"HOXB6_427",1.03065749056068,"up","Subject 4"
"HNF1B_428",0.946757490560675,"up","Subject 4"
"DLX4_429",0.149457490560675,"up","Subject 4"
"VTN_430",0,"up","Subject 4"
"PHOX2B_431",0.529457490560675,"up","Subject 4"
"NKX32_432",0.141857490560675,"up","Subject 4"
"NANOG_433",0.986757490560675,"up","Subject 4"
"IRX4_434",0,"up","Subject 4"
"CDX1_435",0.553057490560675,"up","Subject 4"
"TLX2_436",0,"up","Subject 4"
"OTX1_437",0,"up","Subject 4"
"DLX2_438",0.656657490560675,"up","Subject 4"
"VAX2_439",0,"up","Subject 4"
"PRRX1_440",0,"up","Subject 4"
"TGIF2_441",0.803557490560675,"up","Subject 4"
"VSX2_442",0,"up","Subject 4"
"NKX23_443",0.492557490560675,"up","Subject 4"
"HOXB8_444",1.80665749056068,"up","Subject 4"
"HOXB5_445",0.127257490560675,"up","Subject 4"
"HOXB7_446",1.97615749056068,"up","Subject 4"
"HOXB3_447",0.130757490560675,"up","Subject 4"
"HOXB1_448",0,"up","Subject 4"
"MSX2_449",0.502957490560675,"up","Subject 4"
"LHX4_450",0,"up","Subject 4"
"HOXA7_451",0,"up","Subject 4"
"HOXC13_452",0,"up","Subject 4"
"HOXC11_453",0,"up","Subject 4"
"HOXC12_454",0.640757490560675,"up","Subject 4"
"ESX1_455",0.813857490560675,"up","Subject 4"
"BARHL1_456",1.75385749056068,"up","Subject 4"
"NKX24_457",3.08155749056068,"up","Subject 4"
"NKX22_458",1.07805749056068,"up","Subject 4"
"SIX1_459",0,"up","Subject 4"
"HOXD1_460",1.16535749056068,"up","Subject 4"
"HOXD3_461",0,"up","Subject 4"
"HOXD9_462",0.758257490560675,"up","Subject 4"
"HOXD10_463",3.32405749056068,"up","Subject 4"
"HOXD11_464",0,"up","Subject 4"
"HOXD13_465",0,"up","Subject 4"
"MNX1_466",2.38875749056068,"up","Subject 4"
"CDX4_467",0.413757490560675,"up","Subject 4"
"BARX1_468",0.295857490560675,"up","Subject 4"
"LHX1_469",0.594557490560675,"up","Subject 4"
"GSC_470",0,"up","Subject 4"
"MEIS2_471",0.306457490560675,"up","Subject 4"
"RAX_472",1.02685749056068,"up","Subject 4"
"HNF1A_473",1.65095749056068,"up","Subject 4"
"EMX1_474",0,"up","Subject 4"
"NKX28_475",0,"up","Subject 4"
"NKX21_476",0,"up","Subject 4"
"ZFHX2_477",0,"up","Subject 4"
"HLX_478",0.629157490560675,"up","Subject 4"
"LMX1B_479",0,"up","Subject 4"
"SIX3_480",0.717357490560675,"up","Subject 4"
"LBX1_481",0,"up","Subject 4"
"PDX1_482",0,"up","Subject 4"
"ZFHX3_483",0.253357490560675,"up","Subject 4"
"BARHL2_484",0,"up","Subject 4"
"LHX9_485",0.418857490560675,"up","Subject 4"
"MEIS1_486",0.0887574905606751,"up","Subject 4"
"DLX1_487",0.590157490560675,"up","Subject 4"
"HMBOX1_488",0,"up","Subject 4"
"VAX1_489",0,"up","Subject 4"
"VENTX_490",0.342757490560675,"up","Subject 4"
"HHEX_491",0,"up","Subject 4"
"TGIF2LX_492",0.985357490560675,"up","Subject 4"
"ALX3_493",0,"up","Subject 4"
"HOXB13_494",0,"up","Subject 4"
"IRX6_495",0,"up","Subject 4"
"ISL2_496",1.23255749056068,"up","Subject 4"
"PKNOX1_497",0.0513574905606752,"up","Subject 4"
"LHX8_498",0.0374574905606752,"up","Subject 4"
"LMX1A_499",0,"up","Subject 4"
"EN1_500",0,"up","Subject 4"
"MSX1_501",1.67135749056068,"up","Subject 4"
"NKX61_502",1.16345749056068,"up","Subject 4"
"HESX1_503",1.48955749056068,"up","Subject 4"
"PITX2_504",0,"up","Subject 4"
"TLX3_505",0.433457490560675,"up","Subject 4"
"EN2_506",0.093057490560675,"up","Subject 4"
"UNCX_507",1.71445749056068,"up","Subject 4"
"GBX1_508",1.04835749056068,"up","Subject 4"
"NKX63_509",1.01585749056068,"up","Subject 4"
"ZHX1_510",0,"up","Subject 4"
"HDX_511",0.124357490560675,"up","Subject 4"
"PHOX2A_512",0.714457490560675,"up","Subject 4"
"PKNOX2_513",0,"up","Subject 4"
"CDX2_514",0.400457490560675,"up","Subject 4"
"OTX2_515",0,"up","Subject 4"
"DRGX_516",1.58025749056068,"up","Subject 4"
"NKX31_517",2.53425749056068,"up","Subject 4"
"PBX3_518",0,"up","Subject 4"
"PRRX2_519",0.418857490560675,"up","Subject 4"
"GBX2_520",0.967157490560675,"up","Subject 4"
"SHOX2_521",0.230957490560675,"up","Subject 4"
"GSX1_522",0,"up","Subject 4"
"HOXD4_523",0,"up","Subject 4"
"HOXD12_524",0.477957490560675,"up","Subject 4"
"EMX2_525",0.204357490560675,"up","Subject 4"
"IRX1_526",1.87935749056068,"up","Subject 4"
"IRX2_527",0.578257490560675,"up","Subject 4"
"SIX2_528",0,"up","Subject 4"
"HOXB9_529",0.142057490560675,"up","Subject 4"
"OTP_530",0.150557490560675,"up","Subject 4"
"AC0125311_531",0.914757490560675,"up","Subject 4"
"HOXB2_532",0,"up","Subject 4"
"RAX2_533",0.418857490560675,"up","Subject 4"
"EVX2_534",0.221357490560675,"up","Subject 4"
"PROP1_535",0.640657490560675,"up","Subject 4"
"ISX_536",0.418857490560675,"up","Subject 4"
"HOXD8_537",0,"up","Subject 4"
"TGIF2LY_538",0.985357490560675,"up","Subject 4"
"IRX5_539",0.299357490560675,"up","Subject 4"
"SIX5_540",0.226557490560675,"up","Subject 4"
"TGIF1_541",0.517457490560675,"up","Subject 4"
"IRX3_542",1.87935749056068,"up","Subject 4"
"LBX2_543",0,"up","Subject 4"
"NKX26_544",2.75725749056068,"up","Subject 4"
"ALX1_545",1.72945749056068,"up","Subject 4"
"GSX2_546",0.668857490560675,"up","Subject 4"
"HOXC9_547",0.210957490560675,"up","Subject 4"
"HOXC10_548",3.89355749056068,"up","Subject 4"
"HOXB4_549",0.313157490560675,"up","Subject 4"
"NKX25_550",0,"up","Subject 4"
"POU6F1_551",1.17605749056068,"up","Subject 4"
"SIX6_552",0.117757490560675,"up","Subject 4"
"MIXL1_553",0.538657490560675,"up","Subject 4"
"DBX2_554",0.884057490560675,"up","Subject 4"
"PBX1_555",0.624057490560675,"up","Subject 4"
"SHOX_556",0.418857490560675,"up","Subject 4"
"HMX3_557",2.42475749056068,"up","Subject 4"
"HMX2_558",2.56385749056068,"up","Subject 4"
"BSX_559",0.502957490560675,"up","Subject 4"
"DMBX1_560",0,"up","Subject 4"
"HOXC6_561",2.76685749056068,"up","Subject 4"
"HOXC5_562",0.332957490560675,"up","Subject 4"
"PBX2_563",1.34075749056068,"up","Subject 4"
"DUXA_564",0.266257490560675,"up","Subject 4"
"DPRX_565",0,"up","Subject 4"
"AL8454643_566",1.34075749056068,"up","Subject 4"
"NOTO_567",0,"up","Subject 4"
"HOMEZ_568",0,"up","Subject 4"
"HMX1_569",2.42345749056068,"up","Subject 4"
"ENSG00000215754_570",0.881757490560675,"up","Subject 4"
"ENSG00000217642_571",0.881757490560675,"up","Subject 4"
"ENSG00000224558_572",0.881757490560675,"up","Subject 4"
"BX2846861_573",1.34075749056068,"up","Subject 4"
"ENSG00000225958_574",0.881757490560675,"up","Subject 4"
"CR8124782_575",1.34075749056068,"up","Subject 4"
"ENSG00000226866_576",0.881757490560675,"up","Subject 4"
"AC2261502_577",1.60345749056068,"up","Subject 4"
"DUX4L5_578",0.881757490560675,"up","Subject 4"
"ENSG00000227522_579",0.881757490560675,"up","Subject 4"
"DUX4L2_580",0.881757490560675,"up","Subject 4"
"DUX4L3_581",0.881757490560675,"up","Subject 4"
"DUX4L6_582",0.881757490560675,"up","Subject 4"
"ENSG00000228710_583",0.881757490560675,"up","Subject 4"
"ENSG00000229544_584",0.0143574905606751,"up","Subject 4"
"CT4768282_585",0.881757490560675,"up","Subject 4"
"ENSG00000230380_586",0.881757490560675,"up","Subject 4"
"ENSG00000230776_587",0.881757490560675,"up","Subject 4"
"AL5921702_588",0.881757490560675,"up","Subject 4"
"BX9272396_589",1.34075749056068,"up","Subject 4"
"ENSG00000232923_590",0.881757490560675,"up","Subject 4"
"ENSG00000233294_591",0.881757490560675,"up","Subject 4"
"ENSG00000233361_592",0.881757490560675,"up","Subject 4"
"ENSG00000233698_593",0.881757490560675,"up","Subject 4"
"ENSG00000233794_594",0.881757490560675,"up","Subject 4"
"ENSG00000234254_595",0.334757490560675,"up","Subject 4"
"ENSG00000234550_596",0.881757490560675,"up","Subject 4"
"NKX11_597",0.255957490560675,"up","Subject 4"
"ENSG00000236207_598",0.881757490560675,"up","Subject 4"
"CR9338788_599",1.34075749056068,"up","Subject 4"
"AL6628305_600",1.34075749056068,"up","Subject 4"
"ENSG00000237516_601",0.881757490560675,"up","Subject 4"
"ENSG00000250589_602",0.881757490560675,"up","Subject 4"
"DUX4_603",0.881757490560675,"up","Subject 4"
"PAX6_604",0.647957490560675,"up","Subject 4"
"PAX7_605",2.07545749056068,"up","Subject 4"
"PAX2_606",0,"up","Subject 4"
"PAX4_607",0,"up","Subject 4"
"PAX3_608",0,"up","Subject 4"
"POU2F2_609",5.40315749056067,"up","Subject 4"
"POU1F1_610",2.19625749056068,"up","Subject 4"
"POU4F3_611",0.508257490560675,"up","Subject 4"
"POU6F2_612",0.237157490560675,"up","Subject 4"
"POU2F3_613",7.11575749056068,"up","Subject 4"
"POU2F1_614",4.56335749056067,"up","Subject 4"
"POU4F2_615",0.0132574905606752,"up","Subject 4"
"POU4F1_616",0.647957490560675,"up","Subject 4"
"POU3F2_617",0.0166574905606751,"up","Subject 4"
"POU3F1_618",0,"up","Subject 4"
"POU3F4_619",5.75565749056067,"up","Subject 4"
"POU3F3_620",7.23435749056067,"up","Subject 4"
"POU5F1_621",4.04115749056067,"up","Subject 4"
"POU5F1B_622",7.72825749056067,"up","Subject 4"
"HSF2_623",0,"up","Subject 4"
"HSF4_624",0,"up","Subject 4"
"HSFY2_625",0,"up","Subject 4"
"HSFY1_626",0,"up","Subject 4"
"HSF1_627",0,"up","Subject 4"
"IRF6_628",0,"up","Subject 4"
"IRF1_629",3.05025749056068,"up","Subject 4"
"IRF3_630",0.806557490560675,"up","Subject 4"
"IRF5_631",1.87575749056068,"up","Subject 4"
"IRF4_632",7.96395749056068,"up","Subject 4"
"IRF8_633",2.37645749056068,"up","Subject 4"
"IRF2_634",0.327957490560675,"up","Subject 4"
"IRF7_635",0.291557490560675,"up","Subject 4"
"IRF9_636",3.11615749056068,"up","Subject 4"
"NAIF1_637",0.167157490560675,"up","Subject 4"
"AC0021266_638",0,"up","Subject 4"
"MEF2A_639",0,"up","Subject 4"
"MEF2C_640",0,"up","Subject 4"
"SRF_641",0,"up","Subject 4"
"MEF2D_642",0,"up","Subject 4"
"MEF2B_643",0,"up","Subject 4"
"MBD2_644",0,"up","Subject 4"
"MECP2_645",0,"up","Subject 4"
"CDC5L_646",3.95445749056067,"up","Subject 4"
"MYBL2_647",0,"up","Subject 4"
"MYB_648",0,"up","Subject 4"
"TERF2_649",0,"up","Subject 4"
"SMARCC2_650",0,"up","Subject 4"
"SMARCC1_651",6.33215749056068,"up","Subject 4"
"MYPOP_652",0,"up","Subject 4"
"MYBL1_653",0,"up","Subject 4"
"C11orf9_654",0,"up","Subject 4"
"NR1H4_655",0,"up","Subject 4"
"NR1H3_656",0,"up","Subject 4"
"NR2E3_657",2.72405749056068,"up","Subject 4"
"RORA_658",2.05845749056068,"up","Subject 4"
"RARB_659",0,"up","Subject 4"
"PGR_660",0.161557490560675,"up","Subject 4"
"ESR1_661",0,"up","Subject 4"
"HNF4A_662",0,"up","Subject 4"
"VDR_663",0,"up","Subject 4"
"PPARD_664",0,"up","Subject 4"
"NR2E1_665",0,"up","Subject 4"
"NR3C1_666",0.843157490560675,"up","Subject 4"
"NR5A2_667",0,"up","Subject 4"
"NR4A3_668",0,"up","Subject 4"
"ESRRB_669",0,"up","Subject 4"
"NR2C1_670",0,"up","Subject 4"
"NR4A1_671",0,"up","Subject 4"
"THRA_672",0,"up","Subject 4"
"NR1D1_673",1.30945749056068,"up","Subject 4"
"NR1H2_674",0,"up","Subject 4"
"RARA_675",0,"up","Subject 4"
"PPARG_676",0,"up","Subject 4"
"NR5A1_677",0,"up","Subject 4"
"ESR2_678",0,"up","Subject 4"
"RXRG_679",0,"up","Subject 4"
"NR1I3_680",0,"up","Subject 4"
"RORC_681",1.68965749056068,"up","Subject 4"
"NR1I2_682",0,"up","Subject 4"
"NR6A1_683",0,"up","Subject 4"
"THRB_684",0,"up","Subject 4"
"NR3C2_685",2.44515749056068,"up","Subject 4"
"NR4A2_686",2.53825749056068,"up","Subject 4"
"NR2F6_687",0,"up","Subject 4"
"HNF4G_688",0,"up","Subject 4"
"AR_689",0,"up","Subject 4"
"RARG_690",0,"up","Subject 4"
"ESRRA_691",0,"up","Subject 4"
"NR2F1_692",0,"up","Subject 4"
"NR2C2_693",0,"up","Subject 4"
"NR2F2_694",0,"up","Subject 4"
"RXRA_695",0,"up","Subject 4"
"PPARA_696",0,"up","Subject 4"
"ESRRG_697",0,"up","Subject 4"
"RXRB_698",0,"up","Subject 4"
"AL8445277_699",0,"up","Subject 4"
"AL6628245_700",0,"up","Subject 4"
"CR7597334_701",0,"up","Subject 4"
"CR3545653_702",0,"up","Subject 4"
"CR9368773_703",0,"up","Subject 4"
"TP63_704",0,"up","Subject 4"
"TP73_705",0,"up","Subject 4"
"TP53_706",0,"up","Subject 4"
"PAX8_707",0,"up","Subject 4"
"PAX1_708",0,"up","Subject 4"
"PAX5_709",0,"up","Subject 4"
"PAX9_710",0,"up","Subject 4"
"LCOR_711",3.25565749056068,"up","Subject 4"
"PROX1_712",0,"up","Subject 4"
"NFATC3_713",0,"up","Subject 4"
"NFKB2_714",0,"up","Subject 4"
"NFATC4_715",0,"up","Subject 4"
"NFATC2_716",0,"up","Subject 4"
"NFAT5_717",0,"up","Subject 4"
"RELB_718",0,"up","Subject 4"
"NFKB1_719",0,"up","Subject 4"
"NFATC1_720",0,"up","Subject 4"
"REL_721",0,"up","Subject 4"
"RELA_722",0,"up","Subject 4"
"RFX3_723",0,"up","Subject 4"
"RFX2_724",0,"up","Subject 4"
"RFX4_725",0,"up","Subject 4"
"RFX1_726",0,"up","Subject 4"
"RFX5_727",0,"up","Subject 4"
"RFX7_728",0,"up","Subject 4"
"RFX6_729",0,"up","Subject 4"
"RFX8_730",0,"up","Subject 4"
"RUNX3_731",7.60695749056067,"up","Subject 4"
"RUNX2_732",9.41035749056067,"up","Subject 4"
"RUNX1_733",19.5257574905607,"up","Subject 4"
"ENSG00000250096_734",9.41035749056067,"up","Subject 4"
"GMEB2_735",0.0230574905606751,"up","Subject 4"
"AIRE_736",0.443957490560675,"up","Subject 4"
"GMEB1_737",0,"up","Subject 4"
"NFIX_738",0,"up","Subject 4"
"SMAD4_739",0,"up","Subject 4"
"NFIC_740",3.88865749056068,"up","Subject 4"
"NFIB_741",0,"up","Subject 4"
"NFIA_742",0,"up","Subject 4"
"SMAD3_743",0,"up","Subject 4"
"SMAD1_744",0.611357490560675,"up","Subject 4"
"SMAD2_745",0,"up","Subject 4"
"SOX8_746",0,"up","Subject 4"
"SOX30_747",1.32895749056068,"up","Subject 4"
"HMG20B_748",3.57455749056068,"up","Subject 4"
"CIC_749",1.48665749056068,"up","Subject 4"
"TCF7_750",0.104257490560675,"up","Subject 4"
"SOX10_751",7.52425749056068,"up","Subject 4"
"HBP1_752",0.911757490560675,"up","Subject 4"
"BBX_753",0,"up","Subject 4"
"SOX4_754",0.902457490560675,"up","Subject 4"
"SOX21_755",4.67155749056067,"up","Subject 4"
"SOX9_756",0.672657490560675,"up","Subject 4"
"SOX15_757",3.29285749056067,"up","Subject 4"
"SOX5_758",2.05505749056068,"up","Subject 4"
"SOX3_759",1.21595749056068,"up","Subject 4"
"LEF1_760",3.19915749056068,"up","Subject 4"
"SOX13_761",0.907157490560675,"up","Subject 4"
"TCF7L2_762",1.82605749056068,"up","Subject 4"
"TCF7L1_763",2.22815749056068,"up","Subject 4"
"SOX17_764",1.69435749056068,"up","Subject 4"
"SOX14_765",3.20655749056068,"up","Subject 4"
"SOX7_766",6.02955749056067,"up","Subject 4"
"SOX11_767",0.119657490560675,"up","Subject 4"
"SOX12_768",0.760157490560675,"up","Subject 4"
"SOX2_769",3.44345749056068,"up","Subject 4"
"SOX1_770",0,"up","Subject 4"
"SRY_771",4.43405749056067,"up","Subject 4"
"SOX18_772",3.72665749056068,"up","Subject 4"
"STAT1_773",0,"up","Subject 4"
"STAT5A_774",0,"up","Subject 4"
"STAT4_775",0,"up","Subject 4"
"STAT6_776",0.443857490560675,"up","Subject 4"
"STAT3_777",0,"up","Subject 4"
"STAT2_778",1.72425749056068,"up","Subject 4"
"STAT5B_779",0.00405749056067517,"up","Subject 4"
"TBX21_780",0,"up","Subject 4"
"TBX5_781",0,"up","Subject 4"
"TBX15_782",0,"up","Subject 4"
"TBX2_783",0,"up","Subject 4"
"TBX4_784",0,"up","Subject 4"
"TBX3_785",0,"up","Subject 4"
"TBR1_786",1.33825749056068,"up","Subject 4"
"TBX19_787",2.03325749056068,"up","Subject 4"
"EOMES_788",2.67755749056068,"up","Subject 4"
"T_789",0.0134574905606751,"up","Subject 4"
"TBX20_790",0,"up","Subject 4"
"TBX10_791",1.01665749056068,"up","Subject 4"
"TBX1_792",0,"up","Subject 4"
"TBP_793",3.43045749056067,"up","Subject 4"
"TBPL2_794",5.68715749056067,"up","Subject 4"
"TEAD3_795",0,"up","Subject 4"
"TEAD1_796",0,"up","Subject 4"
"TEAD4_797",0,"up","Subject 4"
"THAP1_798",0,"up","Subject 4"
"PRKRIR_799",0,"up","Subject 4"
"NFYC_800",0,"up","Subject 4"
"CBFB_801",10.3963574905607,"up","Subject 4"
"HLTF_802",0.00925749056067515,"up","Subject 4"
"ENO1_803",0,"up","Subject 4"
"EP300_804",0,"up","Subject 4"
"NRF1_805",0,"up","Subject 4"
"CEBPZ_806",0,"up","Subject 4"
"NFYB_807",0,"up","Subject 4"
"LMO2_808",0,"up","Subject 4"
"FUBP1_809",0.934857490560675,"up","Subject 4"
"SPZ1_810",0,"up","Subject 4"
"NR0B1_811",0,"up","Subject 4"
"BPTF_812",2.93605749056068,"up","Subject 4"
"PURA_813",0,"up","Subject 4"
"TOPORS_814",0,"up","Subject 4"
"CPEB1_815",0.556257490560675,"up","Subject 4"
"ZBED1_816",0,"up","Subject 4"
"ZNF350_817",0,"up","Subject 4"
"LYL1_818",0,"up","Subject 4"
"SOHLH2_819",0,"up","Subject 4"
"NEUROD4_820",0.694657490560675,"up","Subject 4"
"NEUROD6_821",0.694657490560675,"up","Subject 4"
"TAL2_822",1.63825749056068,"up","Subject 4"
"C13orf38SOHLH2_823",0,"up","Subject 4"
"HIVEP3_824",0,"up","Subject 4"
"BCL11B_825",5.92465749056067,"up","Subject 4"
"KLF10_826",0,"up","Subject 4"
"YBX2_827",0,"up","Subject 4"
"CSDA_828",0,"up","Subject 4"
"FOXN3_829",9.21365749056067,"up","Subject 4"
"FOXD4_830",11.7202574905607,"up","Subject 4"
"FOXD4L1_831",11.7202574905607,"up","Subject 4"
"FOXD4L3_832",11.2656574905607,"up","Subject 4"
"FOXD4L5_833",11.2656574905607,"up","Subject 4"
"FOXD4L6_834",11.2656574905607,"up","Subject 4"
"NANOGP1_835",0.268657490560675,"up","Subject 4"
"AL7735441_836",6.48925749056068,"up","Subject 4"
"CR3882292_837",6.48925749056068,"up","Subject 4"
"AL6628334_838",6.48925749056068,"up","Subject 4"
"CR7598154_839",6.48925749056068,"up","Subject 4"
"BX0885802_840",6.48925749056068,"up","Subject 4"
"NR1D2_841",1.69775749056068,"up","Subject 4"
"MYF5_842",0,"up","Subject 4"
"ASCL1_843",0,"up","Subject 4"
"ATOH1_844",0,"up","Subject 4"
"NFE2L3_845",1.23295749056068,"up","Subject 4"
"KLF2_846",0,"up","Subject 4"
"KLF11_847",0,"up","Subject 4"
"ZFP42_848",0,"up","Subject 4"
"ZNF187_849",1.03675749056068,"up","Subject 4"
"ZFP161_850",0,"up","Subject 4"
"ZNF75C_851",0,"up","Subject 4"
"DMRTC2_852",0.683957490560675,"up","Subject 4"
"FOXJ1_853",11.7202574905607,"up","Subject 4"
"FOXN2_854",9.21365749056067,"up","Subject 4"
"FOXL2_855",9.21365749056067,"up","Subject 4"
"FOXD4L4_856",11.2656574905607,"up","Subject 4"
"FOXD4L2_857",11.2656574905607,"up","Subject 4"
"TFCP2L1_858",0,"up","Subject 4"
"DUX1_859",0.881757490560675,"up","Subject 4"
"DUX3_860",0.881757490560675,"up","Subject 4"
"PBX4_861",0.459057490560675,"up","Subject 4"
"NKX62_862",1.55955749056068,"up","Subject 4"
"HOXA4_863",0.914757490560675,"up","Subject 4"
"CR8477943_864",6.48925749056068,"up","Subject 4"
"RORB_865",0.473657490560675,"up","Subject 4"
"SMAD5_866",0,"up","Subject 4"
"SMAD9_867",0,"up","Subject 4"
"SOX6_868",2.05505749056068,"up","Subject 4"
"TBX18_869",0,"up","Subject 4"
"TBX22_870",0,"up","Subject 4"
"TFAP2B_1",54.3130574905607,"down","Subject 4"
"TFAP2D_2",344.417957490561,"down","Subject 4"
"TFAP2C_3",40.3403574905607,"down","Subject 4"
"TFAP2E_4",17.3218574905607,"down","Subject 4"
"TFAP2A_5",59.6708574905607,"down","Subject 4"
"ARID3A_6",0,"down","Subject 4"
"ARID5B_7",0,"down","Subject 4"
"ARID3B_8",0,"down","Subject 4"
"ARID5A_9",0,"down","Subject 4"
"ARID3C_10",0,"down","Subject 4"
"ARID2_11",5.60145749056067,"down","Subject 4"
"HMGA1_12",0,"down","Subject 4"
"HMGA2_13",0,"down","Subject 4"
"MAX_14",25.7191574905607,"down","Subject 4"
"MLXIPL_15",16.6907574905607,"down","Subject 4"
"ARNTL2_16",23.5160574905607,"down","Subject 4"
"AHRR_17",16.5088574905607,"down","Subject 4"
"TFE3_18",23.9835574905607,"down","Subject 4"
"HES2_19",0,"down","Subject 4"
"MNT_20",4.37845749056067,"down","Subject 4"
"TCF3_21",0,"down","Subject 4"
"SREBF1_22",0,"down","Subject 4"
"TFAP4_23",0,"down","Subject 4"
"HIF1A_24",32.0009574905607,"down","Subject 4"
"TCFL5_25",55.6763574905607,"down","Subject 4"
"USF2_26",30.4160574905607,"down","Subject 4"
"TFEC_27",4.92515749056068,"down","Subject 4"
"AHR_28",16.5088574905607,"down","Subject 4"
"MLX_29",19.1231574905607,"down","Subject 4"
"MYF6_30",0,"down","Subject 4"
"SIM1_31",0.949557490560675,"down","Subject 4"
"TFEB_32",15.2821574905607,"down","Subject 4"
"HAND1_33",0,"down","Subject 4"
"HES1_34",31.3191574905607,"down","Subject 4"
"ID2_35",8.56445749056068,"down","Subject 4"
"EPAS1_36",3.40895749056068,"down","Subject 4"
"MYCL1_37",10.4677574905607,"down","Subject 4"
"ID3_38",0,"down","Subject 4"
"TCF21_39",0,"down","Subject 4"
"MXI1_40",17.9093574905607,"down","Subject 4"
"MYOG_41",0.242857490560675,"down","Subject 4"
"TWIST1_42",0,"down","Subject 4"
"NEUROG3_43",0,"down","Subject 4"
"BHLHE41_44",15.1463574905607,"down","Subject 4"
"BHLHE23_45",0,"down","Subject 4"
"TCF15_46",0,"down","Subject 4"
"ID1_47",8.56445749056068,"down","Subject 4"
"MYOD1_48",0,"down","Subject 4"
"NPAS1_49",0.949557490560675,"down","Subject 4"
"ARNTL_50",20.0559574905607,"down","Subject 4"
"BHLHE40_51",21.1891574905607,"down","Subject 4"
"MYCN_52",10.3593574905607,"down","Subject 4"
"CLOCK_53",0,"down","Subject 4"
"HEY2_54",6.86305749056068,"down","Subject 4"
"MYC_55",21.5333574905607,"down","Subject 4"
"TCF12_56",2.10275749056068,"down","Subject 4"
"ARNT_57",19.1276574905607,"down","Subject 4"
"FERD3L_58",0,"down","Subject 4"
"NPAS3_59",0.949557490560675,"down","Subject 4"
"USF1_60",25.8419574905607,"down","Subject 4"
"SIM2_61",0.949557490560675,"down","Subject 4"
"TAL1_62",0,"down","Subject 4"
"NEUROD1_63",1.82125749056068,"down","Subject 4"
"TCF23_64",0,"down","Subject 4"
"HEYL_65",3.46825749056068,"down","Subject 4"
"HAND2_66",0,"down","Subject 4"
"EBF1_67",14.5174574905607,"down","Subject 4"
"HEY1_68",8.82415749056067,"down","Subject 4"
"MESP1_69",0,"down","Subject 4"
"PTF1A_70",0,"down","Subject 4"
"ATOH8_71",0,"down","Subject 4"
"NPAS2_72",0,"down","Subject 4"
"NEUROD2_73",0,"down","Subject 4"
"NHLH1_74",8.65585749056067,"down","Subject 4"
"ID4_75",0,"down","Subject 4"
"ARNT2_76",51.0151574905607,"down","Subject 4"
"NPAS4_77",0,"down","Subject 4"
"MLXIP_78",0,"down","Subject 4"
"OLIG3_79",0,"down","Subject 4"
"NHLH2_80",0,"down","Subject 4"
"NEUROG2_81",0,"down","Subject 4"
"MSC_82",0,"down","Subject 4"
"HES7_83",0,"down","Subject 4"
"ATOH7_84",0,"down","Subject 4"
"BHLHA15_85",0,"down","Subject 4"
"BHLHE22_86",0,"down","Subject 4"
"NEUROG1_87",0,"down","Subject 4"
"FIGLA_88",0,"down","Subject 4"
"ASCL2_89",0,"down","Subject 4"
"OLIG1_90",0,"down","Subject 4"
"MITF_91",0,"down","Subject 4"
"ENSG00000187728_92",0,"down","Subject 4"
"SCXB_93",0,"down","Subject 4"
"MESP2_94",0,"down","Subject 4"
"HES4_95",41.9772574905607,"down","Subject 4"
"SCXA_96",0,"down","Subject 4"
"TCF4_97",0,"down","Subject 4"
"HES5_98",0,"down","Subject 4"
"SREBF2_99",0,"down","Subject 4"
"OLIG2_100",0,"down","Subject 4"
"TWIST2_101",0,"down","Subject 4"
"ENSG00000250811_102",0.949557490560675,"down","Subject 4"
"MGA_103",0,"down","Subject 4"
"CREB3L3_104",26.9990574905607,"down","Subject 4"
"FOSL2_105",0,"down","Subject 4"
"NFE2L1_106",0,"down","Subject 4"
"CEBPE_107",0,"down","Subject 4"
"CREM_108",11.6902574905607,"down","Subject 4"
"XBP1_109",2.80925749056068,"down","Subject 4"
"DBP_110",0,"down","Subject 4"
"CREB3_111",26.9990574905607,"down","Subject 4"
"HLF_112",0,"down","Subject 4"
"BACH2_113",0,"down","Subject 4"
"ATF2_114",1.24105749056068,"down","Subject 4"
"NFE2L2_115",0,"down","Subject 4"
"ATF6_116",43.5355574905607,"down","Subject 4"
"CREB1_117",51.5719574905607,"down","Subject 4"
"ATF1_118",39.4472574905607,"down","Subject 4"
"NFE2_119",0,"down","Subject 4"
"BATF3_120",3.90045749056068,"down","Subject 4"
"FOSB_121",0,"down","Subject 4"
"ATF4_122",0,"down","Subject 4"
"NRL_123",0,"down","Subject 4"
"JUND_124",0,"down","Subject 4"
"JDP2_125",0,"down","Subject 4"
"CREB3L4_126",26.9990574905607,"down","Subject 4"
"CREB5_127",13.3833574905607,"down","Subject 4"
"CEBPG_128",0,"down","Subject 4"
"BATF_129",0,"down","Subject 4"
"BACH1_130",0,"down","Subject 4"
"CREB3L1_131",5.13605749056067,"down","Subject 4"
"ATF3_132",62.4570574905607,"down","Subject 4"
"NFIL3_133",0,"down","Subject 4"
"TEF_134",0,"down","Subject 4"
"CR7538031_135",8.25685749056067,"down","Subject 4"
"ATF5_136",0,"down","Subject 4"
"FOS_137",0,"down","Subject 4"
"ATF7_138",19.8445574905607,"down","Subject 4"
"JUNB_139",0,"down","Subject 4"
"CEBPB_140",0,"down","Subject 4"
"DDIT3_141",0,"down","Subject 4"
"FOSL1_142",0,"down","Subject 4"
"JUN_143",0,"down","Subject 4"
"MAF_144",0,"down","Subject 4"
"CREB3L2_145",8.31915749056068,"down","Subject 4"
"MAFA_146",12.7410574905607,"down","Subject 4"
"MAFF_147",0,"down","Subject 4"
"MAFG_148",0,"down","Subject 4"
"MAFK_149",0,"down","Subject 4"
"MAFB_150",0,"down","Subject 4"
"ATF6B_151",8.25685749056067,"down","Subject 4"
"CEBPD_152",0,"down","Subject 4"
"CR9257962_153",8.25685749056067,"down","Subject 4"
"AL6628286_154",8.25685749056067,"down","Subject 4"
"CEBPA_155",0,"down","Subject 4"
"ZEB1_157",0,"down","Subject 4"
"ZFX_158",390.302357490561,"down","Subject 4"
"ZNF263_159",196.307657490561,"down","Subject 4"
"HIVEP2_160",20.3491574905607,"down","Subject 4"
"SNAI2_161",1.54425749056068,"down","Subject 4"
"ZIC2_162",6.09395749056067,"down","Subject 4"
"PRDM1_163",0,"down","Subject 4"
"ZNF76_164",9.58195749056067,"down","Subject 4"
"KLF6_165",284.651157490561,"down","Subject 4"
"ZFY_166",164.375457490561,"down","Subject 4"
"GLI2_167",7.50935749056067,"down","Subject 4"
"REST_168",12.3074574905607,"down","Subject 4"
"MECOM_169",0,"down","Subject 4"
"HIVEP1_170",1.39025749056068,"down","Subject 4"
"MZF1_171",9.42735749056068,"down","Subject 4"
"PATZ1_172",166.260557490561,"down","Subject 4"
"YY1_173",48.3010574905607,"down","Subject 4"
"KLF8_174",24.4124574905607,"down","Subject 4"
"KLF5_175",318.371257490561,"down","Subject 4"
"ZNF423_176",1.64935749056068,"down","Subject 4"
"CTCF_177",7.52865749056068,"down","Subject 4"
"MAZ_178",270.861257490561,"down","Subject 4"
"KLF1_179",25.6795574905607,"down","Subject 4"
"SP4_180",272.363057490561,"down","Subject 4"
"ZKSCAN1_181",0,"down","Subject 4"
"GLI3_182",0,"down","Subject 4"
"GLIS3_183",11.9356574905607,"down","Subject 4"
"KLF3_184",0,"down","Subject 4"
"PRDM4_185",0,"down","Subject 4"
"GLI1_186",1.80755749056068,"down","Subject 4"
"BCL6_187",0,"down","Subject 4"
"ZBTB47_188",0,"down","Subject 4"
"KLF7_189",332.510757490561,"down","Subject 4"
"PLAGL1_190",57.4442574905607,"down","Subject 4"
"KLF12_191",0,"down","Subject 4"
"KLF9_192",0,"down","Subject 4"
"ZNF410_193",0,"down","Subject 4"
"BCL11A_194",0,"down","Subject 4"
"EGR1_195",379.816757490561,"down","Subject 4"
"EGR2_196",154.787957490561,"down","Subject 4"
"IKZF4_197",0,"down","Subject 4"
"CTCFL_198",134.125057490561,"down","Subject 4"
"SNAI1_199",0.693357490560675,"down","Subject 4"
"RREB1_200",7.33245749056067,"down","Subject 4"
"GLIS2_201",78.7091574905607,"down","Subject 4"
"ZNF384_202",0,"down","Subject 4"
"ZBTB1_203",47.0692574905607,"down","Subject 4"
"FEZF1_204",0,"down","Subject 4"
"KLF16_205",277.042257490561,"down","Subject 4"
"ZSCAN10_206",3.61785749056068,"down","Subject 4"
"EGR4_207",118.454357490561,"down","Subject 4"
"KLF4_208",242.630557490561,"down","Subject 4"
"ZNF740_209",91.7115574905607,"down","Subject 4"
"ZIC5_210",61.3725574905607,"down","Subject 4"
"PRDM16_211",0,"down","Subject 4"
"OSR1_212",0,"down","Subject 4"
"ZIC1_213",12.4282574905607,"down","Subject 4"
"FEZF2_214",0,"down","Subject 4"
"ZIC3_215",4.55855749056068,"down","Subject 4"
"ZBTB7B_216",38.5063574905607,"down","Subject 4"
"ZNF333_217",0,"down","Subject 4"
"BCL6B_218",0,"down","Subject 4"
"ZNF75A_219",0,"down","Subject 4"
"GFI1_220",0,"down","Subject 4"
"ZNF281_221",50.1585574905607,"down","Subject 4"
"ZNF148_222",354.574857490561,"down","Subject 4"
"KLF15_223",252.747257490561,"down","Subject 4"
"ZNF691_224",0.794457490560675,"down","Subject 4"
"ZNF589_225",7.29665749056067,"down","Subject 4"
"SP8_226",201.266557490561,"down","Subject 4"
"OSR2_227",0,"down","Subject 4"
"GFI1B_228",0,"down","Subject 4"
"ZNF219_229",103.970957490561,"down","Subject 4"
"ZNF202_230",9.55825749056067,"down","Subject 4"
"ZNF143_231",6.66445749056067,"down","Subject 4"
"SP2_232",488.230157490561,"down","Subject 4"
"ZNF232_233",0,"down","Subject 4"
"E4F1_234",51.9937574905607,"down","Subject 4"
"ZBTB49_235",3.45675749056067,"down","Subject 4"
"HIC2_236",0,"down","Subject 4"
"ZNF32_237",0,"down","Subject 4"
"KLF13_238",59.0836574905607,"down","Subject 4"
"ZNF35_239",0,"down","Subject 4"
"ZNF282_240",0,"down","Subject 4"
"SP7_241",201.266557490561,"down","Subject 4"
"SCRT1_242",0,"down","Subject 4"
"ZNF524_243",15.2603574905607,"down","Subject 4"
"ZNF274_244",0,"down","Subject 4"
"HINFP_245",10.8505574905607,"down","Subject 4"
"OVOL1_246",0,"down","Subject 4"
"SP3_247",262.257157490561,"down","Subject 4"
"INSM1_248",39.8430574905607,"down","Subject 4"
"ZBTB4_249",31.5182574905607,"down","Subject 4"
"GLIS1_250",24.4672574905607,"down","Subject 4"
"KLF14_251",224.403957490561,"down","Subject 4"
"ZIC4_252",73.6503574905607,"down","Subject 4"
"ZNF683_253",0,"down","Subject 4"
"HIC1_254",4.87075749056067,"down","Subject 4"
"ZBTB33_255",60.3532574905607,"down","Subject 4"
"ZNF354C_256",0,"down","Subject 4"
"ZNF713_257",0,"down","Subject 4"
"ZBTB7A_258",475.372557490561,"down","Subject 4"
"EGR3_259",54.3647574905607,"down","Subject 4"
"ZNF238_260",0,"down","Subject 4"
"ZBTB42_261",0,"down","Subject 4"
"ZNF784_262",0,"down","Subject 4"
"ZSCAN4_263",0,"down","Subject 4"
"PLAG1_264",117.496557490561,"down","Subject 4"
"ZBTB7C_265",38.0543574905607,"down","Subject 4"
"WT1_266",451.977557490561,"down","Subject 4"
"SP1_267",432.721657490561,"down","Subject 4"
"SNAI3_268",0,"down","Subject 4"
"ZBTB3_269",0,"down","Subject 4"
"IKZF1_270",0,"down","Subject 4"
"ZBTB6_271",2.06605749056068,"down","Subject 4"
"ZNF75D_272",0,"down","Subject 4"
"ZKSCAN4_273",3.10985749056068,"down","Subject 4"
"MTF1_274",0,"down","Subject 4"
"SP6_275",338.692957490561,"down","Subject 4"
"ZKSCAN3_276",3.10985749056068,"down","Subject 4"
"ZSCAN16_277",0,"down","Subject 4"
"ZNF652_278",0,"down","Subject 4"
"SP5_279",338.692957490561,"down","Subject 4"
"ZBTB12_280",0,"down","Subject 4"
"AL8448538_281",0,"down","Subject 4"
"SCRT2_282",0,"down","Subject 4"
"SP9_283",201.266557490561,"down","Subject 4"
"YY2_284",37.6551574905607,"down","Subject 4"
"CR7597843_285",0,"down","Subject 4"
"CR3882194_286",0,"down","Subject 4"
"AL66283413_287",0,"down","Subject 4"
"NFYA_288",15.4535574905607,"down","Subject 4"
"CENPB_289",12.7042574905607,"down","Subject 4"
"YBX1_290",21.8931574905607,"down","Subject 4"
"RBPJ_291",0,"down","Subject 4"
"CUX2_292",0,"down","Subject 4"
"ONECUT2_293",0,"down","Subject 4"
"CUX1_294",0,"down","Subject 4"
"ONECUT1_295",0,"down","Subject 4"
"ONECUT3_296",0,"down","Subject 4"
"LIN54_297",0,"down","Subject 4"
"CGBP_298",10.2412574905607,"down","Subject 4"
"KDM2B_299",0,"down","Subject 4"
"MLL_300",46.1551574905607,"down","Subject 4"
"DNMT1_301",408.488957490561,"down","Subject 4"
"TET1_302",1.64235749056068,"down","Subject 4"
"CXXC1_303",11.1545574905607,"down","Subject 4"
"DMRT3_304",0,"down","Subject 4"
"DMRT1_305",0,"down","Subject 4"
"DMRTA2_306",0,"down","Subject 4"
"DMRT2_307",0,"down","Subject 4"
"TFDP2_308",53.3184574905607,"down","Subject 4"
"TFDP3_309",53.3184574905607,"down","Subject 4"
"TFDP1_310",53.3184574905607,"down","Subject 4"
"E2F2_311",12.5495574905607,"down","Subject 4"
"E2F1_312",7.22415749056067,"down","Subject 4"
"E2F3_313",0,"down","Subject 4"
"E2F8_314",0,"down","Subject 4"
"E2F5_315",28.8932574905607,"down","Subject 4"
"E2F7_316",0,"down","Subject 4"
"E2F6_317",166.455857490561,"down","Subject 4"
"E2F4_318",183.740457490561,"down","Subject 4"
"BRCA1_319",0,"down","Subject 4"
"ETV1_320",82.9196574905607,"down","Subject 4"
"ETV7_321",0.443757490560675,"down","Subject 4"
"SPI1_322",0,"down","Subject 4"
"ELF4_323",40.4510574905607,"down","Subject 4"
"ETV2_324",4.50745749056068,"down","Subject 4"
"ERF_325",38.0625574905607,"down","Subject 4"
"ELF2_326",9.84435749056068,"down","Subject 4"
"ELK3_327",74.0260574905607,"down","Subject 4"
"ETV3_328",61.3960574905607,"down","Subject 4"
"ELF1_329",111.189157490561,"down","Subject 4"
"SPDEF_330",17.2099574905607,"down","Subject 4"
"ELK1_331",82.5730574905607,"down","Subject 4"
"ETS1_332",52.7877574905607,"down","Subject 4"
"EHF_333",23.5459574905607,"down","Subject 4"
"ELF5_334",9.10395749056067,"down","Subject 4"
"ETV6_335",57.8627574905607,"down","Subject 4"
"SPIB_336",0,"down","Subject 4"
"FLI1_337",65.1754574905607,"down","Subject 4"
"GABPA_338",104.729957490561,"down","Subject 4"
"ERG_339",32.1384574905607,"down","Subject 4"
"ETS2_340",45.1828574905607,"down","Subject 4"
"ELK4_341",101.585057490561,"down","Subject 4"
"ELF3_342",11.5233574905607,"down","Subject 4"
"FEV_343",53.9071574905607,"down","Subject 4"
"SPIC_344",0,"down","Subject 4"
"ETV4_345",76.5708574905607,"down","Subject 4"
"ENSG00000235187_346",43.5624574905607,"down","Subject 4"
"ETV5_347",84.3654574905607,"down","Subject 4"
"FOXP3_348",0,"down","Subject 4"
"FOXC1_349",0,"down","Subject 4"
"FOXJ2_350",0,"down","Subject 4"
"FOXF1_351",0,"down","Subject 4"
"FOXM1_352",0,"down","Subject 4"
"FOXP1_353",0,"down","Subject 4"
"FOXO3_354",0,"down","Subject 4"
"FOXA2_355",0,"down","Subject 4"
"FOXP2_356",0,"down","Subject 4"
"FOXA1_357",0,"down","Subject 4"
"FOXP4_358",0,"down","Subject 4"
"FOXF2_359",0,"down","Subject 4"
"FOXK2_360",0,"down","Subject 4"
"FOXO1_361",0,"down","Subject 4"
"FOXH1_362",0,"down","Subject 4"
"FOXQ1_363",0,"down","Subject 4"
"FOXK1_364",0,"down","Subject 4"
"FOXI1_365",0,"down","Subject 4"
"FOXA3_366",0,"down","Subject 4"
"FOXB1_367",0,"down","Subject 4"
"FOXG1_368",0,"down","Subject 4"
"FOXL1_369",0,"down","Subject 4"
"FOXC2_370",0,"down","Subject 4"
"FOXE1_371",0,"down","Subject 4"
"FOXS1_372",0,"down","Subject 4"
"FOXO4_373",0,"down","Subject 4"
"FOXD2_374",0,"down","Subject 4"
"FOXI2_375",0,"down","Subject 4"
"FOXE3_376",0,"down","Subject 4"
"FOXD3_377",0,"down","Subject 4"
"FOXJ3_378",0,"down","Subject 4"
"FOXO6_379",0,"down","Subject 4"
"FOXB2_380",0,"down","Subject 4"
"KIAA0415_381",0,"down","Subject 4"
"FOXD1_382",0,"down","Subject 4"
"GATA1_383",0,"down","Subject 4"
"GATA3_384",0,"down","Subject 4"
"GATA5_385",0,"down","Subject 4"
"GATA4_386",0,"down","Subject 4"
"GATA6_387",0,"down","Subject 4"
"GATA2_388",0,"down","Subject 4"
"GCM2_389",5.36705749056067,"down","Subject 4"
"GCM1_390",0.0967574905606751,"down","Subject 4"
"GRHL1_391",0,"down","Subject 4"
"TFCP2_392",2.29525749056068,"down","Subject 4"
"UBP1_393",0,"down","Subject 4"
"ARX_394",0,"down","Subject 4"
"HOXA11_395",0,"down","Subject 4"
"MEOX1_396",0,"down","Subject 4"
"DLX6_397",0,"down","Subject 4"
"ISL1_398",0,"down","Subject 4"
"HOXC8_399",0,"down","Subject 4"
"BARX2_400",0,"down","Subject 4"
"ALX4_401",0,"down","Subject 4"
"GSC2_402",0,"down","Subject 4"
"DLX3_403",0,"down","Subject 4"
"PITX1_404",0,"down","Subject 4"
"HOXA9_405",0,"down","Subject 4"
"LHX5_406",0,"down","Subject 4"
"SIX4_407",0,"down","Subject 4"
"VSX1_408",0,"down","Subject 4"
"RHOXF1_409",0,"down","Subject 4"
"CRX_410",0,"down","Subject 4"
"MEIS3_411",0,"down","Subject 4"
"DLX5_412",0,"down","Subject 4"
"HOXA1_413",0,"down","Subject 4"
"HOXA2_414",0,"down","Subject 4"
"HOXA3_415",0,"down","Subject 4"
"HOXA5_416",0,"down","Subject 4"
"HOXA6_417",0,"down","Subject 4"
"HOXA13_418",0,"down","Subject 4"
"EVX1_419",0,"down","Subject 4"
"NOBOX_420",0,"down","Subject 4"
"MEOX2_421",0,"down","Subject 4"
"LHX2_422",0,"down","Subject 4"
"LHX6_423",0,"down","Subject 4"
"LHX3_424",0,"down","Subject 4"
"TLX1_425",2.43555749056068,"down","Subject 4"
"PITX3_426",0,"down","Subject 4"
"HOXB6_427",0,"down","Subject 4"
"HNF1B_428",0,"down","Subject 4"
"DLX4_429",0,"down","Subject 4"
"VTN_430",0,"down","Subject 4"
"PHOX2B_431",0,"down","Subject 4"
"NKX32_432",0,"down","Subject 4"
"NANOG_433",0,"down","Subject 4"
"IRX4_434",0,"down","Subject 4"
"CDX1_435",0,"down","Subject 4"
"TLX2_436",0,"down","Subject 4"
"OTX1_437",0,"down","Subject 4"
"DLX2_438",0,"down","Subject 4"
"VAX2_439",0,"down","Subject 4"
"PRRX1_440",0,"down","Subject 4"
"TGIF2_441",0,"down","Subject 4"
"VSX2_442",0,"down","Subject 4"
"NKX23_443",0,"down","Subject 4"
"HOXB8_444",0,"down","Subject 4"
"HOXB5_445",0,"down","Subject 4"
"HOXB7_446",0,"down","Subject 4"
"HOXB3_447",0,"down","Subject 4"
"HOXB1_448",0,"down","Subject 4"
"MSX2_449",0,"down","Subject 4"
"LHX4_450",0,"down","Subject 4"
"HOXA7_451",0,"down","Subject 4"
"HOXC13_452",0,"down","Subject 4"
"HOXC11_453",0,"down","Subject 4"
"HOXC12_454",0,"down","Subject 4"
"ESX1_455",0,"down","Subject 4"
"BARHL1_456",0,"down","Subject 4"
"NKX24_457",0,"down","Subject 4"
"NKX22_458",0,"down","Subject 4"
"SIX1_459",0,"down","Subject 4"
"HOXD1_460",0,"down","Subject 4"
"HOXD3_461",0,"down","Subject 4"
"HOXD9_462",0,"down","Subject 4"
"HOXD10_463",0,"down","Subject 4"
"HOXD11_464",0,"down","Subject 4"
"HOXD13_465",0,"down","Subject 4"
"MNX1_466",0,"down","Subject 4"
"CDX4_467",0,"down","Subject 4"
"BARX1_468",0,"down","Subject 4"
"LHX1_469",0,"down","Subject 4"
"GSC_470",0,"down","Subject 4"
"MEIS2_471",0,"down","Subject 4"
"RAX_472",0,"down","Subject 4"
"HNF1A_473",0,"down","Subject 4"
"EMX1_474",0,"down","Subject 4"
"NKX28_475",0,"down","Subject 4"
"NKX21_476",0,"down","Subject 4"
"ZFHX2_477",0,"down","Subject 4"
"HLX_478",0,"down","Subject 4"
"LMX1B_479",0,"down","Subject 4"
"SIX3_480",0,"down","Subject 4"
"LBX1_481",0,"down","Subject 4"
"PDX1_482",0,"down","Subject 4"
"ZFHX3_483",0,"down","Subject 4"
"BARHL2_484",0,"down","Subject 4"
"LHX9_485",0,"down","Subject 4"
"MEIS1_486",0,"down","Subject 4"
"DLX1_487",0,"down","Subject 4"
"HMBOX1_488",0,"down","Subject 4"
"VAX1_489",0,"down","Subject 4"
"VENTX_490",0,"down","Subject 4"
"HHEX_491",0,"down","Subject 4"
"TGIF2LX_492",0,"down","Subject 4"
"ALX3_493",0,"down","Subject 4"
"HOXB13_494",0,"down","Subject 4"
"IRX6_495",0,"down","Subject 4"
"ISL2_496",0,"down","Subject 4"
"PKNOX1_497",0,"down","Subject 4"
"LHX8_498",0,"down","Subject 4"
"LMX1A_499",0,"down","Subject 4"
"EN1_500",0,"down","Subject 4"
"MSX1_501",0,"down","Subject 4"
"NKX61_502",0,"down","Subject 4"
"HESX1_503",0,"down","Subject 4"
"PITX2_504",0,"down","Subject 4"
"TLX3_505",2.43555749056068,"down","Subject 4"
"EN2_506",0,"down","Subject 4"
"UNCX_507",0,"down","Subject 4"
"GBX1_508",0,"down","Subject 4"
"NKX63_509",0,"down","Subject 4"
"ZHX1_510",0,"down","Subject 4"
"HDX_511",0,"down","Subject 4"
"PHOX2A_512",0,"down","Subject 4"
"PKNOX2_513",0,"down","Subject 4"
"CDX2_514",0,"down","Subject 4"
"OTX2_515",0,"down","Subject 4"
"DRGX_516",0,"down","Subject 4"
"NKX31_517",0,"down","Subject 4"
"PBX3_518",34.6871574905607,"down","Subject 4"
"PRRX2_519",0,"down","Subject 4"
"GBX2_520",0,"down","Subject 4"
"SHOX2_521",0,"down","Subject 4"
"GSX1_522",0,"down","Subject 4"
"HOXD4_523",0,"down","Subject 4"
"HOXD12_524",0,"down","Subject 4"
"EMX2_525",0,"down","Subject 4"
"IRX1_526",0,"down","Subject 4"
"IRX2_527",0,"down","Subject 4"
"SIX2_528",0,"down","Subject 4"
"HOXB9_529",0,"down","Subject 4"
"OTP_530",0,"down","Subject 4"
"AC0125311_531",0,"down","Subject 4"
"HOXB2_532",0,"down","Subject 4"
"RAX2_533",0,"down","Subject 4"
"EVX2_534",0,"down","Subject 4"
"PROP1_535",0,"down","Subject 4"
"ISX_536",0,"down","Subject 4"
"HOXD8_537",0,"down","Subject 4"
"TGIF2LY_538",0,"down","Subject 4"
"IRX5_539",0,"down","Subject 4"
"SIX5_540",0,"down","Subject 4"
"TGIF1_541",0,"down","Subject 4"
"IRX3_542",0,"down","Subject 4"
"LBX2_543",0,"down","Subject 4"
"NKX26_544",0,"down","Subject 4"
"ALX1_545",0,"down","Subject 4"
"GSX2_546",0,"down","Subject 4"
"HOXC9_547",0,"down","Subject 4"
"HOXC10_548",0,"down","Subject 4"
"HOXB4_549",0,"down","Subject 4"
"NKX25_550",0,"down","Subject 4"
"POU6F1_551",0,"down","Subject 4"
"SIX6_552",0,"down","Subject 4"
"MIXL1_553",0,"down","Subject 4"
"DBX2_554",0,"down","Subject 4"
"PBX1_555",0,"down","Subject 4"
"SHOX_556",0,"down","Subject 4"
"HMX3_557",0,"down","Subject 4"
"HMX2_558",0,"down","Subject 4"
"BSX_559",0,"down","Subject 4"
"DMBX1_560",0,"down","Subject 4"
"HOXC6_561",0,"down","Subject 4"
"HOXC5_562",0,"down","Subject 4"
"PBX2_563",0,"down","Subject 4"
"DUXA_564",0,"down","Subject 4"
"DPRX_565",0,"down","Subject 4"
"AL8454643_566",0,"down","Subject 4"
"NOTO_567",0,"down","Subject 4"
"HOMEZ_568",0,"down","Subject 4"
"HMX1_569",0,"down","Subject 4"
"ENSG00000215754_570",0,"down","Subject 4"
"ENSG00000217642_571",0,"down","Subject 4"
"ENSG00000224558_572",0,"down","Subject 4"
"BX2846861_573",0,"down","Subject 4"
"ENSG00000225958_574",0,"down","Subject 4"
"CR8124782_575",0,"down","Subject 4"
"ENSG00000226866_576",0,"down","Subject 4"
"AC2261502_577",0,"down","Subject 4"
"DUX4L5_578",0,"down","Subject 4"
"ENSG00000227522_579",0,"down","Subject 4"
"DUX4L2_580",0,"down","Subject 4"
"DUX4L3_581",0,"down","Subject 4"
"DUX4L6_582",0,"down","Subject 4"
"ENSG00000228710_583",0,"down","Subject 4"
"ENSG00000229544_584",0,"down","Subject 4"
"CT4768282_585",0,"down","Subject 4"
"ENSG00000230380_586",0,"down","Subject 4"
"ENSG00000230776_587",0,"down","Subject 4"
"AL5921702_588",0,"down","Subject 4"
"BX9272396_589",0,"down","Subject 4"
"ENSG00000232923_590",0,"down","Subject 4"
"ENSG00000233294_591",0,"down","Subject 4"
"ENSG00000233361_592",0,"down","Subject 4"
"ENSG00000233698_593",0,"down","Subject 4"
"ENSG00000233794_594",0,"down","Subject 4"
"ENSG00000234254_595",0,"down","Subject 4"
"ENSG00000234550_596",0,"down","Subject 4"
"NKX11_597",0,"down","Subject 4"
"ENSG00000236207_598",0,"down","Subject 4"
"CR9338788_599",0,"down","Subject 4"
"AL6628305_600",0,"down","Subject 4"
"ENSG00000237516_601",0,"down","Subject 4"
"ENSG00000250589_602",0,"down","Subject 4"
"DUX4_603",0,"down","Subject 4"
"PAX6_604",0,"down","Subject 4"
"PAX7_605",0,"down","Subject 4"
"PAX2_606",0,"down","Subject 4"
"PAX4_607",0,"down","Subject 4"
"PAX3_608",3.57795749056067,"down","Subject 4"
"POU2F2_609",0,"down","Subject 4"
"POU1F1_610",0,"down","Subject 4"
"POU4F3_611",0,"down","Subject 4"
"POU6F2_612",0,"down","Subject 4"
"POU2F3_613",0,"down","Subject 4"
"POU2F1_614",0,"down","Subject 4"
"POU4F2_615",0,"down","Subject 4"
"POU4F1_616",0,"down","Subject 4"
"POU3F2_617",0,"down","Subject 4"
"POU3F1_618",0,"down","Subject 4"
"POU3F4_619",0,"down","Subject 4"
"POU3F3_620",0,"down","Subject 4"
"POU5F1_621",0,"down","Subject 4"
"POU5F1B_622",0,"down","Subject 4"
"HSF2_623",0,"down","Subject 4"
"HSF4_624",0,"down","Subject 4"
"HSFY2_625",0,"down","Subject 4"
"HSFY1_626",0,"down","Subject 4"
"HSF1_627",0,"down","Subject 4"
"IRF6_628",2.02385749056068,"down","Subject 4"
"IRF1_629",0,"down","Subject 4"
"IRF3_630",0,"down","Subject 4"
"IRF5_631",0,"down","Subject 4"
"IRF4_632",0,"down","Subject 4"
"IRF8_633",0,"down","Subject 4"
"IRF2_634",0,"down","Subject 4"
"IRF7_635",0,"down","Subject 4"
"IRF9_636",0,"down","Subject 4"
"NAIF1_637",0,"down","Subject 4"
"AC0021266_638",0,"down","Subject 4"
"MEF2A_639",0,"down","Subject 4"
"MEF2C_640",0,"down","Subject 4"
"SRF_641",0,"down","Subject 4"
"MEF2D_642",0,"down","Subject 4"
"MEF2B_643",0,"down","Subject 4"
"MBD2_644",301.414657490561,"down","Subject 4"
"MECP2_645",175.051957490561,"down","Subject 4"
"CDC5L_646",0,"down","Subject 4"
"MYBL2_647",0,"down","Subject 4"
"MYB_648",0,"down","Subject 4"
"TERF2_649",0,"down","Subject 4"
"SMARCC2_650",18.8093574905607,"down","Subject 4"
"SMARCC1_651",0,"down","Subject 4"
"MYPOP_652",1.83465749056068,"down","Subject 4"
"MYBL1_653",0,"down","Subject 4"
"C11orf9_654",0,"down","Subject 4"
"NR1H4_655",0,"down","Subject 4"
"NR1H3_656",0,"down","Subject 4"
"NR2E3_657",0,"down","Subject 4"
"RORA_658",0,"down","Subject 4"
"RARB_659",0,"down","Subject 4"
"PGR_660",0,"down","Subject 4"
"ESR1_661",3.22375749056068,"down","Subject 4"
"HNF4A_662",0,"down","Subject 4"
"VDR_663",0,"down","Subject 4"
"PPARD_664",0,"down","Subject 4"
"NR2E1_665",0,"down","Subject 4"
"NR3C1_666",0,"down","Subject 4"
"NR5A2_667",0,"down","Subject 4"
"NR4A3_668",0,"down","Subject 4"
"ESRRB_669",0,"down","Subject 4"
"NR2C1_670",0,"down","Subject 4"
"NR4A1_671",0,"down","Subject 4"
"THRA_672",0,"down","Subject 4"
"NR1D1_673",0,"down","Subject 4"
"NR1H2_674",0,"down","Subject 4"
"RARA_675",0,"down","Subject 4"
"PPARG_676",0,"down","Subject 4"
"NR5A1_677",0,"down","Subject 4"
"ESR2_678",0,"down","Subject 4"
"RXRG_679",0,"down","Subject 4"
"NR1I3_680",0,"down","Subject 4"
"RORC_681",0,"down","Subject 4"
"NR1I2_682",0,"down","Subject 4"
"NR6A1_683",0,"down","Subject 4"
"THRB_684",0,"down","Subject 4"
"NR3C2_685",0,"down","Subject 4"
"NR4A2_686",0,"down","Subject 4"
"NR2F6_687",0,"down","Subject 4"
"HNF4G_688",0,"down","Subject 4"
"AR_689",0,"down","Subject 4"
"RARG_690",2.34925749056068,"down","Subject 4"
"ESRRA_691",0,"down","Subject 4"
"NR2F1_692",0,"down","Subject 4"
"NR2C2_693",65.7312574905607,"down","Subject 4"
"NR2F2_694",0,"down","Subject 4"
"RXRA_695",0,"down","Subject 4"
"PPARA_696",0,"down","Subject 4"
"ESRRG_697",0,"down","Subject 4"
"RXRB_698",0,"down","Subject 4"
"AL8445277_699",3.39785749056068,"down","Subject 4"
"AL6628245_700",3.39785749056068,"down","Subject 4"
"CR7597334_701",3.39785749056068,"down","Subject 4"
"CR3545653_702",3.39785749056068,"down","Subject 4"
"CR9368773_703",3.39785749056068,"down","Subject 4"
"TP63_704",0,"down","Subject 4"
"TP73_705",0,"down","Subject 4"
"TP53_706",3.05795749056068,"down","Subject 4"
"PAX8_707",0,"down","Subject 4"
"PAX1_708",2.47395749056068,"down","Subject 4"
"PAX5_709",8.32535749056068,"down","Subject 4"
"PAX9_710",0.174757490560675,"down","Subject 4"
"LCOR_711",0,"down","Subject 4"
"PROX1_712",0,"down","Subject 4"
"NFATC3_713",0,"down","Subject 4"
"NFKB2_714",19.0658574905607,"down","Subject 4"
"NFATC4_715",0,"down","Subject 4"
"NFATC2_716",0,"down","Subject 4"
"NFAT5_717",0,"down","Subject 4"
"RELB_718",8.90905749056068,"down","Subject 4"
"NFKB1_719",3.94085749056068,"down","Subject 4"
"NFATC1_720",0,"down","Subject 4"
"REL_721",8.50185749056067,"down","Subject 4"
"RELA_722",5.90865749056067,"down","Subject 4"
"RFX3_723",20.4489574905607,"down","Subject 4"
"RFX2_724",19.7971574905607,"down","Subject 4"
"RFX4_725",14.8520574905607,"down","Subject 4"
"RFX1_726",0,"down","Subject 4"
"RFX5_727",6.87035749056068,"down","Subject 4"
"RFX7_728",5.47785749056067,"down","Subject 4"
"RFX6_729",3.38965749056067,"down","Subject 4"
"RFX8_730",5.09255749056067,"down","Subject 4"
"RUNX3_731",0,"down","Subject 4"
"RUNX2_732",0,"down","Subject 4"
"RUNX1_733",0,"down","Subject 4"
"ENSG00000250096_734",0,"down","Subject 4"
"GMEB2_735",0,"down","Subject 4"
"AIRE_736",0,"down","Subject 4"
"GMEB1_737",6.89905749056067,"down","Subject 4"
"NFIX_738",0,"down","Subject 4"
"SMAD4_739",0,"down","Subject 4"
"NFIC_740",0,"down","Subject 4"
"NFIB_741",0,"down","Subject 4"
"NFIA_742",0,"down","Subject 4"
"SMAD3_743",0,"down","Subject 4"
"SMAD1_744",0,"down","Subject 4"
"SMAD2_745",0,"down","Subject 4"
"SOX8_746",0,"down","Subject 4"
"SOX30_747",0,"down","Subject 4"
"HMG20B_748",0,"down","Subject 4"
"CIC_749",0,"down","Subject 4"
"TCF7_750",0,"down","Subject 4"
"SOX10_751",0,"down","Subject 4"
"HBP1_752",0,"down","Subject 4"
"BBX_753",0,"down","Subject 4"
"SOX4_754",0,"down","Subject 4"
"SOX21_755",0,"down","Subject 4"
"SOX9_756",0,"down","Subject 4"
"SOX15_757",0,"down","Subject 4"
"SOX5_758",0,"down","Subject 4"
"SOX3_759",0,"down","Subject 4"
"LEF1_760",0,"down","Subject 4"
"SOX13_761",0,"down","Subject 4"
"TCF7L2_762",0,"down","Subject 4"
"TCF7L1_763",0,"down","Subject 4"
"SOX17_764",0,"down","Subject 4"
"SOX14_765",0,"down","Subject 4"
"SOX7_766",0,"down","Subject 4"
"SOX11_767",0,"down","Subject 4"
"SOX12_768",0,"down","Subject 4"
"SOX2_769",0,"down","Subject 4"
"SOX1_770",0,"down","Subject 4"
"SRY_771",0,"down","Subject 4"
"SOX18_772",0,"down","Subject 4"
"STAT1_773",0,"down","Subject 4"
"STAT5A_774",0,"down","Subject 4"
"STAT4_775",0,"down","Subject 4"
"STAT6_776",0,"down","Subject 4"
"STAT3_777",0,"down","Subject 4"
"STAT2_778",0,"down","Subject 4"
"STAT5B_779",0,"down","Subject 4"
"TBX21_780",0,"down","Subject 4"
"TBX5_781",0,"down","Subject 4"
"TBX15_782",0,"down","Subject 4"
"TBX2_783",0,"down","Subject 4"
"TBX4_784",0,"down","Subject 4"
"TBX3_785",0,"down","Subject 4"
"TBR1_786",0,"down","Subject 4"
"TBX19_787",0,"down","Subject 4"
"EOMES_788",0,"down","Subject 4"
"T_789",0,"down","Subject 4"
"TBX20_790",0,"down","Subject 4"
"TBX10_791",0,"down","Subject 4"
"TBX1_792",0,"down","Subject 4"
"TBP_793",0,"down","Subject 4"
"TBPL2_794",0,"down","Subject 4"
"TEAD3_795",0,"down","Subject 4"
"TEAD1_796",0,"down","Subject 4"
"TEAD4_797",0,"down","Subject 4"
"THAP1_798",0.399157490560675,"down","Subject 4"
"PRKRIR_799",0,"down","Subject 4"
"NFYC_800",16.9933574905607,"down","Subject 4"
"CBFB_801",0,"down","Subject 4"
"HLTF_802",0,"down","Subject 4"
"ENO1_803",0.951557490560675,"down","Subject 4"
"EP300_804",2.76275749056068,"down","Subject 4"
"NRF1_805",143.818557490561,"down","Subject 4"
"CEBPZ_806",9.28865749056068,"down","Subject 4"
"NFYB_807",27.7548574905607,"down","Subject 4"
"LMO2_808",10.6586574905607,"down","Subject 4"
"FUBP1_809",0,"down","Subject 4"
"SPZ1_810",37.2485574905607,"down","Subject 4"
"NR0B1_811",80.3440574905607,"down","Subject 4"
"BPTF_812",0,"down","Subject 4"
"PURA_813",216.315057490561,"down","Subject 4"
"TOPORS_814",0,"down","Subject 4"
"CPEB1_815",0,"down","Subject 4"
"ZBED1_816",2.27255749056068,"down","Subject 4"
"ZNF350_817",51.2211574905607,"down","Subject 4"
"LYL1_818",8.65585749056067,"down","Subject 4"
"SOHLH2_819",25.6305574905607,"down","Subject 4"
"NEUROD4_820",0,"down","Subject 4"
"NEUROD6_821",0,"down","Subject 4"
"TAL2_822",0,"down","Subject 4"
"C13orf38SOHLH2_823",25.6305574905607,"down","Subject 4"
"HIVEP3_824",1.39025749056068,"down","Subject 4"
"BCL11B_825",0,"down","Subject 4"
"KLF10_826",59.0836574905607,"down","Subject 4"
"YBX2_827",0,"down","Subject 4"
"CSDA_828",0,"down","Subject 4"
"FOXN3_829",0,"down","Subject 4"
"FOXD4_830",0,"down","Subject 4"
"FOXD4L1_831",0,"down","Subject 4"
"FOXD4L3_832",0,"down","Subject 4"
"FOXD4L5_833",0,"down","Subject 4"
"FOXD4L6_834",0,"down","Subject 4"
"NANOGP1_835",0,"down","Subject 4"
"AL7735441_836",0,"down","Subject 4"
"CR3882292_837",0,"down","Subject 4"
"AL6628334_838",0,"down","Subject 4"
"CR7598154_839",0,"down","Subject 4"
"BX0885802_840",0,"down","Subject 4"
"NR1D2_841",0,"down","Subject 4"
"MYF5_842",0.0920574905606751,"down","Subject 4"
"ASCL1_843",0,"down","Subject 4"
"ATOH1_844",0,"down","Subject 4"
"NFE2L3_845",0,"down","Subject 4"
"KLF2_846",208.893857490561,"down","Subject 4"
"KLF11_847",224.403957490561,"down","Subject 4"
"ZFP42_848",16.2077574905607,"down","Subject 4"
"ZNF187_849",0,"down","Subject 4"
"ZFP161_850",160.504257490561,"down","Subject 4"
"ZNF75C_851",0,"down","Subject 4"
"DMRTC2_852",0,"down","Subject 4"
"FOXJ1_853",0,"down","Subject 4"
"FOXN2_854",0,"down","Subject 4"
"FOXL2_855",0,"down","Subject 4"
"FOXD4L4_856",0,"down","Subject 4"
"FOXD4L2_857",0,"down","Subject 4"
"TFCP2L1_858",12.6152574905607,"down","Subject 4"
"DUX1_859",0,"down","Subject 4"
"DUX3_860",0,"down","Subject 4"
"PBX4_861",0,"down","Subject 4"
"NKX62_862",0,"down","Subject 4"
"HOXA4_863",0,"down","Subject 4"
"CR8477943_864",0,"down","Subject 4"
"RORB_865",0,"down","Subject 4"
"SMAD5_866",380.274557490561,"down","Subject 4"
"SMAD9_867",0,"down","Subject 4"
"SOX6_868",0,"down","Subject 4"
"TBX18_869",0,"down","Subject 4"
"TBX22_870",0,"down","Subject 4"
"TFAP2B_1",0,"up","All four donors"
"TFAP2D_2",0,"up","All four donors"
"TFAP2C_3",0,"up","All four donors"
"TFAP2E_4",0,"up","All four donors"
"TFAP2A_5",0,"up","All four donors"
"ARID3A_6",3.27385749056068,"up","All four donors"
"ARID5B_7",3.82865749056067,"up","All four donors"
"ARID3B_8",1.15445749056068,"up","All four donors"
"ARID5A_9",1.40245749056068,"up","All four donors"
"ARID3C_10",3.84845749056067,"up","All four donors"
"ARID2_11",0,"up","All four donors"
"HMGA1_12",0.0685574905606751,"up","All four donors"
"HMGA2_13",0,"up","All four donors"
"MAX_14",0,"up","All four donors"
"MLXIPL_15",0,"up","All four donors"
"ARNTL2_16",0,"up","All four donors"
"AHRR_17",0,"up","All four donors"
"TFE3_18",0,"up","All four donors"
"HES2_19",0,"up","All four donors"
"MNT_20",0,"up","All four donors"
"TCF3_21",0,"up","All four donors"
"SREBF1_22",0,"up","All four donors"
"TFAP4_23",0,"up","All four donors"
"HIF1A_24",0,"up","All four donors"
"TCFL5_25",0,"up","All four donors"
"USF2_26",0,"up","All four donors"
"TFEC_27",0,"up","All four donors"
"AHR_28",0,"up","All four donors"
"MLX_29",0,"up","All four donors"
"MYF6_30",0.301157490560675,"up","All four donors"
"SIM1_31",0,"up","All four donors"
"TFEB_32",0,"up","All four donors"
"HAND1_33",0,"up","All four donors"
"HES1_34",0,"up","All four donors"
"ID2_35",0,"up","All four donors"
"EPAS1_36",0,"up","All four donors"
"MYCL1_37",0,"up","All four donors"
"ID3_38",0,"up","All four donors"
"TCF21_39",0,"up","All four donors"
"MXI1_40",0,"up","All four donors"
"MYOG_41",0,"up","All four donors"
"TWIST1_42",0,"up","All four donors"
"NEUROG3_43",0.260057490560675,"up","All four donors"
"BHLHE41_44",0,"up","All four donors"
"BHLHE23_45",0.00455749056067511,"up","All four donors"
"TCF15_46",0,"up","All four donors"
"ID1_47",0,"up","All four donors"
"MYOD1_48",0,"up","All four donors"
"NPAS1_49",0,"up","All four donors"
"ARNTL_50",0,"up","All four donors"
"BHLHE40_51",0,"up","All four donors"
"MYCN_52",0,"up","All four donors"
"CLOCK_53",0,"up","All four donors"
"HEY2_54",0,"up","All four donors"
"MYC_55",0,"up","All four donors"
"TCF12_56",0,"up","All four donors"
"ARNT_57",0,"up","All four donors"
"FERD3L_58",0,"up","All four donors"
"NPAS3_59",0,"up","All four donors"
"USF1_60",0,"up","All four donors"
"SIM2_61",0,"up","All four donors"
"TAL1_62",0,"up","All four donors"
"NEUROD1_63",0,"up","All four donors"
"TCF23_64",0.0821574905606751,"up","All four donors"
"HEYL_65",0,"up","All four donors"
"HAND2_66",0,"up","All four donors"
"EBF1_67",0,"up","All four donors"
"HEY1_68",0,"up","All four donors"
"MESP1_69",0,"up","All four donors"
"PTF1A_70",0,"up","All four donors"
"ATOH8_71",0,"up","All four donors"
"NPAS2_72",0,"up","All four donors"
"NEUROD2_73",0,"up","All four donors"
"NHLH1_74",0,"up","All four donors"
"ID4_75",0,"up","All four donors"
"ARNT2_76",0,"up","All four donors"
"NPAS4_77",0,"up","All four donors"
"MLXIP_78",0,"up","All four donors"
"OLIG3_79",0.192857490560675,"up","All four donors"
"NHLH2_80",0,"up","All four donors"
"NEUROG2_81",0,"up","All four donors"
"MSC_82",0,"up","All four donors"
"HES7_83",0,"up","All four donors"
"ATOH7_84",0.696257490560675,"up","All four donors"
"BHLHA15_85",0.125657490560675,"up","All four donors"
"BHLHE22_86",0.166257490560675,"up","All four donors"
"NEUROG1_87",0.0548574905606752,"up","All four donors"
"FIGLA_88",0,"up","All four donors"
"ASCL2_89",0,"up","All four donors"
"OLIG1_90",0,"up","All four donors"
"MITF_91",0.549657490560675,"up","All four donors"
"ENSG00000187728_92",0,"up","All four donors"
"SCXB_93",0,"up","All four donors"
"MESP2_94",0,"up","All four donors"
"HES4_95",0,"up","All four donors"
"SCXA_96",0,"up","All four donors"
"TCF4_97",0,"up","All four donors"
"HES5_98",0,"up","All four donors"
"SREBF2_99",0,"up","All four donors"
"OLIG2_100",0,"up","All four donors"
"TWIST2_101",1.39535749056068,"up","All four donors"
"ENSG00000250811_102",0,"up","All four donors"
"MGA_103",0,"up","All four donors"
"CREB3L3_104",0,"up","All four donors"
"FOSL2_105",5.20685749056068,"up","All four donors"
"NFE2L1_106",0,"up","All four donors"
"CEBPE_107",0,"up","All four donors"
"CREM_108",0,"up","All four donors"
"XBP1_109",0,"up","All four donors"
"DBP_110",0,"up","All four donors"
"CREB3_111",0,"up","All four donors"
"HLF_112",0,"up","All four donors"
"BACH2_113",2.68645749056068,"up","All four donors"
"ATF2_114",0,"up","All four donors"
"NFE2L2_115",0.107757490560675,"up","All four donors"
"ATF6_116",0,"up","All four donors"
"CREB1_117",0,"up","All four donors"
"ATF1_118",0,"up","All four donors"
"NFE2_119",1.20545749056068,"up","All four donors"
"BATF3_120",0,"up","All four donors"
"FOSB_121",4.57725749056068,"up","All four donors"
"ATF4_122",0,"up","All four donors"
"NRL_123",1.09765749056068,"up","All four donors"
"JUND_124",2.23865749056068,"up","All four donors"
"JDP2_125",4.51445749056067,"up","All four donors"
"CREB3L4_126",0,"up","All four donors"
"CREB5_127",0,"up","All four donors"
"CEBPG_128",0,"up","All four donors"
"BATF_129",4.72305749056067,"up","All four donors"
"BACH1_130",3.79045749056068,"up","All four donors"
"CREB3L1_131",0,"up","All four donors"
"ATF3_132",0,"up","All four donors"
"NFIL3_133",0.0336574905606751,"up","All four donors"
"TEF_134",0.736757490560675,"up","All four donors"
"CR7538031_135",0,"up","All four donors"
"ATF5_136",0,"up","All four donors"
"FOS_137",4.80935749056068,"up","All four donors"
"ATF7_138",0,"up","All four donors"
"JUNB_139",5.23375749056067,"up","All four donors"
"CEBPB_140",0,"up","All four donors"
"DDIT3_141",0,"up","All four donors"
"FOSL1_142",4.21035749056067,"up","All four donors"
"JUN_143",5.58305749056067,"up","All four donors"
"MAF_144",0.729557490560675,"up","All four donors"
"CREB3L2_145",0,"up","All four donors"
"MAFA_146",0,"up","All four donors"
"MAFF_147",1.85195749056068,"up","All four donors"
"MAFG_148",1.15855749056068,"up","All four donors"
"MAFK_149",1.40115749056068,"up","All four donors"
"MAFB_150",1.02425749056068,"up","All four donors"
"ATF6B_151",0,"up","All four donors"
"CEBPD_152",0,"up","All four donors"
"CR9257962_153",0,"up","All four donors"
"AL6628286_154",0,"up","All four donors"
"CEBPA_155",0.368957490560675,"up","All four donors"
"ZEB1_157",0,"up","All four donors"
"ZFX_158",0,"up","All four donors"
"ZNF263_159",0,"up","All four donors"
"HIVEP2_160",0,"up","All four donors"
"SNAI2_161",0,"up","All four donors"
"ZIC2_162",0,"up","All four donors"
"PRDM1_163",1.40535749056068,"up","All four donors"
"ZNF76_164",0,"up","All four donors"
"KLF6_165",0,"up","All four donors"
"ZFY_166",0,"up","All four donors"
"GLI2_167",0,"up","All four donors"
"REST_168",0,"up","All four donors"
"MECOM_169",2.98865749056068,"up","All four donors"
"HIVEP1_170",0,"up","All four donors"
"MZF1_171",0,"up","All four donors"
"PATZ1_172",0,"up","All four donors"
"YY1_173",0,"up","All four donors"
"KLF8_174",0,"up","All four donors"
"KLF5_175",0,"up","All four donors"
"ZNF423_176",0,"up","All four donors"
"CTCF_177",0,"up","All four donors"
"MAZ_178",0,"up","All four donors"
"KLF1_179",0,"up","All four donors"
"SP4_180",0,"up","All four donors"
"ZKSCAN1_181",0,"up","All four donors"
"GLI3_182",0,"up","All four donors"
"GLIS3_183",0,"up","All four donors"
"KLF3_184",0,"up","All four donors"
"PRDM4_185",0,"up","All four donors"
"GLI1_186",0,"up","All four donors"
"BCL6_187",0,"up","All four donors"
"ZBTB47_188",0.771257490560675,"up","All four donors"
"KLF7_189",0,"up","All four donors"
"PLAGL1_190",0,"up","All four donors"
"KLF12_191",0,"up","All four donors"
"KLF9_192",0,"up","All four donors"
"ZNF410_193",0.191757490560675,"up","All four donors"
"BCL11A_194",5.72535749056067,"up","All four donors"
"EGR1_195",0,"up","All four donors"
"EGR2_196",0,"up","All four donors"
"IKZF4_197",0,"up","All four donors"
"CTCFL_198",0,"up","All four donors"
"SNAI1_199",0,"up","All four donors"
"RREB1_200",0,"up","All four donors"
"GLIS2_201",0,"up","All four donors"
"ZNF384_202",0,"up","All four donors"
"ZBTB1_203",0,"up","All four donors"
"FEZF1_204",0.580957490560675,"up","All four donors"
"KLF16_205",0,"up","All four donors"
"ZSCAN10_206",0.962657490560675,"up","All four donors"
"EGR4_207",0,"up","All four donors"
"KLF4_208",0,"up","All four donors"
"ZNF740_209",0,"up","All four donors"
"ZIC5_210",0,"up","All four donors"
"PRDM16_211",1.18325749056068,"up","All four donors"
"OSR1_212",0,"up","All four donors"
"ZIC1_213",0,"up","All four donors"
"FEZF2_214",0.580957490560675,"up","All four donors"
"ZIC3_215",0,"up","All four donors"
"ZBTB7B_216",0,"up","All four donors"
"ZNF333_217",1.78135749056068,"up","All four donors"
"BCL6B_218",0,"up","All four donors"
"ZNF75A_219",0.879857490560675,"up","All four donors"
"GFI1_220",0.841857490560675,"up","All four donors"
"ZNF281_221",0,"up","All four donors"
"ZNF148_222",0,"up","All four donors"
"KLF15_223",0,"up","All four donors"
"ZNF691_224",0,"up","All four donors"
"ZNF589_225",0,"up","All four donors"
"SP8_226",0,"up","All four donors"
"OSR2_227",0.054657490560675,"up","All four donors"
"GFI1B_228",0.159757490560675,"up","All four donors"
"ZNF219_229",0,"up","All four donors"
"ZNF202_230",0,"up","All four donors"
"ZNF143_231",0,"up","All four donors"
"SP2_232",0,"up","All four donors"
"ZNF232_233",2.39645749056068,"up","All four donors"
"E4F1_234",0,"up","All four donors"
"ZBTB49_235",0,"up","All four donors"
"HIC2_236",0,"up","All four donors"
"ZNF32_237",0.357357490560675,"up","All four donors"
"KLF13_238",0,"up","All four donors"
"ZNF35_239",3.83365749056067,"up","All four donors"
"ZNF282_240",0,"up","All four donors"
"SP7_241",0,"up","All four donors"
"SCRT1_242",0.358657490560675,"up","All four donors"
"ZNF524_243",0,"up","All four donors"
"ZNF274_244",0.327257490560675,"up","All four donors"
"HINFP_245",0,"up","All four donors"
"OVOL1_246",0,"up","All four donors"
"SP3_247",0,"up","All four donors"
"INSM1_248",0,"up","All four donors"
"ZBTB4_249",0,"up","All four donors"
"GLIS1_250",0,"up","All four donors"
"KLF14_251",0,"up","All four donors"
"ZIC4_252",0,"up","All four donors"
"ZNF683_253",0.497157490560675,"up","All four donors"
"HIC1_254",0,"up","All four donors"
"ZBTB33_255",0,"up","All four donors"
"ZNF354C_256",0,"up","All four donors"
"ZNF713_257",2.09875749056068,"up","All four donors"
"ZBTB7A_258",0,"up","All four donors"
"EGR3_259",0,"up","All four donors"
"ZNF238_260",0.0692574905606752,"up","All four donors"
"ZBTB42_261",0.0692574905606752,"up","All four donors"
"ZNF784_262",0,"up","All four donors"
"ZSCAN4_263",3.24105749056067,"up","All four donors"
"PLAG1_264",0,"up","All four donors"
"ZBTB7C_265",0,"up","All four donors"
"WT1_266",0,"up","All four donors"
"SP1_267",0,"up","All four donors"
"SNAI3_268",5.02285749056067,"up","All four donors"
"ZBTB3_269",0,"up","All four donors"
"IKZF1_270",0,"up","All four donors"
"ZBTB6_271",0,"up","All four donors"
"ZNF75D_272",0.879857490560675,"up","All four donors"
"ZKSCAN4_273",0,"up","All four donors"
"MTF1_274",0,"up","All four donors"
"SP6_275",0,"up","All four donors"
"ZKSCAN3_276",0,"up","All four donors"
"ZSCAN16_277",2.16725749056068,"up","All four donors"
"ZNF652_278",0.771257490560675,"up","All four donors"
"SP5_279",0,"up","All four donors"
"ZBTB12_280",0,"up","All four donors"
"AL8448538_281",0,"up","All four donors"
"SCRT2_282",0.256757490560675,"up","All four donors"
"SP9_283",0,"up","All four donors"
"YY2_284",0,"up","All four donors"
"CR7597843_285",0,"up","All four donors"
"CR3882194_286",0,"up","All four donors"
"AL66283413_287",0,"up","All four donors"
"NFYA_288",0,"up","All four donors"
"CENPB_289",0,"up","All four donors"
"YBX1_290",0,"up","All four donors"
"RBPJ_291",0,"up","All four donors"
"CUX2_292",0,"up","All four donors"
"ONECUT2_293",0,"up","All four donors"
"CUX1_294",0,"up","All four donors"
"ONECUT1_295",0,"up","All four donors"
"ONECUT3_296",0.914157490560675,"up","All four donors"
"LIN54_297",3.94545749056068,"up","All four donors"
"CGBP_298",0,"up","All four donors"
"KDM2B_299",0,"up","All four donors"
"MLL_300",0,"up","All four donors"
"DNMT1_301",0,"up","All four donors"
"TET1_302",0,"up","All four donors"
"CXXC1_303",0,"up","All four donors"
"DMRT3_304",1.96045749056068,"up","All four donors"
"DMRT1_305",0.267457490560675,"up","All four donors"
"DMRTA2_306",3.75465749056068,"up","All four donors"
"DMRT2_307",5.91915749056067,"up","All four donors"
"TFDP2_308",0,"up","All four donors"
"TFDP3_309",0,"up","All four donors"
"TFDP1_310",0,"up","All four donors"
"E2F2_311",0,"up","All four donors"
"E2F1_312",0,"up","All four donors"
"E2F3_313",0,"up","All four donors"
"E2F8_314",0,"up","All four donors"
"E2F5_315",0,"up","All four donors"
"E2F7_316",0,"up","All four donors"
"E2F6_317",0,"up","All four donors"
"E2F4_318",0,"up","All four donors"
"BRCA1_319",3.03325749056068,"up","All four donors"
"ETV1_320",0,"up","All four donors"
"ETV7_321",12.0398574905607,"up","All four donors"
"SPI1_322",7.56095749056067,"up","All four donors"
"ELF4_323",0.679957490560675,"up","All four donors"
"ETV2_324",14.2126574905607,"up","All four donors"
"ERF_325",9.94205749056067,"up","All four donors"
"ELF2_326",10.7179574905607,"up","All four donors"
"ELK3_327",0,"up","All four donors"
"ETV3_328",0.599257490560675,"up","All four donors"
"ELF1_329",0.670857490560675,"up","All four donors"
"SPDEF_330",0,"up","All four donors"
"ELK1_331",0,"up","All four donors"
"ETS1_332",3.32835749056068,"up","All four donors"
"EHF_333",1.70545749056068,"up","All four donors"
"ELF5_334",9.96645749056067,"up","All four donors"
"ETV6_335",0,"up","All four donors"
"SPIB_336",6.71105749056068,"up","All four donors"
"FLI1_337",2.78745749056068,"up","All four donors"
"GABPA_338",0.570357490560675,"up","All four donors"
"ERG_339",8.43385749056067,"up","All four donors"
"ETS2_340",3.19935749056068,"up","All four donors"
"ELK4_341",0.935357490560675,"up","All four donors"
"ELF3_342",0.398457490560675,"up","All four donors"
"FEV_343",2.65475749056068,"up","All four donors"
"SPIC_344",9.44955749056068,"up","All four donors"
"ETV4_345",0,"up","All four donors"
"ENSG00000235187_346",5.37805749056067,"up","All four donors"
"ETV5_347",0,"up","All four donors"
"FOXP3_348",12.6623574905607,"up","All four donors"
"FOXC1_349",3.50845749056068,"up","All four donors"
"FOXJ2_350",8.04445749056067,"up","All four donors"
"FOXF1_351",1.80855749056068,"up","All four donors"
"FOXM1_352",1.43455749056068,"up","All four donors"
"FOXP1_353",9.18395749056067,"up","All four donors"
"FOXO3_354",11.6468574905607,"up","All four donors"
"FOXA2_355",8.82935749056067,"up","All four donors"
"FOXP2_356",12.7865574905607,"up","All four donors"
"FOXA1_357",16.0898574905607,"up","All four donors"
"FOXP4_358",9.18395749056067,"up","All four donors"
"FOXF2_359",3.28505749056068,"up","All four donors"
"FOXK2_360",10.2064574905607,"up","All four donors"
"FOXO1_361",9.18395749056067,"up","All four donors"
"FOXH1_362",0.711157490560675,"up","All four donors"
"FOXQ1_363",3.76675749056068,"up","All four donors"
"FOXK1_364",13.3179574905607,"up","All four donors"
"FOXI1_365",6.98305749056067,"up","All four donors"
"FOXA3_366",4.72895749056068,"up","All four donors"
"FOXB1_367",4.94685749056067,"up","All four donors"
"FOXG1_368",9.18395749056067,"up","All four donors"
"FOXL1_369",1.04125749056068,"up","All four donors"
"FOXC2_370",0.454357490560675,"up","All four donors"
"FOXE1_371",2.49995749056068,"up","All four donors"
"FOXS1_372",7.21585749056067,"up","All four donors"
"FOXO4_373",6.26435749056068,"up","All four donors"
"FOXD2_374",3.47665749056068,"up","All four donors"
"FOXI2_375",4.85915749056067,"up","All four donors"
"FOXE3_376",11.6468574905607,"up","All four donors"
"FOXD3_377",4.53265749056068,"up","All four donors"
"FOXJ3_378",6.94485749056067,"up","All four donors"
"FOXO6_379",0.234357490560675,"up","All four donors"
"FOXB2_380",8.33575749056067,"up","All four donors"
"KIAA0415_381",13.3179574905607,"up","All four donors"
"FOXD1_382",11.6468574905607,"up","All four donors"
"GATA1_383",1.08495749056068,"up","All four donors"
"GATA3_384",4.21915749056067,"up","All four donors"
"GATA5_385",2.11565749056068,"up","All four donors"
"GATA4_386",0.580457490560675,"up","All four donors"
"GATA6_387",1.37465749056068,"up","All four donors"
"GATA2_388",2.18125749056068,"up","All four donors"
"GCM2_389",0,"up","All four donors"
"GCM1_390",0,"up","All four donors"
"GRHL1_391",0.116857490560675,"up","All four donors"
"TFCP2_392",0,"up","All four donors"
"UBP1_393",0,"up","All four donors"
"ARX_394",1.45605749056068,"up","All four donors"
"HOXA11_395",3.23025749056068,"up","All four donors"
"MEOX1_396",3.26595749056068,"up","All four donors"
"DLX6_397",0.477457490560675,"up","All four donors"
"ISL1_398",0.740957490560675,"up","All four donors"
"HOXC8_399",0.208657490560675,"up","All four donors"
"BARX2_400",0,"up","All four donors"
"ALX4_401",3.57645749056068,"up","All four donors"
"GSC2_402",0,"up","All four donors"
"DLX3_403",0.259557490560675,"up","All four donors"
"PITX1_404",0,"up","All four donors"
"HOXA9_405",1.39275749056068,"up","All four donors"
"LHX5_406",0.994957490560675,"up","All four donors"
"SIX4_407",0,"up","All four donors"
"VSX1_408",0.206757490560675,"up","All four donors"
"RHOXF1_409",0,"up","All four donors"
"CRX_410",0,"up","All four donors"
"MEIS3_411",0.917257490560675,"up","All four donors"
"DLX5_412",0.605957490560675,"up","All four donors"
"HOXA1_413",3.03595749056068,"up","All four donors"
"HOXA2_414",1.89365749056068,"up","All four donors"
"HOXA3_415",0,"up","All four donors"
"HOXA5_416",0,"up","All four donors"
"HOXA6_417",3.04015749056068,"up","All four donors"
"HOXA13_418",0.455657490560675,"up","All four donors"
"EVX1_419",0.154557490560675,"up","All four donors"
"NOBOX_420",1.73985749056068,"up","All four donors"
"MEOX2_421",2.85835749056068,"up","All four donors"
"LHX2_422",1.67985749056068,"up","All four donors"
"LHX6_423",0.934057490560675,"up","All four donors"
"LHX3_424",2.84805749056068,"up","All four donors"
"TLX1_425",0,"up","All four donors"
"PITX3_426",0,"up","All four donors"
"HOXB6_427",2.38815749056068,"up","All four donors"
"HNF1B_428",1.97925749056068,"up","All four donors"
"DLX4_429",0.378957490560675,"up","All four donors"
"VTN_430",0.836257490560675,"up","All four donors"
"PHOX2B_431",2.30805749056068,"up","All four donors"
"NKX32_432",0.566857490560675,"up","All four donors"
"NANOG_433",0,"up","All four donors"
"IRX4_434",1.21115749056068,"up","All four donors"
"CDX1_435",3.38665749056068,"up","All four donors"
"TLX2_436",1.14155749056068,"up","All four donors"
"OTX1_437",0,"up","All four donors"
"DLX2_438",0.259557490560675,"up","All four donors"
"VAX2_439",1.67945749056068,"up","All four donors"
"PRRX1_440",0.508057490560675,"up","All four donors"
"TGIF2_441",0.0839574905606751,"up","All four donors"
"VSX2_442",0.785857490560675,"up","All four donors"
"NKX23_443",1.01185749056068,"up","All four donors"
"HOXB8_444",1.89375749056068,"up","All four donors"
"HOXB5_445",2.18445749056068,"up","All four donors"
"HOXB7_446",1.94575749056068,"up","All four donors"
"HOXB3_447",1.47335749056068,"up","All four donors"
"HOXB1_448",0,"up","All four donors"
"MSX2_449",1.15795749056068,"up","All four donors"
"LHX4_450",1.55305749056068,"up","All four donors"
"HOXA7_451",0,"up","All four donors"
"HOXC13_452",2.04375749056068,"up","All four donors"
"HOXC11_453",1.09115749056068,"up","All four donors"
"HOXC12_454",2.73785749056068,"up","All four donors"
"ESX1_455",1.32185749056068,"up","All four donors"
"BARHL1_456",0.955357490560675,"up","All four donors"
"NKX24_457",4.16715749056068,"up","All four donors"
"NKX22_458",1.67315749056068,"up","All four donors"
"SIX1_459",0,"up","All four donors"
"HOXD1_460",0.855057490560675,"up","All four donors"
"HOXD3_461",3.48355749056068,"up","All four donors"
"HOXD9_462",5.91795749056068,"up","All four donors"
"HOXD10_463",4.09715749056067,"up","All four donors"
"HOXD11_464",0.356057490560675,"up","All four donors"
"HOXD13_465",0.419157490560675,"up","All four donors"
"MNX1_466",2.20015749056068,"up","All four donors"
"CDX4_467",2.08875749056068,"up","All four donors"
"BARX1_468",0.0117574905606751,"up","All four donors"
"LHX1_469",0.994957490560675,"up","All four donors"
"GSC_470",0,"up","All four donors"
"MEIS2_471",0.619257490560675,"up","All four donors"
"RAX_472",2.39405749056068,"up","All four donors"
"HNF1A_473",0.0219574905606751,"up","All four donors"
"EMX1_474",0.859857490560675,"up","All four donors"
"NKX28_475",0,"up","All four donors"
"NKX21_476",0,"up","All four donors"
"ZFHX2_477",1.66145749056068,"up","All four donors"
"HLX_478",1.66635749056068,"up","All four donors"
"LMX1B_479",2.92935749056068,"up","All four donors"
"SIX3_480",1.44225749056068,"up","All four donors"
"LBX1_481",1.81025749056068,"up","All four donors"
"PDX1_482",0.917757490560675,"up","All four donors"
"ZFHX3_483",1.48565749056068,"up","All four donors"
"BARHL2_484",0,"up","All four donors"
"LHX9_485",1.63495749056068,"up","All four donors"
"MEIS1_486",0.572857490560675,"up","All four donors"
"DLX1_487",1.72675749056068,"up","All four donors"
"HMBOX1_488",0.152957490560675,"up","All four donors"
"VAX1_489",1.67945749056068,"up","All four donors"
"VENTX_490",0.969557490560675,"up","All four donors"
"HHEX_491",0,"up","All four donors"
"TGIF2LX_492",1.51605749056068,"up","All four donors"
"ALX3_493",0.776257490560675,"up","All four donors"
"HOXB13_494",1.01485749056068,"up","All four donors"
"IRX6_495",1.21115749056068,"up","All four donors"
"ISL2_496",0.352157490560675,"up","All four donors"
"PKNOX1_497",0,"up","All four donors"
"LHX8_498",0,"up","All four donors"
"LMX1A_499",2.92935749056068,"up","All four donors"
"EN1_500",0,"up","All four donors"
"MSX1_501",0.876457490560675,"up","All four donors"
"NKX61_502",1.72295749056068,"up","All four donors"
"HESX1_503",1.33395749056068,"up","All four donors"
"PITX2_504",0,"up","All four donors"
"TLX3_505",0,"up","All four donors"
"EN2_506",3.61055749056068,"up","All four donors"
"UNCX_507",3.06725749056067,"up","All four donors"
"GBX1_508",0.631457490560675,"up","All four donors"
"NKX63_509",3.01495749056068,"up","All four donors"
"ZHX1_510",1.69515749056068,"up","All four donors"
"HDX_511",0,"up","All four donors"
"PHOX2A_512",3.20745749056067,"up","All four donors"
"PKNOX2_513",0,"up","All four donors"
"CDX2_514",1.65665749056068,"up","All four donors"
"OTX2_515",0,"up","All four donors"
"DRGX_516",2.99955749056068,"up","All four donors"
"NKX31_517",3.38875749056068,"up","All four donors"
"PBX3_518",0,"up","All four donors"
"PRRX2_519",1.63495749056068,"up","All four donors"
"GBX2_520",1.63605749056068,"up","All four donors"
"SHOX2_521",0.234857490560675,"up","All four donors"
"GSX1_522",0.876157490560675,"up","All four donors"
"HOXD4_523",1.84275749056068,"up","All four donors"
"HOXD12_524",2.46125749056068,"up","All four donors"
"EMX2_525",1.01475749056068,"up","All four donors"
"IRX1_526",2.25905749056068,"up","All four donors"
"IRX2_527",3.12415749056068,"up","All four donors"
"SIX2_528",0,"up","All four donors"
"HOXB9_529",2.31405749056068,"up","All four donors"
"OTP_530",2.50635749056068,"up","All four donors"
"AC0125311_531",4.21455749056067,"up","All four donors"
"HOXB2_532",1.09265749056068,"up","All four donors"
"RAX2_533",1.63495749056068,"up","All four donors"
"EVX2_534",0.129757490560675,"up","All four donors"
"PROP1_535",2.85115749056068,"up","All four donors"
"ISX_536",1.63495749056068,"up","All four donors"
"HOXD8_537",0,"up","All four donors"
"TGIF2LY_538",1.51605749056068,"up","All four donors"
"IRX5_539",3.03605749056068,"up","All four donors"
"SIX5_540",0,"up","All four donors"
"TGIF1_541",1.36725749056068,"up","All four donors"
"IRX3_542",2.25905749056068,"up","All four donors"
"LBX2_543",2.28205749056068,"up","All four donors"
"NKX26_544",2.66355749056068,"up","All four donors"
"ALX1_545",5.37755749056068,"up","All four donors"
"GSX2_546",3.25505749056068,"up","All four donors"
"HOXC9_547",2.44465749056068,"up","All four donors"
"HOXC10_548",1.86295749056068,"up","All four donors"
"HOXB4_549",2.89725749056068,"up","All four donors"
"NKX25_550",0.863457490560675,"up","All four donors"
"POU6F1_551",0.822257490560675,"up","All four donors"
"SIX6_552",0,"up","All four donors"
"MIXL1_553",1.76605749056068,"up","All four donors"
"DBX2_554",0.096957490560675,"up","All four donors"
"PBX1_555",0.357957490560675,"up","All four donors"
"SHOX_556",1.63495749056068,"up","All four donors"
"HMX3_557",0.303457490560675,"up","All four donors"
"HMX2_558",0.375057490560675,"up","All four donors"
"BSX_559",1.15795749056068,"up","All four donors"
"DMBX1_560",0,"up","All four donors"
"HOXC6_561",3.43165749056068,"up","All four donors"
"HOXC5_562",3.72705749056068,"up","All four donors"
"PBX2_563",1.71075749056068,"up","All four donors"
"DUXA_564",1.93595749056068,"up","All four donors"
"DPRX_565",0,"up","All four donors"
"AL8454643_566",1.71075749056068,"up","All four donors"
"NOTO_567",1.88945749056068,"up","All four donors"
"HOMEZ_568",0,"up","All four donors"
"HMX1_569",0.529957490560675,"up","All four donors"
"ENSG00000215754_570",1.92065749056068,"up","All four donors"
"ENSG00000217642_571",1.92065749056068,"up","All four donors"
"ENSG00000224558_572",1.92065749056068,"up","All four donors"
"BX2846861_573",1.71075749056068,"up","All four donors"
"ENSG00000225958_574",1.92065749056068,"up","All four donors"
"CR8124782_575",1.71075749056068,"up","All four donors"
"ENSG00000226866_576",1.92065749056068,"up","All four donors"
"AC2261502_577",0.725057490560675,"up","All four donors"
"DUX4L5_578",1.92065749056068,"up","All four donors"
"ENSG00000227522_579",1.92065749056068,"up","All four donors"
"DUX4L2_580",1.92065749056068,"up","All four donors"
"DUX4L3_581",1.92065749056068,"up","All four donors"
"DUX4L6_582",1.92065749056068,"up","All four donors"
"ENSG00000228710_583",1.92065749056068,"up","All four donors"
"ENSG00000229544_584",0,"up","All four donors"
"CT4768282_585",1.92065749056068,"up","All four donors"
"ENSG00000230380_586",1.92065749056068,"up","All four donors"
"ENSG00000230776_587",1.92065749056068,"up","All four donors"
"AL5921702_588",1.92065749056068,"up","All four donors"
"BX9272396_589",1.71075749056068,"up","All four donors"
"ENSG00000232923_590",1.92065749056068,"up","All four donors"
"ENSG00000233294_591",1.92065749056068,"up","All four donors"
"ENSG00000233361_592",1.92065749056068,"up","All four donors"
"ENSG00000233698_593",1.92065749056068,"up","All four donors"
"ENSG00000233794_594",1.92065749056068,"up","All four donors"
"ENSG00000234254_595",4.55575749056067,"up","All four donors"
"ENSG00000234550_596",1.92065749056068,"up","All four donors"
"NKX11_597",0.529457490560675,"up","All four donors"
"ENSG00000236207_598",1.92065749056068,"up","All four donors"
"CR9338788_599",1.71075749056068,"up","All four donors"
"AL6628305_600",1.71075749056068,"up","All four donors"
"ENSG00000237516_601",1.92065749056068,"up","All four donors"
"ENSG00000250589_602",1.92065749056068,"up","All four donors"
"DUX4_603",1.92065749056068,"up","All four donors"
"PAX6_604",0,"up","All four donors"
"PAX7_605",1.51735749056068,"up","All four donors"
"PAX2_606",0,"up","All four donors"
"PAX4_607",0.673557490560675,"up","All four donors"
"PAX3_608",0,"up","All four donors"
"POU2F2_609",5.01995749056067,"up","All four donors"
"POU1F1_610",5.67985749056067,"up","All four donors"
"POU4F3_611",3.23185749056067,"up","All four donors"
"POU6F2_612",1.02325749056068,"up","All four donors"
"POU2F3_613",6.90865749056067,"up","All four donors"
"POU2F1_614",4.36885749056067,"up","All four donors"
"POU4F2_615",5.45645749056068,"up","All four donors"
"POU4F1_616",2.84625749056068,"up","All four donors"
"POU3F2_617",1.78015749056068,"up","All four donors"
"POU3F1_618",0.727557490560675,"up","All four donors"
"POU3F4_619",4.73965749056067,"up","All four donors"
"POU3F3_620",7.05775749056068,"up","All four donors"
"POU5F1_621",1.68685749056068,"up","All four donors"
"POU5F1B_622",6.71175749056068,"up","All four donors"
"HSF2_623",0,"up","All four donors"
"HSF4_624",0,"up","All four donors"
"HSFY2_625",0,"up","All four donors"
"HSFY1_626",0,"up","All four donors"
"HSF1_627",0,"up","All four donors"
"IRF6_628",0,"up","All four donors"
"IRF1_629",5.11775749056067,"up","All four donors"
"IRF3_630",0.212157490560675,"up","All four donors"
"IRF5_631",5.19775749056067,"up","All four donors"
"IRF4_632",5.30265749056067,"up","All four donors"
"IRF8_633",2.38765749056068,"up","All four donors"
"IRF2_634",0.282657490560675,"up","All four donors"
"IRF7_635",0.761257490560675,"up","All four donors"
"IRF9_636",1.84145749056068,"up","All four donors"
"NAIF1_637",0,"up","All four donors"
"AC0021266_638",0,"up","All four donors"
"MEF2A_639",0,"up","All four donors"
"MEF2C_640",0,"up","All four donors"
"SRF_641",0,"up","All four donors"
"MEF2D_642",0,"up","All four donors"
"MEF2B_643",0,"up","All four donors"
"MBD2_644",0,"up","All four donors"
"MECP2_645",0,"up","All four donors"
"CDC5L_646",2.67065749056068,"up","All four donors"
"MYBL2_647",0,"up","All four donors"
"MYB_648",0,"up","All four donors"
"TERF2_649",2.56785749056068,"up","All four donors"
"SMARCC2_650",0,"up","All four donors"
"SMARCC1_651",4.05135749056068,"up","All four donors"
"MYPOP_652",0,"up","All four donors"
"MYBL1_653",0,"up","All four donors"
"C11orf9_654",0,"up","All four donors"
"NR1H4_655",0,"up","All four donors"
"NR1H3_656",0,"up","All four donors"
"NR2E3_657",2.94535749056068,"up","All four donors"
"RORA_658",3.11555749056068,"up","All four donors"
"RARB_659",0,"up","All four donors"
"PGR_660",0,"up","All four donors"
"ESR1_661",0,"up","All four donors"
"HNF4A_662",0,"up","All four donors"
"VDR_663",0,"up","All four donors"
"PPARD_664",0,"up","All four donors"
"NR2E1_665",0,"up","All four donors"
"NR3C1_666",0,"up","All four donors"
"NR5A2_667",0,"up","All four donors"
"NR4A3_668",0.237457490560675,"up","All four donors"
"ESRRB_669",0,"up","All four donors"
"NR2C1_670",0,"up","All four donors"
"NR4A1_671",0,"up","All four donors"
"THRA_672",0,"up","All four donors"
"NR1D1_673",2.73835749056068,"up","All four donors"
"NR1H2_674",0,"up","All four donors"
"RARA_675",0,"up","All four donors"
"PPARG_676",0,"up","All four donors"
"NR5A1_677",0,"up","All four donors"
"ESR2_678",0,"up","All four donors"
"RXRG_679",0,"up","All four donors"
"NR1I3_680",0,"up","All four donors"
"RORC_681",1.24725749056068,"up","All four donors"
"NR1I2_682",0,"up","All four donors"
"NR6A1_683",0,"up","All four donors"
"THRB_684",0,"up","All four donors"
"NR3C2_685",0.442757490560675,"up","All four donors"
"NR4A2_686",1.35085749056068,"up","All four donors"
"NR2F6_687",0,"up","All four donors"
"HNF4G_688",0,"up","All four donors"
"AR_689",0,"up","All four donors"
"RARG_690",0,"up","All four donors"
"ESRRA_691",0,"up","All four donors"
"NR2F1_692",0,"up","All four donors"
"NR2C2_693",0,"up","All four donors"
"NR2F2_694",0,"up","All four donors"
"RXRA_695",0,"up","All four donors"
"PPARA_696",0,"up","All four donors"
"ESRRG_697",0,"up","All four donors"
"RXRB_698",0,"up","All four donors"
"AL8445277_699",0,"up","All four donors"
"AL6628245_700",0,"up","All four donors"
"CR7597334_701",0,"up","All four donors"
"CR3545653_702",0,"up","All four donors"
"CR9368773_703",0,"up","All four donors"
"TP63_704",0,"up","All four donors"
"TP73_705",0,"up","All four donors"
"TP53_706",0,"up","All four donors"
"PAX8_707",0,"up","All four donors"
"PAX1_708",0,"up","All four donors"
"PAX5_709",0,"up","All four donors"
"PAX9_710",0,"up","All four donors"
"LCOR_711",0.887257490560675,"up","All four donors"
"PROX1_712",0,"up","All four donors"
"NFATC3_713",0,"up","All four donors"
"NFKB2_714",0,"up","All four donors"
"NFATC4_715",0,"up","All four donors"
"NFATC2_716",0,"up","All four donors"
"NFAT5_717",0,"up","All four donors"
"RELB_718",0,"up","All four donors"
"NFKB1_719",0,"up","All four donors"
"NFATC1_720",0,"up","All four donors"
"REL_721",0,"up","All four donors"
"RELA_722",0,"up","All four donors"
"RFX3_723",0,"up","All four donors"
"RFX2_724",0,"up","All four donors"
"RFX4_725",0,"up","All four donors"
"RFX1_726",0,"up","All four donors"
"RFX5_727",0,"up","All four donors"
"RFX7_728",0,"up","All four donors"
"RFX6_729",0,"up","All four donors"
"RFX8_730",0,"up","All four donors"
"RUNX3_731",5.28095749056067,"up","All four donors"
"RUNX2_732",10.6190574905607,"up","All four donors"
"RUNX1_733",17.9790574905607,"up","All four donors"
"ENSG00000250096_734",10.6190574905607,"up","All four donors"
"GMEB2_735",0,"up","All four donors"
"AIRE_736",1.60915749056068,"up","All four donors"
"GMEB1_737",0,"up","All four donors"
"NFIX_738",0,"up","All four donors"
"SMAD4_739",0.425357490560675,"up","All four donors"
"NFIC_740",3.43895749056068,"up","All four donors"
"NFIB_741",0,"up","All four donors"
"NFIA_742",0,"up","All four donors"
"SMAD3_743",0,"up","All four donors"
"SMAD1_744",1.40065749056068,"up","All four donors"
"SMAD2_745",0,"up","All four donors"
"SOX8_746",2.03355749056068,"up","All four donors"
"SOX30_747",2.44685749056068,"up","All four donors"
"HMG20B_748",4.27245749056067,"up","All four donors"
"CIC_749",1.55785749056068,"up","All four donors"
"TCF7_750",0.232657490560675,"up","All four donors"
"SOX10_751",2.30815749056068,"up","All four donors"
"HBP1_752",0,"up","All four donors"
"BBX_753",1.09855749056068,"up","All four donors"
"SOX4_754",0.979557490560675,"up","All four donors"
"SOX21_755",1.83845749056068,"up","All four donors"
"SOX9_756",0,"up","All four donors"
"SOX15_757",1.35995749056068,"up","All four donors"
"SOX5_758",0.438057490560675,"up","All four donors"
"SOX3_759",1.62785749056068,"up","All four donors"
"LEF1_760",2.33245749056068,"up","All four donors"
"SOX13_761",0,"up","All four donors"
"TCF7L2_762",2.90165749056068,"up","All four donors"
"TCF7L1_763",3.40895749056068,"up","All four donors"
"SOX17_764",1.40665749056068,"up","All four donors"
"SOX14_765",0.915957490560675,"up","All four donors"
"SOX7_766",0.282357490560675,"up","All four donors"
"SOX11_767",1.53465749056068,"up","All four donors"
"SOX12_768",0.283557490560675,"up","All four donors"
"SOX2_769",0.766857490560675,"up","All four donors"
"SOX1_770",2.99955749056068,"up","All four donors"
"SRY_771",4.35935749056067,"up","All four donors"
"SOX18_772",1.21135749056068,"up","All four donors"
"STAT1_773",0,"up","All four donors"
"STAT5A_774",0.581557490560675,"up","All four donors"
"STAT4_775",0.955557490560675,"up","All four donors"
"STAT6_776",0.745657490560675,"up","All four donors"
"STAT3_777",0,"up","All four donors"
"STAT2_778",3.06135749056068,"up","All four donors"
"STAT5B_779",1.05385749056068,"up","All four donors"
"TBX21_780",0.722857490560675,"up","All four donors"
"TBX5_781",0,"up","All four donors"
"TBX15_782",0.872057490560675,"up","All four donors"
"TBX2_783",0,"up","All four donors"
"TBX4_784",0,"up","All four donors"
"TBX3_785",0,"up","All four donors"
"TBR1_786",1.61115749056068,"up","All four donors"
"TBX19_787",1.65525749056068,"up","All four donors"
"EOMES_788",1.23285749056068,"up","All four donors"
"T_789",1.40455749056068,"up","All four donors"
"TBX20_790",0,"up","All four donors"
"TBX10_791",0,"up","All four donors"
"TBX1_792",0,"up","All four donors"
"TBP_793",1.93485749056068,"up","All four donors"
"TBPL2_794",2.38965749056068,"up","All four donors"
"TEAD3_795",0,"up","All four donors"
"TEAD1_796",0,"up","All four donors"
"TEAD4_797",0,"up","All four donors"
"THAP1_798",0,"up","All four donors"
"PRKRIR_799",0,"up","All four donors"
"NFYC_800",0,"up","All four donors"
"CBFB_801",8.32375749056068,"up","All four donors"
"HLTF_802",0.0495574905606752,"up","All four donors"
"ENO1_803",0,"up","All four donors"
"EP300_804",0,"up","All four donors"
"NRF1_805",0,"up","All four donors"
"CEBPZ_806",0,"up","All four donors"
"NFYB_807",0,"up","All four donors"
"LMO2_808",0,"up","All four donors"
"FUBP1_809",0,"up","All four donors"
"SPZ1_810",0,"up","All four donors"
"NR0B1_811",0,"up","All four donors"
"BPTF_812",1.20785749056068,"up","All four donors"
"PURA_813",0,"up","All four donors"
"TOPORS_814",0,"up","All four donors"
"CPEB1_815",2.36525749056068,"up","All four donors"
"ZBED1_816",0,"up","All four donors"
"ZNF350_817",0,"up","All four donors"
"LYL1_818",0,"up","All four donors"
"SOHLH2_819",0,"up","All four donors"
"NEUROD4_820",0.926957490560675,"up","All four donors"
"NEUROD6_821",0.926957490560675,"up","All four donors"
"TAL2_822",0,"up","All four donors"
"C13orf38SOHLH2_823",0,"up","All four donors"
"HIVEP3_824",0,"up","All four donors"
"BCL11B_825",5.72535749056067,"up","All four donors"
"KLF10_826",0,"up","All four donors"
"YBX2_827",0,"up","All four donors"
"CSDA_828",0,"up","All four donors"
"FOXN3_829",8.23545749056067,"up","All four donors"
"FOXD4_830",14.6460574905607,"up","All four donors"
"FOXD4L1_831",14.6460574905607,"up","All four donors"
"FOXD4L3_832",12.6623574905607,"up","All four donors"
"FOXD4L5_833",12.6623574905607,"up","All four donors"
"FOXD4L6_834",12.6623574905607,"up","All four donors"
"NANOGP1_835",0,"up","All four donors"
"AL7735441_836",1.31565749056068,"up","All four donors"
"CR3882292_837",1.31565749056068,"up","All four donors"
"AL6628334_838",1.31565749056068,"up","All four donors"
"CR7598154_839",1.31565749056068,"up","All four donors"
"BX0885802_840",1.31565749056068,"up","All four donors"
"NR1D2_841",1.76845749056068,"up","All four donors"
"MYF5_842",0,"up","All four donors"
"ASCL1_843",0,"up","All four donors"
"ATOH1_844",0,"up","All four donors"
"NFE2L3_845",0,"up","All four donors"
"KLF2_846",0,"up","All four donors"
"KLF11_847",0,"up","All four donors"
"ZFP42_848",0,"up","All four donors"
"ZNF187_849",0,"up","All four donors"
"ZFP161_850",0,"up","All four donors"
"ZNF75C_851",0.879857490560675,"up","All four donors"
"DMRTC2_852",3.67495749056068,"up","All four donors"
"FOXJ1_853",14.6460574905607,"up","All four donors"
"FOXN2_854",8.23545749056067,"up","All four donors"
"FOXL2_855",8.23545749056067,"up","All four donors"
"FOXD4L4_856",12.6623574905607,"up","All four donors"
"FOXD4L2_857",12.6623574905607,"up","All four donors"
"TFCP2L1_858",0,"up","All four donors"
"DUX1_859",1.92065749056068,"up","All four donors"
"DUX3_860",1.92065749056068,"up","All four donors"
"PBX4_861",3.17195749056068,"up","All four donors"
"NKX62_862",4.12845749056067,"up","All four donors"
"HOXA4_863",4.21455749056067,"up","All four donors"
"CR8477943_864",1.31565749056068,"up","All four donors"
"RORB_865",1.30965749056068,"up","All four donors"
"SMAD5_866",0,"up","All four donors"
"SMAD9_867",0,"up","All four donors"
"SOX6_868",0.438057490560675,"up","All four donors"
"TBX18_869",0.872057490560675,"up","All four donors"
"TBX22_870",0.872057490560675,"up","All four donors"
"TFAP2B_1",40.2909574905607,"down","All four donors"
"TFAP2D_2",245.485457490561,"down","All four donors"
"TFAP2C_3",28.8583574905607,"down","All four donors"
"TFAP2E_4",17.4834574905607,"down","All four donors"
"TFAP2A_5",45.3971574905607,"down","All four donors"
"ARID3A_6",0,"down","All four donors"
"ARID5B_7",0,"down","All four donors"
"ARID3B_8",0,"down","All four donors"
"ARID5A_9",0,"down","All four donors"
"ARID3C_10",0,"down","All four donors"
"ARID2_11",8.93975749056067,"down","All four donors"
"HMGA1_12",0,"down","All four donors"
"HMGA2_13",0,"down","All four donors"
"MAX_14",18.9799574905607,"down","All four donors"
"MLXIPL_15",14.5023574905607,"down","All four donors"
"ARNTL2_16",16.2469574905607,"down","All four donors"
"AHRR_17",10.8193574905607,"down","All four donors"
"TFE3_18",16.8701574905607,"down","All four donors"
"HES2_19",0.516157490560675,"down","All four donors"
"MNT_20",7.67925749056067,"down","All four donors"
"TCF3_21",0,"down","All four donors"
"SREBF1_22",0,"down","All four donors"
"TFAP4_23",0,"down","All four donors"
"HIF1A_24",33.2585574905607,"down","All four donors"
"TCFL5_25",50.4233574905607,"down","All four donors"
"USF2_26",23.8785574905607,"down","All four donors"
"TFEC_27",4.73825749056067,"down","All four donors"
"AHR_28",10.8193574905607,"down","All four donors"
"MLX_29",14.6079574905607,"down","All four donors"
"MYF6_30",0,"down","All four donors"
"SIM1_31",1.89635749056068,"down","All four donors"
"TFEB_32",11.6566574905607,"down","All four donors"
"HAND1_33",0,"down","All four donors"
"HES1_34",30.5078574905607,"down","All four donors"
"ID2_35",11.8325574905607,"down","All four donors"
"EPAS1_36",4.27935749056067,"down","All four donors"
"MYCL1_37",11.7806574905607,"down","All four donors"
"ID3_38",0,"down","All four donors"
"TCF21_39",0,"down","All four donors"
"MXI1_40",22.6281574905607,"down","All four donors"
"MYOG_41",0.365357490560675,"down","All four donors"
"TWIST1_42",0,"down","All four donors"
"NEUROG3_43",0,"down","All four donors"
"BHLHE41_44",14.9386574905607,"down","All four donors"
"BHLHE23_45",0,"down","All four donors"
"TCF15_46",0,"down","All four donors"
"ID1_47",11.8325574905607,"down","All four donors"
"MYOD1_48",0,"down","All four donors"
"NPAS1_49",1.89635749056068,"down","All four donors"
"ARNTL_50",11.9956574905607,"down","All four donors"
"BHLHE40_51",20.9682574905607,"down","All four donors"
"MYCN_52",13.0925574905607,"down","All four donors"
"CLOCK_53",0,"down","All four donors"
"HEY2_54",5.67835749056067,"down","All four donors"
"MYC_55",24.4299574905607,"down","All four donors"
"TCF12_56",2.37955749056068,"down","All four donors"
"ARNT_57",16.0149574905607,"down","All four donors"
"FERD3L_58",0,"down","All four donors"
"NPAS3_59",1.89635749056068,"down","All four donors"
"USF1_60",16.3285574905607,"down","All four donors"
"SIM2_61",1.89635749056068,"down","All four donors"
"TAL1_62",0,"down","All four donors"
"NEUROD1_63",0.730757490560675,"down","All four donors"
"TCF23_64",0,"down","All four donors"
"HEYL_65",4.57815749056067,"down","All four donors"
"HAND2_66",0,"down","All four donors"
"EBF1_67",12.5292574905607,"down","All four donors"
"HEY1_68",6.38755749056067,"down","All four donors"
"MESP1_69",0,"down","All four donors"
"PTF1A_70",0,"down","All four donors"
"ATOH8_71",0,"down","All four donors"
"NPAS2_72",0.398357490560675,"down","All four donors"
"NEUROD2_73",0,"down","All four donors"
"NHLH1_74",9.66485749056067,"down","All four donors"
"ID4_75",0,"down","All four donors"
"ARNT2_76",50.8715574905607,"down","All four donors"
"NPAS4_77",0,"down","All four donors"
"MLXIP_78",1.28265749056068,"down","All four donors"
"OLIG3_79",0,"down","All four donors"
"NHLH2_80",0,"down","All four donors"
"NEUROG2_81",0,"down","All four donors"
"MSC_82",0,"down","All four donors"
"HES7_83",0,"down","All four donors"
"ATOH7_84",0,"down","All four donors"
"BHLHA15_85",0,"down","All four donors"
"BHLHE22_86",0,"down","All four donors"
"NEUROG1_87",0,"down","All four donors"
"FIGLA_88",0,"down","All four donors"
"ASCL2_89",0,"down","All four donors"
"OLIG1_90",0,"down","All four donors"
"MITF_91",0,"down","All four donors"
"ENSG00000187728_92",0,"down","All four donors"
"SCXB_93",0,"down","All four donors"
"MESP2_94",0,"down","All four donors"
"HES4_95",37.5155574905607,"down","All four donors"
"SCXA_96",0,"down","All four donors"
"TCF4_97",0,"down","All four donors"
"HES5_98",0,"down","All four donors"
"SREBF2_99",0,"down","All four donors"
"OLIG2_100",0,"down","All four donors"
"TWIST2_101",0,"down","All four donors"
"ENSG00000250811_102",1.89635749056068,"down","All four donors"
"MGA_103",0,"down","All four donors"
"CREB3L3_104",38.3265574905607,"down","All four donors"
"FOSL2_105",0,"down","All four donors"
"NFE2L1_106",0,"down","All four donors"
"CEBPE_107",0,"down","All four donors"
"CREM_108",22.0065574905607,"down","All four donors"
"XBP1_109",2.35365749056068,"down","All four donors"
"DBP_110",0,"down","All four donors"
"CREB3_111",38.3265574905607,"down","All four donors"
"HLF_112",0,"down","All four donors"
"BACH2_113",0,"down","All four donors"
"ATF2_114",3.64835749056068,"down","All four donors"
"NFE2L2_115",0,"down","All four donors"
"ATF6_116",39.5671574905607,"down","All four donors"
"CREB1_117",58.4572574905607,"down","All four donors"
"ATF1_118",47.2320574905607,"down","All four donors"
"NFE2_119",0,"down","All four donors"
"BATF3_120",7.51145749056067,"down","All four donors"
"FOSB_121",0,"down","All four donors"
"ATF4_122",0,"down","All four donors"
"NRL_123",0,"down","All four donors"
"JUND_124",0,"down","All four donors"
"JDP2_125",0,"down","All four donors"
"CREB3L4_126",38.3265574905607,"down","All four donors"
"CREB5_127",19.9566574905607,"down","All four donors"
"CEBPG_128",0,"down","All four donors"
"BATF_129",0,"down","All four donors"
"BACH1_130",0,"down","All four donors"
"CREB3L1_131",1.07175749056068,"down","All four donors"
"ATF3_132",47.3909574905607,"down","All four donors"
"NFIL3_133",0,"down","All four donors"
"TEF_134",0,"down","All four donors"
"CR7538031_135",9.58475749056067,"down","All four donors"
"ATF5_136",0,"down","All four donors"
"FOS_137",0,"down","All four donors"
"ATF7_138",23.4091574905607,"down","All four donors"
"JUNB_139",0,"down","All four donors"
"CEBPB_140",0,"down","All four donors"
"DDIT3_141",0,"down","All four donors"
"FOSL1_142",0,"down","All four donors"
"JUN_143",0,"down","All four donors"
"MAF_144",0,"down","All four donors"
"CREB3L2_145",6.21035749056067,"down","All four donors"
"MAFA_146",10.2125574905607,"down","All four donors"
"MAFF_147",0,"down","All four donors"
"MAFG_148",0,"down","All four donors"
"MAFK_149",0,"down","All four donors"
"MAFB_150",0,"down","All four donors"
"ATF6B_151",9.58475749056067,"down","All four donors"
"CEBPD_152",0,"down","All four donors"
"CR9257962_153",9.58475749056067,"down","All four donors"
"AL6628286_154",9.58475749056067,"down","All four donors"
"CEBPA_155",0,"down","All four donors"
"ZEB1_157",0,"down","All four donors"
"ZFX_158",301.050257490561,"down","All four donors"
"ZNF263_159",176.939157490561,"down","All four donors"
"HIVEP2_160",21.0776574905607,"down","All four donors"
"SNAI2_161",0.197257490560675,"down","All four donors"
"ZIC2_162",6.29845749056067,"down","All four donors"
"PRDM1_163",0,"down","All four donors"
"ZNF76_164",9.42825749056068,"down","All four donors"
"KLF6_165",223.466157490561,"down","All four donors"
"ZFY_166",119.037457490561,"down","All four donors"
"GLI2_167",5.54535749056067,"down","All four donors"
"REST_168",9.88265749056067,"down","All four donors"
"MECOM_169",0,"down","All four donors"
"HIVEP1_170",8.78515749056067,"down","All four donors"
"MZF1_171",10.2616574905607,"down","All four donors"
"PATZ1_172",143.384457490561,"down","All four donors"
"YY1_173",47.5735574905607,"down","All four donors"
"KLF8_174",24.8459574905607,"down","All four donors"
"KLF5_175",275.165457490561,"down","All four donors"
"ZNF423_176",1.78155749056068,"down","All four donors"
"CTCF_177",12.4440574905607,"down","All four donors"
"MAZ_178",230.801957490561,"down","All four donors"
"KLF1_179",20.4028574905607,"down","All four donors"
"SP4_180",230.516957490561,"down","All four donors"
"ZKSCAN1_181",0,"down","All four donors"
"GLI3_182",0,"down","All four donors"
"GLIS3_183",8.89225749056068,"down","All four donors"
"KLF3_184",0,"down","All four donors"
"PRDM4_185",0,"down","All four donors"
"GLI1_186",2.75445749056068,"down","All four donors"
"BCL6_187",0,"down","All four donors"
"ZBTB47_188",0,"down","All four donors"
"KLF7_189",274.032757490561,"down","All four donors"
"PLAGL1_190",56.0246574905607,"down","All four donors"
"KLF12_191",0,"down","All four donors"
"KLF9_192",0,"down","All four donors"
"ZNF410_193",0,"down","All four donors"
"BCL11A_194",0,"down","All four donors"
"EGR1_195",320.291357490561,"down","All four donors"
"EGR2_196",130.313657490561,"down","All four donors"
"IKZF4_197",0.487857490560675,"down","All four donors"
"CTCFL_198",124.113557490561,"down","All four donors"
"SNAI1_199",0,"down","All four donors"
"RREB1_200",7.63915749056068,"down","All four donors"
"GLIS2_201",57.4998574905607,"down","All four donors"
"ZNF384_202",0,"down","All four donors"
"ZBTB1_203",42.9287574905607,"down","All four donors"
"FEZF1_204",0,"down","All four donors"
"KLF16_205",258.895257490561,"down","All four donors"
"ZSCAN10_206",1.78385749056068,"down","All four donors"
"EGR4_207",103.239157490561,"down","All four donors"
"KLF4_208",196.032557490561,"down","All four donors"
"ZNF740_209",66.9930574905607,"down","All four donors"
"ZIC5_210",63.1264574905607,"down","All four donors"
"PRDM16_211",0,"down","All four donors"
"OSR1_212",0,"down","All four donors"
"ZIC1_213",10.6501574905607,"down","All four donors"
"FEZF2_214",0,"down","All four donors"
"ZIC3_215",5.16405749056067,"down","All four donors"
"ZBTB7B_216",35.4717574905607,"down","All four donors"
"ZNF333_217",0,"down","All four donors"
"BCL6B_218",0,"down","All four donors"
"ZNF75A_219",0,"down","All four donors"
"GFI1_220",0,"down","All four donors"
"ZNF281_221",50.6104574905607,"down","All four donors"
"ZNF148_222",282.359657490561,"down","All four donors"
"KLF15_223",197.957057490561,"down","All four donors"
"ZNF691_224",1.02815749056067,"down","All four donors"
"ZNF589_225",4.33485749056068,"down","All four donors"
"SP8_226",181.910057490561,"down","All four donors"
"OSR2_227",0,"down","All four donors"
"GFI1B_228",0,"down","All four donors"
"ZNF219_229",88.0171574905607,"down","All four donors"
"ZNF202_230",6.89095749056067,"down","All four donors"
"ZNF143_231",7.32685749056068,"down","All four donors"
"SP2_232",400.284757490561,"down","All four donors"
"ZNF232_233",0,"down","All four donors"
"E4F1_234",51.0847574905607,"down","All four donors"
"ZBTB49_235",3.40225749056067,"down","All four donors"
"HIC2_236",0,"down","All four donors"
"ZNF32_237",0,"down","All four donors"
"KLF13_238",52.1347574905607,"down","All four donors"
"ZNF35_239",0,"down","All four donors"
"ZNF282_240",1.82905749056068,"down","All four donors"
"SP7_241",181.910057490561,"down","All four donors"
"SCRT1_242",0,"down","All four donors"
"ZNF524_243",9.79825749056067,"down","All four donors"
"ZNF274_244",0,"down","All four donors"
"HINFP_245",17.6413574905607,"down","All four donors"
"OVOL1_246",0,"down","All four donors"
"SP3_247",235.962757490561,"down","All four donors"
"INSM1_248",33.2721574905607,"down","All four donors"
"ZBTB4_249",35.8149574905607,"down","All four donors"
"GLIS1_250",20.8251574905607,"down","All four donors"
"KLF14_251",199.697257490561,"down","All four donors"
"ZIC4_252",52.4081574905607,"down","All four donors"
"ZNF683_253",0,"down","All four donors"
"HIC1_254",3.33215749056068,"down","All four donors"
"ZBTB33_255",54.3369574905607,"down","All four donors"
"ZNF354C_256",0,"down","All four donors"
"ZNF713_257",0,"down","All four donors"
"ZBTB7A_258",395.757457490561,"down","All four donors"
"EGR3_259",64.1708574905607,"down","All four donors"
"ZNF238_260",0,"down","All four donors"
"ZBTB42_261",0,"down","All four donors"
"ZNF784_262",0,"down","All four donors"
"ZSCAN4_263",0,"down","All four donors"
"PLAG1_264",82.8768574905607,"down","All four donors"
"ZBTB7C_265",40.4233574905607,"down","All four donors"
"WT1_266",369.699057490561,"down","All four donors"
"SP1_267",342.795357490561,"down","All four donors"
"SNAI3_268",0,"down","All four donors"
"ZBTB3_269",0,"down","All four donors"
"IKZF1_270",0.487857490560675,"down","All four donors"
"ZBTB6_271",3.11055749056068,"down","All four donors"
"ZNF75D_272",0,"down","All four donors"
"ZKSCAN4_273",2.54435749056068,"down","All four donors"
"MTF1_274",0,"down","All four donors"
"SP6_275",288.468757490561,"down","All four donors"
"ZKSCAN3_276",2.54435749056068,"down","All four donors"
"ZSCAN16_277",0,"down","All four donors"
"ZNF652_278",0,"down","All four donors"
"SP5_279",288.468757490561,"down","All four donors"
"ZBTB12_280",0,"down","All four donors"
"AL8448538_281",0,"down","All four donors"
"SCRT2_282",0,"down","All four donors"
"SP9_283",181.910057490561,"down","All four donors"
"YY2_284",33.5686574905607,"down","All four donors"
"CR7597843_285",0,"down","All four donors"
"CR3882194_286",0,"down","All four donors"
"AL66283413_287",0,"down","All four donors"
"NFYA_288",15.6185574905607,"down","All four donors"
"CENPB_289",18.9989574905607,"down","All four donors"
"YBX1_290",22.6879574905607,"down","All four donors"
"RBPJ_291",0,"down","All four donors"
"CUX2_292",0,"down","All four donors"
"ONECUT2_293",0,"down","All four donors"
"CUX1_294",0,"down","All four donors"
"ONECUT1_295",0,"down","All four donors"
"ONECUT3_296",0,"down","All four donors"
"LIN54_297",0,"down","All four donors"
"CGBP_298",7.37335749056068,"down","All four donors"
"KDM2B_299",0,"down","All four donors"
"MLL_300",42.9184574905607,"down","All four donors"
"DNMT1_301",319.584957490561,"down","All four donors"
"TET1_302",0.074757490560675,"down","All four donors"
"CXXC1_303",9.30215749056067,"down","All four donors"
"DMRT3_304",0,"down","All four donors"
"DMRT1_305",0,"down","All four donors"
"DMRTA2_306",0,"down","All four donors"
"DMRT2_307",0,"down","All four donors"
"TFDP2_308",47.3424574905607,"down","All four donors"
"TFDP3_309",47.3424574905607,"down","All four donors"
"TFDP1_310",47.3424574905607,"down","All four donors"
"E2F2_311",17.1725574905607,"down","All four donors"
"E2F1_312",9.91575749056067,"down","All four donors"
"E2F3_313",0,"down","All four donors"
"E2F8_314",0,"down","All four donors"
"E2F5_315",28.2005574905607,"down","All four donors"
"E2F7_316",0,"down","All four donors"
"E2F6_317",158.995857490561,"down","All four donors"
"E2F4_318",171.984057490561,"down","All four donors"
"BRCA1_319",0,"down","All four donors"
"ETV1_320",96.4582574905607,"down","All four donors"
"ETV7_321",1.87345749056068,"down","All four donors"
"SPI1_322",0,"down","All four donors"
"ELF4_323",48.6027574905607,"down","All four donors"
"ETV2_324",5.08005749056067,"down","All four donors"
"ERF_325",43.6052574905607,"down","All four donors"
"ELF2_326",10.6954574905607,"down","All four donors"
"ELK3_327",92.3763574905607,"down","All four donors"
"ETV3_328",66.9073574905607,"down","All four donors"
"ELF1_329",114.315357490561,"down","All four donors"
"SPDEF_330",22.7850574905607,"down","All four donors"
"ELK1_331",106.704557490561,"down","All four donors"
"ETS1_332",59.1137574905607,"down","All four donors"
"EHF_333",24.2936574905607,"down","All four donors"
"ELF5_334",12.2100574905607,"down","All four donors"
"ETV6_335",63.2268574905607,"down","All four donors"
"SPIB_336",0,"down","All four donors"
"FLI1_337",75.7342574905607,"down","All four donors"
"GABPA_338",127.499857490561,"down","All four donors"
"ERG_339",39.9345574905607,"down","All four donors"
"ETS2_340",50.5061574905607,"down","All four donors"
"ELK4_341",124.139757490561,"down","All four donors"
"ELF3_342",15.6984574905607,"down","All four donors"
"FEV_343",59.8017574905607,"down","All four donors"
"SPIC_344",0,"down","All four donors"
"ETV4_345",86.5939574905607,"down","All four donors"
"ENSG00000235187_346",48.7217574905607,"down","All four donors"
"ETV5_347",103.718357490561,"down","All four donors"
"FOXP3_348",0,"down","All four donors"
"FOXC1_349",0,"down","All four donors"
"FOXJ2_350",0,"down","All four donors"
"FOXF1_351",0,"down","All four donors"
"FOXM1_352",0,"down","All four donors"
"FOXP1_353",0,"down","All four donors"
"FOXO3_354",0,"down","All four donors"
"FOXA2_355",0,"down","All four donors"
"FOXP2_356",0,"down","All four donors"
"FOXA1_357",0,"down","All four donors"
"FOXP4_358",0,"down","All four donors"
"FOXF2_359",0,"down","All four donors"
"FOXK2_360",0,"down","All four donors"
"FOXO1_361",0,"down","All four donors"
"FOXH1_362",0,"down","All four donors"
"FOXQ1_363",0,"down","All four donors"
"FOXK1_364",0,"down","All four donors"
"FOXI1_365",0,"down","All four donors"
"FOXA3_366",0,"down","All four donors"
"FOXB1_367",0,"down","All four donors"
"FOXG1_368",0,"down","All four donors"
"FOXL1_369",0,"down","All four donors"
"FOXC2_370",0,"down","All four donors"
"FOXE1_371",0,"down","All four donors"
"FOXS1_372",0,"down","All four donors"
"FOXO4_373",0,"down","All four donors"
"FOXD2_374",0,"down","All four donors"
"FOXI2_375",0,"down","All four donors"
"FOXE3_376",0,"down","All four donors"
"FOXD3_377",0,"down","All four donors"
"FOXJ3_378",0,"down","All four donors"
"FOXO6_379",0,"down","All four donors"
"FOXB2_380",0,"down","All four donors"
"KIAA0415_381",0,"down","All four donors"
"FOXD1_382",0,"down","All four donors"
"GATA1_383",0,"down","All four donors"
"GATA3_384",0,"down","All four donors"
"GATA5_385",0,"down","All four donors"
"GATA4_386",0,"down","All four donors"
"GATA6_387",0,"down","All four donors"
"GATA2_388",0,"down","All four donors"
"GCM2_389",6.19245749056067,"down","All four donors"
"GCM1_390",0.769257490560675,"down","All four donors"
"GRHL1_391",0,"down","All four donors"
"TFCP2_392",0.262957490560675,"down","All four donors"
"UBP1_393",0,"down","All four donors"
"ARX_394",0,"down","All four donors"
"HOXA11_395",0,"down","All four donors"
"MEOX1_396",0,"down","All four donors"
"DLX6_397",0,"down","All four donors"
"ISL1_398",0,"down","All four donors"
"HOXC8_399",0,"down","All four donors"
"BARX2_400",0,"down","All four donors"
"ALX4_401",0,"down","All four donors"
"GSC2_402",0,"down","All four donors"
"DLX3_403",0,"down","All four donors"
"PITX1_404",0,"down","All four donors"
"HOXA9_405",0,"down","All four donors"
"LHX5_406",0,"down","All four donors"
"SIX4_407",0,"down","All four donors"
"VSX1_408",0,"down","All four donors"
"RHOXF1_409",0,"down","All four donors"
"CRX_410",0,"down","All four donors"
"MEIS3_411",0,"down","All four donors"
"DLX5_412",0,"down","All four donors"
"HOXA1_413",0,"down","All four donors"
"HOXA2_414",0,"down","All four donors"
"HOXA3_415",0,"down","All four donors"
"HOXA5_416",0,"down","All four donors"
"HOXA6_417",0,"down","All four donors"
"HOXA13_418",0,"down","All four donors"
"EVX1_419",0,"down","All four donors"
"NOBOX_420",0,"down","All four donors"
"MEOX2_421",0,"down","All four donors"
"LHX2_422",0,"down","All four donors"
"LHX6_423",0,"down","All four donors"
"LHX3_424",0,"down","All four donors"
"TLX1_425",0,"down","All four donors"
"PITX3_426",0,"down","All four donors"
"HOXB6_427",0,"down","All four donors"
"HNF1B_428",0,"down","All four donors"
"DLX4_429",0,"down","All four donors"
"VTN_430",0,"down","All four donors"
"PHOX2B_431",0,"down","All four donors"
"NKX32_432",0,"down","All four donors"
"NANOG_433",0,"down","All four donors"
"IRX4_434",0,"down","All four donors"
"CDX1_435",0,"down","All four donors"
"TLX2_436",0,"down","All four donors"
"OTX1_437",2.09525749056068,"down","All four donors"
"DLX2_438",0,"down","All four donors"
"VAX2_439",0,"down","All four donors"
"PRRX1_440",0,"down","All four donors"
"TGIF2_441",0,"down","All four donors"
"VSX2_442",0,"down","All four donors"
"NKX23_443",0,"down","All four donors"
"HOXB8_444",0,"down","All four donors"
"HOXB5_445",0,"down","All four donors"
"HOXB7_446",0,"down","All four donors"
"HOXB3_447",0,"down","All four donors"
"HOXB1_448",0,"down","All four donors"
"MSX2_449",0,"down","All four donors"
"LHX4_450",0,"down","All four donors"
"HOXA7_451",0,"down","All four donors"
"HOXC13_452",0,"down","All four donors"
"HOXC11_453",0,"down","All four donors"
"HOXC12_454",0,"down","All four donors"
"ESX1_455",0,"down","All four donors"
"BARHL1_456",0,"down","All four donors"
"NKX24_457",0,"down","All four donors"
"NKX22_458",0,"down","All four donors"
"SIX1_459",0,"down","All four donors"
"HOXD1_460",0,"down","All four donors"
"HOXD3_461",0,"down","All four donors"
"HOXD9_462",0,"down","All four donors"
"HOXD10_463",0,"down","All four donors"
"HOXD11_464",0,"down","All four donors"
"HOXD13_465",0,"down","All four donors"
"MNX1_466",0,"down","All four donors"
"CDX4_467",0,"down","All four donors"
"BARX1_468",0,"down","All four donors"
"LHX1_469",0,"down","All four donors"
"GSC_470",0,"down","All four donors"
"MEIS2_471",0,"down","All four donors"
"RAX_472",0,"down","All four donors"
"HNF1A_473",0,"down","All four donors"
"EMX1_474",0,"down","All four donors"
"NKX28_475",0,"down","All four donors"
"NKX21_476",0,"down","All four donors"
"ZFHX2_477",0,"down","All four donors"
"HLX_478",0,"down","All four donors"
"LMX1B_479",0,"down","All four donors"
"SIX3_480",0,"down","All four donors"
"LBX1_481",0,"down","All four donors"
"PDX1_482",0,"down","All four donors"
"ZFHX3_483",0,"down","All four donors"
"BARHL2_484",0,"down","All four donors"
"LHX9_485",0,"down","All four donors"
"MEIS1_486",0,"down","All four donors"
"DLX1_487",0,"down","All four donors"
"HMBOX1_488",0,"down","All four donors"
"VAX1_489",0,"down","All four donors"
"VENTX_490",0,"down","All four donors"
"HHEX_491",0,"down","All four donors"
"TGIF2LX_492",0,"down","All four donors"
"ALX3_493",0,"down","All four donors"
"HOXB13_494",0,"down","All four donors"
"IRX6_495",0,"down","All four donors"
"ISL2_496",0,"down","All four donors"
"PKNOX1_497",0,"down","All four donors"
"LHX8_498",0,"down","All four donors"
"LMX1A_499",0,"down","All four donors"
"EN1_500",0,"down","All four donors"
"MSX1_501",0,"down","All four donors"
"NKX61_502",0,"down","All four donors"
"HESX1_503",0,"down","All four donors"
"PITX2_504",0,"down","All four donors"
"TLX3_505",0,"down","All four donors"
"EN2_506",0,"down","All four donors"
"UNCX_507",0,"down","All four donors"
"GBX1_508",0,"down","All four donors"
"NKX63_509",0,"down","All four donors"
"ZHX1_510",0,"down","All four donors"
"HDX_511",0,"down","All four donors"
"PHOX2A_512",0,"down","All four donors"
"PKNOX2_513",0,"down","All four donors"
"CDX2_514",0,"down","All four donors"
"OTX2_515",0,"down","All four donors"
"DRGX_516",0,"down","All four donors"
"NKX31_517",0,"down","All four donors"
"PBX3_518",27.7975574905607,"down","All four donors"
"PRRX2_519",0,"down","All four donors"
"GBX2_520",0,"down","All four donors"
"SHOX2_521",0,"down","All four donors"
"GSX1_522",0,"down","All four donors"
"HOXD4_523",0,"down","All four donors"
"HOXD12_524",0,"down","All four donors"
"EMX2_525",0,"down","All four donors"
"IRX1_526",0,"down","All four donors"
"IRX2_527",0,"down","All four donors"
"SIX2_528",0,"down","All four donors"
"HOXB9_529",0,"down","All four donors"
"OTP_530",0,"down","All four donors"
"AC0125311_531",0,"down","All four donors"
"HOXB2_532",0,"down","All four donors"
"RAX2_533",0,"down","All four donors"
"EVX2_534",0,"down","All four donors"
"PROP1_535",0,"down","All four donors"
"ISX_536",0,"down","All four donors"
"HOXD8_537",0,"down","All four donors"
"TGIF2LY_538",0,"down","All four donors"
"IRX5_539",0,"down","All four donors"
"SIX5_540",0,"down","All four donors"
"TGIF1_541",0,"down","All four donors"
"IRX3_542",0,"down","All four donors"
"LBX2_543",0,"down","All four donors"
"NKX26_544",0,"down","All four donors"
"ALX1_545",0,"down","All four donors"
"GSX2_546",0,"down","All four donors"
"HOXC9_547",0,"down","All four donors"
"HOXC10_548",0,"down","All four donors"
"HOXB4_549",0,"down","All four donors"
"NKX25_550",0,"down","All four donors"
"POU6F1_551",0,"down","All four donors"
"SIX6_552",0,"down","All four donors"
"MIXL1_553",0,"down","All four donors"
"DBX2_554",0,"down","All four donors"
"PBX1_555",0,"down","All four donors"
"SHOX_556",0,"down","All four donors"
"HMX3_557",0,"down","All four donors"
"HMX2_558",0,"down","All four donors"
"BSX_559",0,"down","All four donors"
"DMBX1_560",0,"down","All four donors"
"HOXC6_561",0,"down","All four donors"
"HOXC5_562",0,"down","All four donors"
"PBX2_563",0,"down","All four donors"
"DUXA_564",0,"down","All four donors"
"DPRX_565",0,"down","All four donors"
"AL8454643_566",0,"down","All four donors"
"NOTO_567",0,"down","All four donors"
"HOMEZ_568",0,"down","All four donors"
"HMX1_569",0,"down","All four donors"
"ENSG00000215754_570",0,"down","All four donors"
"ENSG00000217642_571",0,"down","All four donors"
"ENSG00000224558_572",0,"down","All four donors"
"BX2846861_573",0,"down","All four donors"
"ENSG00000225958_574",0,"down","All four donors"
"CR8124782_575",0,"down","All four donors"
"ENSG00000226866_576",0,"down","All four donors"
"AC2261502_577",0,"down","All four donors"
"DUX4L5_578",0,"down","All four donors"
"ENSG00000227522_579",0,"down","All four donors"
"DUX4L2_580",0,"down","All four donors"
"DUX4L3_581",0,"down","All four donors"
"DUX4L6_582",0,"down","All four donors"
"ENSG00000228710_583",0,"down","All four donors"
"ENSG00000229544_584",0,"down","All four donors"
"CT4768282_585",0,"down","All four donors"
"ENSG00000230380_586",0,"down","All four donors"
"ENSG00000230776_587",0,"down","All four donors"
"AL5921702_588",0,"down","All four donors"
"BX9272396_589",0,"down","All four donors"
"ENSG00000232923_590",0,"down","All four donors"
"ENSG00000233294_591",0,"down","All four donors"
"ENSG00000233361_592",0,"down","All four donors"
"ENSG00000233698_593",0,"down","All four donors"
"ENSG00000233794_594",0,"down","All four donors"
"ENSG00000234254_595",0,"down","All four donors"
"ENSG00000234550_596",0,"down","All four donors"
"NKX11_597",0,"down","All four donors"
"ENSG00000236207_598",0,"down","All four donors"
"CR9338788_599",0,"down","All four donors"
"AL6628305_600",0,"down","All four donors"
"ENSG00000237516_601",0,"down","All four donors"
"ENSG00000250589_602",0,"down","All four donors"
"DUX4_603",0,"down","All four donors"
"PAX6_604",0,"down","All four donors"
"PAX7_605",0,"down","All four donors"
"PAX2_606",0,"down","All four donors"
"PAX4_607",0,"down","All four donors"
"PAX3_608",2.47775749056068,"down","All four donors"
"POU2F2_609",0,"down","All four donors"
"POU1F1_610",0,"down","All four donors"
"POU4F3_611",0,"down","All four donors"
"POU6F2_612",0,"down","All four donors"
"POU2F3_613",0,"down","All four donors"
"POU2F1_614",0,"down","All four donors"
"POU4F2_615",0,"down","All four donors"
"POU4F1_616",0,"down","All four donors"
"POU3F2_617",0,"down","All four donors"
"POU3F1_618",0,"down","All four donors"
"POU3F4_619",0,"down","All four donors"
"POU3F3_620",0,"down","All four donors"
"POU5F1_621",0,"down","All four donors"
"POU5F1B_622",0,"down","All four donors"
"HSF2_623",0,"down","All four donors"
"HSF4_624",0,"down","All four donors"
"HSFY2_625",0,"down","All four donors"
"HSFY1_626",0,"down","All four donors"
"HSF1_627",0,"down","All four donors"
"IRF6_628",4.98485749056067,"down","All four donors"
"IRF1_629",0,"down","All four donors"
"IRF3_630",0,"down","All four donors"
"IRF5_631",0,"down","All four donors"
"IRF4_632",0,"down","All four donors"
"IRF8_633",0,"down","All four donors"
"IRF2_634",0,"down","All four donors"
"IRF7_635",0,"down","All four donors"
"IRF9_636",0,"down","All four donors"
"NAIF1_637",0.475657490560675,"down","All four donors"
"AC0021266_638",0,"down","All four donors"
"MEF2A_639",0,"down","All four donors"
"MEF2C_640",0,"down","All four donors"
"SRF_641",0,"down","All four donors"
"MEF2D_642",0,"down","All four donors"
"MEF2B_643",0,"down","All four donors"
"MBD2_644",230.087357490561,"down","All four donors"
"MECP2_645",146.078357490561,"down","All four donors"
"CDC5L_646",0,"down","All four donors"
"MYBL2_647",0,"down","All four donors"
"MYB_648",0,"down","All four donors"
"TERF2_649",0,"down","All four donors"
"SMARCC2_650",18.3183574905607,"down","All four donors"
"SMARCC1_651",0,"down","All four donors"
"MYPOP_652",1.68665749056068,"down","All four donors"
"MYBL1_653",0,"down","All four donors"
"C11orf9_654",0,"down","All four donors"
"NR1H4_655",0,"down","All four donors"
"NR1H3_656",0,"down","All four donors"
"NR2E3_657",0,"down","All four donors"
"RORA_658",0,"down","All four donors"
"RARB_659",0,"down","All four donors"
"PGR_660",0,"down","All four donors"
"ESR1_661",6.69675749056067,"down","All four donors"
"HNF4A_662",0,"down","All four donors"
"VDR_663",0,"down","All four donors"
"PPARD_664",0,"down","All four donors"
"NR2E1_665",0,"down","All four donors"
"NR3C1_666",0,"down","All four donors"
"NR5A2_667",0,"down","All four donors"
"NR4A3_668",0,"down","All four donors"
"ESRRB_669",0,"down","All four donors"
"NR2C1_670",0,"down","All four donors"
"NR4A1_671",0,"down","All four donors"
"THRA_672",0,"down","All four donors"
"NR1D1_673",0,"down","All four donors"
"NR1H2_674",0,"down","All four donors"
"RARA_675",0,"down","All four donors"
"PPARG_676",0,"down","All four donors"
"NR5A1_677",0,"down","All four donors"
"ESR2_678",0,"down","All four donors"
"RXRG_679",0,"down","All four donors"
"NR1I3_680",0,"down","All four donors"
"RORC_681",0,"down","All four donors"
"NR1I2_682",0,"down","All four donors"
"NR6A1_683",0,"down","All four donors"
"THRB_684",0,"down","All four donors"
"NR3C2_685",0,"down","All four donors"
"NR4A2_686",0,"down","All four donors"
"NR2F6_687",0,"down","All four donors"
"HNF4G_688",0,"down","All four donors"
"AR_689",0.0900574905606751,"down","All four donors"
"RARG_690",2.60685749056068,"down","All four donors"
"ESRRA_691",0,"down","All four donors"
"NR2F1_692",0,"down","All four donors"
"NR2C2_693",60.7363574905607,"down","All four donors"
"NR2F2_694",0,"down","All four donors"
"RXRA_695",0,"down","All four donors"
"PPARA_696",0,"down","All four donors"
"ESRRG_697",0,"down","All four donors"
"RXRB_698",0,"down","All four donors"
"AL8445277_699",5.08755749056068,"down","All four donors"
"AL6628245_700",5.08755749056068,"down","All four donors"
"CR7597334_701",5.08755749056068,"down","All four donors"
"CR3545653_702",5.08755749056068,"down","All four donors"
"CR9368773_703",5.08755749056068,"down","All four donors"
"TP63_704",0,"down","All four donors"
"TP73_705",0,"down","All four donors"
"TP53_706",0.0508574905606752,"down","All four donors"
"PAX8_707",1.97285749056068,"down","All four donors"
"PAX1_708",6.72965749056068,"down","All four donors"
"PAX5_709",9.60075749056067,"down","All four donors"
"PAX9_710",2.98475749056068,"down","All four donors"
"LCOR_711",0,"down","All four donors"
"PROX1_712",0,"down","All four donors"
"NFATC3_713",0,"down","All four donors"
"NFKB2_714",23.0014574905607,"down","All four donors"
"NFATC4_715",0,"down","All four donors"
"NFATC2_716",0,"down","All four donors"
"NFAT5_717",0,"down","All four donors"
"RELB_718",14.2317574905607,"down","All four donors"
"NFKB1_719",13.6861574905607,"down","All four donors"
"NFATC1_720",0,"down","All four donors"
"REL_721",16.7461574905607,"down","All four donors"
"RELA_722",14.0102574905607,"down","All four donors"
"RFX3_723",23.1553574905607,"down","All four donors"
"RFX2_724",27.7900574905607,"down","All four donors"
"RFX4_725",18.1573574905607,"down","All four donors"
"RFX1_726",0.835157490560675,"down","All four donors"
"RFX5_727",5.64765749056067,"down","All four donors"
"RFX7_728",9.08275749056068,"down","All four donors"
"RFX6_729",6.53865749056067,"down","All four donors"
"RFX8_730",8.88835749056067,"down","All four donors"
"RUNX3_731",0,"down","All four donors"
"RUNX2_732",0,"down","All four donors"
"RUNX1_733",0,"down","All four donors"
"ENSG00000250096_734",0,"down","All four donors"
"GMEB2_735",0,"down","All four donors"
"AIRE_736",0,"down","All four donors"
"GMEB1_737",5.36225749056067,"down","All four donors"
"NFIX_738",0,"down","All four donors"
"SMAD4_739",0,"down","All four donors"
"NFIC_740",0,"down","All four donors"
"NFIB_741",0,"down","All four donors"
"NFIA_742",0,"down","All four donors"
"SMAD3_743",0,"down","All four donors"
"SMAD1_744",0,"down","All four donors"
"SMAD2_745",0.299257490560675,"down","All four donors"
"SOX8_746",0,"down","All four donors"
"SOX30_747",0,"down","All four donors"
"HMG20B_748",0,"down","All four donors"
"CIC_749",0,"down","All four donors"
"TCF7_750",0,"down","All four donors"
"SOX10_751",0,"down","All four donors"
"HBP1_752",0,"down","All four donors"
"BBX_753",0,"down","All four donors"
"SOX4_754",0,"down","All four donors"
"SOX21_755",0,"down","All four donors"
"SOX9_756",0,"down","All four donors"
"SOX15_757",0,"down","All four donors"
"SOX5_758",0,"down","All four donors"
"SOX3_759",0,"down","All four donors"
"LEF1_760",0,"down","All four donors"
"SOX13_761",0,"down","All four donors"
"TCF7L2_762",0,"down","All four donors"
"TCF7L1_763",0,"down","All four donors"
"SOX17_764",0,"down","All four donors"
"SOX14_765",0,"down","All four donors"
"SOX7_766",0,"down","All four donors"
"SOX11_767",0,"down","All four donors"
"SOX12_768",0,"down","All four donors"
"SOX2_769",0,"down","All four donors"
"SOX1_770",0,"down","All four donors"
"SRY_771",0,"down","All four donors"
"SOX18_772",0,"down","All four donors"
"STAT1_773",0,"down","All four donors"
"STAT5A_774",0,"down","All four donors"
"STAT4_775",0,"down","All four donors"
"STAT6_776",0,"down","All four donors"
"STAT3_777",0,"down","All four donors"
"STAT2_778",0,"down","All four donors"
"STAT5B_779",0,"down","All four donors"
"TBX21_780",0,"down","All four donors"
"TBX5_781",0,"down","All four donors"
"TBX15_782",0,"down","All four donors"
"TBX2_783",0,"down","All four donors"
"TBX4_784",0,"down","All four donors"
"TBX3_785",0,"down","All four donors"
"TBR1_786",0,"down","All four donors"
"TBX19_787",0,"down","All four donors"
"EOMES_788",0,"down","All four donors"
"T_789",0,"down","All four donors"
"TBX20_790",0,"down","All four donors"
"TBX10_791",0,"down","All four donors"
"TBX1_792",0,"down","All four donors"
"TBP_793",0,"down","All four donors"
"TBPL2_794",0,"down","All four donors"
"TEAD3_795",0,"down","All four donors"
"TEAD1_796",0,"down","All four donors"
"TEAD4_797",0,"down","All four donors"
"THAP1_798",0.228157490560675,"down","All four donors"
"PRKRIR_799",0,"down","All four donors"
"NFYC_800",19.2129574905607,"down","All four donors"
"CBFB_801",0,"down","All four donors"
"HLTF_802",0,"down","All four donors"
"ENO1_803",0.605857490560675,"down","All four donors"
"EP300_804",2.99065749056068,"down","All four donors"
"NRF1_805",139.964957490561,"down","All four donors"
"CEBPZ_806",9.52765749056067,"down","All four donors"
"NFYB_807",30.0256574905607,"down","All four donors"
"LMO2_808",8.83055749056068,"down","All four donors"
"FUBP1_809",0,"down","All four donors"
"SPZ1_810",30.4976574905607,"down","All four donors"
"NR0B1_811",74.5610574905607,"down","All four donors"
"BPTF_812",0,"down","All four donors"
"PURA_813",193.049057490561,"down","All four donors"
"TOPORS_814",0,"down","All four donors"
"CPEB1_815",0,"down","All four donors"
"ZBED1_816",5.18745749056067,"down","All four donors"
"ZNF350_817",44.5853574905607,"down","All four donors"
"LYL1_818",9.66485749056067,"down","All four donors"
"SOHLH2_819",22.4630574905607,"down","All four donors"
"NEUROD4_820",0,"down","All four donors"
"NEUROD6_821",0,"down","All four donors"
"TAL2_822",0,"down","All four donors"
"C13orf38SOHLH2_823",22.4630574905607,"down","All four donors"
"HIVEP3_824",8.78515749056067,"down","All four donors"
"BCL11B_825",0,"down","All four donors"
"KLF10_826",52.1347574905607,"down","All four donors"
"YBX2_827",0,"down","All four donors"
"CSDA_828",0,"down","All four donors"
"FOXN3_829",0,"down","All four donors"
"FOXD4_830",0,"down","All four donors"
"FOXD4L1_831",0,"down","All four donors"
"FOXD4L3_832",0,"down","All four donors"
"FOXD4L5_833",0,"down","All four donors"
"FOXD4L6_834",0,"down","All four donors"
"NANOGP1_835",0,"down","All four donors"
"AL7735441_836",0,"down","All four donors"
"CR3882292_837",0,"down","All four donors"
"AL6628334_838",0,"down","All four donors"
"CR7598154_839",0,"down","All four donors"
"BX0885802_840",0,"down","All four donors"
"NR1D2_841",0,"down","All four donors"
"MYF5_842",0,"down","All four donors"
"ASCL1_843",0,"down","All four donors"
"ATOH1_844",0,"down","All four donors"
"NFE2L3_845",0,"down","All four donors"
"KLF2_846",163.802757490561,"down","All four donors"
"KLF11_847",199.697257490561,"down","All four donors"
"ZFP42_848",15.6785574905607,"down","All four donors"
"ZNF187_849",0,"down","All four donors"
"ZFP161_850",121.269757490561,"down","All four donors"
"ZNF75C_851",0,"down","All four donors"
"DMRTC2_852",0,"down","All four donors"
"FOXJ1_853",0,"down","All four donors"
"FOXN2_854",0,"down","All four donors"
"FOXL2_855",0,"down","All four donors"
"FOXD4L4_856",0,"down","All four donors"
"FOXD4L2_857",0,"down","All four donors"
"TFCP2L1_858",14.3000574905607,"down","All four donors"
"DUX1_859",0,"down","All four donors"
"DUX3_860",0,"down","All four donors"
"PBX4_861",0,"down","All four donors"
"NKX62_862",0,"down","All four donors"
"HOXA4_863",0,"down","All four donors"
"CR8477943_864",0,"down","All four donors"
"RORB_865",0,"down","All four donors"
"SMAD5_866",318.521157490561,"down","All four donors"
"SMAD9_867",0,"down","All four donors"
"SOX6_868",0,"down","All four donors"
"TBX18_869",0,"down","All four donors"
"TBX22_870",0,"down","All four donors"
