"peak","n_folds_recovered"
"chr10:100987276-100987776",1
"chr10:100996785-100997285",2
"chr10:101067763-101068263",3
"chr10:101815772-101816272",1
"chr10:101835913-101836413",3
"chr10:102072827-102073327",3
"chr10:102229693-102230193",1
"chr10:102230794-102231294",0
"chr10:102245698-102246198",1
"chr10:102648937-102649437",0
"chr10:102744191-102744691",2
"chr10:103490594-103491094",0
"chr10:103605620-103606120",0
"chr10:103660445-103660945",0
"chr10:103800740-103801240",3
"chr10:104254611-104255111",3
"chr10:104267018-104267518",1
"chr10:1047410-1047910",0
"chr10:110868920-110869420",3
"chr10:112369363-112369863",1
"chr10:112447252-112447752",2
"chr10:11403008-11403508",1
"chr10:11407864-11408364",0
"chr10:114099841-114100341",1
"chr10:11863100-11863600",1
"chr10:119090366-119090866",0
"chr10:119090927-119091427",2
"chr10:119301288-119301788",2
"chr10:119313561-119314061",3
"chr10:119315487-119315987",1
"chr10:119642512-119643012",0
"chr10:12181334-12181834",4
"chr10:121926917-121927417",2
"chr10:12194843-12195343",0
"chr10:123771992-123772492",3
"chr10:124613930-124614430",0
"chr10:124739044-124739544",0
"chr10:128042227-128042727",0
"chr10:128180768-128181268",2
"chr10:13100464-13100964",0
"chr10:132158352-132158852",0
"chr10:132185497-132185997",0
"chr10:133159959-133160459",1
"chr10:133274914-133275414",0
"chr10:14838770-14839270",1
"chr10:14879371-14879871",1
"chr10:15096411-15096911",1
"chr10:15208861-15209361",0
"chr10:17026721-17027221",2
"chr10:17029462-17029962",0
"chr10:17206070-17206570",1
"chr10:17409128-17409628",1
"chr10:17444038-17444538",2
"chr10:21724633-21725133",0
"chr10:22505975-22506475",1
"chr10:22570682-22571182",2
"chr10:24622081-24622581",4
"chr10:24882222-24882722",2
"chr10:26721464-26721964",3
"chr10:28250707-28251207",0
"chr10:30695811-30696311",1
"chr10:30782692-30783192",1
"chr10:30783834-30784334",0
"chr10:31759207-31759707",0
"chr10:33046726-33047226",0
"chr10:33155748-33156248",1
"chr10:33612450-33612950",1
"chr10:35225196-35225696",0
"chr10:3784571-3785071",1
"chr10:3786335-3786835",2
"chr10:3804222-3804722",0
"chr10:3809518-3810018",1
"chr10:3811339-3811839",1
"chr10:43221037-43221537",2
"chr10:43225669-43226169",2
"chr10:43606148-43606648",3
"chr10:46267750-46268250",0
"chr10:46268384-46268884",3
"chr10:47552692-47553192",3
"chr10:47553210-47553710",1
"chr10:50527411-50527911",3
"chr10:5089829-5090329",0
"chr10:51422548-51423048",0
"chr10:5564079-5564579",1
"chr10:5564805-5565305",0
"chr10:56361112-56361612",4
"chr10:56361641-56362141",3
"chr10:5685136-5685636",2
"chr10:61286615-61287115",4
"chr10:61943120-61943620",4
"chr10:62046368-62046868",0
"chr10:62383994-62384494",2
"chr10:62681330-62681830",0
"chr10:62851372-62851872",0
"chr10:6300050-6300550",1
"chr10:63225631-63226131",1
"chr10:63465763-63466263",0
"chr10:68956900-68957400",0
"chr10:69027531-69028031",1
"chr10:69087252-69087752",0
"chr10:69093794-69094294",1
"chr10:69204015-69204515",4
"chr10:6928676-6929176",0
"chr10:70381897-70382397",0
"chr10:71314242-71314742",1
"chr10:71772161-71772661",2
"chr10:72087006-72087506",1
"chr10:72126106-72126606",0
"chr10:72335346-72335846",1
"chr10:72370177-72370677",3
"chr10:73095947-73096447",0
"chr10:73158990-73159490",1
"chr10:74824092-74824592",0
"chr10:7485112-7485612",0
"chr10:77837493-77837993",3
"chr10:79316530-79317030",0
"chr10:80203349-80203849",0
"chr10:8036988-8037488",0
"chr10:8045030-8045530",0
"chr10:80457568-80458068",0
"chr10:80485711-80486211",1
"chr10:80535170-80535670",0
"chr10:8060597-8061097",0
"chr10:84177562-84178062",2
"chr10:85612316-85612816",1
"chr10:86756832-86757332",1
"chr10:88962276-88962776",1
"chr10:89163597-89164097",0
"chr10:89164135-89164635",0
"chr10:92087675-92088175",0
"chr10:92849390-92849890",1
"chr10:96513682-96514182",1
"chr10:96610666-96611166",2
"chr10:96830463-96830963",1
"chr10:96831444-96831944",0
"chr10:97418886-97419386",0
"chr10:97428401-97428901",4
"chr10:97713980-97714480",0
"chr11:102345967-102346467",0
"chr11:10307119-10307619",1
"chr11:103682262-103682762",3
"chr11:103735633-103736133",0
"chr11:104653366-104653866",4
"chr11:104705743-104706243",3
"chr11:104736438-104736938",2
"chr11:104798648-104799148",2
"chr11:105000760-105001260",1
"chr11:108221845-108222345",4
"chr11:108854371-108854871",0
"chr11:110522380-110522880",2
"chr11:111436633-111437133",1
"chr11:111926185-111926685",1
"chr11:114059371-114059871",4
"chr11:114073710-114074210",1
"chr11:115201226-115201726",1
"chr11:11577220-11577720",1
"chr11:117097766-117098266",2
"chr11:117143362-117143862",0
"chr11:117143998-117144498",2
"chr11:117815298-117815798",0
"chr11:117828548-117829048",1
"chr11:118002434-118002934",2
"chr11:118145267-118145767",1
"chr11:118306519-118307019",3
"chr11:118401757-118402257",2
"chr11:118436632-118437132",0
"chr11:118610130-118610630",3
"chr11:118841336-118841836",1
"chr11:118911776-118912276",0
"chr11:118929410-118929910",1
"chr11:119094243-119094743",2
"chr11:119321520-119322020",2
"chr11:119339832-119340332",0
"chr11:11995562-11996062",1
"chr11:121450375-121450875",0
"chr11:123057585-123058085",2
"chr11:123381643-123382143",0
"chr11:12366185-12366685",4
"chr11:124115201-124115701",2
"chr11:124920738-124921238",0
"chr11:125513872-125514372",1
"chr11:126332234-126332734",2
"chr11:126465647-126466147",0
"chr11:128301592-128302092",1
"chr11:128520614-128521114",1
"chr11:128528232-128528732",0
"chr11:128551643-128552143",0
"chr11:128841485-128841985",2
"chr11:134036945-134037445",2
"chr11:13462529-13463029",1
"chr11:13550700-13551200",4
"chr11:14270060-14270560",0
"chr11:14554808-14555308",2
"chr11:14569497-14569997",4
"chr11:1515419-1515919",1
"chr11:1566976-1567476",0
"chr11:1571442-1571942",1
"chr11:1589170-1589670",0
"chr11:1690419-1690919",0
"chr11:17353480-17353980",3
"chr11:1852101-1852601",1
"chr11:18698917-18699417",1
"chr11:19076925-19077425",0
"chr11:2151369-2151869",1
"chr11:2217077-2217577",2
"chr11:22657218-22657718",1
"chr11:2265965-2266465",0
"chr11:22829693-22830193",3
"chr11:2400879-2401379",1
"chr11:2428851-2429351",1
"chr11:2430207-2430707",0
"chr11:266623-267123",3
"chr11:267324-267824",4
"chr11:287656-288156",3
"chr11:3036996-3037496",0
"chr11:3056486-3056986",0
"chr11:316983-317483",3
"chr11:3217082-3217582",4
"chr11:33011481-33011981",0
"chr11:33015618-33016118",0
"chr11:35145916-35146416",2
"chr11:354957-355457",0
"chr11:355462-355962",1
"chr11:36352880-36353380",1
"chr11:36487530-36488030",0
"chr11:3808283-3808783",1
"chr11:39366828-39367328",0
"chr11:45917214-45917714",1
"chr11:46238087-46238587",3
"chr11:46381690-46382190",3
"chr11:46670961-46671461",0
"chr11:47186240-47186740",0
"chr11:47400022-47400522",1
"chr11:47407685-47408185",1
"chr11:47848609-47849109",4
"chr11:48005896-48006396",1
"chr11:48008922-48009422",1
"chr11:537105-537605",3
"chr11:567466-567966",1
"chr11:5684888-5685388",0
"chr11:57458601-57459101",3
"chr11:57638445-57638945",0
"chr11:576454-576954",0
"chr11:58524522-58525022",0
"chr11:59106847-59107347",1
"chr11:59537130-59537630",1
"chr11:59668363-59668863",1
"chr11:61333568-61334068",0
"chr11:61775569-61776069",1
"chr11:61791839-61792339",0
"chr11:61792884-61793384",1
"chr11:62112390-62112890",1
"chr11:62124674-62125174",0
"chr11:62545360-62545860",1
"chr11:62557883-62558383",4
"chr11:62558446-62558946",1
"chr11:62602206-62602706",3
"chr11:62678856-62679356",4
"chr11:62710067-62710567",0
"chr11:62770583-62771083",0
"chr11:62840637-62841137",3
"chr11:62881843-62882343",2
"chr11:63536558-63537058",2
"chr11:63537179-63537679",2
"chr11:63582477-63582977",0
"chr11:63681731-63682231",2
"chr11:63767343-63767843",1
"chr11:63768104-63768604",3
"chr11:63769019-63769519",2
"chr11:63837170-63837670",3
"chr11:63937932-63938432",3
"chr11:64000365-64000865",1
"chr11:64165949-64166449",0
"chr11:64229724-64230224",0
"chr11:64300103-64300603",4
"chr11:64300938-64301438",1
"chr11:64316807-64317307",2
"chr11:64653025-64653525",1
"chr11:64722969-64723469",1
"chr11:6474406-6474906",1
"chr11:64809817-64810317",2
"chr11:64854903-64855403",2
"chr11:64856535-64857035",2
"chr11:64869018-64869518",0
"chr11:64869750-64870250",1
"chr11:65014116-65014616",4
"chr11:65014624-65015124",4
"chr11:65113001-65113501",3
"chr11:65133757-65134257",3
"chr11:65261577-65262077",2
"chr11:65262165-65262665",4
"chr11:65355088-65355588",2
"chr11:65385419-65385919",3
"chr11:65417148-65417648",0
"chr11:65419890-65420390",4
"chr11:65422021-65422521",1
"chr11:65426127-65426627",1
"chr11:65448409-65448909",2
"chr11:65454903-65455403",2
"chr11:65501355-65501855",2
"chr11:65501896-65502396",1
"chr11:65506564-65507064",3
"chr11:65516280-65516780",0
"chr11:65557645-65558145",1
"chr11:65558223-65558723",2
"chr11:65569541-65570041",0
"chr11:65574714-65575214",2
"chr11:65615802-65616302",1
"chr11:65780711-65781211",3
"chr11:65818072-65818572",0
"chr11:65833111-65833611",3
"chr11:65860795-65861295",1
"chr11:65889109-65889609",1
"chr11:65891694-65892194",0
"chr11:65899139-65899639",4
"chr11:66001430-66001930",1
"chr11:66022347-66022847",3
"chr11:66045052-66045552",2
"chr11:66068156-66068656",1
"chr11:6611142-6611642",2
"chr11:66116043-66116543",0
"chr11:66348213-66348713",1
"chr11:66438062-66438562",1
"chr11:66466026-66466526",2
"chr11:66545377-66545877",4
"chr11:6655091-6655591",1
"chr11:66578965-66579465",2
"chr11:66744403-66744903",3
"chr11:66744930-66745430",3
"chr11:67239114-67239614",2
"chr11:67303916-67304416",1
"chr11:67317024-67317524",2
"chr11:67317558-67318058",1
"chr11:67351128-67351628",2
"chr11:67371347-67371847",3
"chr11:67419944-67420444",0
"chr11:67420453-67420953",2
"chr11:67508956-67509456",0
"chr11:67583536-67584036",0
"chr11:67616029-67616529",0
"chr11:68040470-68040970",0
"chr11:68121243-68121743",2
"chr11:68206066-68206566",0
"chr11:68209067-68209567",1
"chr11:68213048-68213548",2
"chr11:68840227-68840727",0
"chr11:68840774-68841274",1
"chr11:68842874-68843374",2
"chr11:69641971-69642471",0
"chr11:70270914-70271414",0
"chr11:72781649-72782149",2
"chr11:72812863-72813363",1
"chr11:72822044-72822544",1
"chr11:73143397-73143897",1
"chr11:74170375-74170875",1
"chr11:7436567-7437067",1
"chr11:74748003-74748503",0
"chr11:76380231-76380731",0
"chr11:76445529-76446029",3
"chr11:77066028-77066528",0
"chr11:78000075-78000575",0
"chr11:789859-790359",0
"chr11:796073-796573",0
"chr11:796584-797084",2
"chr11:805021-805521",3
"chr11:81658629-81659129",1
"chr11:81869591-81870091",4
"chr11:826855-827355",3
"chr11:83070362-83070862",0
"chr11:85823685-85824185",2
"chr11:86504063-86504563",1
"chr11:86608317-86608817",1
"chr11:88544300-88544800",0
"chr11:94164387-94164887",0
"chr11:94504647-94505147",0
"chr11:94924538-94925038",2
"chr11:95641526-95642026",1
"chr12:10153721-10154221",0
"chr12:10197846-10198346",0
"chr12:102421781-102422281",3
"chr12:10243756-10244256",2
"chr12:10279912-10280412",4
"chr12:10285910-10286410",0
"chr12:103441370-103441870",2
"chr12:10411123-10411623",1
"chr12:104569755-104570255",1
"chr12:104604512-104605012",0
"chr12:104986015-104986515",0
"chr12:105106962-105107462",0
"chr12:105737903-105738403",1
"chr12:10602585-10603085",1
"chr12:106301522-106302022",1
"chr12:107031254-107031754",0
"chr12:107092048-107092548",1
"chr12:107322010-107322510",0
"chr12:108515427-108515927",1
"chr12:108560131-108560631",0
"chr12:108617275-108617775",2
"chr12:108630886-108631386",0
"chr12:108634371-108634871",0
"chr12:108730200-108730700",2
"chr12:108803432-108803932",1
"chr12:110043066-110043566",2
"chr12:110582474-110582974",2
"chr12:110826588-110827088",0
"chr12:111368919-111369419",0
"chr12:111404745-111405245",1
"chr12:111406413-111406913",1
"chr12:111685258-111685758",1
"chr12:112419436-112419936",3
"chr12:1126054-1126554",2
"chr12:112714117-112714617",0
"chr12:112937671-112938171",1
"chr12:112938201-112938701",2
"chr12:113220460-113220960",1
"chr12:11546016-11546516",0
"chr12:118052669-118053169",0
"chr12:119990308-119990808",1
"chr12:120012269-120012769",3
"chr12:120116553-120117053",2
"chr12:120528927-120529427",1
"chr12:120583342-120583842",1
"chr12:120710174-120710674",4
"chr12:120902761-120903261",0
"chr12:120904153-120904653",2
"chr12:121110251-121110751",2
"chr12:121210574-121211074",0
"chr12:121466293-121466793",3
"chr12:121625634-121626134",3
"chr12:121627215-121627715",4
"chr12:121627778-121628278",4
"chr12:121687378-121687878",3
"chr12:121712470-121712970",2
"chr12:121751453-121751953",1
"chr12:122078441-122078941",2
"chr12:122203474-122203974",3
"chr12:122225372-122225872",0
"chr12:122894553-122895053",0
"chr12:123271004-123271504",2
"chr12:123271636-123272136",2
"chr12:123435822-123436322",3
"chr12:123973556-123974056",1
"chr12:124452807-124453307",0
"chr12:124457791-124458291",0
"chr12:127162845-127163345",2
"chr12:12720662-12721162",1
"chr12:130818908-130819408",2
"chr12:131928314-131928814",2
"chr12:132084696-132085196",1
"chr12:132561108-132561608",2
"chr12:132686554-132687054",0
"chr12:132760986-132761486",3
"chr12:132817998-132818498",0
"chr12:14403632-14404132",1
"chr12:14951664-14952164",1
"chr12:1583395-1583895",1
"chr12:1691331-1691831",0
"chr12:18165526-18166026",3
"chr12:19678471-19678971",2
"chr12:19791974-19792474",2
"chr12:1993967-1994467",1
"chr12:24398538-24399038",3
"chr12:24839353-24839853",1
"chr12:25325387-25325887",1
"chr12:2867872-2868372",2
"chr12:2885194-2885694",2
"chr12:29104635-29105135",1
"chr12:31791257-31791757",1
"chr12:3869847-3870347",0
"chr12:39669459-39669959",4
"chr12:42098000-42098500",2
"chr12:4274910-4275410",3
"chr12:453325-453825",0
"chr12:459666-460166",2
"chr12:47080597-47081097",2
"chr12:47081104-47081604",2
"chr12:47219355-47219855",0
"chr12:47276725-47277225",4
"chr12:47705152-47705652",1
"chr12:47903813-47904313",0
"chr12:48183328-48183828",2
"chr12:48864141-48864641",0
"chr12:48865654-48866154",1
"chr12:48988000-48988500",1
"chr12:49129628-49130128",1
"chr12:49235086-49235586",0
"chr12:49358567-49359067",0
"chr12:49537364-49537864",1
"chr12:49698734-49699234",0
"chr12:49842847-49843347",0
"chr12:50057471-50057971",0
"chr12:50070439-50070939",0
"chr12:50222441-50222941",2
"chr12:50401136-50401636",1
"chr12:51024904-51025404",0
"chr12:51391428-51391928",1
"chr12:52006615-52007115",2
"chr12:52032825-52033325",3
"chr12:52036752-52037252",2
"chr12:52050469-52050969",4
"chr12:52083334-52083834",1
"chr12:52327455-52327955",1
"chr12:52874128-52874628",1
"chr12:52884722-52885222",0
"chr12:53046619-53047119",3
"chr12:53251835-53252335",1
"chr12:53743537-53744037",2
"chr12:53751260-53751760",1
"chr12:539156-539656",1
"chr12:54032499-54032999",3
"chr12:54216104-54216604",2
"chr12:54259401-54259901",0
"chr12:54391119-54391619",2
"chr12:54394172-54394672",0
"chr12:54419039-54419539",1
"chr12:54419580-54420080",1
"chr12:55667109-55667609",0
"chr12:55716212-55716712",1
"chr12:55926255-55926755",2
"chr12:55966494-55966994",2
"chr12:56079176-56079676",2
"chr12:56079821-56080321",4
"chr12:56104745-56105245",1
"chr12:56130261-56130761",0
"chr12:56190037-56190537",2
"chr12:56467779-56468279",0
"chr12:56629518-56630018",0
"chr12:56677152-56677652",0
"chr12:56751641-56752141",1
"chr12:57089449-57089949",2
"chr12:57110380-57110880",2
"chr12:57128133-57128633",2
"chr12:57224804-57225304",1
"chr12:57238224-57238724",1
"chr12:57243594-57244094",3
"chr12:57604604-57605104",0
"chr12:57726003-57726503",0
"chr12:57754110-57754610",2
"chr12:6284930-6285430",0
"chr12:6332939-6333439",0
"chr12:6341859-6342359",1
"chr12:6363750-6364250",0
"chr12:6460909-6461409",3
"chr12:6467515-6468015",0
"chr12:6533342-6533842",1
"chr12:6535519-6536019",2
"chr12:65556628-65557128",1
"chr12:66288075-66288575",0
"chr12:66290795-66291295",1
"chr12:67449378-67449878",1
"chr12:67515556-67516056",1
"chr12:67555261-67555761",4
"chr12:67630121-67630621",2
"chr12:6764163-6764663",1
"chr12:67651275-67651775",0
"chr12:6772172-6772672",3
"chr12:68157312-68157812",2
"chr12:6927422-6927922",3
"chr12:6928048-6928548",1
"chr12:6936546-6937046",1
"chr12:6937373-6937873",0
"chr12:6943896-6944396",3
"chr12:6953737-6954237",4
"chr12:7092377-7092877",1
"chr12:74537555-74538055",1
"chr12:74945878-74946378",2
"chr12:75438303-75438803",0
"chr12:75702623-75703123",0
"chr12:75722589-75723089",3
"chr12:7638600-7639100",0
"chr12:7935167-7935667",2
"chr12:80083830-80084330",3
"chr12:88141963-88142463",1
"chr12:89225302-89225802",1
"chr12:89375834-89376334",1
"chr12:89397986-89398486",4
"chr12:89427454-89427954",3
"chr12:89661610-89662110",1
"chr12:89663626-89664126",0
"chr12:89863440-89863940",0
"chr12:89880661-89881161",3
"chr12:9039340-9039840",0
"chr12:92185040-92185540",2
"chr12:9283415-9283915",0
"chr12:9365041-9365541",0
"chr12:93771943-93772443",3
"chr12:93785145-93785645",3
"chr12:94208087-94208587",1
"chr12:94282686-94283186",2
"chr12:94532742-94533242",0
"chr12:94675964-94676464",4
"chr12:94704384-94704884",4
"chr12:96399169-96399669",0
"chr12:9868213-9868713",0
"chr12:98698791-98699291",0
"chr13:100608873-100609373",1
"chr13:105139717-105140217",4
"chr13:106917953-106918453",1
"chr13:110676946-110677446",1
"chr13:113296889-113297389",1
"chr13:113875878-113876378",3
"chr13:113876529-113877029",1
"chr13:114104551-114105051",3
"chr13:114129554-114130054",3
"chr13:114155208-114155708",2
"chr13:114314987-114315487",3
"chr13:20475757-20476257",0
"chr13:21218674-21219174",2
"chr13:21579881-21580381",1
"chr13:21674217-21674717",0
"chr13:22062093-22062593",4
"chr13:24187153-24187653",0
"chr13:25874829-25875329",0
"chr13:30151449-30151949",0
"chr13:30170508-30171008",0
"chr13:30461617-30462117",1
"chr13:31806975-31807475",2
"chr13:32539246-32539746",0
"chr13:32791600-32792100",0
"chr13:33676610-33677110",1
"chr13:38349592-38350092",0
"chr13:39688684-39689184",0
"chr13:40206519-40207019",2
"chr13:41463771-41464271",1
"chr13:41811520-41812020",1
"chr13:42406263-42406763",3
"chr13:44117205-44117705",2
"chr13:44352103-44352603",2
"chr13:44352611-44353111",2
"chr13:44868335-44868835",1
"chr13:48186228-48186728",1
"chr13:50304296-50304796",1
"chr13:51805217-51805717",2
"chr13:59391589-59392089",0
"chr13:60267364-60267864",0
"chr13:72729097-72729597",1
"chr13:73228486-73228986",1
"chr13:74838026-74838526",2
"chr13:74920911-74921411",1
"chr13:75320756-75321256",1
"chr13:75870242-75870742",1
"chr13:76990735-76991235",1
"chr13:79481554-79482054",0
"chr13:80385940-80386440",0
"chr13:83975579-83976079",1
"chr13:84137234-84137734",1
"chr13:84176165-84176665",0
"chr13:94323682-94324182",4
"chr13:94324345-94324845",3
"chr13:97340392-97340892",0
"chr13:98571013-98571513",1
"chr13:99204628-99205128",1
"chr13:99431823-99432323",3
"chr13:99432798-99433298",2
"chr13:99817971-99818471",3
"chr14:100063486-100063986",1
"chr14:101711524-101712024",1
"chr14:101815874-101816374",0
"chr14:101965640-101966140",0
"chr14:102057528-102058028",0
"chr14:102304930-102305430",4
"chr14:102516744-102517244",0
"chr14:102591327-102591827",2
"chr14:102776558-102777058",1
"chr14:102778050-102778550",2
"chr14:103521510-103522010",1
"chr14:103561769-103562269",0
"chr14:103563022-103563522",2
"chr14:103748448-103748948",1
"chr14:103846898-103847398",1
"chr14:103901001-103901501",2
"chr14:104677644-104678144",4
"chr14:104815359-104815859",2
"chr14:105414800-105415300",0
"chr14:105474458-105474958",2
"chr14:105859791-105860291",3
"chr14:106691505-106692005",2
"chr14:106741003-106741503",0
"chr14:20460635-20461135",2
"chr14:21070782-21071282",0
"chr14:21240748-21241248",2
"chr14:21308628-21309128",1
"chr14:21525615-21526115",2
"chr14:22519434-22519934",1
"chr14:22546205-22546705",1
"chr14:22555055-22555555",3
"chr14:22555662-22556162",1
"chr14:22560306-22560806",0
"chr14:22852968-22853468",0
"chr14:22928714-22929214",2
"chr14:23120703-23121203",0
"chr14:23237601-23238101",1
"chr14:23299602-23300102",0
"chr14:23562664-23563164",4
"chr14:23610304-23610804",1
"chr14:24213797-24214297",2
"chr14:24231496-24231996",0
"chr14:24694642-24695142",1
"chr14:31377990-31378490",0
"chr14:35291519-35292019",0
"chr14:35405285-35405785",0
"chr14:38074683-38075183",1
"chr14:39229032-39229532",2
"chr14:50668169-50668669",0
"chr14:50823213-50823713",2
"chr14:51566831-51567331",0
"chr14:51848054-51848554",0
"chr14:51866194-51866694",3
"chr14:52175858-52176358",2
"chr14:52352073-52352573",2
"chr14:52402795-52403295",1
"chr14:54669784-54670284",1
"chr14:55271911-55272411",0
"chr14:58243800-58244300",0
"chr14:61347986-61348486",1
"chr14:61355750-61356250",2
"chr14:61456596-61457096",3
"chr14:61475189-61475689",0
"chr14:63276678-63277178",0
"chr14:63383705-63384205",4
"chr14:63650288-63650788",3
"chr14:64294261-64294761",0
"chr14:64510998-64511498",2
"chr14:64542181-64542681",2
"chr14:67514483-67514983",0
"chr14:67881141-67881641",0
"chr14:68789568-68790068",1
"chr14:68791609-68792109",0
"chr14:68796006-68796506",0
"chr14:68796614-68797114",1
"chr14:68841330-68841830",1
"chr14:69584916-69585416",0
"chr14:70821960-70822460",3
"chr14:72717172-72717672",3
"chr14:72893254-72893754",2
"chr14:73503601-73504101",1
"chr14:73741473-73741973",1
"chr14:73759206-73759706",1
"chr14:75276971-75277471",1
"chr14:75277490-75277990",2
"chr14:75279274-75279774",4
"chr14:75280812-75281312",4
"chr14:75281324-75281824",3
"chr14:75282030-75282530",2
"chr14:75282712-75283212",4
"chr14:75283283-75283783",4
"chr14:75296017-75296517",1
"chr14:77033383-77033883",1
"chr14:77033892-77034392",1
"chr14:77053179-77053679",1
"chr14:80586990-80587490",1
"chr14:80930864-80931364",3
"chr14:80942049-80942549",0
"chr14:81453094-81453594",2
"chr14:81474023-81474523",0
"chr14:91228381-91228881",2
"chr14:91252697-91253197",3
"chr14:91348862-91349362",0
"chr14:91351518-91352018",2
"chr14:91387896-91388396",1
"chr14:91401729-91402229",1
"chr14:91409760-91410260",4
"chr14:91413477-91413977",0
"chr14:92105686-92106186",2
"chr14:92532641-92533141",0
"chr14:93116284-93116784",2
"chr14:94173244-94173744",0
"chr14:94945592-94946092",2
"chr14:95535108-95535608",0
"chr14:96362500-96363000",2
"chr14:96502941-96503441",0
"chr14:97378612-97379112",0
"chr14:97602737-97603237",2
"chr14:97994231-97994731",4
"chr14:99055670-99056170",3
"chr14:99240525-99241025",2
"chr15:101723548-101724048",1
"chr15:24954755-24955255",0
"chr15:28106496-28106996",0
"chr15:31338794-31339294",0
"chr15:31342619-31343119",0
"chr15:31356999-31357499",2
"chr15:31871106-31871606",0
"chr15:34436840-34437340",0
"chr15:40470709-40471209",4
"chr15:41116796-41117296",2
"chr15:41493040-41493540",2
"chr15:41493554-41494054",2
"chr15:41494185-41494685",1
"chr15:41558939-41559439",2
"chr15:41661652-41662152",2
"chr15:41934797-41935297",2
"chr15:43370840-43371340",3
"chr15:43371403-43371903",0
"chr15:43745556-43746056",0
"chr15:43791341-43791841",1
"chr15:44709877-44710377",0
"chr15:44784358-44784858",2
"chr15:45022841-45023341",0
"chr15:45461530-45462030",0
"chr15:45586431-45586931",0
"chr15:51981579-51982079",0
"chr15:52045685-52046185",0
"chr15:52481841-52482341",4
"chr15:55244998-55245498",2
"chr15:55267252-55267752",3
"chr15:60004345-60004845",0
"chr15:60526223-60526723",0
"chr15:60591028-60591528",2
"chr15:61834033-61834533",0
"chr15:63122269-63122769",2
"chr15:63190258-63190758",3
"chr15:63203711-63204211",1
"chr15:63213832-63214332",1
"chr15:63860096-63860596",2
"chr15:64825023-64825523",1
"chr15:65028882-65029382",2
"chr15:65029397-65029897",0
"chr15:65217425-65217925",0
"chr15:65286152-65286652",1
"chr15:65296376-65296876",4
"chr15:65304754-65305254",1
"chr15:65638531-65639031",0
"chr15:66498759-66499259",0
"chr15:67056172-67056672",2
"chr15:67834900-67835400",1
"chr15:67835442-67835942",1
"chr15:68276942-68277442",3
"chr15:68817944-68818444",3
"chr15:69414600-69415100",0
"chr15:69451810-69452310",2
"chr15:69454895-69455395",0
"chr15:70096256-70096756",2
"chr15:72228400-72228900",0
"chr15:72230177-72230677",3
"chr15:72721995-72722495",0
"chr15:72782811-72783311",0
"chr15:72796720-72797220",1
"chr15:73051937-73052437",4
"chr15:73920536-73921036",0
"chr15:73996893-73997393",3
"chr15:74598173-74598673",0
"chr15:74873558-74874058",0
"chr15:74956552-74957052",1
"chr15:75578601-75579101",2
"chr15:75626170-75626670",0
"chr15:75647519-75648019",4
"chr15:77633397-77633897",0
"chr15:78035331-78035831",1
"chr15:78045095-78045595",3
"chr15:78046330-78046830",2
"chr15:78048996-78049496",0
"chr15:78050839-78051339",2
"chr15:78056346-78056846",0
"chr15:78195575-78196075",1
"chr15:78507314-78507814",4
"chr15:78565200-78565700",1
"chr15:84604751-84605251",0
"chr15:85380940-85381440",4
"chr15:85413420-85413920",2
"chr15:85707679-85708179",0
"chr15:86611589-86612089",0
"chr15:89399199-89399699",2
"chr15:89399742-89400242",1
"chr15:90001755-90002255",0
"chr15:90265921-90266421",1
"chr15:90351943-90352443",0
"chr15:90564110-90564610",0
"chr15:90657734-90658234",0
"chr15:90955261-90955761",2
"chr15:90956469-90956969",3
"chr15:93047578-93048078",1
"chr15:93141214-93141714",3
"chr15:98428287-98428787",0
"chr16:10737000-10737500",0
"chr16:11915058-11915558",1
"chr16:1300790-1301290",1
"chr16:1351626-1352126",3
"chr16:1378903-1379403",0
"chr16:1474827-1475327",4
"chr16:1493064-1493564",0
"chr16:1493662-1494162",0
"chr16:1612511-1613011",4
"chr16:17013783-17014283",3
"chr16:1705367-1705867",4
"chr16:17449506-17450006",2
"chr16:17591032-17591532",1
"chr16:1783097-1783597",1
"chr16:180158-180658",0
"chr16:1825928-1826428",1
"chr16:1827212-1827712",0
"chr16:18800947-18801447",3
"chr16:1942579-1943079",3
"chr16:19559287-19559787",0
"chr16:1963400-1963900",1
"chr16:1972396-1972896",2
"chr16:1990135-1990635",0
"chr16:20806326-20806826",1
"chr16:21583918-21584418",2
"chr16:21952053-21952553",3
"chr16:22192145-22192645",4
"chr16:22195577-22196077",0
"chr16:22262406-22262906",0
"chr16:235361-235861",1
"chr16:23556887-23557387",1
"chr16:2423043-2423543",1
"chr16:24516928-24517428",2
"chr16:2460286-2460786",0
"chr16:25030875-25031375",2
"chr16:25060870-25061370",2
"chr16:2512893-2513393",1
"chr16:2514583-2515083",4
"chr16:2682785-2683285",3
"chr16:27550479-27550979",1
"chr16:28139453-28139953",1
"chr16:28146464-28146964",2
"chr16:28491297-28491797",2
"chr16:28824177-28824677",3
"chr16:28880240-28880740",0
"chr16:28936447-28936947",0
"chr16:28973894-28974394",1
"chr16:2906947-2907447",1
"chr16:2919612-2920112",3
"chr16:29585082-29585582",0
"chr16:2963964-2964464",4
"chr16:29665712-29666212",2
"chr16:29700434-29700934",3
"chr16:29811274-29811774",2
"chr16:2983565-2984065",2
"chr16:29877366-29877866",1
"chr16:29925962-29926462",4
"chr16:30052828-30053328",3
"chr16:30066055-30066555",2
"chr16:30074911-30075411",1
"chr16:30075725-30076225",4
"chr16:3023378-3023878",0
"chr16:30355086-30355586",2
"chr16:30395472-30395972",0
"chr16:30400202-30400702",3
"chr16:30534169-30534669",1
"chr16:30561191-30561691",0
"chr16:30649626-30650126",1
"chr16:30699346-30699846",4
"chr16:30896915-30897415",1
"chr16:30956577-30957077",1
"chr16:31032598-31033098",3
"chr16:31108091-31108591",3
"chr16:31118166-31118666",0
"chr16:31176523-31177023",0
"chr16:31177127-31177627",3
"chr16:31181143-31181643",4
"chr16:31181959-31182459",2
"chr16:31183360-31183860",0
"chr16:31184967-31185467",3
"chr16:31186871-31187371",1
"chr16:31187893-31188393",0
"chr16:31188413-31188913",3
"chr16:31202724-31203224",0
"chr16:31442930-31443430",0
"chr16:31458017-31458517",2
"chr16:3152634-3153134",3
"chr16:3156945-3157445",2
"chr16:3159669-3160169",1
"chr16:3183134-3183634",1
"chr16:31859318-31859818",0
"chr16:31873521-31874021",1
"chr16:31874470-31874970",2
"chr16:31877416-31877916",2
"chr16:3263520-3264020",1
"chr16:3282393-3282893",1
"chr16:3283666-3284166",1
"chr16:338077-338577",0
"chr16:3610831-3611331",2
"chr16:3611358-3611858",0
"chr16:3716752-3717252",1
"chr16:3818513-3819013",0
"chr16:382591-383091",0
"chr16:4115597-4116097",1
"chr16:4272773-4273273",4
"chr16:4306917-4307417",4
"chr16:4308107-4308607",4
"chr16:4371550-4372050",0
"chr16:4625139-4625639",3
"chr16:4692797-4693297",1
"chr16:4734013-4734513",3
"chr16:48284952-48285452",0
"chr16:4847743-4848243",1
"chr16:50025536-50026036",3
"chr16:50335103-50335603",4
"chr16:50338898-50339398",2
"chr16:50548709-50549209",2
"chr16:50665294-50665794",3
"chr16:527890-528390",0
"chr16:56190450-56190950",2
"chr16:56675777-56676277",0
"chr16:56932558-56933058",1
"chr16:57536911-57537411",2
"chr16:57590564-57591064",0
"chr16:57802243-57802743",4
"chr16:58025481-58025981",0
"chr16:588014-588514",1
"chr16:660745-661245",3
"chr16:66867748-66868248",1
"chr16:66948175-66948675",0
"chr16:67528554-67529054",4
"chr16:67872802-67873302",0
"chr16:68005789-68006289",4
"chr16:68264944-68265444",0
"chr16:68328549-68329049",2
"chr16:684142-684642",1
"chr16:69187472-69187972",2
"chr16:70252505-70253005",0
"chr16:714787-715287",2
"chr16:71722963-71723463",0
"chr16:719595-720095",3
"chr16:740804-741304",4
"chr16:74367176-74367676",1
"chr16:74695774-74696274",3
"chr16:785531-786031",1
"chr16:78790499-78790999",1
"chr16:79278456-79278956",3
"chr16:80518371-80518871",0
"chr16:81519473-81519973",0
"chr16:81578097-81578597",3
"chr16:81729957-81730457",3
"chr16:82192649-82193149",1
"chr16:84606367-84606867",1
"chr16:85027413-85027913",3
"chr16:85518971-85519471",3
"chr16:85519507-85520007",4
"chr16:85555709-85556209",4
"chr16:85564379-85564879",2
"chr16:85612870-85613370",2
"chr16:85688185-85688685",2
"chr16:8621418-8621918",0
"chr16:87392543-87393043",0
"chr16:87754484-87754984",0
"chr16:87769125-87769625",1
"chr16:87777769-87778269",0
"chr16:87854253-87854753",0
"chr16:88535193-88535693",0
"chr16:8867652-8868152",0
"chr16:88706197-88706697",3
"chr16:88782381-88782881",2
"chr16:88783283-88783783",1
"chr16:88784354-88784854",2
"chr16:89217428-89217928",2
"chr16:89362235-89362735",0
"chr16:89423310-89423810",0
"chr16:89485980-89486480",0
"chr16:89491448-89491948",1
"chr16:89559719-89560219",1
"chr16:8958372-8958872",0
"chr16:89586877-89587377",3
"chr16:89616483-89616983",1
"chr16:89761855-89762355",0
"chr16:89922998-89923498",2
"chr16:89995578-89996078",4
"chr16:9082379-9082879",1
"chr16:9090320-9090820",0
"chr16:981406-981906",2
"chr17:10046734-10047234",0
"chr17:10696561-10697061",1
"chr17:1179704-1180204",1
"chr17:1259019-1259519",3
"chr17:1400011-1400511",1
"chr17:1485789-1486289",3
"chr17:1487866-1488366",2
"chr17:1490319-1490819",0
"chr17:1627839-1628339",0
"chr17:16386565-16387065",1
"chr17:1643137-1643637",4
"chr17:1648256-1648756",0
"chr17:16653611-16654111",0
"chr17:16689951-16690451",1
"chr17:17206873-17207373",3
"chr17:17237439-17237939",1
"chr17:17495542-17496042",0
"chr17:17693922-17694422",2
"chr17:17782104-17782604",0
"chr17:17783124-17783624",2
"chr17:17812145-17812645",0
"chr17:18184552-18185052",1
"chr17:18257943-18258443",0
"chr17:18314103-18314603",1
"chr17:18697748-18698248",2
"chr17:19447000-19447500",1
"chr17:19648449-19648949",0
"chr17:2049381-2049881",4
"chr17:21042041-21042541",1
"chr17:21286859-21287359",2
"chr17:2222953-2223453",1
"chr17:2282192-2282692",1
"chr17:2594878-2595378",0
"chr17:29283432-29283932",0
"chr17:29292818-29293318",2
"chr17:29613324-29613824",0
"chr17:29931267-29931767",1
"chr17:30117202-30117702",0
"chr17:30697823-30698323",1
"chr17:30709938-30710438",2
"chr17:30971031-30971531",1
"chr17:31094572-31095072",3
"chr17:31313261-31313761",1
"chr17:31549139-31549639",0
"chr17:31558914-31559414",0
"chr17:31858498-31858998",1
"chr17:32007076-32007576",1
"chr17:32007643-32008143",4
"chr17:32876455-32876955",3
"chr17:34961250-34961750",3
"chr17:35289173-35289673",2
"chr17:35568455-35568955",2
"chr17:35578979-35579479",0
"chr17:35877647-35878147",3
"chr17:35878201-35878701",3
"chr17:36085660-36086160",0
"chr17:36183544-36184044",3
"chr17:36187773-36188273",2
"chr17:36196124-36196624",2
"chr17:3636738-3637238",1
"chr17:36601292-36601792",2
"chr17:3667783-3668283",1
"chr17:37089937-37090437",1
"chr17:38296725-38297225",0
"chr17:385978-386478",0
"chr17:38673311-38673811",1
"chr17:38700802-38701302",3
"chr17:38735032-38735532",3
"chr17:38750668-38751168",1
"chr17:38751618-38752118",1
"chr17:39197460-39197960",4
"chr17:39200447-39200947",1
"chr17:39402390-39402890",1
"chr17:39451065-39451565",1
"chr17:39617607-39618107",0
"chr17:39753711-39754211",0
"chr17:39772345-39772845",3
"chr17:39852120-39852620",0
"chr17:39867892-39868392",3
"chr17:4004548-4005048",0
"chr17:40062604-40063104",2
"chr17:40122406-40122906",2
"chr17:40219002-40219502",1
"chr17:40322249-40322749",1
"chr17:40322770-40323270",1
"chr17:40399068-40399568",1
"chr17:40540962-40541462",0
"chr17:40619846-40620346",2
"chr17:411594-412094",2
"chr17:41690999-41691499",1
"chr17:41691892-41692392",1
"chr17:41801520-41802020",0
"chr17:41965715-41966215",2
"chr17:42107630-42108130",0
"chr17:42116642-42117142",1
"chr17:42180447-42180947",0
"chr17:42378973-42379473",0
"chr17:42387567-42388067",2
"chr17:42405971-42406471",0
"chr17:42458584-42459084",1
"chr17:42535966-42536466",1
"chr17:42679100-42679600",2
"chr17:42773173-42773673",0
"chr17:42964208-42964708",3
"chr17:43007018-43007518",2
"chr17:43369199-43369699",2
"chr17:43760318-43760818",1
"chr17:43778179-43778679",3
"chr17:4403173-4403673",0
"chr17:44142180-44142680",2
"chr17:44325993-44326493",3
"chr17:44344990-44345490",1
"chr17:44354473-44354973",2
"chr17:44385236-44385736",1
"chr17:4498575-4499075",2
"chr17:45019141-45019641",1
"chr17:45021869-45022369",0
"chr17:45060228-45060728",2
"chr17:45131765-45132265",3
"chr17:45218829-45219329",1
"chr17:45235594-45236094",1
"chr17:45431432-45431932",1
"chr17:45491309-45491809",1
"chr17:4710739-4711239",2
"chr17:4739562-4740062",2
"chr17:47675287-47675787",0
"chr17:47699586-47700086",2
"chr17:47718620-47719120",2
"chr17:47732270-47732770",2
"chr17:47740469-47740969",0
"chr17:47831327-47831827",0
"chr17:4790211-4790711",0
"chr17:47949182-47949682",1
"chr17:4833636-4834136",1
"chr17:48351770-48352270",0
"chr17:48442777-48443277",1
"chr17:48541574-48542074",0
"chr17:48578188-48578688",4
"chr17:48578739-48579239",0
"chr17:48592428-48592928",0
"chr17:48593793-48594293",3
"chr17:48610106-48610606",4
"chr17:48618481-48618981",3
"chr17:48636379-48636879",1
"chr17:48647444-48647944",3
"chr17:49180250-49180750",2
"chr17:49214692-49215192",3
"chr17:49496328-49496828",1
"chr17:4949864-4950364",3
"chr17:4968189-4968689",0
"chr17:49851334-49851834",3
"chr17:4987397-4987897",3
"chr17:4997982-4998482",4
"chr17:50161379-50161879",1
"chr17:50169198-50169698",1
"chr17:50273058-50273558",1
"chr17:50425918-50426418",2
"chr17:50852034-50852534",0
"chr17:50919591-50920091",0
"chr17:5111622-5112122",3
"chr17:5282017-5282517",2
"chr17:5420089-5420589",0
"chr17:5467852-5468352",2
"chr17:55090135-55090635",3
"chr17:56908191-56908691",1
"chr17:58006202-58006702",0
"chr17:58353461-58353961",0
"chr17:58514399-58514899",2
"chr17:58631136-58631636",1
"chr17:59155822-59156322",0
"chr17:59825430-59825930",2
"chr17:59842367-59842867",3
"chr17:62477890-62478390",0
"chr17:63550547-63551047",2
"chr17:63551070-63551570",1
"chr17:64014861-64015361",1
"chr17:64051070-64051570",1
"chr17:64146392-64146892",4
"chr17:64504741-64505241",4
"chr17:64661178-64661678",2
"chr17:64847761-64848261",0
"chr17:64927501-64928001",0
"chr17:64974290-64974790",3
"chr17:65039571-65040071",0
"chr17:65100483-65100983",0
"chr17:65137064-65137564",2
"chr17:65173352-65173852",1
"chr17:6651378-6651878",3
"chr17:6651900-6652400",4
"chr17:6753134-6753634",3
"chr17:68085609-68086109",0
"chr17:68101292-68101792",2
"chr17:6831462-6831962",4
"chr17:6831966-6832466",1
"chr17:68512951-68513451",1
"chr17:6938505-6939005",0
"chr17:7021897-7022397",2
"chr17:7042153-7042653",3
"chr17:7042804-7043304",4
"chr17:7043376-7043876",2
"chr17:7177348-7177848",2
"chr17:7238958-7239458",1
"chr17:7281337-7281837",3
"chr17:7294532-7295032",4
"chr17:7296308-7296808",1
"chr17:7315157-7315657",3
"chr17:73192095-73192595",3
"chr17:73310878-73311378",3
"chr17:73311851-73312351",1
"chr17:73429327-73429827",0
"chr17:7405168-7405668",2
"chr17:74326575-74327075",0
"chr17:74380045-74380545",0
"chr17:74514061-74514561",2
"chr17:74749680-74750180",3
"chr17:74776141-74776641",2
"chr17:74791384-74791884",0
"chr17:7486171-7486671",2
"chr17:74873427-74873927",3
"chr17:7488106-7488606",1
"chr17:75034836-75035336",1
"chr17:75109679-75110179",2
"chr17:75113981-75114481",3
"chr17:75181793-75182293",3
"chr17:75260848-75261348",1
"chr17:75404082-75404582",0
"chr17:7548758-7549258",1
"chr17:75518147-75518647",0
"chr17:7560894-7561394",4
"chr17:75779051-75779551",4
"chr17:75827496-75827996",1
"chr17:75827999-75828499",0
"chr17:75895679-75896179",0
"chr17:76239591-76240091",0
"chr17:76268170-76268670",3
"chr17:76353080-76353580",1
"chr17:76492961-76493461",2
"chr17:76523039-76523539",1
"chr17:77086430-77086930",2
"chr17:77141206-77141706",1
"chr17:77280989-77281489",4
"chr17:77356083-77356583",2
"chr17:77372402-77372902",1
"chr17:77484009-77484509",3
"chr17:77494868-77495368",1
"chr17:77958955-77959455",1
"chr17:78132312-78132812",1
"chr17:78139638-78140138",1
"chr17:782058-782558",3
"chr17:7835877-7836377",1
"chr17:78378383-78378883",3
"chr17:7842469-7842969",3
"chr17:78438246-78438746",0
"chr17:78474494-78474994",1
"chr17:7862577-7863077",3
"chr17:78781396-78781896",1
"chr17:7884532-7885032",2
"chr17:7886213-7886713",2
"chr17:79009026-79009526",3
"chr17:79009551-79010051",2
"chr17:79727997-79728497",0
"chr17:79777851-79778351",0
"chr17:79789781-79790281",2
"chr17:79797531-79798031",2
"chr17:79810022-79810522",4
"chr17:79814546-79815046",0
"chr17:79834874-79835374",2
"chr17:79837929-79838429",1
"chr17:79843189-79843689",3
"chr17:80008341-80008841",2
"chr17:80036357-80036857",0
"chr17:80146354-80146854",4
"chr17:80414884-80415384",4
"chr17:80415519-80416019",0
"chr17:80761262-80761762",0
"chr17:8079856-8080356",2
"chr17:80981233-80981733",0
"chr17:81035488-81035988",1
"chr17:81119497-81119997",4
"chr17:81142642-81143142",0
"chr17:81253281-81253781",2
"chr17:81424854-81425354",1
"chr17:81481292-81481792",3
"chr17:81487792-81488292",3
"chr17:8151102-8151602",0
"chr17:81511354-81511854",2
"chr17:81513740-81514240",4
"chr17:81514628-81515128",3
"chr17:8154074-8154574",1
"chr17:8165162-8165662",0
"chr17:81675758-81676258",2
"chr17:8186065-8186565",2
"chr17:81871129-81871629",1
"chr17:81891974-81892474",1
"chr17:81917928-81918428",3
"chr17:81927551-81928051",4
"chr17:81928541-81929041",1
"chr17:81976748-81977248",1
"chr17:81977279-81977779",1
"chr17:81977899-81978399",4
"chr17:82036724-82037224",2
"chr17:82051613-82052113",2
"chr17:82097507-82098007",2
"chr17:82213411-82213911",2
"chr17:82273486-82273986",0
"chr17:82297307-82297807",2
"chr17:82448661-82449161",1
"chr17:82459070-82459570",0
"chr17:8248459-8248959",3
"chr17:82497696-82498196",1
"chr17:82716887-82717387",3
"chr17:82864446-82864946",0
"chr17:83052198-83052698",1
"chr17:83103590-83104090",3
"chr17:83124307-83124807",1
"chr17:83124975-83125475",0
"chr17:8436514-8437014",3
"chr17:8941392-8941892",0
"chr17:8965506-8966006",3
"chr18:21741622-21742122",0
"chr18:22168229-22168729",0
"chr18:2883298-2883798",3
"chr18:2907443-2907943",1
"chr18:2962996-2963496",1
"chr18:31722319-31722819",2
"chr18:31741079-31741579",1
"chr18:32019516-32020016",2
"chr18:32040875-32041375",1
"chr18:3245409-3245909",1
"chr18:3451055-3451555",2
"chr18:3593171-3593671",1
"chr18:42028182-42028682",1
"chr18:44805595-44806095",0
"chr18:45106232-45106732",0
"chr18:45774095-45774595",1
"chr18:48909634-48910134",1
"chr18:55381208-55381708",0
"chr18:57586512-57587012",0
"chr18:58687831-58688331",1
"chr18:59818709-59819209",2
"chr18:61551459-61551959",0
"chr18:62420574-62421074",1
"chr18:62586113-62586613",0
"chr18:63788398-63788898",1
"chr18:67516624-67517124",3
"chr18:70433813-70434313",2
"chr18:74494153-74494653",0
"chr18:75025286-75025786",0
"chr18:75029424-75029924",0
"chr18:75211833-75212333",0
"chr18:76721156-76721656",3
"chr18:77071023-77071523",0
"chr18:77099058-77099558",1
"chr18:77101898-77102398",4
"chr18:79394770-79395270",1
"chr18:79523659-79524159",1
"chr18:80108154-80108654",2
"chr19:10000155-10000655",0
"chr19:10102414-10102914",3
"chr19:10105479-10105979",4
"chr19:10112203-10112703",0
"chr19:10250039-10250539",1
"chr19:1026303-1026803",0
"chr19:10315733-10316233",4
"chr19:10332657-10333157",4
"chr19:1037979-1038479",0
"chr19:10508582-10509082",0
"chr19:10522625-10523125",3
"chr19:10572255-10572755",3
"chr19:10603214-10603714",0
"chr19:1063091-1063591",2
"chr19:10644685-10645185",1
"chr19:10655616-10656116",1
"chr19:10701194-10701694",2
"chr19:10730748-10731248",0
"chr19:10864331-10864831",1
"chr19:10871588-10872088",1
"chr19:10879077-10879577",4
"chr19:10961189-10961689",1
"chr19:11091488-11091988",4
"chr19:11092096-11092596",3
"chr19:11381770-11382270",3
"chr19:11382697-11383197",1
"chr19:11434647-11435147",1
"chr19:11639478-11639978",2
"chr19:11798240-11798740",2
"chr19:1194397-1194897",4
"chr19:11987337-11987837",2
"chr19:12365488-12365988",0
"chr19:1240154-1240654",4
"chr19:1248868-1249368",2
"chr19:12564007-12564507",0
"chr19:1260210-1260710",1
"chr19:1265682-1266182",1
"chr19:1266366-1266866",0
"chr19:12669200-12669700",4
"chr19:1268382-1268882",3
"chr19:12696421-12696921",4
"chr19:1269655-1270155",2
"chr19:12722458-12722958",2
"chr19:12723063-12723563",1
"chr19:1274706-1275206",2
"chr19:1276017-1276517",4
"chr19:12777507-12778007",4
"chr19:12778246-12778746",2
"chr19:12791864-12792364",3
"chr19:12796455-12796955",3
"chr19:12838178-12838678",2
"chr19:12933519-12934019",0
"chr19:12937562-12938062",3
"chr19:12938709-12939209",0
"chr19:12939726-12940226",1
"chr19:12944981-12945481",1
"chr19:12945545-12946045",0
"chr19:12965260-12965760",2
"chr19:12983456-12983956",4
"chr19:13099934-13100434",1
"chr19:13116508-13117008",2
"chr19:13149588-13150088",1
"chr19:13155909-13156409",3
"chr19:13156813-13157313",1
"chr19:13162766-13163266",3
"chr19:13194439-13194939",2
"chr19:1354641-1355141",3
"chr19:13764279-13764779",1
"chr19:13794346-13794846",1
"chr19:1382882-1383382",4
"chr19:1383630-1384130",0
"chr19:13839501-13840001",3
"chr19:13842689-13843189",4
"chr19:13847168-13847668",4
"chr19:13951442-13951942",2
"chr19:14006640-14007140",1
"chr19:1401318-1401818",0
"chr19:14058852-14059352",1
"chr19:14074990-14075490",1
"chr19:14248594-14249094",2
"chr19:14274761-14275261",1
"chr19:14363110-14363610",2
"chr19:14368017-14368517",3
"chr19:14369654-14370154",2
"chr19:1438091-1438591",3
"chr19:14381964-14382464",1
"chr19:14384178-14384678",3
"chr19:14385344-14385844",2
"chr19:14413442-14413942",1
"chr19:14431799-14432299",2
"chr19:14505348-14505848",2
"chr19:14506840-14507340",0
"chr19:14529808-14530308",1
"chr19:1455575-1456075",3
"chr19:1468791-1469291",0
"chr19:1489847-1490347",3
"chr19:1503387-1503887",1
"chr19:15223275-15223775",1
"chr19:15331091-15331591",1
"chr19:15331637-15332137",3
"chr19:15332340-15332840",2
"chr19:15379063-15379563",0
"chr19:15433105-15433605",2
"chr19:15449103-15449603",1
"chr19:1546115-1546615",4
"chr19:1568186-1568686",3
"chr19:1591888-1592388",1
"chr19:1592652-1593152",2
"chr19:16041456-16041956",3
"chr19:1605329-1605829",2
"chr19:1606075-1606575",3
"chr19:16076028-16076528",4
"chr19:16076645-16077145",2
"chr19:16077287-16077787",0
"chr19:16078712-16079212",2
"chr19:16079222-16079722",3
"chr19:16080076-16080576",0
"chr19:16198047-16198547",1
"chr19:16323362-16323862",2
"chr19:16325106-16325606",3
"chr19:16328273-16328773",4
"chr19:16331129-16331629",0
"chr19:16333218-16333718",1
"chr19:16368945-16369445",0
"chr19:16383185-16383685",0
"chr19:16542258-16542758",3
"chr19:16572246-16572746",2
"chr19:16587252-16587752",2
"chr19:16829111-16829611",3
"chr19:16896193-16896693",2
"chr19:17235500-17236000",2
"chr19:17405445-17405945",1
"chr19:17453356-17453856",2
"chr19:17574053-17574553",2
"chr19:17680030-17680530",0
"chr19:17703768-17704268",0
"chr19:17719220-17719720",1
"chr19:17932987-17933487",2
"chr19:17946258-17946758",3
"chr19:17948345-17948845",4
"chr19:17948858-17949358",0
"chr19:17950509-17951009",3
"chr19:18001444-18001944",1
"chr19:18008356-18008856",1
"chr19:18086769-18087269",3
"chr19:1811546-1812046",2
"chr19:18153505-18154005",4
"chr19:18251748-18252248",0
"chr19:18272370-18272870",4
"chr19:18274297-18274797",4
"chr19:18274821-18275321",3
"chr19:18276681-18277181",3
"chr19:18277384-18277884",2
"chr19:18278403-18278903",3
"chr19:18280710-18281210",2
"chr19:18290959-18291459",2
"chr19:18292056-18292556",4
"chr19:18340303-18340803",2
"chr19:1837531-1838031",1
"chr19:18410536-18411036",2
"chr19:18416232-18416732",3
"chr19:18416761-18417261",1
"chr19:18437030-18437530",2
"chr19:18437928-18438428",0
"chr19:18441702-18442202",4
"chr19:1847657-1848157",4
"chr19:1848514-1849014",0
"chr19:18594221-18594721",4
"chr19:1864638-1865138",0
"chr19:18831638-18832138",4
"chr19:18832179-18832679",0
"chr19:1884683-1885183",1
"chr19:1895283-1895783",2
"chr19:19033046-19033546",4
"chr19:19033623-19034123",4
"chr19:19065277-19065777",0
"chr19:19174972-19175472",3
"chr19:1929237-1929737",0
"chr19:19321097-19321597",3
"chr19:19360988-19361488",2
"chr19:1940501-1941001",4
"chr19:1941932-1942432",0
"chr19:19516484-19516984",0
"chr19:19732915-19733415",0
"chr19:2017272-2017772",0
"chr19:2034945-2035445",2
"chr19:20424117-20424617",1
"chr19:2042872-2043372",1
"chr19:2044428-2044928",3
"chr19:2049216-2049716",1
"chr19:2050441-2050941",4
"chr19:2051056-2051556",1
"chr19:2069634-2070134",1
"chr19:2095143-2095643",1
"chr19:2155923-2156423",0
"chr19:2235486-2235986",4
"chr19:2236148-2236648",0
"chr19:2236813-2237313",4
"chr19:2250365-2250865",0
"chr19:2270029-2270529",3
"chr19:2275746-2276246",1
"chr19:2276294-2276794",1
"chr19:2328357-2328857",3
"chr19:2335256-2335756",2
"chr19:23394410-23394910",0
"chr19:2461966-2462466",3
"chr19:2475114-2475614",3
"chr19:2475781-2476281",3
"chr19:2476709-2477209",4
"chr19:2477238-2477738",1
"chr19:2478157-2478657",3
"chr19:2478966-2479466",4
"chr19:2494739-2495239",4
"chr19:2495283-2495783",4
"chr19:2598939-2599439",4
"chr19:2599588-2600088",3
"chr19:2611112-2611612",3
"chr19:2636910-2637410",1
"chr19:2782474-2782974",0
"chr19:2841737-2842237",3
"chr19:29715956-29716456",0
"chr19:29873417-29873917",2
"chr19:3035472-3035972",0
"chr19:3036058-3036558",4
"chr19:3179090-3179590",1
"chr19:3186301-3186801",0
"chr19:3210623-3211123",1
"chr19:3224365-3224865",4
"chr19:32498592-32499092",1
"chr19:32692155-32692655",0
"chr19:33080909-33081409",1
"chr19:34254928-34255428",3
"chr19:34772278-34772778",0
"chr19:34999448-34999948",4
"chr19:3506630-3507130",0
"chr19:35143402-35143902",0
"chr19:35155471-35155971",2
"chr19:3545001-3545501",1
"chr19:35557677-35558177",0
"chr19:3556836-3557336",4
"chr19:35629228-35629728",1
"chr19:35898806-35899306",4
"chr19:35899584-35900084",2
"chr19:35900355-35900855",3
"chr19:36055032-36055532",3
"chr19:36140980-36141480",2
"chr19:3618466-3618966",2
"chr19:36488720-36489220",1
"chr19:36573511-36574011",4
"chr19:36687234-36687734",2
"chr19:36773173-36773673",2
"chr19:3699795-3700295",2
"chr19:3705979-3706479",3
"chr19:37594562-37595062",1
"chr19:37906328-37906828",0
"chr19:38214053-38214553",1
"chr19:38315289-38315789",3
"chr19:38319663-38320163",2
"chr19:38362391-38362891",1
"chr19:38388052-38388552",1
"chr19:38557206-38557706",0
"chr19:38735960-38736460",3
"chr19:38852473-38852973",4
"chr19:38864250-38864750",2
"chr19:38865468-38865968",4
"chr19:38869115-38869615",3
"chr19:38898677-38899177",2
"chr19:38931108-38931608",2
"chr19:39031433-39031933",1
"chr19:39052177-39052677",0
"chr19:39320641-39321141",2
"chr19:39403738-39404238",4
"chr19:39407422-39407922",2
"chr19:39408626-39409126",2
"chr19:39413134-39413634",4
"chr19:39474085-39474585",0
"chr19:39539291-39539791",3
"chr19:39539985-39540485",2
"chr19:39792903-39793403",1
"chr19:3984603-3985103",1
"chr19:3985244-3985744",3
"chr19:3990108-3990608",0
"chr19:40190739-40191239",0
"chr19:40191381-40191881",4
"chr19:40218110-40218610",1
"chr19:40285789-40286289",1
"chr19:40347732-40348232",2
"chr19:40422761-40423261",2
"chr19:40466782-40467282",4
"chr19:40529043-40529543",1
"chr19:40530203-40530703",4
"chr19:40598533-40599033",2
"chr19:40601019-40601519",1
"chr19:40613103-40613603",4
"chr19:40690523-40691023",0
"chr19:40714878-40715378",1
"chr19:40715445-40715945",3
"chr19:40715946-40716446",3
"chr19:40752413-40752913",1
"chr19:40754827-40755327",3
"chr19:40776824-40777324",2
"chr19:41119445-41119945",0
"chr19:41261473-41261973",2
"chr19:41298195-41298695",1
"chr19:41306901-41307401",1
"chr19:41310442-41310942",2
"chr19:41320651-41321151",0
"chr19:41353120-41353620",3
"chr19:41354427-41354927",0
"chr19:41376246-41376746",0
"chr19:41882885-41883385",1
"chr19:41928856-41929356",0
"chr19:41935812-41936312",0
"chr19:41951571-41952071",1
"chr19:41958390-41958890",0
"chr19:41998443-41998943",1
"chr19:42076276-42076776",2
"chr19:42133003-42133503",1
"chr19:42176221-42176721",0
"chr19:42199673-42200173",2
"chr19:42216396-42216896",1
"chr19:42216909-42217409",3
"chr19:42241983-42242483",0
"chr19:42250777-42251277",1
"chr19:42253385-42253885",2
"chr19:42279703-42280203",2
"chr19:42280801-42281301",3
"chr19:43619368-43619868",1
"chr19:43639632-43640132",3
"chr19:43755401-43755901",2
"chr19:43785246-43785746",1
"chr19:43827033-43827533",3
"chr19:43935068-43935568",2
"chr19:43950911-43951411",1
"chr19:44071854-44072354",2
"chr19:44141298-44141798",2
"chr19:4457675-4458175",2
"chr19:44747338-44747838",1
"chr19:44800393-44800893",0
"chr19:44951500-44952000",1
"chr19:44954505-44955005",1
"chr19:45075450-45075950",2
"chr19:45103021-45103521",1
"chr19:45187446-45187946",0
"chr19:45248577-45249077",3
"chr19:45251761-45252261",0
"chr19:45405815-45406315",1
"chr19:45424247-45424747",1
"chr19:45427536-45428036",4
"chr19:45440183-45440683",2
"chr19:45444159-45444659",3
"chr19:45455349-45455849",0
"chr19:45467460-45467960",4
"chr19:45468012-45468512",3
"chr19:45469595-45470095",0
"chr19:45470384-45470884",4
"chr19:45471300-45471800",4
"chr19:45471917-45472417",4
"chr19:45472673-45473173",4
"chr19:45473190-45473690",4
"chr19:45473895-45474395",4
"chr19:45474894-45475394",4
"chr19:45475412-45475912",3
"chr19:45476199-45476699",1
"chr19:45476909-45477409",4
"chr19:45477739-45478239",0
"chr19:45480852-45481352",1
"chr19:45493460-45493960",1
"chr19:45495557-45496057",0
"chr19:45508248-45508748",1
"chr19:45514901-45515401",1
"chr19:45515556-45516056",0
"chr19:45641974-45642474",1
"chr19:45669037-45669537",2
"chr19:45677348-45677848",2
"chr19:45691464-45691964",4
"chr19:45716539-45717039",1
"chr19:45768530-45769030",2
"chr19:45792045-45792545",3
"chr19:45862391-45862891",3
"chr19:45863978-45864478",2
"chr19:45902008-45902508",2
"chr19:45927599-45928099",1
"chr19:4597875-4598375",1
"chr19:46015759-46016259",0
"chr19:4636113-4636613",2
"chr19:46395474-46395974",2
"chr19:46529494-46529994",0
"chr19:46601352-46601852",0
"chr19:46638978-46639478",1
"chr19:46704416-46704916",0
"chr19:46757232-46757732",1
"chr19:46787923-46788423",3
"chr19:46850141-46850641",2
"chr19:46860656-46861156",3
"chr19:46991121-46991621",2
"chr19:47012891-47013391",1
"chr19:47079239-47079739",1
"chr19:47107277-47107777",1
"chr19:47113542-47114042",2
"chr19:47130629-47131129",2
"chr19:47157882-47158382",1
"chr19:47227030-47227530",0
"chr19:4723045-4723545",2
"chr19:47239527-47240027",2
"chr19:47275329-47275829",0
"chr19:47296074-47296574",1
"chr19:47391382-47391882",0
"chr19:47599743-47600243",0
"chr19:47607870-47608370",2
"chr19:47743485-47743985",2
"chr19:47745242-47745742",3
"chr19:47778936-47779436",1
"chr19:48266955-48267455",2
"chr19:48291170-48291670",1
"chr19:4831534-4832034",2
"chr19:48445688-48446188",3
"chr19:48469510-48470010",2
"chr19:48491106-48491606",3
"chr19:48511132-48511632",3
"chr19:48512211-48512711",1
"chr19:4851549-4852049",1
"chr19:48584188-48584688",1
"chr19:48618201-48618701",0
"chr19:48619636-48620136",1
"chr19:48660722-48661222",1
"chr19:48675298-48675798",0
"chr19:4867532-4868032",2
"chr19:48739230-48739730",0
"chr19:48810815-48811315",0
"chr19:48837018-48837518",1
"chr19:48874563-48875063",4
"chr19:48877830-48878330",1
"chr19:48933397-48933897",1
"chr19:48999677-49000177",0
"chr19:49057547-49058047",1
"chr19:4910956-4911456",1
"chr19:49441340-49441840",0
"chr19:49442658-49443158",3
"chr19:49453778-49454278",0
"chr19:49474588-49475088",0
"chr19:49487821-49488321",1
"chr19:49533289-49533789",3
"chr19:49554711-49555211",1
"chr19:49568072-49568572",4
"chr19:49568980-49569480",0
"chr19:49570079-49570579",3
"chr19:49808654-49809154",4
"chr19:49812850-49813350",4
"chr19:49867661-49868161",2
"chr19:49875817-49876317",2
"chr19:50026003-50026503",2
"chr19:50358319-50358819",1
"chr19:50368492-50368992",3
"chr19:50431500-50432000",3
"chr19:50475679-50476179",2
"chr19:50679301-50679801",3
"chr19:50835854-50836354",0
"chr19:51097309-51097809",4
"chr19:51369285-51369785",0
"chr19:51570887-51571387",3
"chr19:51702258-51702758",1
"chr19:52170920-52171420",0
"chr19:52296933-52297433",3
"chr19:52734189-52734689",4
"chr19:53432245-53432745",0
"chr19:53868745-53869245",2
"chr19:53874499-53874999",0
"chr19:54103043-54103543",3
"chr19:54370397-54370897",2
"chr19:54448893-54449393",0
"chr19:54478615-54479115",0
"chr19:55082358-55082858",3
"chr19:55179214-55179714",3
"chr19:55180014-55180514",1
"chr19:55257104-55257604",1
"chr19:55279441-55279941",3
"chr19:55302331-55302831",0
"chr19:55340068-55340568",3
"chr19:55340729-55341229",1
"chr19:55406666-55407166",2
"chr19:55407295-55407795",0
"chr19:55460891-55461391",2
"chr19:55516831-55517331",1
"chr19:55587217-55587717",1
"chr19:55604476-55604976",1
"chr19:55634749-55635249",2
"chr19:55640696-55641196",1
"chr19:55642722-55643222",1
"chr19:55648204-55648704",2
"chr19:55674376-55674876",1
"chr19:55674905-55675405",0
"chr19:56120142-56120642",0
"chr19:56140175-56140675",2
"chr19:5679704-5680204",0
"chr19:5690553-5691053",3
"chr19:570869-571369",1
"chr19:571448-571948",4
"chr19:57191223-57191723",0
"chr19:57191753-57192253",2
"chr19:572173-572673",3
"chr19:57280685-57281185",4
"chr19:57350949-57351449",0
"chr19:57351553-57352053",0
"chr19:57487451-57487951",1
"chr19:58150570-58151070",0
"chr19:58154929-58155429",0
"chr19:5828020-5828520",4
"chr19:58326059-58326559",3
"chr19:58381435-58381935",1
"chr19:58386297-58386797",1
"chr19:58466727-58467227",1
"chr19:58498591-58499091",2
"chr19:58513343-58513843",0
"chr19:5967854-5968354",3
"chr19:5977418-5977918",0
"chr19:604235-604735",0
"chr19:610038-610538",0
"chr19:6109804-6110304",4
"chr19:632472-632972",3
"chr19:633398-633898",4
"chr19:6393734-6394234",2
"chr19:6530722-6531222",3
"chr19:6532490-6532990",0
"chr19:6590702-6591202",1
"chr19:6592466-6592966",0
"chr19:6740593-6741093",1
"chr19:6768004-6768504",4
"chr19:6801712-6802212",2
"chr19:6802340-6802840",1
"chr19:681131-681631",2
"chr19:703765-704265",3
"chr19:7488771-7489271",1
"chr19:7505967-7506467",0
"chr19:7522336-7522836",1
"chr19:7637443-7637943",1
"chr19:7680543-7681043",1
"chr19:7690788-7691288",3
"chr19:7692344-7692844",3
"chr19:7871888-7872388",3
"chr19:7919646-7920146",1
"chr19:7925923-7926423",3
"chr19:7929258-7929758",1
"chr19:8005982-8006482",4
"chr19:8320637-8321137",2
"chr19:8353853-8354353",1
"chr19:8505814-8506314",1
"chr19:8654501-8655001",4
"chr19:893614-894114",3
"chr19:912948-913448",0
"chr19:920162-920662",1
"chr19:9323447-9323947",0
"chr19:9584302-9584802",1
"chr19:9620949-9621449",2
"chr19:9784893-9785393",1
"chr1:1001756-1002256",3
"chr1:100396591-100397091",3
"chr1:100400275-100400775",3
"chr1:100414718-100415218",2
"chr1:100834963-100835463",0
"chr1:100949438-100949938",3
"chr1:101081480-101081980",2
"chr1:101111983-101112483",2
"chr1:10209664-10210164",3
"chr1:1032881-1033381",1
"chr1:10471721-10472221",2
"chr1:10693558-10694058",3
"chr1:107844521-107845021",0
"chr1:108560342-108560842",0
"chr1:10867027-10867527",1
"chr1:108828031-108828531",0
"chr1:109619527-109620027",0
"chr1:109620145-109620645",0
"chr1:110035043-110035543",1
"chr1:110211193-110211693",3
"chr1:110673246-110673746",0
"chr1:111449599-111450099",2
"chr1:111603955-111604455",2
"chr1:111620989-111621489",2
"chr1:112620071-112620571",0
"chr1:112622407-112622907",1
"chr1:112624409-112624909",3
"chr1:112955220-112955720",0
"chr1:113073642-113074142",1
"chr1:113930752-113931252",1
"chr1:114715940-114716440",1
"chr1:114755862-114756362",0
"chr1:115061456-115061956",3
"chr1:115086360-115086860",0
"chr1:116374545-116375045",0
"chr1:116377244-116377744",0
"chr1:116498992-116499492",1
"chr1:116737899-116738399",2
"chr1:116738737-116739237",1
"chr1:116754135-116754635",1
"chr1:116764016-116764516",2
"chr1:116769020-116769520",0
"chr1:11680272-11680772",0
"chr1:117051382-117051882",1
"chr1:11735813-11736313",2
"chr1:117610267-117610767",0
"chr1:117611006-117611506",0
"chr1:12124723-12125223",0
"chr1:1212694-1213194",1
"chr1:121396219-121396719",0
"chr1:12179050-12179550",3
"chr1:12201591-12202091",0
"chr1:1232392-1232892",0
"chr1:12438396-12438896",0
"chr1:12604291-12604791",1
"chr1:1354848-1355348",2
"chr1:144076475-144076975",2
"chr1:145960321-145960821",4
"chr1:147084764-147085264",1
"chr1:148373487-148373987",0
"chr1:14923842-14924342",2
"chr1:149390596-149391096",1
"chr1:149812716-149813216",0
"chr1:150066765-150067265",2
"chr1:150150563-150151063",0
"chr1:150186776-150187276",3
"chr1:150234439-150234939",0
"chr1:150281607-150282107",3
"chr1:150282136-150282636",0
"chr1:150321244-150321744",3
"chr1:150564084-150564584",0
"chr1:150575406-150575906",2
"chr1:150613551-150614051",3
"chr1:150922391-150922891",1
"chr1:151056931-151057431",1
"chr1:151165199-151165699",0
"chr1:151198725-151199225",3
"chr1:151326823-151327323",4
"chr1:151345980-151346480",1
"chr1:151790955-151791455",1
"chr1:151972857-151973357",2
"chr1:153568468-153568968",2
"chr1:153617546-153618046",0
"chr1:153946469-153946969",0
"chr1:153963390-153963890",3
"chr1:153993615-153994115",1
"chr1:15408751-15409251",1
"chr1:15413555-15414055",0
"chr1:154326168-154326668",2
"chr1:154328425-154328925",0
"chr1:15434712-15435212",0
"chr1:154463589-154464089",0
"chr1:154936044-154936544",2
"chr1:154943701-154944201",0
"chr1:155000913-155001413",4
"chr1:155003153-155003653",2
"chr1:155017439-155017939",2
"chr1:155050386-155050886",2
"chr1:155080714-155081214",1
"chr1:155083971-155084471",1
"chr1:155136186-155136686",2
"chr1:155194041-155194541",1
"chr1:155194602-155195102",2
"chr1:15523741-15524241",4
"chr1:155250055-155250555",1
"chr1:155277090-155277590",1
"chr1:155277617-155278117",0
"chr1:155308990-155309490",3
"chr1:155322595-155323095",0
"chr1:155325094-155325594",1
"chr1:155859222-155859722",3
"chr1:155910470-155910970",0
"chr1:155976333-155976833",2
"chr1:155978357-155978857",1
"chr1:156082257-156082757",2
"chr1:156127038-156127538",1
"chr1:156130245-156130745",1
"chr1:156160846-156161346",3
"chr1:156319549-156320049",1
"chr1:156337630-156338130",4
"chr1:156445728-156446228",2
"chr1:156583975-156584475",1
"chr1:156601223-156601723",4
"chr1:156656801-156657301",0
"chr1:156657366-156657866",3
"chr1:156727890-156728390",3
"chr1:156729258-156729758",1
"chr1:156767672-156768172",0
"chr1:156860609-156861109",1
"chr1:157138252-157138752",1
"chr1:15836882-15837382",1
"chr1:15950839-15951339",3
"chr1:159781146-159781646",3
"chr1:159924562-159925062",1
"chr1:16013111-16013611",0
"chr1:160711669-160712169",1
"chr1:160738228-160738728",4
"chr1:160990154-160990654",4
"chr1:161201551-161202051",0
"chr1:161314646-161315146",0
"chr1:161524334-161524834",1
"chr1:161540642-161541142",2
"chr1:162790249-162790749",2
"chr1:1630822-1631322",4
"chr1:16513156-16513656",3
"chr1:165597450-165597950",0
"chr1:16613333-16613833",1
"chr1:167090512-167091012",2
"chr1:1677820-1678320",4
"chr1:168410401-168410901",2
"chr1:169044295-169044795",3
"chr1:16905849-16906349",1
"chr1:16914425-16914925",2
"chr1:169217607-169218107",2
"chr1:169571392-169571892",2
"chr1:169604745-169605245",3
"chr1:169692714-169693214",3
"chr1:17011721-17012221",0
"chr1:171781890-171782390",1
"chr1:172358987-172359487",0
"chr1:172393990-172394490",2
"chr1:172698150-172698650",1
"chr1:1778249-1778749",2
"chr1:1778850-1779350",4
"chr1:181090025-181090525",3
"chr1:182259403-182259903",4
"chr1:182392118-182392618",0
"chr1:182426722-182427222",2
"chr1:182588631-182589131",2
"chr1:183956562-183957062",2
"chr1:184380351-184380851",1
"chr1:184743031-184743531",0
"chr1:184840495-184840995",1
"chr1:18884036-18884536",1
"chr1:1889716-1890216",4
"chr1:18951373-18951873",0
"chr1:19241179-19241679",0
"chr1:192516693-192517193",1
"chr1:192538881-192539381",4
"chr1:192575431-192575931",2
"chr1:192703377-192703877",4
"chr1:193458630-193459130",2
"chr1:193479116-193479616",4
"chr1:193537589-193538089",0
"chr1:19486283-19486783",1
"chr1:195195374-195195874",2
"chr1:19653636-19654136",3
"chr1:19664583-19665083",0
"chr1:198121166-198121666",0
"chr1:198175771-198176271",0
"chr1:198564681-198565181",3
"chr1:198656534-198657034",1
"chr1:198658425-198658925",1
"chr1:198680424-198680924",0
"chr1:20058457-20058957",0
"chr1:200738940-200739440",0
"chr1:20152256-20152756",1
"chr1:202161938-202162438",4
"chr1:203006439-203006939",0
"chr1:203304441-203304941",4
"chr1:203649629-203650129",1
"chr1:204151916-204152416",2
"chr1:2050702-2051202",2
"chr1:20507940-20508440",2
"chr1:205849954-205850454",1
"chr1:20633169-20633669",1
"chr1:206557486-206557986",2
"chr1:206581614-206582114",3
"chr1:206658387-206658887",0
"chr1:206919385-206919885",0
"chr1:20731997-20732497",3
"chr1:21175281-21175781",2
"chr1:212256272-212256772",3
"chr1:212608300-212608800",0
"chr1:21289799-21290299",1
"chr1:21344716-21345216",4
"chr1:214280272-214280772",0
"chr1:214439322-214439822",0
"chr1:22105558-22106058",0
"chr1:221726239-221726739",1
"chr1:221829029-221829529",1
"chr1:221829583-221830083",1
"chr1:2226964-2227464",3
"chr1:224457443-224457943",3
"chr1:224623756-224624256",1
"chr1:2256372-2256872",3
"chr1:226678666-226679166",4
"chr1:226725337-226725837",1
"chr1:226727705-226728205",2
"chr1:228185465-228185965",0
"chr1:228212844-228213344",2
"chr1:228664343-228664843",2
"chr1:228748462-228748962",2
"chr1:229129186-229129686",1
"chr1:229626449-229626949",1
"chr1:230169689-230170189",1
"chr1:23168003-23168503",3
"chr1:232457573-232458073",4
"chr1:232528676-232529176",1
"chr1:235161692-235162192",0
"chr1:23559366-23559866",1
"chr1:236161222-236161722",3
"chr1:23637345-23637845",1
"chr1:236395611-236396111",3
"chr1:237411588-237412088",2
"chr1:237789556-237790056",1
"chr1:23790838-23791338",3
"chr1:23799621-23800121",2
"chr1:23867469-23867969",1
"chr1:2390893-2391393",3
"chr1:239898064-239898564",0
"chr1:24277429-24277929",0
"chr1:24322016-24322516",1
"chr1:245956207-245956707",3
"chr1:247111667-247112167",0
"chr1:24914119-24914619",2
"chr1:24920157-24920657",0
"chr1:25030051-25030551",0
"chr1:25030739-25031239",1
"chr1:25035459-25035959",3
"chr1:25041842-25042342",0
"chr1:25064450-25064950",4
"chr1:25338646-25339146",2
"chr1:2540785-2541285",1
"chr1:25431042-25431542",1
"chr1:2545477-2545977",2
"chr1:25615036-25615536",1
"chr1:25617094-25617594",3
"chr1:25617826-25618326",1
"chr1:25876036-25876536",0
"chr1:26169593-26170093",1
"chr1:26278883-26279383",4
"chr1:26336244-26336744",1
"chr1:2643024-2643524",0
"chr1:26471011-26471511",0
"chr1:26538615-26539115",0
"chr1:26542385-26542885",0
"chr1:26787141-26787641",2
"chr1:27102616-27103116",1
"chr1:27360372-27360872",3
"chr1:27626998-27627498",0
"chr1:27634089-27634589",4
"chr1:27659879-27660379",1
"chr1:27660428-27660928",1
"chr1:27669072-27669572",1
"chr1:27773464-27773964",1
"chr1:28246416-28246916",0
"chr1:28506315-28506815",1
"chr1:28552181-28552681",4
"chr1:28553271-28553771",0
"chr1:28648697-28649197",2
"chr1:28881981-28882481",0
"chr1:29124663-29125163",4
"chr1:30732065-30732565",4
"chr1:31764164-31764664",4
"chr1:31787768-31788268",3
"chr1:31788414-31788914",1
"chr1:31931590-31932090",1
"chr1:31935180-31935680",0
"chr1:31939163-31939663",3
"chr1:31942985-31943485",2
"chr1:31943756-31944256",1
"chr1:32107216-32107716",0
"chr1:32205401-32205901",0
"chr1:32222680-32223180",0
"chr1:32799509-32800009",0
"chr1:32963651-32964151",1
"chr1:35576863-35577363",1
"chr1:35707475-35707975",4
"chr1:35708151-35708651",3
"chr1:35718910-35719410",0
"chr1:35808352-35808852",2
"chr1:36088578-36089078",1
"chr1:3611468-3611968",4
"chr1:36323527-36324027",2
"chr1:36450265-36450765",2
"chr1:37474836-37475336",3
"chr1:37518774-37519274",1
"chr1:37808536-37809036",0
"chr1:37811003-37811503",0
"chr1:38005323-38005823",3
"chr1:38011852-38012352",1
"chr1:38045265-38045765",1
"chr1:38046082-38046582",2
"chr1:38991678-38992178",3
"chr1:39026058-39026558",1
"chr1:39491874-39492374",0
"chr1:40338634-40339134",1
"chr1:40449814-40450314",1
"chr1:40980975-40981475",1
"chr1:41241838-41242338",0
"chr1:41366283-41366783",1
"chr1:41728688-41729188",1
"chr1:41898115-41898615",1
"chr1:41916015-41916515",1
"chr1:42765801-42766301",2
"chr1:42945132-42945632",2
"chr1:43367091-43367591",1
"chr1:43368526-43369026",1
"chr1:43978942-43979442",2
"chr1:44707827-44708327",0
"chr1:44786031-44786531",3
"chr1:44818720-44819220",1
"chr1:44985865-44986365",2
"chr1:45010394-45010894",1
"chr1:45326629-45327129",0
"chr1:45586981-45587481",1
"chr1:46340483-46340983",2
"chr1:46603465-46603965",0
"chr1:46718396-46718896",0
"chr1:47314560-47315060",3
"chr1:47438023-47438523",1
"chr1:50959396-50959896",0
"chr1:50977801-50978301",0
"chr1:51296752-51297252",1
"chr1:51520773-51521273",2
"chr1:51990523-51991023",2
"chr1:52698162-52698662",3
"chr1:53413174-53413674",3
"chr1:54800710-54801210",3
"chr1:54995763-54996263",2
"chr1:55188807-55189307",0
"chr1:55217397-55217897",0
"chr1:57307374-57307874",1
"chr1:58392021-58392521",2
"chr1:58779497-58779997",2
"chr1:58780804-58781304",3
"chr1:58782794-58783294",3
"chr1:58783372-58783872",0
"chr1:58785434-58785934",0
"chr1:59814538-59815038",2
"chr1:6148532-6149032",1
"chr1:62271861-62272361",2
"chr1:6259890-6260390",0
"chr1:63523013-63523513",0
"chr1:6414223-6414723",1
"chr1:64864106-64864606",2
"chr1:6489810-6490310",1
"chr1:65687640-65688140",0
"chr1:6614519-6615019",2
"chr1:66214849-66215349",0
"chr1:66274951-66275451",2
"chr1:66445386-66445886",0
"chr1:6783849-6784349",2
"chr1:70132877-70133377",0
"chr1:74771854-74772354",0
"chr1:76267597-76268097",1
"chr1:76292254-76292754",0
"chr1:77431304-77431804",3
"chr1:78004594-78005094",0
"chr1:7902688-7903188",1
"chr1:7929605-7930105",3
"chr1:7942244-7942744",0
"chr1:8026107-8026607",1
"chr1:8113162-8113662",2
"chr1:8182356-8182856",2
"chr1:84144013-84144513",3
"chr1:84247358-84247858",1
"chr1:8430389-8430889",0
"chr1:84862843-84863343",0
"chr1:84998084-84998584",0
"chr1:86741879-86742379",1
"chr1:8703198-8703698",1
"chr1:87333621-87334121",4
"chr1:89064038-89064538",0
"chr1:89630005-89630505",0
"chr1:89721267-89721767",3
"chr1:89739764-89740264",1
"chr1:9129627-9130127",3
"chr1:92316029-92316529",2
"chr1:92536956-92537456",0
"chr1:9283166-9283666",0
"chr1:9410826-9411326",0
"chr1:95043330-95043830",2
"chr1:95233927-95234427",0
"chr1:9589167-9589667",0
"chr1:960305-960805",4
"chr1:9628965-9629465",2
"chr1:9652861-9653361",0
"chr1:9800019-9800519",1
"chr1:98050997-98051497",2
"chr1:98323775-98324275",2
"chr1:98388365-98388865",2
"chr1:9874801-9875301",2
"chr1:999028-999528",2
"chr20:10306912-10307412",1
"chr20:10351572-10352072",0
"chr20:1325610-1326110",3
"chr20:17511379-17511879",1
"chr20:17530512-17531012",0
"chr20:17569110-17569610",4
"chr20:17968032-17968532",0
"chr20:18138238-18138738",0
"chr20:20017591-20018091",0
"chr20:20603214-20603714",0
"chr20:23420313-23420813",2
"chr20:23902280-23902780",0
"chr20:24959578-24960078",1
"chr20:2508398-2508898",3
"chr20:25987278-25987778",0
"chr20:2752664-2753164",2
"chr20:30386033-30386533",0
"chr20:31503056-31503556",1
"chr20:31604109-31604609",2
"chr20:31722672-31723172",1
"chr20:31852616-31853116",3
"chr20:31870325-31870825",1
"chr20:3209229-3209729",4
"chr20:32207015-32207515",1
"chr20:32277388-32277888",3
"chr20:32278062-32278562",1
"chr20:32534557-32535057",4
"chr20:32537169-32537669",1
"chr20:32585172-32585672",2
"chr20:32742495-32742995",1
"chr20:33401294-33401794",1
"chr20:33662966-33663466",0
"chr20:33862545-33863045",0
"chr20:3407371-3407871",1
"chr20:34558378-34558878",4
"chr20:34704010-34704510",3
"chr20:347588-348088",2
"chr20:34875729-34876229",2
"chr20:34960709-34961209",0
"chr20:35096134-35096634",3
"chr20:36436166-36436666",2
"chr20:36556452-36556952",0
"chr20:37289399-37289899",2
"chr20:3744979-3745479",4
"chr20:3767034-3767534",1
"chr20:3778214-3778714",0
"chr20:3797985-3798485",2
"chr20:4015377-4015877",1
"chr20:4037952-4038452",1
"chr20:41139128-41139628",0
"chr20:41618823-41619323",1
"chr20:43514687-43515187",2
"chr20:43657303-43657803",0
"chr20:43914554-43915054",2
"chr20:43915231-43915731",2
"chr20:44209761-44210261",2
"chr20:44884805-44885305",2
"chr20:44971483-44971983",0
"chr20:44979231-44979731",2
"chr20:45348197-45348697",0
"chr20:45405689-45406189",3
"chr20:45406442-45406942",4
"chr20:45415800-45416300",0
"chr20:45792207-45792707",1
"chr20:46308292-46308792",1
"chr20:47487143-47487643",1
"chr20:4823422-4823922",1
"chr20:48920928-48921428",3
"chr20:49217046-49217546",3
"chr20:49699200-49699700",2
"chr20:49983154-49983654",0
"chr20:50110641-50111141",1
"chr20:50392061-50392561",1
"chr20:50464155-50464655",0
"chr20:50483397-50483897",1
"chr20:50958584-50959084",3
"chr20:50959421-50959921",1
"chr20:51372215-51372715",3
"chr20:51409462-51409962",0
"chr20:51416900-51417400",0
"chr20:51424703-51425203",2
"chr20:51481317-51481817",2
"chr20:51494430-51494930",4
"chr20:51525773-51526273",1
"chr20:51526295-51526795",4
"chr20:51531327-51531827",4
"chr20:51667047-51667547",3
"chr20:53593068-53593568",0
"chr20:53700752-53701252",2
"chr20:53899606-53900106",0
"chr20:5609763-5610263",0
"chr20:57596905-57597405",1
"chr20:57709836-57710336",0
"chr20:57710364-57710864",0
"chr20:58892562-58893062",2
"chr20:62796716-62797216",2
"chr20:62862362-62862862",1
"chr20:63271949-63272449",1
"chr20:63498921-63499421",1
"chr20:63574032-63574532",1
"chr20:63639113-63639613",0
"chr20:63708370-63708870",0
"chr20:63948383-63948883",3
"chr20:63955400-63955900",0
"chr20:64076989-64077489",1
"chr21:14527140-14527640",0
"chr21:14546099-14546599",3
"chr21:14675712-14676212",2
"chr21:17780512-17781012",1
"chr21:25561296-25561796",1
"chr21:31132855-31133355",0
"chr21:31660569-31661069",0
"chr21:31733285-31733785",0
"chr21:32611603-32612103",4
"chr21:33230431-33230931",2
"chr21:33490889-33491389",0
"chr21:34072701-34073201",2
"chr21:35020385-35020885",0
"chr21:41879314-41879814",3
"chr21:41926463-41926963",2
"chr21:42061884-42062384",0
"chr21:42414982-42415482",2
"chr21:42456325-42456825",1
"chr21:42464103-42464603",0
"chr21:42783768-42784268",0
"chr21:42878558-42879058",1
"chr21:43702904-43703404",1
"chr21:43740646-43741146",0
"chr21:43776095-43776595",3
"chr21:43864863-43865363",0
"chr21:44293891-44294391",2
"chr21:44300367-44300867",2
"chr21:44338413-44338913",1
"chr21:44926818-44927318",0
"chr21:44931741-44932241",0
"chr21:45542248-45542748",1
"chr21:46184206-46184706",2
"chr21:46409960-46410460",0
"chr22:17774268-17774768",1
"chr22:18077100-18077600",1
"chr22:19986999-19987499",0
"chr22:20418071-20418571",2
"chr22:20496379-20496879",2
"chr22:20507310-20507810",3
"chr22:20859168-20859668",3
"chr22:20917057-20917557",2
"chr22:20918189-20918689",0
"chr22:21001284-21001784",3
"chr22:21568153-21568653",2
"chr22:21657328-21657828",4
"chr22:21690283-21690783",2
"chr22:21952035-21952535",0
"chr22:21982575-21983075",3
"chr22:22297115-22297615",0
"chr22:23216435-23216935",0
"chr22:23250041-23250541",0
"chr22:24011674-24012174",0
"chr22:26428444-26428944",2
"chr22:26512271-26512771",2
"chr22:26642215-26642715",2
"chr22:29267207-29267707",0
"chr22:29268593-29269093",2
"chr22:29883520-29884020",2
"chr22:30286755-30287255",0
"chr22:30289551-30290051",0
"chr22:30290248-30290748",2
"chr22:30425906-30426406",1
"chr22:30485306-30485806",1
"chr22:30709990-30710490",1
"chr22:30922070-30922570",1
"chr22:31159890-31160390",2
"chr22:31488896-31489396",0
"chr22:31490465-31490965",0
"chr22:31665547-31666047",2
"chr22:31970554-31971054",2
"chr22:36156685-36157185",2
"chr22:36162034-36162534",3
"chr22:36238005-36238505",4
"chr22:36252819-36253319",0
"chr22:36331417-36331917",1
"chr22:36354737-36355237",2
"chr22:36359669-36360169",1
"chr22:36366145-36366645",2
"chr22:36409935-36410435",3
"chr22:37149185-37149685",0
"chr22:37161462-37161962",3
"chr22:37163170-37163670",1
"chr22:37230503-37231003",2
"chr22:37237846-37238346",2
"chr22:37284305-37284805",0
"chr22:37307665-37308165",0
"chr22:37561660-37562160",2
"chr22:37606978-37607478",2
"chr22:37696658-37697158",2
"chr22:37745870-37746370",2
"chr22:37817568-37818068",2
"chr22:37906569-37907069",0
"chr22:38176378-38176878",1
"chr22:38180693-38181193",1
"chr22:38200818-38201318",1
"chr22:38272789-38273289",1
"chr22:38336018-38336518",0
"chr22:38569529-38570029",0
"chr22:38793441-38793941",3
"chr22:38870173-38870673",0
"chr22:38871375-38871875",0
"chr22:38982091-38982591",0
"chr22:39077021-39077521",1
"chr22:39115971-39116471",4
"chr22:39116980-39117480",1
"chr22:39118065-39118565",1
"chr22:39144340-39144840",0
"chr22:39320030-39320530",2
"chr22:39399017-39399517",1
"chr22:39522649-39523149",3
"chr22:39532106-39532606",2
"chr22:39534710-39535210",2
"chr22:39920207-39920707",1
"chr22:40347379-40347879",0
"chr22:40636001-40636501",1
"chr22:40818124-40818624",3
"chr22:41197297-41197797",1
"chr22:41447706-41448206",2
"chr22:41469424-41469924",1
"chr22:41621498-41621998",3
"chr22:41682239-41682739",1
"chr22:41688628-41689128",1
"chr22:41919117-41919617",0
"chr22:41938393-41938893",0
"chr22:41938908-41939408",2
"chr22:41940506-41941006",0
"chr22:42074382-42074882",2
"chr22:42080232-42080732",3
"chr22:42314707-42315207",0
"chr22:42323715-42324215",1
"chr22:42368423-42368923",4
"chr22:42649181-42649681",0
"chr22:42856495-42856995",3
"chr22:43143173-43143673",1
"chr22:43186327-43186827",1
"chr22:43186864-43187364",3
"chr22:44023983-44024483",1
"chr22:45009862-45010362",0
"chr22:45268211-45268711",3
"chr22:45269499-45269999",0
"chr22:45334055-45334555",0
"chr22:45413452-45413952",4
"chr22:45994762-45995262",0
"chr22:46006258-46006758",0
"chr22:46297024-46297524",0
"chr22:46373774-46374274",1
"chr22:46576300-46576800",1
"chr22:46576851-46577351",1
"chr22:49929460-49929960",2
"chr22:49962281-49962781",2
"chr22:50184944-50185444",3
"chr22:50186336-50186836",0
"chr22:50327424-50327924",0
"chr22:50473789-50474289",0
"chr22:50475410-50475910",1
"chr2:100924630-100925130",4
"chr2:101307905-101308405",0
"chr2:101474884-101475384",1
"chr2:102356046-102356546",1
"chr2:102368680-102369180",2
"chr2:105861191-105861691",0
"chr2:106267974-106268474",1
"chr2:109031775-109032275",3
"chr2:11778295-11778795",0
"chr2:12293855-12294355",3
"chr2:12451713-12452213",2
"chr2:12488322-12488822",3
"chr2:12507243-12507743",2
"chr2:12514737-12515237",2
"chr2:126657731-126658231",4
"chr2:127107111-127107611",0
"chr2:134258595-134259095",2
"chr2:135984863-135985363",1
"chr2:136015599-136016099",2
"chr2:136119066-136119566",2
"chr2:136225901-136226401",2
"chr2:136226430-136226930",1
"chr2:136242687-136243187",4
"chr2:136281186-136281686",4
"chr2:144452050-144452550",2
"chr2:144462213-144462713",1
"chr2:144466543-144467043",1
"chr2:144471227-144471727",1
"chr2:144473043-144473543",0
"chr2:144507391-144507891",0
"chr2:144583377-144583877",0
"chr2:147288123-147288623",1
"chr2:147623243-147623743",0
"chr2:149017323-149017823",1
"chr2:15142078-15142578",0
"chr2:151637108-151637608",3
"chr2:15176978-15177478",1
"chr2:156326622-156327122",3
"chr2:156328018-156328518",4
"chr2:157331685-157332185",0
"chr2:157413289-157413789",2
"chr2:159227388-159227888",0
"chr2:160181105-160181605",1
"chr2:160269653-160270153",1
"chr2:160652220-160652720",0
"chr2:162011628-162012128",0
"chr2:162055379-162055879",0
"chr2:162058942-162059442",0
"chr2:162073390-162073890",1
"chr2:162343797-162344297",1
"chr2:165777464-165777964",3
"chr2:165874382-165874882",1
"chr2:166539287-166539787",0
"chr2:168490407-168490907",2
"chr2:169107656-169108156",2
"chr2:169800017-169800517",0
"chr2:172083358-172083858",2
"chr2:173027391-173027891",1
"chr2:173962721-173963221",0
"chr2:174396069-174396569",0
"chr2:174489995-174490495",1
"chr2:1781359-1781859",0
"chr2:180359361-180359861",2
"chr2:180359871-180360371",1
"chr2:181143741-181144241",0
"chr2:18520452-18520952",0
"chr2:18559281-18559781",1
"chr2:190180549-190181049",0
"chr2:190578401-190578901",2
"chr2:190879955-190880455",0
"chr2:191049749-191050249",3
"chr2:19347811-19348311",0
"chr2:195536160-195536660",3
"chr2:195656905-195657405",2
"chr2:196089413-196089913",2
"chr2:196170079-196170579",0
"chr2:196799477-196799977",2
"chr2:197378339-197378839",0
"chr2:197502199-197502699",0
"chr2:198326319-198326819",0
"chr2:200424923-200425423",0
"chr2:200466846-200467346",0
"chr2:201070723-201071223",1
"chr2:201129057-201129557",0
"chr2:201191577-201192077",3
"chr2:203637742-203638242",2
"chr2:203859271-203859771",4
"chr2:203867496-203867996",3
"chr2:204027036-204027536",1
"chr2:204967327-204967827",1
"chr2:207352901-207353401",1
"chr2:207768359-207768859",0
"chr2:210476523-210477023",1
"chr2:210577469-210577969",0
"chr2:212076432-212076932",0
"chr2:214683550-214684050",2
"chr2:215171076-215171576",2
"chr2:215811512-215812012",2
"chr2:215979610-215980110",0
"chr2:216352860-216353360",2
"chr2:218264032-218264532",2
"chr2:218323477-218323977",0
"chr2:218569090-218569590",1
"chr2:219551879-219552379",0
"chr2:220687173-220687673",1
"chr2:221518303-221518803",1
"chr2:225052688-225053188",3
"chr2:226423479-226423979",1
"chr2:227460012-227460512",3
"chr2:230591818-230592318",0
"chr2:230668102-230668602",0
"chr2:230713333-230713833",0
"chr2:230957295-230957795",0
"chr2:231104072-231104572",0
"chr2:231460300-231460800",0
"chr2:233080209-233080709",1
"chr2:233421948-233422448",0
"chr2:234077588-234078088",3
"chr2:237603571-237604071",0
"chr2:23940691-23941191",2
"chr2:239605800-239606300",1
"chr2:240564415-240564915",0
"chr2:241509049-241509549",1
"chr2:241637377-241637877",1
"chr2:241859661-241860161",0
"chr2:241860213-241860713",1
"chr2:241896845-241897345",2
"chr2:24409855-24410355",0
"chr2:24543149-24543649",0
"chr2:24586907-24587407",2
"chr2:24745815-24746315",0
"chr2:25041236-25041736",2
"chr2:25276621-25277121",3
"chr2:25285886-25286386",0
"chr2:25797891-25798391",1
"chr2:25877281-25877781",0
"chr2:25877785-25878285",3
"chr2:25991460-25991960",0
"chr2:26086056-26086556",1
"chr2:26503361-26503861",0
"chr2:26786185-26786685",0
"chr2:27049840-27050340",0
"chr2:27051943-27052443",1
"chr2:27663655-27664155",3
"chr2:28273589-28274089",2
"chr2:28413466-28413966",0
"chr2:28750886-28751386",1
"chr2:28821301-28821801",0
"chr2:30149556-30150056",3
"chr2:30239210-30239710",0
"chr2:30252857-30253357",2
"chr2:32627167-32627667",1
"chr2:33077723-33078223",0
"chr2:343205-343705",3
"chr2:36137567-36138067",3
"chr2:37323652-37324152",0
"chr2:37615754-37616254",2
"chr2:37626139-37626639",2
"chr2:38693620-38694120",0
"chr2:38740836-38741336",0
"chr2:38742149-38742649",0
"chr2:38748127-38748627",0
"chr2:39216787-39217287",1
"chr2:41896439-41896939",2
"chr2:43136834-43137334",2
"chr2:44184050-44184550",1
"chr2:45649836-45650336",1
"chr2:46239725-46240225",1
"chr2:46535342-46535842",2
"chr2:54052795-54053295",0
"chr2:55431934-55432434",1
"chr2:58046494-58046994",3
"chr2:61144717-61145217",4
"chr2:64819739-64820239",2
"chr2:65129455-65129955",0
"chr2:65130623-65131123",1
"chr2:65432266-65432766",3
"chr2:656541-657041",1
"chr2:68364975-68365475",1
"chr2:68379394-68379894",1
"chr2:68770245-68770745",3
"chr2:68773961-68774461",0
"chr2:68907776-68908276",1
"chr2:69437968-69438468",0
"chr2:69565280-69565780",0
"chr2:69643028-69643528",0
"chr2:69685667-69686167",1
"chr2:69774873-69775373",1
"chr2:69915231-69915731",1
"chr2:70189672-70190172",0
"chr2:70303830-70304330",1
"chr2:7037677-7038177",0
"chr2:70553024-70553524",0
"chr2:70978663-70979163",1
"chr2:74033886-74034386",0
"chr2:74414837-74415337",1
"chr2:74849151-74849651",1
"chr2:84495500-84496000",0
"chr2:84846006-84846506",3
"chr2:84856775-84857275",0
"chr2:8487559-8488059",0
"chr2:84907552-84908052",0
"chr2:84969835-84970335",0
"chr2:85437463-85437963",1
"chr2:85577321-85577821",0
"chr2:85852323-85852823",2
"chr2:86017078-86017578",0
"chr2:86038736-86039236",1
"chr2:8608382-8608882",1
"chr2:86791285-86791785",2
"chr2:86806024-86806524",4
"chr2:86851580-86852080",1
"chr2:88001770-88002270",0
"chr2:9423324-9423824",0
"chr2:9423873-9424373",2
"chr2:96116387-96116887",1
"chr2:96116912-96117412",1
"chr2:96143050-96143550",3
"chr2:96162991-96163491",2
"chr2:96164672-96165172",0
"chr2:96342050-96342550",1
"chr2:96527325-96527825",1
"chr2:96532112-96532612",0
"chr2:96773830-96774330",2
"chr2:96806668-96807168",2
"chr2:96962780-96963280",0
"chr2:97740441-97740941",1
"chr2:9843999-9844499",0
"chr2:98458660-98459160",0
"chr2:98466889-98467389",3
"chr2:9984089-9984589",1
"chr3:10008911-10009411",2
"chr3:101512377-101512877",0
"chr3:101518293-101518793",0
"chr3:101643905-101644405",2
"chr3:101987809-101988309",1
"chr3:102059532-102060032",0
"chr3:102229020-102229520",0
"chr3:10263799-10264299",0
"chr3:10437206-10437706",4
"chr3:105752689-105753189",1
"chr3:106176603-106177103",3
"chr3:106277154-106277654",0
"chr3:106334165-106334665",0
"chr3:106534185-106534685",2
"chr3:108127189-108127689",2
"chr3:108806316-108806816",2
"chr3:108827502-108828002",0
"chr3:108862667-108863167",0
"chr3:111238876-111239376",2
"chr3:112464160-112464660",0
"chr3:112672394-112672894",1
"chr3:112773879-112774379",0
"chr3:113485192-113485692",0
"chr3:115100124-115100624",1
"chr3:119218998-119219498",0
"chr3:119810088-119810588",1
"chr3:119937136-119937636",1
"chr3:123328755-123329255",0
"chr3:123492120-123492620",0
"chr3:125119650-125120150",2
"chr3:125373994-125374494",0
"chr3:126607143-126607643",0
"chr3:126983330-126983830",1
"chr3:128878638-128879138",1
"chr3:129439287-129439787",0
"chr3:129558300-129558800",0
"chr3:129576754-129577254",1
"chr3:129626582-129627082",2
"chr3:130112695-130113195",1
"chr3:13078046-13078546",1
"chr3:130948902-130949402",0
"chr3:131004571-131005071",0
"chr3:131042266-131042766",3
"chr3:133687350-133687850",0
"chr3:13417522-13418022",1
"chr3:13451623-13452123",1
"chr3:136750072-136750572",0
"chr3:141310971-141311471",0
"chr3:14179618-14180118",0
"chr3:142126131-142126631",0
"chr3:142586742-142587242",1
"chr3:143775313-143775813",0
"chr3:143825463-143825963",3
"chr3:143847715-143848215",2
"chr3:143957415-143957915",0
"chr3:144295631-144296131",1
"chr3:148943474-148943974",2
"chr3:149009721-149010221",3
"chr3:150413025-150413525",0
"chr3:150721220-150721720",0
"chr3:151209751-151210251",1
"chr3:151895440-151895940",0
"chr3:152276535-152277035",0
"chr3:153624425-153624925",0
"chr3:15427302-15427802",2
"chr3:155743940-155744440",0
"chr3:15635712-15636212",1
"chr3:156483338-156483838",3
"chr3:156606067-156606567",0
"chr3:15860166-15860666",3
"chr3:16286074-16286574",0
"chr3:16841264-16841764",0
"chr3:171225044-171225544",1
"chr3:171980421-171980921",3
"chr3:173395424-173395924",0
"chr3:177538971-177539471",0
"chr3:177597735-177598235",2
"chr3:177642724-177643224",2
"chr3:177681788-177682288",1
"chr3:177683571-177684071",0
"chr3:179015443-179015943",1
"chr3:183349460-183349960",1
"chr3:183555476-183555976",1
"chr3:184017051-184017551",0
"chr3:184227310-184227810",1
"chr3:184608068-184608568",0
"chr3:18527653-18528153",0
"chr3:185913090-185913590",0
"chr3:186185075-186185575",2
"chr3:186515103-186515603",0
"chr3:186519048-186519548",3
"chr3:18679204-18679704",3
"chr3:186883585-186884085",0
"chr3:187822384-187822884",0
"chr3:188553589-188554089",2
"chr3:188974842-188975342",2
"chr3:189355781-189356281",2
"chr3:189632222-189632722",2
"chr3:190513435-190513935",2
"chr3:194255323-194255823",0
"chr3:194486075-194486575",1
"chr3:194487289-194487789",0
"chr3:196186643-196187143",1
"chr3:196502639-196503139",3
"chr3:196503623-196504123",0
"chr3:196504517-196505017",1
"chr3:196567707-196568207",2
"chr3:196598379-196598879",0
"chr3:196740962-196741462",1
"chr3:196868275-196868775",3
"chr3:196941664-196942164",3
"chr3:196969186-196969686",1
"chr3:196978545-196979045",0
"chr3:197297283-197297783",2
"chr3:197297912-197298412",2
"chr3:197555198-197555698",3
"chr3:197555742-197556242",4
"chr3:198071852-198072352",0
"chr3:23760908-23761408",1
"chr3:23946359-23946859",1
"chr3:27639271-27639771",1
"chr3:28210913-28211413",1
"chr3:28241287-28241787",0
"chr3:28252013-28252513",1
"chr3:30354030-30354530",3
"chr3:30610101-30610601",0
"chr3:30620254-30620754",3
"chr3:3191851-3192351",1
"chr3:32144054-32144554",0
"chr3:34017116-34017616",4
"chr3:37212952-37213452",2
"chr3:38137676-38138176",0
"chr3:39107322-39107822",1
"chr3:39148114-39148614",1
"chr3:39152057-39152557",2
"chr3:39152638-39153138",0
"chr3:39255585-39256085",0
"chr3:39291776-39292276",0
"chr3:40476855-40477355",2
"chr3:40483126-40483626",1
"chr3:42556251-42556751",3
"chr3:43012058-43012558",3
"chr3:43012706-43013206",2
"chr3:43013754-43014254",3
"chr3:43014386-43014886",3
"chr3:43016010-43016510",3
"chr3:43016538-43017038",0
"chr3:43036803-43037303",0
"chr3:43071207-43071707",0
"chr3:43346948-43347448",3
"chr3:45167421-45167921",0
"chr3:45665099-45665599",0
"chr3:46975858-46976358",2
"chr3:47164549-47165049",2
"chr3:47380117-47380617",3
"chr3:47578030-47578530",4
"chr3:48446447-48446947",3
"chr3:48503339-48503839",2
"chr3:48663303-48663803",0
"chr3:48717576-48718076",0
"chr3:48919074-48919574",0
"chr3:48988991-48989491",0
"chr3:48990171-48990671",1
"chr3:49008453-49008953",3
"chr3:49020140-49020640",1
"chr3:49020731-49021231",0
"chr3:49166091-49166591",2
"chr3:49295402-49295902",0
"chr3:49412491-49412991",1
"chr3:49429106-49429606",1
"chr3:49723203-49723703",1
"chr3:49785691-49786191",2
"chr3:49786913-49787413",1
"chr3:49929639-49930139",2
"chr3:50194466-50194966",1
"chr3:50225997-50226497",2
"chr3:50227814-50228314",2
"chr3:50246927-50247427",1
"chr3:50259882-50260382",0
"chr3:50272816-50273316",0
"chr3:50324502-50325002",3
"chr3:50542359-50542859",3
"chr3:50611027-50611527",1
"chr3:51384360-51384860",0
"chr3:51389276-51389776",0
"chr3:52231458-52231958",1
"chr3:52463392-52463892",0
"chr3:52533619-52534119",1
"chr3:52537549-52538049",0
"chr3:52704724-52705224",1
"chr3:56725894-56726394",0
"chr3:57671725-57672225",0
"chr3:57691616-57692116",0
"chr3:59424610-59425110",2
"chr3:66393948-66394448",2
"chr3:66972140-66972640",2
"chr3:67656764-67657264",0
"chr3:69212385-69212885",1
"chr3:71421899-71422399",3
"chr3:81761010-81761510",1
"chr3:88005048-88005548",3
"chr3:88059567-88060067",0
"chr4:100095955-100096455",0
"chr4:100895541-100896041",0
"chr4:10099371-10099871",0
"chr4:101015803-101016303",2
"chr4:101037853-101038353",2
"chr4:102630542-102631042",0
"chr4:10671243-10671743",0
"chr4:110154500-110155000",0
"chr4:113899228-113899728",1
"chr4:114807723-114808223",2
"chr4:1171825-1172325",1
"chr4:121153943-121154443",0
"chr4:121189789-121190289",2
"chr4:122635161-122635661",3
"chr4:123300083-123300583",0
"chr4:123398624-123399124",0
"chr4:1249488-1249988",1
"chr4:128854351-128854851",2
"chr4:142401797-142402297",0
"chr4:142416547-142417047",4
"chr4:142565705-142566205",1
"chr4:142567153-142567653",0
"chr4:145623710-145624210",3
"chr4:147732470-147732970",0
"chr4:14877101-14877601",0
"chr4:152100459-152100959",1
"chr4:152534170-152534670",0
"chr4:153116446-153116946",1
"chr4:153488083-153488583",0
"chr4:15396163-15396663",1
"chr4:15754265-15754765",1
"chr4:158896411-158896911",1
"chr4:159117916-159118416",1
"chr4:163681166-163681666",0
"chr4:1683522-1684022",1
"chr4:169016058-169016558",3
"chr4:1709388-1709888",0
"chr4:173335022-173335522",0
"chr4:176902965-176903465",0
"chr4:183721258-183721758",0
"chr4:184824411-184824911",2
"chr4:185134379-185134879",0
"chr4:185341190-185341690",0
"chr4:18593474-18593974",0
"chr4:186627511-186628011",0
"chr4:1872371-1872871",0
"chr4:2291531-2292031",0
"chr4:2364644-2365144",2
"chr4:26198566-26199066",2
"chr4:26204130-26204630",1
"chr4:26583787-26584287",2
"chr4:26723197-26723697",1
"chr4:26884393-26884893",2
"chr4:2792736-2793236",2
"chr4:2817923-2818423",1
"chr4:2922666-2923166",0
"chr4:36189792-36190292",3
"chr4:36256248-36256748",0
"chr4:38160834-38161334",2
"chr4:38509438-38509938",0
"chr4:38677378-38677878",2
"chr4:3871447-3871947",0
"chr4:39045034-39045534",1
"chr4:39812375-39812875",0
"chr4:39814118-39814618",1
"chr4:39815298-39815798",1
"chr4:40057235-40057735",1
"chr4:40193159-40193659",0
"chr4:40195645-40196145",0
"chr4:40207371-40207871",0
"chr4:40225329-40225829",4
"chr4:40240007-40240507",1
"chr4:41882729-41883229",0
"chr4:42671387-42671887",3
"chr4:46839066-46839566",3
"chr4:55547268-55547768",1
"chr4:56757934-56758434",2
"chr4:6270130-6270630",2
"chr4:6574370-6574870",1
"chr4:6574873-6575373",4
"chr4:6696191-6696691",3
"chr4:70183618-70184118",1
"chr4:75723575-75724075",2
"chr4:77821174-77821674",4
"chr4:77854322-77854822",1
"chr4:80006808-80007308",0
"chr4:80138875-80139375",2
"chr4:80425571-80426071",1
"chr4:80439687-80440187",3
"chr4:82798051-82798551",1
"chr4:83034212-83034712",0
"chr4:83084052-83084552",1
"chr4:8439888-8440388",1
"chr4:87073769-87074269",3
"chr4:878944-879444",1
"chr4:88613390-88613890",3
"chr4:89294495-89294995",2
"chr4:94452429-94452929",0
"chr4:98617529-98618029",0
"chr4:99405453-99405953",0
"chr5:100841323-100841823",0
"chr5:102223771-102224271",0
"chr5:102681348-102681848",1
"chr5:102853532-102854032",1
"chr5:102855589-102856089",2
"chr5:107474779-107475279",4
"chr5:107476810-107477310",3
"chr5:107502048-107502548",3
"chr5:107520000-107520500",2
"chr5:107534409-107534909",2
"chr5:107571928-107572428",1
"chr5:109857359-109857859",1
"chr5:109921632-109922132",1
"chr5:112160510-112161010",1
"chr5:112886918-112887418",0
"chr5:116137732-116138232",0
"chr5:126972208-126972708",2
"chr5:127564111-127564611",2
"chr5:12870818-12871318",1
"chr5:129126554-129127054",0
"chr5:131069205-131069705",3
"chr5:131270074-131270574",0
"chr5:131277358-131277858",0
"chr5:131278276-131278776",3
"chr5:131355866-131356366",1
"chr5:132457399-132457899",1
"chr5:132464126-132464626",3
"chr5:132962617-132963117",0
"chr5:134176111-134176611",2
"chr5:134648476-134648976",0
"chr5:134905880-134906380",4
"chr5:138032311-138032811",1
"chr5:138458725-138459225",1
"chr5:139292713-139293213",0
"chr5:139454093-139454593",2
"chr5:139563587-139564087",2
"chr5:139565405-139565905",0
"chr5:139636075-139636575",0
"chr5:139637935-139638435",2
"chr5:139711259-139711759",1
"chr5:139764963-139765463",0
"chr5:139925865-139926365",4
"chr5:140174839-140175339",0
"chr5:140402878-140403378",0
"chr5:141512890-141513390",0
"chr5:142095638-142096138",2
"chr5:142432832-142433332",2
"chr5:142978190-142978690",0
"chr5:143205805-143206305",0
"chr5:146891432-146891932",1
"chr5:14745630-14746130",1
"chr5:148849427-148849927",1
"chr5:149240314-149240814",3
"chr5:149551733-149552233",0
"chr5:151211797-151212297",3
"chr5:151223889-151224389",0
"chr5:152026558-152027058",4
"chr5:152038824-152039324",2
"chr5:1524321-1524821",0
"chr5:1540120-1540620",0
"chr5:154272956-154273456",1
"chr5:155767425-155767925",0
"chr5:156402254-156402754",0
"chr5:157143421-157143921",2
"chr5:157198195-157198695",3
"chr5:157199375-157199875",0
"chr5:157215714-157216214",0
"chr5:157217196-157217696",2
"chr5:160119843-160120343",1
"chr5:160399817-160400317",2
"chr5:160504739-160505239",1
"chr5:1633718-1634218",0
"chr5:169218111-169218611",0
"chr5:172106789-172107289",3
"chr5:172147744-172148244",2
"chr5:172179470-172179970",2
"chr5:172766458-172766958",4
"chr5:172767290-172767790",3
"chr5:172768583-172769083",4
"chr5:172769422-172769922",1
"chr5:172769956-172770456",4
"chr5:175534013-175534513",0
"chr5:176365194-176365694",1
"chr5:176658810-176659310",4
"chr5:176745629-176746129",0
"chr5:177005656-177006156",0
"chr5:177111796-177112296",2
"chr5:177134363-177134863",1
"chr5:177412454-177412954",0
"chr5:177444692-177445192",0
"chr5:177500879-177501379",2
"chr5:177553730-177554230",2
"chr5:178130735-178131235",2
"chr5:178205193-178205693",3
"chr5:179550035-179550535",2
"chr5:179615886-179616386",0
"chr5:179620295-179620795",0
"chr5:179699217-179699717",1
"chr5:179793681-179794181",0
"chr5:18744887-18745387",3
"chr5:21459139-21459639",2
"chr5:218614-219114",3
"chr5:31761811-31762311",2
"chr5:35811101-35811601",2
"chr5:35816806-35817306",1
"chr5:35856628-35857128",3
"chr5:35859107-35859607",1
"chr5:35924811-35925311",1
"chr5:39256393-39256893",1
"chr5:40333397-40333897",1
"chr5:42949687-42950187",1
"chr5:43483673-43484173",1
"chr5:442893-443393",1
"chr5:50328340-50328840",4
"chr5:52725290-52725790",3
"chr5:52743803-52744303",4
"chr5:52776086-52776586",4
"chr5:54609509-54610009",0
"chr5:54673754-54674254",3
"chr5:54881227-54881727",3
"chr5:55096881-55097381",3
"chr5:55146491-55146991",2
"chr5:59123576-59124076",2
"chr5:62404369-62404869",0
"chr5:65482646-65483146",0
"chr5:65760833-65761333",4
"chr5:66828516-66829016",3
"chr5:66829027-66829527",0
"chr5:669022-669522",0
"chr5:67156905-67157405",0
"chr5:67215752-67216252",2
"chr5:68344746-68345246",0
"chr5:71586455-71586955",0
"chr5:73694064-73694564",4
"chr5:74490770-74491270",1
"chr5:75034246-75034746",2
"chr5:76325815-76326315",2
"chr5:76392958-76393458",1
"chr5:76473627-76474127",2
"chr5:76715153-76715653",1
"chr5:78293901-78294401",3
"chr5:81288139-81288639",0
"chr5:81851152-81851652",4
"chr5:83844571-83845071",0
"chr5:84960599-84961099",0
"chr5:87340627-87341127",3
"chr5:881848-882348",0
"chr5:88204289-88204789",2
"chr5:882379-882879",1
"chr5:892591-893091",1
"chr5:90940495-90940995",2
"chr5:91312127-91312627",0
"chr5:93994974-93995474",2
"chr5:95631961-95632461",0
"chr5:95869372-95869872",1
"chr5:96279681-96280181",1
"chr5:99037719-99038219",4
"chr6:100001846-100002346",0
"chr6:100257864-100258364",0
"chr6:100348155-100348655",1
"chr6:104525643-104526143",0
"chr6:105646363-105646863",2
"chr6:106084073-106084573",0
"chr6:106101978-106102478",0
"chr6:106163363-106163863",0
"chr6:106628713-106629213",0
"chr6:10719798-10720298",1
"chr6:10722872-10723372",1
"chr6:107736734-107737234",0
"chr6:108558868-108559368",0
"chr6:110178895-110179395",0
"chr6:111761929-111762429",3
"chr6:111766145-111766645",1
"chr6:111775470-111775970",1
"chr6:111779606-111780106",0
"chr6:111780297-111780797",1
"chr6:111810462-111810962",1
"chr6:111823970-111824470",0
"chr6:115001964-115002464",1
"chr6:11538417-11538917",0
"chr6:116251700-116252200",0
"chr6:117469339-117469839",0
"chr6:117549569-117550069",3
"chr6:117615971-117616471",1
"chr6:118709907-118710407",1
"chr6:118796576-118797076",4
"chr6:119314075-119314575",0
"chr6:121247379-121247879",0
"chr6:12163091-12163591",0
"chr6:122033554-122034054",0
"chr6:125066929-125067429",1
"chr6:125829342-125829842",1
"chr6:127938681-127939181",0
"chr6:127952814-127953314",0
"chr6:129280656-129281156",1
"chr6:129671704-129672204",1
"chr6:130132235-130132735",2
"chr6:130282188-130282688",1
"chr6:130381671-130382171",3
"chr6:130575961-130576461",4
"chr6:130885309-130885809",0
"chr6:131281474-131281974",3
"chr6:131534071-131534571",1
"chr6:132749007-132749507",0
"chr6:133923865-133924365",1
"chr6:134436124-134436624",2
"chr6:13453681-13454181",3
"chr6:136287493-136287993",1
"chr6:137676836-137677336",1
"chr6:137795471-137795971",1
"chr6:137867525-137868025",0
"chr6:139109492-139109992",0
"chr6:139113196-139113696",3
"chr6:139219151-139219651",2
"chr6:139262313-139262813",2
"chr6:139531089-139531589",4
"chr6:139540221-139540721",4
"chr6:141989203-141989703",1
"chr6:142075467-142075967",2
"chr6:142819807-142820307",4
"chr6:142845038-142845538",1
"chr6:143059055-143059555",0
"chr6:144140786-144141286",0
"chr6:144218387-144218887",1
"chr6:144583229-144583729",2
"chr6:145372508-145373008",3
"chr6:145964215-145964715",2
"chr6:147322367-147322867",1
"chr6:14734784-14735284",0
"chr6:148559717-148560217",1
"chr6:149750099-149750599",0
"chr6:149963122-149963622",0
"chr6:150005752-150006252",0
"chr6:150076426-150076926",0
"chr6:15253316-15253816",2
"chr6:152642916-152643416",0
"chr6:153135644-153136144",3
"chr6:1554982-1555482",0
"chr6:15662768-15663268",0
"chr6:157535985-157536485",4
"chr6:158232581-158233081",2
"chr6:158284241-158284741",1
"chr6:158822579-158823079",0
"chr6:159036044-159036544",1
"chr6:159062540-159063040",3
"chr6:159976628-159977128",1
"chr6:16323391-16323891",3
"chr6:16486614-16487114",3
"chr6:165484137-165484637",3
"chr6:166341456-166341956",1
"chr6:168968128-168968628",2
"chr6:170177218-170177718",1
"chr6:170553067-170553567",0
"chr6:20023492-20023992",0
"chr6:20366408-20366908",0
"chr6:24718975-24719475",2
"chr6:24908699-24909199",1
"chr6:24927383-24927883",4
"chr6:24933758-24934258",3
"chr6:24950546-24951046",0
"chr6:26538827-26539327",1
"chr6:27157861-27158361",1
"chr6:27684525-27685025",0
"chr6:27806496-27806996",0
"chr6:27866269-27866769",4
"chr6:28135545-28136045",2
"chr6:28137490-28137990",1
"chr6:28140083-28140583",3
"chr6:2857466-2857966",1
"chr6:2858948-2859448",0
"chr6:28838276-28838776",1
"chr6:2898469-2898969",0
"chr6:2900297-2900797",0
"chr6:29705573-29706073",0
"chr6:29940438-29940938",3
"chr6:29942953-29943453",3
"chr6:29944422-29944922",2
"chr6:29945038-29945538",4
"chr6:29946360-29946860",2
"chr6:29947241-29947741",1
"chr6:30013258-30013758",1
"chr6:30101939-30102439",4
"chr6:30103001-30103501",2
"chr6:3023144-3023644",1
"chr6:30259263-30259763",3
"chr6:30325645-30326145",0
"chr6:30327144-30327644",3
"chr6:30396812-30397312",0
"chr6:30453595-30454095",0
"chr6:30480512-30481012",1
"chr6:30483608-30484108",1
"chr6:30532405-30532905",2
"chr6:30533421-30533921",1
"chr6:30544591-30545091",1
"chr6:30571691-30572191",3
"chr6:30614148-30614648",1
"chr6:30690242-30690742",2
"chr6:30690807-30691307",4
"chr6:30742526-30743026",0
"chr6:30955536-30956036",2
"chr6:31094549-31095049",2
"chr6:31128041-31128541",2
"chr6:31137395-31137895",3
"chr6:31268945-31269445",0
"chr6:31351235-31351735",1
"chr6:31352697-31353197",2
"chr6:31354083-31354583",4
"chr6:31355379-31355879",4
"chr6:31356328-31356828",3
"chr6:31403271-31403771",3
"chr6:31462861-31463361",3
"chr6:31464046-31464546",3
"chr6:31498302-31498802",0
"chr6:31558951-31559451",1
"chr6:31559797-31560297",1
"chr6:31581404-31581904",0
"chr6:31585471-31585971",1
"chr6:3162141-3162641",1
"chr6:31651787-31652287",2
"chr6:31680647-31681147",2
"chr6:31730047-31730547",3
"chr6:31736108-31736608",2
"chr6:31737868-31738368",1
"chr6:31796272-31796772",1
"chr6:31806053-31806553",2
"chr6:31861143-31861643",3
"chr6:31863785-31864285",3
"chr6:31896735-31897235",3
"chr6:32153811-32154311",1
"chr6:32196730-32197230",3
"chr6:3279482-3279982",0
"chr6:32796938-32797438",2
"chr6:32839069-32839569",1
"chr6:32843798-32844298",2
"chr6:32854312-32854812",3
"chr6:32973055-32973555",4
"chr6:32974564-32975064",2
"chr6:33018878-33019378",3
"chr6:33208727-33209227",3
"chr6:33391917-33392417",0
"chr6:33426051-33426551",0
"chr6:33427801-33428301",2
"chr6:33578513-33579013",3
"chr6:33616901-33617401",1
"chr6:33632488-33632988",1
"chr6:34044955-34045455",0
"chr6:34224387-34224887",3
"chr6:34237169-34237669",4
"chr6:34888983-34889483",3
"chr6:36095111-36095611",0
"chr6:36197617-36198117",2
"chr6:36386860-36387360",1
"chr6:36443324-36443824",1
"chr6:36595761-36596261",3
"chr6:36623351-36623851",3
"chr6:36679781-36680281",4
"chr6:36759104-36759604",2
"chr6:37353719-37354219",0
"chr6:37484114-37484614",1
"chr6:37791296-37791796",1
"chr6:38640316-38640816",0
"chr6:38876390-38876890",2
"chr6:41027944-41028444",0
"chr6:41066780-41067280",0
"chr6:41071676-41072176",1
"chr6:41547916-41548416",2
"chr6:41894318-41894818",0
"chr6:41895674-41896174",0
"chr6:42217640-42218140",1
"chr6:42565364-42565864",0
"chr6:43014395-43014895",0
"chr6:43386447-43386947",0
"chr6:43608221-43608721",0
"chr6:44256773-44257273",0
"chr6:44257363-44257863",1
"chr6:44263140-44263640",4
"chr6:44267942-44268442",1
"chr6:44270180-44270680",2
"chr6:44386758-44387258",4
"chr6:446705-447205",2
"chr6:45156044-45156544",2
"chr6:45584015-45584515",1
"chr6:46119666-46120166",2
"chr6:499535-500035",0
"chr6:501738-502238",3
"chr6:53291087-53291587",2
"chr6:53300966-53301466",0
"chr6:53344943-53345443",0
"chr6:5626816-5627316",1
"chr6:56851678-56852178",0
"chr6:6556883-6557383",0
"chr6:69866609-69867109",0
"chr6:70369260-70369760",1
"chr6:73516856-73517356",2
"chr6:7390177-7390677",0
"chr6:7725789-7726289",0
"chr6:78867245-78867745",4
"chr6:87705098-87705598",1
"chr6:87922784-87923284",1
"chr6:89681958-89682458",0
"chr6:90368970-90369470",0
"chr6:90406066-90406566",1
"chr6:90940736-90941236",2
"chr6:96466075-96466575",2
"chr6:96499726-96500226",4
"chr7:100015323-100015823",1
"chr7:100082454-100082954",2
"chr7:100088695-100089195",3
"chr7:100127547-100128047",4
"chr7:100219081-100219581",1
"chr7:100272007-100272507",0
"chr7:100397322-100397822",0
"chr7:100538158-100538658",2
"chr7:100570082-100570582",0
"chr7:100582934-100583434",1
"chr7:100585581-100586081",2
"chr7:100694004-100694504",2
"chr7:100875455-100875955",0
"chr7:100894713-100895213",4
"chr7:101085835-101086335",0
"chr7:101192425-101192925",1
"chr7:102390667-102391167",1
"chr7:104943566-104944066",0
"chr7:105011866-105012366",0
"chr7:105267209-105267709",0
"chr7:105300523-105301023",0
"chr7:105448152-105448652",1
"chr7:105809112-105809612",1
"chr7:106811892-106812392",2
"chr7:107857010-107857510",1
"chr7:111089759-111090259",0
"chr7:111138160-111138660",4
"chr7:112391858-112392358",0
"chr7:114865513-114866013",0
"chr7:114916422-114916922",1
"chr7:120987570-120988070",3
"chr7:121438321-121438821",4
"chr7:12257587-12258087",3
"chr7:123747037-123747537",1
"chr7:126701000-126701500",4
"chr7:128059084-128059584",2
"chr7:128407600-128408100",0
"chr7:128477029-128477529",0
"chr7:129169054-129169554",1
"chr7:129368174-129368674",0
"chr7:129554148-129554648",1
"chr7:130414966-130415466",2
"chr7:130948728-130949228",0
"chr7:130953206-130953706",0
"chr7:131012493-131012993",0
"chr7:131079053-131079553",0
"chr7:131093462-131093962",1
"chr7:131101772-131102272",3
"chr7:131105222-131105722",2
"chr7:133484072-133484572",3
"chr7:135831361-135831861",3
"chr7:139043733-139044233",1
"chr7:139090587-139091087",0
"chr7:139094496-139094996",0
"chr7:139103949-139104449",4
"chr7:139104471-139104971",0
"chr7:140714549-140715049",1
"chr7:142499601-142500101",2
"chr7:142637195-142637695",1
"chr7:142798322-142798822",2
"chr7:142798829-142799329",0
"chr7:148697517-148698017",1
"chr7:148846551-148847051",0
"chr7:148870975-148871475",1
"chr7:149870426-149870926",0
"chr7:149873669-149874169",2
"chr7:150356347-150356847",0
"chr7:150449910-150450410",0
"chr7:150502558-150503058",1
"chr7:150685448-150685948",0
"chr7:150756154-150756654",1
"chr7:151060471-151060971",1
"chr7:151086036-151086536",2
"chr7:151243305-151243805",2
"chr7:151838812-151839312",0
"chr7:152760079-152760579",2
"chr7:155002503-155003003",0
"chr7:158587612-158588112",0
"chr7:158804271-158804771",0
"chr7:17302682-17303182",0
"chr7:17772654-17773154",0
"chr7:17861101-17861601",0
"chr7:18189504-18190004",0
"chr7:18521890-18522390",3
"chr7:21412462-21412962",4
"chr7:2232697-2233197",0
"chr7:2241943-2242443",4
"chr7:2409776-2410276",0
"chr7:2451942-2452442",1
"chr7:2850488-2850988",3
"chr7:2894611-2895111",0
"chr7:30322169-30322669",1
"chr7:30593894-30594394",1
"chr7:30727076-30727576",3
"chr7:32905106-32905606",0
"chr7:34823599-34824099",2
"chr7:34991839-34992339",4
"chr7:35906371-35906871",1
"chr7:35916920-35917420",0
"chr7:36865050-36865550",3
"chr7:36969307-36969807",3
"chr7:37310377-37310877",0
"chr7:38349826-38350326",1
"chr7:38368055-38368555",0
"chr7:42931356-42931856",0
"chr7:43594185-43594685",2
"chr7:44631372-44631872",0
"chr7:45001215-45001715",2
"chr7:45088831-45089331",3
"chr7:45110717-45111217",2
"chr7:4974255-4974755",0
"chr7:50342541-50343041",3
"chr7:50740020-50740520",0
"chr7:5190557-5191057",2
"chr7:5423390-5423890",1
"chr7:5528401-5528901",2
"chr7:5555294-5555794",1
"chr7:5592517-5593017",2
"chr7:55964929-55965429",0
"chr7:56033981-56034481",0
"chr7:6105655-6106155",1
"chr7:6447168-6447668",1
"chr7:65798382-65798882",2
"chr7:66591356-66591856",0
"chr7:66592684-66593184",0
"chr7:66627825-66628325",0
"chr7:66630687-66631187",0
"chr7:6706152-6706652",3
"chr7:70307630-70308130",0
"chr7:72914974-72915474",0
"chr7:73647636-73648136",0
"chr7:73683745-73684245",1
"chr7:7416238-7416738",2
"chr7:75072817-75073317",0
"chr7:76009031-76009531",1
"chr7:76153494-76153994",3
"chr7:76303311-76303811",2
"chr7:76357897-76358397",1
"chr7:77538225-77538725",0
"chr7:8131858-8132358",3
"chr7:817156-817656",0
"chr7:87312203-87312703",1
"chr7:87876178-87876678",1
"chr7:88090633-88091133",0
"chr7:93232060-93232560",0
"chr7:94510634-94511134",2
"chr7:96075366-96075866",1
"chr7:96285568-96286068",1
"chr7:98107229-98107729",1
"chr7:98281893-98282393",1
"chr7:98878233-98878733",0
"chr7:99325619-99326119",1
"chr7:99380028-99380528",3
"chr7:99471843-99472343",2
"chr7:99505312-99505812",3
"chr8:100157662-100158162",0
"chr8:100716252-100716752",1
"chr8:100907836-100908336",3
"chr8:100947861-100948361",0
"chr8:100952744-100953244",0
"chr8:100953362-100953862",3
"chr8:101109387-101109887",0
"chr8:101126432-101126932",0
"chr8:101301306-101301806",0
"chr8:101501336-101501836",1
"chr8:102097689-102098189",1
"chr8:102412039-102412539",2
"chr8:102662327-102662827",1
"chr8:102662933-102663433",0
"chr8:104665510-104666010",4
"chr8:104759603-104760103",0
"chr8:106704994-106705494",0
"chr8:10805267-10805767",2
"chr8:115218327-115218827",3
"chr8:115218838-115219338",3
"chr8:11736299-11736799",0
"chr8:117439824-117440324",0
"chr8:11820250-11820750",3
"chr8:11877682-11878182",2
"chr8:119855176-119855676",1
"chr8:124190874-124191374",4
"chr8:124564577-124565077",3
"chr8:125931731-125932231",0
"chr8:125942188-125942688",1
"chr8:127399672-127400172",0
"chr8:127993689-127994189",0
"chr8:133053575-133054075",3
"chr8:133055652-133056152",3
"chr8:133056775-133057275",4
"chr8:133057321-133057821",3
"chr8:133068918-133069418",2
"chr8:133296346-133296846",4
"chr8:133565003-133565503",0
"chr8:133671621-133672121",0
"chr8:134324718-134325218",4
"chr8:134619951-134620451",1
"chr8:134685508-134686008",0
"chr8:141002118-141002618",0
"chr8:142471871-142472371",1
"chr8:142845089-142845589",0
"chr8:143291132-143291632",1
"chr8:143334644-143335144",2
"chr8:143430004-143430504",1
"chr8:143618021-143618521",3
"chr8:143928490-143928990",2
"chr8:143948389-143948889",4
"chr8:143973363-143973863",0
"chr8:143978679-143979179",1
"chr8:143990878-143991378",1
"chr8:144078345-144078845",2
"chr8:144078886-144079386",2
"chr8:144266133-144266633",0
"chr8:144374276-144374776",1
"chr8:144522245-144522745",3
"chr8:144526948-144527448",2
"chr8:144687711-144688211",3
"chr8:144827711-144828211",2
"chr8:144902827-144903327",1
"chr8:145002175-145002675",2
"chr8:145052200-145052700",2
"chr8:20251714-20252214",3
"chr8:2133777-2134277",0
"chr8:22137300-22137800",3
"chr8:22156607-22157107",2
"chr8:22244290-22244790",1
"chr8:22366978-22367478",0
"chr8:22598587-22599087",3
"chr8:22668908-22669408",1
"chr8:22693267-22693767",4
"chr8:22694233-22694733",3
"chr8:22695132-22695632",4
"chr8:23018349-23018849",0
"chr8:23472262-23472762",1
"chr8:25250796-25251296",1
"chr8:27311144-27311644",3
"chr8:27817906-27818406",1
"chr8:29351278-29351778",1
"chr8:29489718-29490218",1
"chr8:30076256-30076756",1
"chr8:30095694-30096194",0
"chr8:30137171-30137671",3
"chr8:37694847-37695347",0
"chr8:41429999-41430499",1
"chr8:41466462-41466962",1
"chr8:41477211-41477711",0
"chr8:41507554-41508054",2
"chr8:41529543-41530043",4
"chr8:42154906-42155406",1
"chr8:42155470-42155970",0
"chr8:42391097-42391597",2
"chr8:42537090-42537590",0
"chr8:47703901-47704401",2
"chr8:47899770-47900270",0
"chr8:48925527-48926027",0
"chr8:48949509-48950009",3
"chr8:55972996-55973496",0
"chr8:56006463-56006963",1
"chr8:58321519-58322019",2
"chr8:58595828-58596328",4
"chr8:58657837-58658337",1
"chr8:60409046-60409546",2
"chr8:60916376-60916876",3
"chr8:630046-630546",1
"chr8:64567568-64568068",2
"chr8:65942028-65942528",1
"chr8:65946123-65946623",1
"chr8:65951787-65952287",0
"chr8:67540555-67541055",4
"chr8:67580026-67580526",3
"chr8:81097290-81097790",0
"chr8:8301819-8302319",1
"chr8:89984002-89984502",0
"chr8:93969218-93969718",2
"chr8:94419809-94420309",2
"chr8:94947023-94947523",0
"chr8:9592435-9592935",4
"chr8:97277683-97278183",0
"chr9:104093775-104094275",1
"chr9:105405326-105405826",1
"chr9:107425154-107425654",0
"chr9:110005410-110005910",3
"chr9:111525593-111526093",1
"chr9:112176521-112177021",2
"chr9:114370066-114370566",1
"chr9:120844545-120845045",0
"chr9:120928171-120928671",4
"chr9:120929449-120929949",2
"chr9:121400073-121400573",0
"chr9:121732739-121733239",1
"chr9:122265196-122265696",4
"chr9:122350506-122351006",0
"chr9:124853558-124854058",2
"chr9:125188959-125189459",2
"chr9:125374640-125375140",0
"chr9:125745556-125746056",1
"chr9:125747769-125748269",4
"chr9:125748337-125748837",1
"chr9:126514112-126514612",1
"chr9:126781703-126782203",3
"chr9:126860127-126860627",1
"chr9:127503914-127504414",0
"chr9:128160637-128161137",2
"chr9:128191916-128192416",2
"chr9:128192704-128193204",3
"chr9:128340300-128340800",0
"chr9:128420931-128421431",1
"chr9:128683618-128684118",1
"chr9:128724666-128725166",2
"chr9:128771082-128771582",1
"chr9:128899533-128900033",1
"chr9:129139123-129139623",1
"chr9:129173918-129174418",4
"chr9:129410087-129410587",4
"chr9:129414032-129414532",1
"chr9:129454428-129454928",2
"chr9:129489092-129489592",1
"chr9:129610988-129611488",2
"chr9:129624085-129624585",1
"chr9:129640951-129641451",2
"chr9:129737500-129738000",2
"chr9:129803690-129804190",2
"chr9:129836279-129836779",0
"chr9:129886803-129887303",2
"chr9:129887370-129887870",3
"chr9:130038732-130039232",1
"chr9:130578777-130579277",0
"chr9:130579279-130579779",2
"chr9:131374066-131374566",0
"chr9:131395189-131395689",2
"chr9:131502647-131503147",3
"chr9:131733607-131734107",1
"chr9:132079044-132079544",0
"chr9:132236316-132236816",2
"chr9:132242051-132242551",2
"chr9:132350131-132350631",2
"chr9:132354130-132354630",0
"chr9:132409660-132410160",0
"chr9:132670414-132670914",1
"chr9:132878079-132878579",4
"chr9:133114582-133115082",0
"chr9:133135132-133135632",2
"chr9:133143701-133144201",0
"chr9:133147445-133147945",1
"chr9:133382769-133383269",1
"chr9:133992610-133993110",1
"chr9:133993244-133993744",0
"chr9:134163142-134163642",0
"chr9:135960665-135961165",4
"chr9:136119178-136119678",3
"chr9:136122834-136123334",0
"chr9:136245101-136245601",2
"chr9:136316406-136316906",4
"chr9:136410361-136410861",4
"chr9:136411008-136411508",2
"chr9:136438995-136439495",3
"chr9:136482560-136483060",4
"chr9:136544480-136544980",2
"chr9:136644359-136644859",0
"chr9:136665550-136666050",3
"chr9:136806989-136807489",1
"chr9:136807643-136808143",1
"chr9:136865568-136866068",2
"chr9:136882508-136883008",4
"chr9:136960801-136961301",3
"chr9:136965361-136965861",1
"chr9:136978256-136978756",1
"chr9:137000770-137001270",0
"chr9:137028044-137028544",0
"chr9:137028708-137029208",1
"chr9:137188395-137188895",3
"chr9:137189027-137189527",0
"chr9:137241966-137242466",3
"chr9:137242682-137243182",2
"chr9:137243311-137243811",4
"chr9:137243855-137244355",2
"chr9:137244411-137244911",4
"chr9:137245164-137245664",2
"chr9:137247876-137248376",1
"chr9:137253477-137253977",3
"chr9:137453751-137454251",2
"chr9:137590931-137591431",2
"chr9:137619291-137619791",1
"chr9:20043009-20043509",3
"chr9:21153907-21154407",1
"chr9:2655565-2656065",4
"chr9:31347000-31347500",4
"chr9:32550002-32550502",0
"chr9:33000677-33001177",1
"chr9:33026908-33027408",2
"chr9:33027737-33028237",2
"chr9:33031112-33031612",2
"chr9:33032387-33032887",0
"chr9:33748884-33749384",0
"chr9:35162491-35162991",0
"chr9:35616904-35617404",2
"chr9:35748814-35749314",2
"chr9:36143149-36143649",0
"chr9:37800520-37801020",0
"chr9:4596541-4597041",1
"chr9:5178332-5178832",2
"chr9:5438191-5438691",1
"chr9:5922145-5922645",1
"chr9:6585037-6585537",0
"chr9:68546415-68546915",3
"chr9:68979487-68979987",2
"chr9:68999550-69000050",0
"chr9:69019768-69020268",2
"chr9:71285057-71285557",1
"chr9:73107463-73107963",0
"chr9:73132187-73132687",2
"chr9:74036762-74037262",2
"chr9:74245767-74246267",4
"chr9:74277436-74277936",1
"chr9:74322855-74323355",0
"chr9:749622-750122",1
"chr9:75025088-75025588",1
"chr9:7799565-7800065",2
"chr9:78201077-78201577",1
"chr9:78237999-78238499",0
"chr9:7935593-7936093",4
"chr9:7976356-7976856",3
"chr9:85723127-85723627",2
"chr9:87973893-87974393",0
"chr9:89312080-89312580",2
"chr9:89437264-89437764",0
"chr9:89463817-89464317",2
"chr9:91100116-91100616",0
"chr9:91156830-91157330",2
"chr9:93133487-93133987",2
"chr9:93501207-93501707",0
"chr9:96015516-96016016",0
"chr9:96417212-96417712",1
"chr9:97906501-97907001",2
"chr9:98169002-98169502",1
"chr9:99140649-99141149",0
"chr9:99823042-99823542",0
"chrX:100768673-100769173",0
"chrX:107452257-107452757",0
"chrX:107716224-107716724",2
"chrX:110145724-110146224",0
"chrX:110229752-110230252",1
"chrX:110238177-110238677",0
"chrX:112851229-112851729",1
"chrX:119686049-119686549",1
"chrX:119754217-119754717",1
"chrX:119758069-119758569",1
"chrX:120244596-120245096",3
"chrX:120561762-120562262",0
"chrX:125205354-125205854",0
"chrX:12956109-12956609",1
"chrX:129603829-129604329",1
"chrX:129905823-129906323",1
"chrX:129925575-129926075",0
"chrX:129980672-129981172",1
"chrX:129983582-129984082",0
"chrX:130339601-130340101",3
"chrX:132677598-132678098",1
"chrX:136586241-136586741",1
"chrX:13669158-13669658",0
"chrX:13688828-13689328",2
"chrX:136909124-136909624",2
"chrX:1471756-1472256",1
"chrX:150365256-150365756",2
"chrX:15335968-15336468",1
"chrX:153818856-153819356",2
"chrX:153830361-153830861",0
"chrX:153875264-153875764",1
"chrX:153934921-153935421",2
"chrX:153947250-153947750",0
"chrX:154136565-154137065",1
"chrX:154351633-154352133",0
"chrX:154373222-154373722",3
"chrX:154397489-154397989",4
"chrX:154443861-154444361",2
"chrX:154478070-154478570",2
"chrX:154547575-154548075",1
"chrX:1554850-1555350",3
"chrX:17632966-17633466",1
"chrX:19801067-19801567",0
"chrX:23667777-23668277",0
"chrX:37745295-37745795",0
"chrX:40027041-40027541",1
"chrX:40105076-40105576",0
"chrX:40152805-40153305",1
"chrX:40299673-40300173",0
"chrX:41331428-41331928",1
"chrX:41922035-41922535",2
"chrX:42398924-42399424",2
"chrX:48468702-48469202",0
"chrX:48910733-48911233",0
"chrX:53085592-53086092",2
"chrX:53683085-53683585",0
"chrX:70454655-70455155",0
"chrX:70455242-70455742",0
"chrX:71536737-71537237",0
"chrX:72018431-72018931",0
"chrX:72101692-72102192",0
"chrX:72131814-72132314",1
"chrX:77900031-77900531",0
"chrX:78321771-78322271",2
"chrX:9995702-9996202",0
