"Condition","Residuals","Donor","Motif","Exposure","Cell_Type","n_pseudobulk","n_donor","n_condition","donor_modelled"
0,1,NA,"ahr","C19","B_mem",24,21,4,FALSE
0,1,NA,"aire","C19","B_mem",24,21,4,FALSE
0.205834622372639,0.794165377627361,NA,"ap1_1","C19","B_mem",24,21,4,FALSE
0.314516077752492,0.685483922247508,NA,"ap1_2","C19","B_mem",24,21,4,FALSE
0,1,NA,"ari5a","C19","B_mem",24,21,4,FALSE
0,1,NA,"ari5b","C19","B_mem",24,21,4,FALSE
0,1,NA,"batf","C19","B_mem",24,21,4,FALSE
0.132832739585759,0.867167260414241,NA,"bcl6_1","C19","B_mem",24,21,4,FALSE
0.108614980345527,0.891385019654473,NA,"bcl6_2","C19","B_mem",24,21,4,FALSE
0.236214880272152,0.763785119727848,NA,"ccaat_cebp","C19","B_mem",24,21,4,FALSE
0.0448738367490467,0.955126163250953,NA,"cenbp","C19","B_mem",24,21,4,FALSE
0,1,NA,"cpeb1","C19","B_mem",24,21,4,FALSE
0.182812852884319,0.817187147115681,NA,"creb_atf_1","C19","B_mem",24,21,4,FALSE
0.277808781589795,0.722191218410205,NA,"creb_atf_2","C19","B_mem",24,21,4,FALSE
0,1,NA,"creb_atf_3","C19","B_mem",24,21,4,FALSE
0,1,NA,"creb3_xbp1","C19","B_mem",24,21,4,FALSE
0,1,NA,"ctcf","C19","B_mem",24,21,4,FALSE
0,1,NA,"cux_1","C19","B_mem",24,21,4,FALSE
0.0543207967506038,0.945679203249396,NA,"cux_2","C19","B_mem",24,21,4,FALSE
0,1,NA,"cux_3","C19","B_mem",24,21,4,FALSE
0,1,NA,"cux_4","C19","B_mem",24,21,4,FALSE
0.31067253445734,0.68932746554266,NA,"ddit3cebpa","C19","B_mem",24,21,4,FALSE
0.00270653026808859,0.997293469731911,NA,"dmrt1","C19","B_mem",24,21,4,FALSE
0,1,NA,"dmrt3","C19","B_mem",24,21,4,FALSE
0,1,NA,"e2f_1","C19","B_mem",24,21,4,FALSE
0.198168519400608,0.801831480599392,NA,"e2f_2","C19","B_mem",24,21,4,FALSE
0,1,NA,"e2f_3","C19","B_mem",24,21,4,FALSE
0.0485438706938118,0.951456129306188,NA,"e2f_4","C19","B_mem",24,21,4,FALSE
0.0344975658989419,0.965502434101058,NA,"ebf1","C19","B_mem",24,21,4,FALSE
0.0503178396732539,0.949682160326746,NA,"ebox_cacctg","C19","B_mem",24,21,4,FALSE
0.139292558406692,0.860707441593308,NA,"ebox_cacgtg_1","C19","B_mem",24,21,4,FALSE
0,1,NA,"ebox_cacgtg_2","C19","B_mem",24,21,4,FALSE
0,1,NA,"ebox_cagatgg","C19","B_mem",24,21,4,FALSE
0.0131955246647654,0.986804475335235,NA,"ebox_cagctg","C19","B_mem",24,21,4,FALSE
0,1,NA,"ebox_catatg","C19","B_mem",24,21,4,FALSE
0.087738059210292,0.912261940789708,NA,"egr","C19","B_mem",24,21,4,FALSE
0.156752980071771,0.843247019928229,NA,"ets_1","C19","B_mem",24,21,4,FALSE
0,1,NA,"ets_2","C19","B_mem",24,21,4,FALSE
0,1,NA,"evi1_mecom","C19","B_mem",24,21,4,FALSE
0.0137191506953215,0.986280849304679,NA,"ewsr1_fli1","C19","B_mem",24,21,4,FALSE
0,1,NA,"fezf1","C19","B_mem",24,21,4,FALSE
0.162263774105104,0.837736225894896,NA,"fox_1","C19","B_mem",24,21,4,FALSE
0,1,NA,"fox_2","C19","B_mem",24,21,4,FALSE
0,1,NA,"fox_3","C19","B_mem",24,21,4,FALSE
0,1,NA,"fox_4","C19","B_mem",24,21,4,FALSE
0.220671766623895,0.779328233376105,NA,"fox_5","C19","B_mem",24,21,4,FALSE
0,1,NA,"fox_6","C19","B_mem",24,21,4,FALSE
0,1,NA,"fox_7","C19","B_mem",24,21,4,FALSE
0,1,NA,"fox_8","C19","B_mem",24,21,4,FALSE
0,1,NA,"fox_9","C19","B_mem",24,21,4,FALSE
0.211959781921366,0.788040218078634,NA,"gata","C19","B_mem",24,21,4,FALSE
0.209837182111569,0.79016281788843,NA,"gc_tract","C19","B_mem",24,21,4,FALSE
0.185919632581971,0.814080367418029,NA,"gcm","C19","B_mem",24,21,4,FALSE
0,1,NA,"gfi","C19","B_mem",24,21,4,FALSE
0,1,NA,"gli","C19","B_mem",24,21,4,FALSE
0.203400582579887,0.796599417420113,NA,"glis","C19","B_mem",24,21,4,FALSE
0.302680754783393,0.697319245216607,NA,"gmeb2_1","C19","B_mem",24,21,4,FALSE
0,1,NA,"gmeb2_2","C19","B_mem",24,21,4,FALSE
0,1,NA,"gmeb2_3","C19","B_mem",24,21,4,FALSE
0.422415841805495,0.577584158194505,NA,"grhl","C19","B_mem",24,21,4,FALSE
0.251815592413375,0.748184407586625,NA,"hand1","C19","B_mem",24,21,4,FALSE
0,1,NA,"hd_1","C19","B_mem",24,21,4,FALSE
0,1,NA,"hd_10","C19","B_mem",24,21,4,FALSE
0.352560255502612,0.647439744497388,NA,"hd_11","C19","B_mem",24,21,4,FALSE
0.139009913702364,0.860990086297636,NA,"hd_12","C19","B_mem",24,21,4,FALSE
0,1,NA,"hd_13","C19","B_mem",24,21,4,FALSE
0,1,NA,"hd_14","C19","B_mem",24,21,4,FALSE
0,1,NA,"hd_15","C19","B_mem",24,21,4,FALSE
0.014923573469573,0.985076426530427,NA,"hd_16","C19","B_mem",24,21,4,FALSE
0,1,NA,"hd_17","C19","B_mem",24,21,4,FALSE
0,1,NA,"hd_18","C19","B_mem",24,21,4,FALSE
0,1,NA,"hd_19","C19","B_mem",24,21,4,FALSE
0,1,NA,"hd_2","C19","B_mem",24,21,4,FALSE
2.62066788990952e-16,1,NA,"hd_20","C19","B_mem",24,21,4,FALSE
0,1,NA,"hd_21","C19","B_mem",24,21,4,FALSE
0.223199733211236,0.776800266788763,NA,"hd_22","C19","B_mem",24,21,4,FALSE
0,1,NA,"hd_23","C19","B_mem",24,21,4,FALSE
0.014861311131125,0.985138688868875,NA,"hd_24","C19","B_mem",24,21,4,FALSE
0,1,NA,"hd_25","C19","B_mem",24,21,4,FALSE
0,1,NA,"hd_3","C19","B_mem",24,21,4,FALSE
0,1,NA,"hd_4","C19","B_mem",24,21,4,FALSE
0,1,NA,"hd_5","C19","B_mem",24,21,4,FALSE
0.196007945019909,0.803992054980091,NA,"hd_6","C19","B_mem",24,21,4,FALSE
0.00962461108992292,0.990375388910077,NA,"hd_7","C19","B_mem",24,21,4,FALSE
0,1,NA,"hd_8","C19","B_mem",24,21,4,FALSE
0,1,NA,"hd_9","C19","B_mem",24,21,4,FALSE
0,1,NA,"hen1","C19","B_mem",24,21,4,FALSE
0.368903925089062,0.631096074910938,NA,"hic_1","C19","B_mem",24,21,4,FALSE
0,1,NA,"hic_2","C19","B_mem",24,21,4,FALSE
0,1,NA,"hif","C19","B_mem",24,21,4,FALSE
0.101437514423085,0.898562485576915,NA,"hinfp1_1","C19","B_mem",24,21,4,FALSE
0,1,NA,"hinfp1_2","C19","B_mem",24,21,4,FALSE
0,1,NA,"hinfp1_3","C19","B_mem",24,21,4,FALSE
0,1,NA,"hltf","C19","B_mem",24,21,4,FALSE
0,1,NA,"homez","C19","B_mem",24,21,4,FALSE
0,1,NA,"hsf","C19","B_mem",24,21,4,FALSE
0,1,NA,"hsfy2","C19","B_mem",24,21,4,FALSE
0.0113467333735331,0.988653266626467,NA,"insm1","C19","B_mem",24,21,4,FALSE
0,1,NA,"irf_1","C19","B_mem",24,21,4,FALSE
0.248151935391786,0.751848064608214,NA,"irf_2","C19","B_mem",24,21,4,FALSE
0,1,NA,"irf_3","C19","B_mem",24,21,4,FALSE
0.107402526735618,0.892597473264382,NA,"irf_4","C19","B_mem",24,21,4,FALSE
0.0275158005036778,0.972484199496322,NA,"kaiso","C19","B_mem",24,21,4,FALSE
0.168913567452534,0.831086432547466,NA,"klf_sp_1","C19","B_mem",24,21,4,FALSE
0.0877704310762462,0.912229568923754,NA,"klf_sp_2","C19","B_mem",24,21,4,FALSE
0.30918761285998,0.69081238714002,NA,"klf_sp_3","C19","B_mem",24,21,4,FALSE
0,1,NA,"lef1","C19","B_mem",24,21,4,FALSE
0,1,NA,"lin54","C19","B_mem",24,21,4,FALSE
0,1,NA,"maf","C19","B_mem",24,21,4,FALSE
0,1,NA,"mbd2","C19","B_mem",24,21,4,FALSE
0,1,NA,"mecp2","C19","B_mem",24,21,4,FALSE
0.255117505201436,0.744882494798564,NA,"mef2","C19","B_mem",24,21,4,FALSE
0.163605198592325,0.836394801407675,NA,"mfz1","C19","B_mem",24,21,4,FALSE
0,1,NA,"mies","C19","B_mem",24,21,4,FALSE
0,1,NA,"mtf1","C19","B_mem",24,21,4,FALSE
0,1,NA,"myb_1","C19","B_mem",24,21,4,FALSE
0,1,NA,"myb_2","C19","B_mem",24,21,4,FALSE
0,1,NA,"myb_3","C19","B_mem",24,21,4,FALSE
0.13714796624782,0.86285203375218,NA,"myb_4","C19","B_mem",24,21,4,FALSE
0.016184150428565,0.983815849571435,NA,"myb_5","C19","B_mem",24,21,4,FALSE
0,1,NA,"mzf1","C19","B_mem",24,21,4,FALSE
0,1,NA,"nfac_2","C19","B_mem",24,21,4,FALSE
0,1,NA,"nfat_1","C19","B_mem",24,21,4,FALSE
0,1,NA,"nfat_2","C19","B_mem",24,21,4,FALSE
0,1,NA,"nfat_3","C19","B_mem",24,21,4,FALSE
0,1,NA,"nfat_4","C19","B_mem",24,21,4,FALSE
0,1,NA,"nfi_1","C19","B_mem",24,21,4,FALSE
2.84733050894968e-15,0.999999999999997,NA,"nfi_2","C19","B_mem",24,21,4,FALSE
0.247386048790503,0.752613951209497,NA,"nfi_3","C19","B_mem",24,21,4,FALSE
0.0810216224189774,0.918978377581023,NA,"nfkb_1","C19","B_mem",24,21,4,FALSE
0,1,NA,"nfkb_2","C19","B_mem",24,21,4,FALSE
3.34889688913716e-15,0.999999999999997,NA,"nfkb_3","C19","B_mem",24,21,4,FALSE
0.308288856808718,0.691711143191282,NA,"nfy","C19","B_mem",24,21,4,FALSE
0.117241725969384,0.882758274030616,NA,"nr_1","C19","B_mem",24,21,4,FALSE
0,1,NA,"nr_10","C19","B_mem",24,21,4,FALSE
0.174877449954679,0.825122550045321,NA,"nr_11","C19","B_mem",24,21,4,FALSE
0.259728524895324,0.740271475104676,NA,"nr_12","C19","B_mem",24,21,4,FALSE
0.066495524297018,0.933504475702982,NA,"nr_13","C19","B_mem",24,21,4,FALSE
0,1,NA,"nr_14","C19","B_mem",24,21,4,FALSE
0.00804041322255025,0.99195958677745,NA,"nr_15","C19","B_mem",24,21,4,FALSE
0.14670258119103,0.85329741880897,NA,"nr_16","C19","B_mem",24,21,4,FALSE
0.0947055029017003,0.9052944970983,NA,"nr_17","C19","B_mem",24,21,4,FALSE
0.147936337995243,0.852063662004757,NA,"nr_18","C19","B_mem",24,21,4,FALSE
0.0438613196178981,0.956138680382102,NA,"nr_19","C19","B_mem",24,21,4,FALSE
0,1,NA,"nr_2","C19","B_mem",24,21,4,FALSE
0,1,NA,"nr_20","C19","B_mem",24,21,4,FALSE
0.277536987520482,0.722463012479518,NA,"nr_3","C19","B_mem",24,21,4,FALSE
0,1,NA,"nr_4","C19","B_mem",24,21,4,FALSE
0,1,NA,"nr_5","C19","B_mem",24,21,4,FALSE
0,1,NA,"nr_6","C19","B_mem",24,21,4,FALSE
0.00571793015581321,0.994282069844187,NA,"nr_7","C19","B_mem",24,21,4,FALSE
0,1,NA,"nr_8","C19","B_mem",24,21,4,FALSE
0,1,NA,"nr_9","C19","B_mem",24,21,4,FALSE
0,1,NA,"nr2e3","C19","B_mem",24,21,4,FALSE
0,1,NA,"nrf1","C19","B_mem",24,21,4,FALSE
0.0842218873325177,0.915778112667482,NA,"oct4sox2","C19","B_mem",24,21,4,FALSE
0.0427253165898029,0.957274683410197,NA,"osr2","C19","B_mem",24,21,4,FALSE
0,1,NA,"ovol1","C19","B_mem",24,21,4,FALSE
0.0288297725917768,0.971170227408223,NA,"p53_like_1","C19","B_mem",24,21,4,FALSE
0,1,NA,"p53_like_2","C19","B_mem",24,21,4,FALSE
0.00208477580082413,0.997915224199176,NA,"p53_like_3","C19","B_mem",24,21,4,FALSE
0.145992064288482,0.854007935711518,NA,"pax_halfsite","C19","B_mem",24,21,4,FALSE
0.0121494578977473,0.987850542102253,NA,"pax_1","C19","B_mem",24,21,4,FALSE
0.000547662755033395,0.999452337244967,NA,"pax_2","C19","B_mem",24,21,4,FALSE
0.316619297660207,0.683380702339793,NA,"plag1","C19","B_mem",24,21,4,FALSE
0.0522128810108374,0.947787118989163,NA,"pou_1","C19","B_mem",24,21,4,FALSE
0,1,NA,"pou_2","C19","B_mem",24,21,4,FALSE
0,1,NA,"pou_3","C19","B_mem",24,21,4,FALSE
0.110084971787669,0.889915028212331,NA,"prdm1","C19","B_mem",24,21,4,FALSE
0,1,NA,"prdm14","C19","B_mem",24,21,4,FALSE
0,1,NA,"prdm16","C19","B_mem",24,21,4,FALSE
0.00797834201774756,0.992021657982252,NA,"prdm4","C19","B_mem",24,21,4,FALSE
0.0189501751007676,0.981049824899232,NA,"prdm5","C19","B_mem",24,21,4,FALSE
0,1,NA,"prdm9","C19","B_mem",24,21,4,FALSE
0,1,NA,"prox1","C19","B_mem",24,21,4,FALSE
0,1,NA,"rbpj","C19","B_mem",24,21,4,FALSE
0,1,NA,"rel_halfsite","C19","B_mem",24,21,4,FALSE
0,1,NA,"rest_nrsf","C19","B_mem",24,21,4,FALSE
0.0585823998837799,0.94141760011622,NA,"rfx_1","C19","B_mem",24,21,4,FALSE
0,1,NA,"rfx_2","C19","B_mem",24,21,4,FALSE
0.0320690094072141,0.967930990592786,NA,"rfx_3","C19","B_mem",24,21,4,FALSE
0.0449824983326749,0.955017501667325,NA,"runx_1","C19","B_mem",24,21,4,FALSE
0.165343465363376,0.834656534636624,NA,"runx_2","C19","B_mem",24,21,4,FALSE
0.0385100443782836,0.961489955621716,NA,"scrt1","C19","B_mem",24,21,4,FALSE
0,1,NA,"six_1","C19","B_mem",24,21,4,FALSE
0,1,NA,"six_2","C19","B_mem",24,21,4,FALSE
0,1,NA,"smad","C19","B_mem",24,21,4,FALSE
0,1,NA,"smad_1","C19","B_mem",24,21,4,FALSE
0,1,NA,"smad_2","C19","B_mem",24,21,4,FALSE
0,1,NA,"smarca1","C19","B_mem",24,21,4,FALSE
0,1,NA,"smarca5","C19","B_mem",24,21,4,FALSE
0.0100021479528652,0.989997852047135,NA,"snai2","C19","B_mem",24,21,4,FALSE
0,1,NA,"sox_1","C19","B_mem",24,21,4,FALSE
0,1,NA,"sox_2","C19","B_mem",24,21,4,FALSE
0,1,NA,"sox_3","C19","B_mem",24,21,4,FALSE
0.069556201172822,0.930443798827178,NA,"sox_4","C19","B_mem",24,21,4,FALSE
0.0935515881878636,0.906448411812136,NA,"sox_5","C19","B_mem",24,21,4,FALSE
0.0137361626176896,0.98626383738231,NA,"sox_6","C19","B_mem",24,21,4,FALSE
0,1,NA,"sox_7","C19","B_mem",24,21,4,FALSE
0,1,NA,"sox_8","C19","B_mem",24,21,4,FALSE
0,1,NA,"spdef_1","C19","B_mem",24,21,4,FALSE
0,1,NA,"spdef_2","C19","B_mem",24,21,4,FALSE
0.381121281610804,0.618878718389196,NA,"spi","C19","B_mem",24,21,4,FALSE
0.0623884071884858,0.937611592811514,NA,"spz1","C19","B_mem",24,21,4,FALSE
0.0440394432220006,0.955960556777999,NA,"srebf1","C19","B_mem",24,21,4,FALSE
0,1,NA,"srf","C19","B_mem",24,21,4,FALSE
0,1,NA,"stat_1","C19","B_mem",24,21,4,FALSE
0,1,NA,"stat_2","C19","B_mem",24,21,4,FALSE
0.239975179853292,0.760024820146708,NA,"tata","C19","B_mem",24,21,4,FALSE
0,1,NA,"tbx_1","C19","B_mem",24,21,4,FALSE
0.0169953682731781,0.983004631726822,NA,"tbx_2","C19","B_mem",24,21,4,FALSE
0,1,NA,"tbx_3","C19","B_mem",24,21,4,FALSE
0,1,NA,"tbx_4","C19","B_mem",24,21,4,FALSE
0,1,NA,"tcf_lef","C19","B_mem",24,21,4,FALSE
0.0190169654154789,0.980983034584521,NA,"tead","C19","B_mem",24,21,4,FALSE
0.0851032617334718,0.914896738266528,NA,"tfap2_1","C19","B_mem",24,21,4,FALSE
0,1,NA,"tfap2_2","C19","B_mem",24,21,4,FALSE
0.0280550902920463,0.971944909707954,NA,"tfcp2","C19","B_mem",24,21,4,FALSE
0,1,NA,"thap1","C19","B_mem",24,21,4,FALSE
0.0995523267320957,0.900447673267904,NA,"yy1","C19","B_mem",24,21,4,FALSE
0,1,NA,"zbed1","C19","B_mem",24,21,4,FALSE
0.112440356117071,0.887559643882929,NA,"zbtb14","C19","B_mem",24,21,4,FALSE
0,1,NA,"zbtb48","C19","B_mem",24,21,4,FALSE
0,1,NA,"zbtb49","C19","B_mem",24,21,4,FALSE
0,1,NA,"zbtb6","C19","B_mem",24,21,4,FALSE
0.298167443503126,0.701832556496874,NA,"zbtb7a","C19","B_mem",24,21,4,FALSE
0.274813299090427,0.725186700909573,NA,"zfn121","C19","B_mem",24,21,4,FALSE
0.247381023573348,0.752618976426652,NA,"zfx","C19","B_mem",24,21,4,FALSE
0.0986081290052996,0.9013918709947,NA,"zic","C19","B_mem",24,21,4,FALSE
0.182398075902221,0.817601924097779,NA,"zic_2","C19","B_mem",24,21,4,FALSE
0,1,NA,"zim3","C19","B_mem",24,21,4,FALSE
0.0617534562479531,0.938246543752047,NA,"zkscan1","C19","B_mem",24,21,4,FALSE
0,1,NA,"znf134","C19","B_mem",24,21,4,FALSE
0.00711231962784834,0.992887680372152,NA,"znf136","C19","B_mem",24,21,4,FALSE
0,1,NA,"znf140","C19","B_mem",24,21,4,FALSE
0,1,NA,"znf143","C19","B_mem",24,21,4,FALSE
0,1,NA,"znf143_1","C19","B_mem",24,21,4,FALSE
0.120314530525474,0.879685469474526,NA,"znf146","C19","B_mem",24,21,4,FALSE
0,1,NA,"znf232","C19","B_mem",24,21,4,FALSE
0,1,NA,"znf24","C19","B_mem",24,21,4,FALSE
0.236438153556177,0.763561846443823,NA,"znf250","C19","B_mem",24,21,4,FALSE
0,1,NA,"znf257","C19","B_mem",24,21,4,FALSE
2.98941535105495e-17,1,NA,"znf274","C19","B_mem",24,21,4,FALSE
0,1,NA,"znf28","C19","B_mem",24,21,4,FALSE
0,1,NA,"znf282","C19","B_mem",24,21,4,FALSE
0,1,NA,"znf306","C19","B_mem",24,21,4,FALSE
0,1,NA,"znf317","C19","B_mem",24,21,4,FALSE
0.107393770625474,0.892606229374526,NA,"znf320","C19","B_mem",24,21,4,FALSE
0.109099489639081,0.890900510360919,NA,"znf324","C19","B_mem",24,21,4,FALSE
0,1,NA,"znf329","C19","B_mem",24,21,4,FALSE
0,1,NA,"znf331","C19","B_mem",24,21,4,FALSE
0.0536140072471216,0.946385992752878,NA,"znf332","C19","B_mem",24,21,4,FALSE
0,1,NA,"znf335","C19","B_mem",24,21,4,FALSE
0.0229375002075104,0.97706249979249,NA,"znf354","C19","B_mem",24,21,4,FALSE
0.0286329598199302,0.97136704018007,NA,"znf382","C19","B_mem",24,21,4,FALSE
0,1,NA,"znf384_1","C19","B_mem",24,21,4,FALSE
0.268197454144228,0.731802545855773,NA,"znf384_2","C19","B_mem",24,21,4,FALSE
0,1,NA,"znf41","C19","B_mem",24,21,4,FALSE
0.0881755194022894,0.911824480597711,NA,"znf410","C19","B_mem",24,21,4,FALSE
0.0468507536339912,0.953149246366009,NA,"znf418","C19","B_mem",24,21,4,FALSE
0,1,NA,"znf423","C19","B_mem",24,21,4,FALSE
0,1,NA,"znf431","C19","B_mem",24,21,4,FALSE
0,1,NA,"znf435","C19","B_mem",24,21,4,FALSE
0.176459860816411,0.823540139183589,NA,"znf436","C19","B_mem",24,21,4,FALSE
0.0676500840513034,0.932349915948697,NA,"znf449","C19","B_mem",24,21,4,FALSE
0,1,NA,"znf490","C19","B_mem",24,21,4,FALSE
0.348414789811471,0.651585210188529,NA,"znf524","C19","B_mem",24,21,4,FALSE
0,1,NA,"znf528","C19","B_mem",24,21,4,FALSE
0.18188498208453,0.81811501791547,NA,"znf53","C19","B_mem",24,21,4,FALSE
0,1,NA,"znf547","C19","B_mem",24,21,4,FALSE
0.0657642398510866,0.934235760148913,NA,"znf549","C19","B_mem",24,21,4,FALSE
0,1,NA,"znf554","C19","B_mem",24,21,4,FALSE
0,1,NA,"znf563","C19","B_mem",24,21,4,FALSE
0.187804029894253,0.812195970105747,NA,"znf57","C19","B_mem",24,21,4,FALSE
0.110255554417922,0.889744445582078,NA,"znf586","C19","B_mem",24,21,4,FALSE
0.144382491289936,0.855617508710064,NA,"znf652","C19","B_mem",24,21,4,FALSE
0,1,NA,"znf667","C19","B_mem",24,21,4,FALSE
0.076199477486028,0.923800522513972,NA,"znf680","C19","B_mem",24,21,4,FALSE
0,1,NA,"znf708","C19","B_mem",24,21,4,FALSE
0,1,NA,"znf713","C19","B_mem",24,21,4,FALSE
0,1,NA,"znf768","C19","B_mem",24,21,4,FALSE
0,1,NA,"znf784","C19","B_mem",24,21,4,FALSE
0,1,NA,"znf85","C19","B_mem",24,21,4,FALSE
0.126296727371523,0.873703272628477,NA,"znf85_1","C19","B_mem",24,21,4,FALSE
0,1,NA,"zscan3","C19","B_mem",24,21,4,FALSE
0.0756220884496366,0.924377911550363,NA,"zscan4","C19","B_mem",24,21,4,FALSE
0,1,NA,"ahr","C19","B_naive",24,21,4,FALSE
0,1,NA,"aire","C19","B_naive",24,21,4,FALSE
0.0352599601692322,0.964740039830768,NA,"ap1_1","C19","B_naive",24,21,4,FALSE
0,1,NA,"ap1_2","C19","B_naive",24,21,4,FALSE
0,1,NA,"ari5a","C19","B_naive",24,21,4,FALSE
0,1,NA,"ari5b","C19","B_naive",24,21,4,FALSE
0,1,NA,"batf","C19","B_naive",24,21,4,FALSE
0,1,NA,"bcl6_1","C19","B_naive",24,21,4,FALSE
0,1,NA,"bcl6_2","C19","B_naive",24,21,4,FALSE
0.0998449944607792,0.900155005539221,NA,"ccaat_cebp","C19","B_naive",24,21,4,FALSE
0,1,NA,"cenbp","C19","B_naive",24,21,4,FALSE
0.0853517381407996,0.9146482618592,NA,"cpeb1","C19","B_naive",24,21,4,FALSE
0.203118940422415,0.796881059577585,NA,"creb_atf_1","C19","B_naive",24,21,4,FALSE
0,1,NA,"creb_atf_2","C19","B_naive",24,21,4,FALSE
0.0856688175771032,0.914331182422897,NA,"creb_atf_3","C19","B_naive",24,21,4,FALSE
0,1,NA,"creb3_xbp1","C19","B_naive",24,21,4,FALSE
0,1,NA,"ctcf","C19","B_naive",24,21,4,FALSE
0,1,NA,"cux_1","C19","B_naive",24,21,4,FALSE
0,1,NA,"cux_2","C19","B_naive",24,21,4,FALSE
0,1,NA,"cux_3","C19","B_naive",24,21,4,FALSE
0,1,NA,"cux_4","C19","B_naive",24,21,4,FALSE
0,1,NA,"ddit3cebpa","C19","B_naive",24,21,4,FALSE
0.00980094590891589,0.990199054091084,NA,"dmrt1","C19","B_naive",24,21,4,FALSE
0,1,NA,"dmrt3","C19","B_naive",24,21,4,FALSE
0.347702782101321,0.652297217898679,NA,"e2f_1","C19","B_naive",24,21,4,FALSE
0,1,NA,"e2f_2","C19","B_naive",24,21,4,FALSE
0.0258904984665942,0.974109501533406,NA,"e2f_3","C19","B_naive",24,21,4,FALSE
0.0360375985525992,0.963962401447401,NA,"e2f_4","C19","B_naive",24,21,4,FALSE
5.95514796679382e-17,1,NA,"ebf1","C19","B_naive",24,21,4,FALSE
0.0153633754696357,0.984636624530364,NA,"ebox_cacctg","C19","B_naive",24,21,4,FALSE
0.333948965439875,0.666051034560125,NA,"ebox_cacgtg_1","C19","B_naive",24,21,4,FALSE
0.0430737650952803,0.95692623490472,NA,"ebox_cacgtg_2","C19","B_naive",24,21,4,FALSE
0.0326687279827138,0.967331272017286,NA,"ebox_cagatgg","C19","B_naive",24,21,4,FALSE
0,1,NA,"ebox_cagctg","C19","B_naive",24,21,4,FALSE
0.153556631491465,0.846443368508535,NA,"ebox_catatg","C19","B_naive",24,21,4,FALSE
0.0016307795733024,0.998369220426698,NA,"egr","C19","B_naive",24,21,4,FALSE
0.0597422628011293,0.940257737198871,NA,"ets_1","C19","B_naive",24,21,4,FALSE
0.316283206069319,0.683716793930682,NA,"ets_2","C19","B_naive",24,21,4,FALSE
0,1,NA,"evi1_mecom","C19","B_naive",24,21,4,FALSE
0.293148706919474,0.706851293080526,NA,"ewsr1_fli1","C19","B_naive",24,21,4,FALSE
0,1,NA,"fezf1","C19","B_naive",24,21,4,FALSE
0.0590722579314913,0.940927742068509,NA,"fox_1","C19","B_naive",24,21,4,FALSE
0.209313716432324,0.790686283567676,NA,"fox_2","C19","B_naive",24,21,4,FALSE
1.59177533650147e-15,0.999999999999998,NA,"fox_3","C19","B_naive",24,21,4,FALSE
0,1,NA,"fox_4","C19","B_naive",24,21,4,FALSE
0,1,NA,"fox_5","C19","B_naive",24,21,4,FALSE
0.0873992550144616,0.912600744985538,NA,"fox_6","C19","B_naive",24,21,4,FALSE
0,1,NA,"fox_7","C19","B_naive",24,21,4,FALSE
0,1,NA,"fox_8","C19","B_naive",24,21,4,FALSE
0,1,NA,"fox_9","C19","B_naive",24,21,4,FALSE
0,1,NA,"gata","C19","B_naive",24,21,4,FALSE
0.22908811986238,0.77091188013762,NA,"gc_tract","C19","B_naive",24,21,4,FALSE
0,1,NA,"gcm","C19","B_naive",24,21,4,FALSE
0,1,NA,"gfi","C19","B_naive",24,21,4,FALSE
2.69613793188193e-16,1,NA,"gli","C19","B_naive",24,21,4,FALSE
0.0238441739666566,0.976155826033343,NA,"glis","C19","B_naive",24,21,4,FALSE
0.202369289545934,0.797630710454066,NA,"gmeb2_1","C19","B_naive",24,21,4,FALSE
0.145200607581136,0.854799392418864,NA,"gmeb2_2","C19","B_naive",24,21,4,FALSE
0.140993709846699,0.859006290153301,NA,"gmeb2_3","C19","B_naive",24,21,4,FALSE
0,1,NA,"grhl","C19","B_naive",24,21,4,FALSE
0,1,NA,"hand1","C19","B_naive",24,21,4,FALSE
0.00961236209294015,0.99038763790706,NA,"hd_1","C19","B_naive",24,21,4,FALSE
0,1,NA,"hd_10","C19","B_naive",24,21,4,FALSE
0,1,NA,"hd_11","C19","B_naive",24,21,4,FALSE
0.0876944614242797,0.91230553857572,NA,"hd_12","C19","B_naive",24,21,4,FALSE
0,1,NA,"hd_13","C19","B_naive",24,21,4,FALSE
0.042264970501307,0.957735029498693,NA,"hd_14","C19","B_naive",24,21,4,FALSE
0,1,NA,"hd_15","C19","B_naive",24,21,4,FALSE
7.16132547669648e-16,0.999999999999999,NA,"hd_16","C19","B_naive",24,21,4,FALSE
0,1,NA,"hd_17","C19","B_naive",24,21,4,FALSE
0,1,NA,"hd_18","C19","B_naive",24,21,4,FALSE
0,1,NA,"hd_19","C19","B_naive",24,21,4,FALSE
0,1,NA,"hd_2","C19","B_naive",24,21,4,FALSE
0,1,NA,"hd_20","C19","B_naive",24,21,4,FALSE
0.046662046888231,0.953337953111769,NA,"hd_21","C19","B_naive",24,21,4,FALSE
0.0192565630089538,0.980743436991046,NA,"hd_22","C19","B_naive",24,21,4,FALSE
0,1,NA,"hd_23","C19","B_naive",24,21,4,FALSE
0.13551584548525,0.86448415451475,NA,"hd_24","C19","B_naive",24,21,4,FALSE
0,1,NA,"hd_25","C19","B_naive",24,21,4,FALSE
0,1,NA,"hd_3","C19","B_naive",24,21,4,FALSE
0.0335448801505113,0.966455119849489,NA,"hd_4","C19","B_naive",24,21,4,FALSE
0.15954195009974,0.84045804990026,NA,"hd_5","C19","B_naive",24,21,4,FALSE
0,1,NA,"hd_6","C19","B_naive",24,21,4,FALSE
0,1,NA,"hd_7","C19","B_naive",24,21,4,FALSE
0,1,NA,"hd_8","C19","B_naive",24,21,4,FALSE
0,1,NA,"hd_9","C19","B_naive",24,21,4,FALSE
0.0788318929111516,0.921168107088848,NA,"hen1","C19","B_naive",24,21,4,FALSE
0,1,NA,"hic_1","C19","B_naive",24,21,4,FALSE
0,1,NA,"hic_2","C19","B_naive",24,21,4,FALSE
0,1,NA,"hif","C19","B_naive",24,21,4,FALSE
0.00324540456064189,0.996754595439358,NA,"hinfp1_1","C19","B_naive",24,21,4,FALSE
0.0145104963299668,0.985489503670033,NA,"hinfp1_2","C19","B_naive",24,21,4,FALSE
0,1,NA,"hinfp1_3","C19","B_naive",24,21,4,FALSE
0,1,NA,"hltf","C19","B_naive",24,21,4,FALSE
0.256772590501169,0.74322740949883,NA,"homez","C19","B_naive",24,21,4,FALSE
0,1,NA,"hsf","C19","B_naive",24,21,4,FALSE
0,1,NA,"hsfy2","C19","B_naive",24,21,4,FALSE
0.163575119996531,0.836424880003469,NA,"insm1","C19","B_naive",24,21,4,FALSE
0,1,NA,"irf_1","C19","B_naive",24,21,4,FALSE
0.0382380301591029,0.961761969840897,NA,"irf_2","C19","B_naive",24,21,4,FALSE
0,1,NA,"irf_3","C19","B_naive",24,21,4,FALSE
0,1,NA,"irf_4","C19","B_naive",24,21,4,FALSE
0.483327474548525,0.516672525451475,NA,"kaiso","C19","B_naive",24,21,4,FALSE
0.456037430733954,0.543962569266046,NA,"klf_sp_1","C19","B_naive",24,21,4,FALSE
0.0782319623056797,0.92176803769432,NA,"klf_sp_2","C19","B_naive",24,21,4,FALSE
0,1,NA,"klf_sp_3","C19","B_naive",24,21,4,FALSE
0,1,NA,"lef1","C19","B_naive",24,21,4,FALSE
7.90809209685624e-16,0.999999999999999,NA,"lin54","C19","B_naive",24,21,4,FALSE
0.00639809296677885,0.993601907033221,NA,"maf","C19","B_naive",24,21,4,FALSE
0,1,NA,"mbd2","C19","B_naive",24,21,4,FALSE
0.0317708887865588,0.968229111213441,NA,"mecp2","C19","B_naive",24,21,4,FALSE
0.00286487474151771,0.997135125258482,NA,"mef2","C19","B_naive",24,21,4,FALSE
0.299052636959958,0.700947363040042,NA,"mfz1","C19","B_naive",24,21,4,FALSE
0.056078164813861,0.943921835186139,NA,"mies","C19","B_naive",24,21,4,FALSE
0.00557220677931573,0.994427793220684,NA,"mtf1","C19","B_naive",24,21,4,FALSE
0,1,NA,"myb_1","C19","B_naive",24,21,4,FALSE
0,1,NA,"myb_2","C19","B_naive",24,21,4,FALSE
0,1,NA,"myb_3","C19","B_naive",24,21,4,FALSE
0.169208715450212,0.830791284549788,NA,"myb_4","C19","B_naive",24,21,4,FALSE
0,1,NA,"myb_5","C19","B_naive",24,21,4,FALSE
0.0231428346599166,0.976857165340083,NA,"mzf1","C19","B_naive",24,21,4,FALSE
0,1,NA,"nfac_2","C19","B_naive",24,21,4,FALSE
0,1,NA,"nfat_1","C19","B_naive",24,21,4,FALSE
0.205720800726215,0.794279199273785,NA,"nfat_2","C19","B_naive",24,21,4,FALSE
0,1,NA,"nfat_3","C19","B_naive",24,21,4,FALSE
0,1,NA,"nfat_4","C19","B_naive",24,21,4,FALSE
0,1,NA,"nfi_1","C19","B_naive",24,21,4,FALSE
0.307324878256099,0.692675121743901,NA,"nfi_2","C19","B_naive",24,21,4,FALSE
0.0762431326432723,0.923756867356728,NA,"nfi_3","C19","B_naive",24,21,4,FALSE
0,1,NA,"nfkb_1","C19","B_naive",24,21,4,FALSE
0.182435729024661,0.817564270975339,NA,"nfkb_2","C19","B_naive",24,21,4,FALSE
0,1,NA,"nfkb_3","C19","B_naive",24,21,4,FALSE
0.265612448043104,0.734387551956896,NA,"nfy","C19","B_naive",24,21,4,FALSE
0,1,NA,"nr_1","C19","B_naive",24,21,4,FALSE
0,1,NA,"nr_10","C19","B_naive",24,21,4,FALSE
0.192315392344297,0.807684607655703,NA,"nr_11","C19","B_naive",24,21,4,FALSE
0,1,NA,"nr_12","C19","B_naive",24,21,4,FALSE
0.0950442792713262,0.904955720728674,NA,"nr_13","C19","B_naive",24,21,4,FALSE
0.0418841561592338,0.958115843840766,NA,"nr_14","C19","B_naive",24,21,4,FALSE
0.0689409495552362,0.931059050444764,NA,"nr_15","C19","B_naive",24,21,4,FALSE
0,1,NA,"nr_16","C19","B_naive",24,21,4,FALSE
0.166327028706397,0.833672971293603,NA,"nr_17","C19","B_naive",24,21,4,FALSE
0,1,NA,"nr_18","C19","B_naive",24,21,4,FALSE
0,1,NA,"nr_19","C19","B_naive",24,21,4,FALSE
0.0317641052801862,0.968235894719814,NA,"nr_2","C19","B_naive",24,21,4,FALSE
0,1,NA,"nr_20","C19","B_naive",24,21,4,FALSE
0.266929615863439,0.733070384136561,NA,"nr_3","C19","B_naive",24,21,4,FALSE
0,1,NA,"nr_4","C19","B_naive",24,21,4,FALSE
0,1,NA,"nr_5","C19","B_naive",24,21,4,FALSE
0.11507196692464,0.88492803307536,NA,"nr_6","C19","B_naive",24,21,4,FALSE
0,1,NA,"nr_7","C19","B_naive",24,21,4,FALSE
0.0315326151996719,0.968467384800328,NA,"nr_8","C19","B_naive",24,21,4,FALSE
0.0826186565857894,0.917381343414211,NA,"nr_9","C19","B_naive",24,21,4,FALSE
0,1,NA,"nr2e3","C19","B_naive",24,21,4,FALSE
0.0780793331166147,0.921920666883385,NA,"nrf1","C19","B_naive",24,21,4,FALSE
0,1,NA,"oct4sox2","C19","B_naive",24,21,4,FALSE
0.0109868988700912,0.989013101129909,NA,"osr2","C19","B_naive",24,21,4,FALSE
0,1,NA,"ovol1","C19","B_naive",24,21,4,FALSE
0,1,NA,"p53_like_1","C19","B_naive",24,21,4,FALSE
0.096965092036849,0.903034907963151,NA,"p53_like_2","C19","B_naive",24,21,4,FALSE
0,1,NA,"p53_like_3","C19","B_naive",24,21,4,FALSE
0.0901742276567241,0.909825772343276,NA,"pax_halfsite","C19","B_naive",24,21,4,FALSE
0.0526669836684659,0.947333016331534,NA,"pax_1","C19","B_naive",24,21,4,FALSE
0.401463532597002,0.598536467402998,NA,"pax_2","C19","B_naive",24,21,4,FALSE
0.283217996863586,0.716782003136414,NA,"plag1","C19","B_naive",24,21,4,FALSE
0.0338656468785929,0.966134353121407,NA,"pou_1","C19","B_naive",24,21,4,FALSE
0,1,NA,"pou_2","C19","B_naive",24,21,4,FALSE
0,1,NA,"pou_3","C19","B_naive",24,21,4,FALSE
0,1,NA,"prdm1","C19","B_naive",24,21,4,FALSE
0,1,NA,"prdm14","C19","B_naive",24,21,4,FALSE
0.233844977238908,0.766155022761092,NA,"prdm16","C19","B_naive",24,21,4,FALSE
0,1,NA,"prdm4","C19","B_naive",24,21,4,FALSE
0.141948111021272,0.858051888978728,NA,"prdm5","C19","B_naive",24,21,4,FALSE
0,1,NA,"prdm9","C19","B_naive",24,21,4,FALSE
0,1,NA,"prox1","C19","B_naive",24,21,4,FALSE
0,1,NA,"rbpj","C19","B_naive",24,21,4,FALSE
0,1,NA,"rel_halfsite","C19","B_naive",24,21,4,FALSE
0.0209772576959145,0.979022742304085,NA,"rest_nrsf","C19","B_naive",24,21,4,FALSE
0.133514334681282,0.866485665318719,NA,"rfx_1","C19","B_naive",24,21,4,FALSE
0,1,NA,"rfx_2","C19","B_naive",24,21,4,FALSE
0.0376795449295667,0.962320455070433,NA,"rfx_3","C19","B_naive",24,21,4,FALSE
0.026805467799641,0.973194532200359,NA,"runx_1","C19","B_naive",24,21,4,FALSE
0,1,NA,"runx_2","C19","B_naive",24,21,4,FALSE
0,1,NA,"scrt1","C19","B_naive",24,21,4,FALSE
0,1,NA,"six_1","C19","B_naive",24,21,4,FALSE
0,1,NA,"six_2","C19","B_naive",24,21,4,FALSE
0,1,NA,"smad","C19","B_naive",24,21,4,FALSE
0.197965002732021,0.802034997267979,NA,"smad_1","C19","B_naive",24,21,4,FALSE
1.03456378618174e-15,0.999999999999999,NA,"smad_2","C19","B_naive",24,21,4,FALSE
0.176188312599999,0.823811687400001,NA,"smarca1","C19","B_naive",24,21,4,FALSE
0.026142894619444,0.973857105380556,NA,"smarca5","C19","B_naive",24,21,4,FALSE
0,1,NA,"snai2","C19","B_naive",24,21,4,FALSE
0,1,NA,"sox_1","C19","B_naive",24,21,4,FALSE
0,1,NA,"sox_2","C19","B_naive",24,21,4,FALSE
0,1,NA,"sox_3","C19","B_naive",24,21,4,FALSE
0.00746945940763955,0.99253054059236,NA,"sox_4","C19","B_naive",24,21,4,FALSE
0,1,NA,"sox_5","C19","B_naive",24,21,4,FALSE
0,1,NA,"sox_6","C19","B_naive",24,21,4,FALSE
0.143614013078019,0.856385986921981,NA,"sox_7","C19","B_naive",24,21,4,FALSE
0.149895502336856,0.850104497663144,NA,"sox_8","C19","B_naive",24,21,4,FALSE
0,1,NA,"spdef_1","C19","B_naive",24,21,4,FALSE
0,1,NA,"spdef_2","C19","B_naive",24,21,4,FALSE
0.091341345783529,0.908658654216471,NA,"spi","C19","B_naive",24,21,4,FALSE
0,1,NA,"spz1","C19","B_naive",24,21,4,FALSE
0.0880700026120617,0.911929997387938,NA,"srebf1","C19","B_naive",24,21,4,FALSE
0,1,NA,"srf","C19","B_naive",24,21,4,FALSE
0,1,NA,"stat_1","C19","B_naive",24,21,4,FALSE
0.0919800184198967,0.908019981580103,NA,"stat_2","C19","B_naive",24,21,4,FALSE
0.315590592874341,0.684409407125659,NA,"tata","C19","B_naive",24,21,4,FALSE
0,1,NA,"tbx_1","C19","B_naive",24,21,4,FALSE
0.0808538533873498,0.91914614661265,NA,"tbx_2","C19","B_naive",24,21,4,FALSE
0,1,NA,"tbx_3","C19","B_naive",24,21,4,FALSE
0.00437754932687845,0.995622450673121,NA,"tbx_4","C19","B_naive",24,21,4,FALSE
0,1,NA,"tcf_lef","C19","B_naive",24,21,4,FALSE
0.261588479725599,0.738411520274401,NA,"tead","C19","B_naive",24,21,4,FALSE
0,1,NA,"tfap2_1","C19","B_naive",24,21,4,FALSE
0,1,NA,"tfap2_2","C19","B_naive",24,21,4,FALSE
0,1,NA,"tfcp2","C19","B_naive",24,21,4,FALSE
0,1,NA,"thap1","C19","B_naive",24,21,4,FALSE
0.148355761754113,0.851644238245887,NA,"yy1","C19","B_naive",24,21,4,FALSE
0,1,NA,"zbed1","C19","B_naive",24,21,4,FALSE
0.18438667829852,0.81561332170148,NA,"zbtb14","C19","B_naive",24,21,4,FALSE
0.0141482777158001,0.9858517222842,NA,"zbtb48","C19","B_naive",24,21,4,FALSE
0,1,NA,"zbtb49","C19","B_naive",24,21,4,FALSE
0,1,NA,"zbtb6","C19","B_naive",24,21,4,FALSE
0,1,NA,"zbtb7a","C19","B_naive",24,21,4,FALSE
0.235209212631564,0.764790787368436,NA,"zfn121","C19","B_naive",24,21,4,FALSE
0.0132011483489453,0.986798851651055,NA,"zfx","C19","B_naive",24,21,4,FALSE
0.126281121117037,0.873718878882963,NA,"zic","C19","B_naive",24,21,4,FALSE
0,1,NA,"zic_2","C19","B_naive",24,21,4,FALSE
0,1,NA,"zim3","C19","B_naive",24,21,4,FALSE
0,1,NA,"zkscan1","C19","B_naive",24,21,4,FALSE
0,1,NA,"znf134","C19","B_naive",24,21,4,FALSE
0,1,NA,"znf136","C19","B_naive",24,21,4,FALSE
0,1,NA,"znf140","C19","B_naive",24,21,4,FALSE
0,1,NA,"znf143","C19","B_naive",24,21,4,FALSE
0.089073479638574,0.910926520361426,NA,"znf143_1","C19","B_naive",24,21,4,FALSE
0,1,NA,"znf146","C19","B_naive",24,21,4,FALSE
0,1,NA,"znf232","C19","B_naive",24,21,4,FALSE
0,1,NA,"znf24","C19","B_naive",24,21,4,FALSE
0,1,NA,"znf250","C19","B_naive",24,21,4,FALSE
0,1,NA,"znf257","C19","B_naive",24,21,4,FALSE
0.105424147353425,0.894575852646575,NA,"znf274","C19","B_naive",24,21,4,FALSE
0,1,NA,"znf28","C19","B_naive",24,21,4,FALSE
0.180203957011102,0.819796042988898,NA,"znf282","C19","B_naive",24,21,4,FALSE
0,1,NA,"znf306","C19","B_naive",24,21,4,FALSE
0.203850376276915,0.796149623723085,NA,"znf317","C19","B_naive",24,21,4,FALSE
0.0911023327784317,0.908897667221568,NA,"znf320","C19","B_naive",24,21,4,FALSE
0,1,NA,"znf324","C19","B_naive",24,21,4,FALSE
0,1,NA,"znf329","C19","B_naive",24,21,4,FALSE
0,1,NA,"znf331","C19","B_naive",24,21,4,FALSE
0.0365297984995445,0.963470201500455,NA,"znf332","C19","B_naive",24,21,4,FALSE
0,1,NA,"znf335","C19","B_naive",24,21,4,FALSE
0,1,NA,"znf354","C19","B_naive",24,21,4,FALSE
0,1,NA,"znf382","C19","B_naive",24,21,4,FALSE
0.0704118799261916,0.929588120073808,NA,"znf384_1","C19","B_naive",24,21,4,FALSE
0.225136710126254,0.774863289873746,NA,"znf384_2","C19","B_naive",24,21,4,FALSE
0,1,NA,"znf41","C19","B_naive",24,21,4,FALSE
0,1,NA,"znf410","C19","B_naive",24,21,4,FALSE
0,1,NA,"znf418","C19","B_naive",24,21,4,FALSE
0.264185598700413,0.735814401299587,NA,"znf423","C19","B_naive",24,21,4,FALSE
0.0567397868691059,0.943260213130894,NA,"znf431","C19","B_naive",24,21,4,FALSE
0,1,NA,"znf435","C19","B_naive",24,21,4,FALSE
0,1,NA,"znf436","C19","B_naive",24,21,4,FALSE
0,1,NA,"znf449","C19","B_naive",24,21,4,FALSE
0,1,NA,"znf490","C19","B_naive",24,21,4,FALSE
0.0713801120915966,0.928619887908403,NA,"znf524","C19","B_naive",24,21,4,FALSE
0,1,NA,"znf528","C19","B_naive",24,21,4,FALSE
0.273692718321635,0.726307281678365,NA,"znf53","C19","B_naive",24,21,4,FALSE
0.126258728577836,0.873741271422164,NA,"znf547","C19","B_naive",24,21,4,FALSE
0.204669775454881,0.795330224545119,NA,"znf549","C19","B_naive",24,21,4,FALSE
0.0833680762076978,0.916631923792302,NA,"znf554","C19","B_naive",24,21,4,FALSE
0,1,NA,"znf563","C19","B_naive",24,21,4,FALSE
0,1,NA,"znf57","C19","B_naive",24,21,4,FALSE
0,1,NA,"znf586","C19","B_naive",24,21,4,FALSE
0,1,NA,"znf652","C19","B_naive",24,21,4,FALSE
0,1,NA,"znf667","C19","B_naive",24,21,4,FALSE
0.0188974469423219,0.981102553057678,NA,"znf680","C19","B_naive",24,21,4,FALSE
0.287139310154563,0.712860689845437,NA,"znf708","C19","B_naive",24,21,4,FALSE
0.0434164461478137,0.956583553852186,NA,"znf713","C19","B_naive",24,21,4,FALSE
0,1,NA,"znf768","C19","B_naive",24,21,4,FALSE
0.148417229449569,0.851582770550431,NA,"znf784","C19","B_naive",24,21,4,FALSE
0,1,NA,"znf85","C19","B_naive",24,21,4,FALSE
0.0299364414622864,0.970063558537714,NA,"znf85_1","C19","B_naive",24,21,4,FALSE
0.0880016139915593,0.911998386008441,NA,"zscan3","C19","B_naive",24,21,4,FALSE
0,1,NA,"zscan4","C19","B_naive",24,21,4,FALSE
0.0657529429071888,0.934247057092811,NA,"ahr","C19","DC",19,17,4,FALSE
0,1,NA,"aire","C19","DC",19,17,4,FALSE
0.407292812578185,0.592707187421815,NA,"ap1_1","C19","DC",19,17,4,FALSE
0.39623503838683,0.60376496161317,NA,"ap1_2","C19","DC",19,17,4,FALSE
0,1,NA,"ari5a","C19","DC",19,17,4,FALSE
0,1,NA,"ari5b","C19","DC",19,17,4,FALSE
0.0369041798829371,0.963095820117063,NA,"batf","C19","DC",19,17,4,FALSE
0,1,NA,"bcl6_1","C19","DC",19,17,4,FALSE
0.0838674553872266,0.916132544612773,NA,"bcl6_2","C19","DC",19,17,4,FALSE
3.35158148469173e-15,0.999999999999997,NA,"ccaat_cebp","C19","DC",19,17,4,FALSE
0,1,NA,"cenbp","C19","DC",19,17,4,FALSE
0,1,NA,"cpeb1","C19","DC",19,17,4,FALSE
0,1,NA,"creb_atf_1","C19","DC",19,17,4,FALSE
0.0801787196089801,0.91982128039102,NA,"creb_atf_2","C19","DC",19,17,4,FALSE
0.0414307359270969,0.958569264072903,NA,"creb_atf_3","C19","DC",19,17,4,FALSE
0.00652405441233024,0.99347594558767,NA,"creb3_xbp1","C19","DC",19,17,4,FALSE
0.314729124917523,0.685270875082477,NA,"ctcf","C19","DC",19,17,4,FALSE
0.0945796087566158,0.905420391243384,NA,"cux_1","C19","DC",19,17,4,FALSE
0.374761772943276,0.625238227056724,NA,"cux_2","C19","DC",19,17,4,FALSE
0,1,NA,"cux_3","C19","DC",19,17,4,FALSE
0.284678539068698,0.715321460931302,NA,"cux_4","C19","DC",19,17,4,FALSE
0,1,NA,"ddit3cebpa","C19","DC",19,17,4,FALSE
0,1,NA,"dmrt1","C19","DC",19,17,4,FALSE
0,1,NA,"dmrt3","C19","DC",19,17,4,FALSE
0.402199753953242,0.597800246046758,NA,"e2f_1","C19","DC",19,17,4,FALSE
0.611086507162582,0.388913492837418,NA,"e2f_2","C19","DC",19,17,4,FALSE
0.154135061727035,0.845864938272965,NA,"e2f_3","C19","DC",19,17,4,FALSE
0,1,NA,"e2f_4","C19","DC",19,17,4,FALSE
0.28277295314727,0.71722704685273,NA,"ebf1","C19","DC",19,17,4,FALSE
0,1,NA,"ebox_cacctg","C19","DC",19,17,4,FALSE
0,1,NA,"ebox_cacgtg_1","C19","DC",19,17,4,FALSE
0,1,NA,"ebox_cacgtg_2","C19","DC",19,17,4,FALSE
0.426770141674513,0.573229858325487,NA,"ebox_cagatgg","C19","DC",19,17,4,FALSE
0.543127992277454,0.456872007722546,NA,"ebox_cagctg","C19","DC",19,17,4,FALSE
0.0727075112097832,0.927292488790217,NA,"ebox_catatg","C19","DC",19,17,4,FALSE
0,1,NA,"egr","C19","DC",19,17,4,FALSE
0.186848865029551,0.813151134970449,NA,"ets_1","C19","DC",19,17,4,FALSE
0.265187415861237,0.734812584138763,NA,"ets_2","C19","DC",19,17,4,FALSE
0,1,NA,"evi1_mecom","C19","DC",19,17,4,FALSE
0.351400247321679,0.648599752678321,NA,"ewsr1_fli1","C19","DC",19,17,4,FALSE
0,1,NA,"fezf1","C19","DC",19,17,4,FALSE
0,1,NA,"fox_1","C19","DC",19,17,4,FALSE
0,1,NA,"fox_2","C19","DC",19,17,4,FALSE
0,1,NA,"fox_3","C19","DC",19,17,4,FALSE
0,1,NA,"fox_4","C19","DC",19,17,4,FALSE
0.483318426278097,0.516681573721903,NA,"fox_5","C19","DC",19,17,4,FALSE
0,1,NA,"fox_6","C19","DC",19,17,4,FALSE
0.174521345109457,0.825478654890543,NA,"fox_7","C19","DC",19,17,4,FALSE
0,1,NA,"fox_8","C19","DC",19,17,4,FALSE
0.19844244150261,0.80155755849739,NA,"fox_9","C19","DC",19,17,4,FALSE
0.125637476922145,0.874362523077855,NA,"gata","C19","DC",19,17,4,FALSE
0,1,NA,"gc_tract","C19","DC",19,17,4,FALSE
0,1,NA,"gcm","C19","DC",19,17,4,FALSE
0,1,NA,"gfi","C19","DC",19,17,4,FALSE
0.143496053856221,0.856503946143779,NA,"gli","C19","DC",19,17,4,FALSE
0.0175651667873702,0.98243483321263,NA,"glis","C19","DC",19,17,4,FALSE
0.0845060177918206,0.915493982208179,NA,"gmeb2_1","C19","DC",19,17,4,FALSE
1.84521170535148e-16,1,NA,"gmeb2_2","C19","DC",19,17,4,FALSE
0.175818251484861,0.824181748515139,NA,"gmeb2_3","C19","DC",19,17,4,FALSE
0.648536759366415,0.351463240633585,NA,"grhl","C19","DC",19,17,4,FALSE
0.464557292036386,0.535442707963614,NA,"hand1","C19","DC",19,17,4,FALSE
0,1,NA,"hd_1","C19","DC",19,17,4,FALSE
0.118273384382873,0.881726615617127,NA,"hd_10","C19","DC",19,17,4,FALSE
0.470779920360158,0.529220079639842,NA,"hd_11","C19","DC",19,17,4,FALSE
0,1,NA,"hd_12","C19","DC",19,17,4,FALSE
0,1,NA,"hd_13","C19","DC",19,17,4,FALSE
0,1,NA,"hd_14","C19","DC",19,17,4,FALSE
0,1,NA,"hd_15","C19","DC",19,17,4,FALSE
0,1,NA,"hd_16","C19","DC",19,17,4,FALSE
0.113211476342371,0.886788523657629,NA,"hd_17","C19","DC",19,17,4,FALSE
0,1,NA,"hd_18","C19","DC",19,17,4,FALSE
0.0613171583686941,0.938682841631306,NA,"hd_19","C19","DC",19,17,4,FALSE
0,1,NA,"hd_2","C19","DC",19,17,4,FALSE
0,1,NA,"hd_20","C19","DC",19,17,4,FALSE
0,1,NA,"hd_21","C19","DC",19,17,4,FALSE
0.0252716608305656,0.974728339169434,NA,"hd_22","C19","DC",19,17,4,FALSE
0,1,NA,"hd_23","C19","DC",19,17,4,FALSE
0,1,NA,"hd_24","C19","DC",19,17,4,FALSE
0,1,NA,"hd_25","C19","DC",19,17,4,FALSE
0,1,NA,"hd_3","C19","DC",19,17,4,FALSE
0,1,NA,"hd_4","C19","DC",19,17,4,FALSE
0,1,NA,"hd_5","C19","DC",19,17,4,FALSE
0,1,NA,"hd_6","C19","DC",19,17,4,FALSE
0.322347858988533,0.677652141011467,NA,"hd_7","C19","DC",19,17,4,FALSE
0,1,NA,"hd_8","C19","DC",19,17,4,FALSE
0,1,NA,"hd_9","C19","DC",19,17,4,FALSE
0,1,NA,"hen1","C19","DC",19,17,4,FALSE
0,1,NA,"hic_1","C19","DC",19,17,4,FALSE
0,1,NA,"hic_2","C19","DC",19,17,4,FALSE
0.0569061884277157,0.943093811572284,NA,"hif","C19","DC",19,17,4,FALSE
0,1,NA,"hinfp1_1","C19","DC",19,17,4,FALSE
0,1,NA,"hinfp1_2","C19","DC",19,17,4,FALSE
0,1,NA,"hinfp1_3","C19","DC",19,17,4,FALSE
0,1,NA,"hltf","C19","DC",19,17,4,FALSE
0.135867908194863,0.864132091805137,NA,"homez","C19","DC",19,17,4,FALSE
0,1,NA,"hsf","C19","DC",19,17,4,FALSE
0.155781625479248,0.844218374520752,NA,"hsfy2","C19","DC",19,17,4,FALSE
0,1,NA,"insm1","C19","DC",19,17,4,FALSE
0.0468031310220602,0.95319686897794,NA,"irf_1","C19","DC",19,17,4,FALSE
0.39648271330624,0.60351728669376,NA,"irf_2","C19","DC",19,17,4,FALSE
0.061323371476854,0.938676628523146,NA,"irf_3","C19","DC",19,17,4,FALSE
0,1,NA,"irf_4","C19","DC",19,17,4,FALSE
0.132961622208821,0.867038377791179,NA,"kaiso","C19","DC",19,17,4,FALSE
0.0894123697480764,0.910587630251924,NA,"klf_sp_1","C19","DC",19,17,4,FALSE
0,1,NA,"klf_sp_2","C19","DC",19,17,4,FALSE
0.277973456433576,0.722026543566424,NA,"klf_sp_3","C19","DC",19,17,4,FALSE
0.0640817993484898,0.93591820065151,NA,"lef1","C19","DC",19,17,4,FALSE
0.0480307337742285,0.951969266225772,NA,"lin54","C19","DC",19,17,4,FALSE
0,1,NA,"maf","C19","DC",19,17,4,FALSE
0.170395284640507,0.829604715359493,NA,"mbd2","C19","DC",19,17,4,FALSE
0,1,NA,"mecp2","C19","DC",19,17,4,FALSE
0,1,NA,"mef2","C19","DC",19,17,4,FALSE
0,1,NA,"mfz1","C19","DC",19,17,4,FALSE
0.129905022977348,0.870094977022652,NA,"mies","C19","DC",19,17,4,FALSE
0,1,NA,"mtf1","C19","DC",19,17,4,FALSE
0.237703567351987,0.762296432648013,NA,"myb_1","C19","DC",19,17,4,FALSE
0.151425455472894,0.848574544527106,NA,"myb_2","C19","DC",19,17,4,FALSE
0,1,NA,"myb_3","C19","DC",19,17,4,FALSE
0.117938413727451,0.882061586272549,NA,"myb_4","C19","DC",19,17,4,FALSE
0,1,NA,"myb_5","C19","DC",19,17,4,FALSE
0,1,NA,"mzf1","C19","DC",19,17,4,FALSE
0.163049508365673,0.836950491634327,NA,"nfac_2","C19","DC",19,17,4,FALSE
0.415777548393463,0.584222451606536,NA,"nfat_1","C19","DC",19,17,4,FALSE
0.118476214425495,0.881523785574505,NA,"nfat_2","C19","DC",19,17,4,FALSE
0,1,NA,"nfat_3","C19","DC",19,17,4,FALSE
0.0800820036937875,0.919917996306212,NA,"nfat_4","C19","DC",19,17,4,FALSE
0,1,NA,"nfi_1","C19","DC",19,17,4,FALSE
0,1,NA,"nfi_2","C19","DC",19,17,4,FALSE
0,1,NA,"nfi_3","C19","DC",19,17,4,FALSE
0.325982494299715,0.674017505700285,NA,"nfkb_1","C19","DC",19,17,4,FALSE
0,1,NA,"nfkb_2","C19","DC",19,17,4,FALSE
0.220198933089728,0.779801066910272,NA,"nfkb_3","C19","DC",19,17,4,FALSE
0.263347296872284,0.736652703127716,NA,"nfy","C19","DC",19,17,4,FALSE
2.08271505359618e-17,1,NA,"nr_1","C19","DC",19,17,4,FALSE
0.0318163769343432,0.968183623065657,NA,"nr_10","C19","DC",19,17,4,FALSE
0,1,NA,"nr_11","C19","DC",19,17,4,FALSE
0.0120718122741315,0.987928187725868,NA,"nr_12","C19","DC",19,17,4,FALSE
0,1,NA,"nr_13","C19","DC",19,17,4,FALSE
0,1,NA,"nr_14","C19","DC",19,17,4,FALSE
0,1,NA,"nr_15","C19","DC",19,17,4,FALSE
0.128656197829817,0.871343802170183,NA,"nr_16","C19","DC",19,17,4,FALSE
0,1,NA,"nr_17","C19","DC",19,17,4,FALSE
0,1,NA,"nr_18","C19","DC",19,17,4,FALSE
0.464269524113896,0.535730475886104,NA,"nr_19","C19","DC",19,17,4,FALSE
0,1,NA,"nr_2","C19","DC",19,17,4,FALSE
0.0788178313468002,0.9211821686532,NA,"nr_20","C19","DC",19,17,4,FALSE
0.032660328617922,0.967339671382078,NA,"nr_3","C19","DC",19,17,4,FALSE
0,1,NA,"nr_4","C19","DC",19,17,4,FALSE
0.0148287714600383,0.985171228539962,NA,"nr_5","C19","DC",19,17,4,FALSE
0,1,NA,"nr_6","C19","DC",19,17,4,FALSE
0,1,NA,"nr_7","C19","DC",19,17,4,FALSE
0,1,NA,"nr_8","C19","DC",19,17,4,FALSE
0,1,NA,"nr_9","C19","DC",19,17,4,FALSE
0,1,NA,"nr2e3","C19","DC",19,17,4,FALSE
0.0883009571169216,0.911699042883078,NA,"nrf1","C19","DC",19,17,4,FALSE
0.27565253313019,0.72434746686981,NA,"oct4sox2","C19","DC",19,17,4,FALSE
0.206794458934026,0.793205541065974,NA,"osr2","C19","DC",19,17,4,FALSE
0.206255313134917,0.793744686865083,NA,"ovol1","C19","DC",19,17,4,FALSE
0,1,NA,"p53_like_1","C19","DC",19,17,4,FALSE
0.163862780041801,0.836137219958199,NA,"p53_like_2","C19","DC",19,17,4,FALSE
0,1,NA,"p53_like_3","C19","DC",19,17,4,FALSE
0,1,NA,"pax_halfsite","C19","DC",19,17,4,FALSE
0,1,NA,"pax_1","C19","DC",19,17,4,FALSE
0.0354389621726121,0.964561037827388,NA,"pax_2","C19","DC",19,17,4,FALSE
0,1,NA,"plag1","C19","DC",19,17,4,FALSE
0.176274396124432,0.823725603875568,NA,"pou_1","C19","DC",19,17,4,FALSE
0,1,NA,"pou_2","C19","DC",19,17,4,FALSE
0.146752070560682,0.853247929439318,NA,"pou_3","C19","DC",19,17,4,FALSE
0.00601837442392193,0.993981625576078,NA,"prdm1","C19","DC",19,17,4,FALSE
0,1,NA,"prdm14","C19","DC",19,17,4,FALSE
0.224717005023857,0.775282994976143,NA,"prdm16","C19","DC",19,17,4,FALSE
0,1,NA,"prdm4","C19","DC",19,17,4,FALSE
0.0319585080080595,0.968041491991941,NA,"prdm5","C19","DC",19,17,4,FALSE
0,1,NA,"prdm9","C19","DC",19,17,4,FALSE
0.176981332239557,0.823018667760443,NA,"prox1","C19","DC",19,17,4,FALSE
0.0201366699425969,0.979863330057403,NA,"rbpj","C19","DC",19,17,4,FALSE
0.373787926833689,0.626212073166312,NA,"rel_halfsite","C19","DC",19,17,4,FALSE
0.24662391777922,0.75337608222078,NA,"rest_nrsf","C19","DC",19,17,4,FALSE
0.0153683170299087,0.984631682970091,NA,"rfx_1","C19","DC",19,17,4,FALSE
0.272586351136162,0.727413648863838,NA,"rfx_2","C19","DC",19,17,4,FALSE
0,1,NA,"rfx_3","C19","DC",19,17,4,FALSE
0,1,NA,"runx_1","C19","DC",19,17,4,FALSE
0,1,NA,"runx_2","C19","DC",19,17,4,FALSE
0,1,NA,"scrt1","C19","DC",19,17,4,FALSE
0.148744329874324,0.851255670125676,NA,"six_1","C19","DC",19,17,4,FALSE
0.236695064162282,0.763304935837718,NA,"six_2","C19","DC",19,17,4,FALSE
0.163258866805631,0.836741133194369,NA,"smad","C19","DC",19,17,4,FALSE
0,1,NA,"smad_1","C19","DC",19,17,4,FALSE
0,1,NA,"smad_2","C19","DC",19,17,4,FALSE
0,1,NA,"smarca1","C19","DC",19,17,4,FALSE
0,1,NA,"smarca5","C19","DC",19,17,4,FALSE
0,1,NA,"snai2","C19","DC",19,17,4,FALSE
0,1,NA,"sox_1","C19","DC",19,17,4,FALSE
0,1,NA,"sox_2","C19","DC",19,17,4,FALSE
0,1,NA,"sox_3","C19","DC",19,17,4,FALSE
0,1,NA,"sox_4","C19","DC",19,17,4,FALSE
0.0304971626067263,0.969502837393274,NA,"sox_5","C19","DC",19,17,4,FALSE
0,1,NA,"sox_6","C19","DC",19,17,4,FALSE
0,1,NA,"sox_7","C19","DC",19,17,4,FALSE
0,1,NA,"sox_8","C19","DC",19,17,4,FALSE
0,1,NA,"spdef_1","C19","DC",19,17,4,FALSE
0,1,NA,"spdef_2","C19","DC",19,17,4,FALSE
0.405913243110189,0.594086756889811,NA,"spi","C19","DC",19,17,4,FALSE
4.71658695193052e-16,1,NA,"spz1","C19","DC",19,17,4,FALSE
0,1,NA,"srebf1","C19","DC",19,17,4,FALSE
0,1,NA,"srf","C19","DC",19,17,4,FALSE
5.4184520754014e-16,1,NA,"stat_1","C19","DC",19,17,4,FALSE
0,1,NA,"stat_2","C19","DC",19,17,4,FALSE
0.312872755005151,0.687127244994849,NA,"tata","C19","DC",19,17,4,FALSE
0,1,NA,"tbx_1","C19","DC",19,17,4,FALSE
0.121189048741857,0.878810951258143,NA,"tbx_2","C19","DC",19,17,4,FALSE
0,1,NA,"tbx_3","C19","DC",19,17,4,FALSE
0.138581387100631,0.861418612899369,NA,"tbx_4","C19","DC",19,17,4,FALSE
0,1,NA,"tcf_lef","C19","DC",19,17,4,FALSE
0.0627432730795498,0.93725672692045,NA,"tead","C19","DC",19,17,4,FALSE
0,1,NA,"tfap2_1","C19","DC",19,17,4,FALSE
0,1,NA,"tfap2_2","C19","DC",19,17,4,FALSE
0.193715263040577,0.806284736959423,NA,"tfcp2","C19","DC",19,17,4,FALSE
0,1,NA,"thap1","C19","DC",19,17,4,FALSE
0.16363387334015,0.83636612665985,NA,"yy1","C19","DC",19,17,4,FALSE
0,1,NA,"zbed1","C19","DC",19,17,4,FALSE
0,1,NA,"zbtb14","C19","DC",19,17,4,FALSE
0,1,NA,"zbtb48","C19","DC",19,17,4,FALSE
0.0456647127825602,0.95433528721744,NA,"zbtb49","C19","DC",19,17,4,FALSE
0,1,NA,"zbtb6","C19","DC",19,17,4,FALSE
0,1,NA,"zbtb7a","C19","DC",19,17,4,FALSE
0.0487119033547873,0.951288096645213,NA,"zfn121","C19","DC",19,17,4,FALSE
0,1,NA,"zfx","C19","DC",19,17,4,FALSE
0.269566897102898,0.730433102897102,NA,"zic","C19","DC",19,17,4,FALSE
0.21052100396883,0.78947899603117,NA,"zic_2","C19","DC",19,17,4,FALSE
0,1,NA,"zim3","C19","DC",19,17,4,FALSE
0,1,NA,"zkscan1","C19","DC",19,17,4,FALSE
0,1,NA,"znf134","C19","DC",19,17,4,FALSE
0,1,NA,"znf136","C19","DC",19,17,4,FALSE
1.03438523351395e-15,0.999999999999999,NA,"znf140","C19","DC",19,17,4,FALSE
0,1,NA,"znf143","C19","DC",19,17,4,FALSE
0.0494042194866928,0.950595780513307,NA,"znf143_1","C19","DC",19,17,4,FALSE
4.93900766418063e-16,0.999999999999999,NA,"znf146","C19","DC",19,17,4,FALSE
0,1,NA,"znf232","C19","DC",19,17,4,FALSE
0,1,NA,"znf24","C19","DC",19,17,4,FALSE
0.125145090888469,0.874854909111531,NA,"znf250","C19","DC",19,17,4,FALSE
0.0852883082298935,0.914711691770106,NA,"znf257","C19","DC",19,17,4,FALSE
0.13883507570064,0.86116492429936,NA,"znf274","C19","DC",19,17,4,FALSE
0,1,NA,"znf28","C19","DC",19,17,4,FALSE
0,1,NA,"znf282","C19","DC",19,17,4,FALSE
0,1,NA,"znf306","C19","DC",19,17,4,FALSE
0.0289350907835414,0.971064909216459,NA,"znf317","C19","DC",19,17,4,FALSE
0.173101857142871,0.826898142857129,NA,"znf320","C19","DC",19,17,4,FALSE
0,1,NA,"znf324","C19","DC",19,17,4,FALSE
0.0325216943110542,0.967478305688946,NA,"znf329","C19","DC",19,17,4,FALSE
0,1,NA,"znf331","C19","DC",19,17,4,FALSE
0,1,NA,"znf332","C19","DC",19,17,4,FALSE
0,1,NA,"znf335","C19","DC",19,17,4,FALSE
0.213877912258849,0.786122087741151,NA,"znf354","C19","DC",19,17,4,FALSE
0,1,NA,"znf382","C19","DC",19,17,4,FALSE
0.248716132547626,0.751283867452374,NA,"znf384_1","C19","DC",19,17,4,FALSE
0.225963672140887,0.774036327859113,NA,"znf384_2","C19","DC",19,17,4,FALSE
0.0540368407608635,0.945963159239137,NA,"znf41","C19","DC",19,17,4,FALSE
0,1,NA,"znf410","C19","DC",19,17,4,FALSE
0.0910338259653463,0.908966174034654,NA,"znf418","C19","DC",19,17,4,FALSE
0.288478878133598,0.711521121866402,NA,"znf423","C19","DC",19,17,4,FALSE
0.121784166363321,0.878215833636679,NA,"znf431","C19","DC",19,17,4,FALSE
0,1,NA,"znf435","C19","DC",19,17,4,FALSE
0.224535055852948,0.775464944147052,NA,"znf436","C19","DC",19,17,4,FALSE
0,1,NA,"znf449","C19","DC",19,17,4,FALSE
0,1,NA,"znf490","C19","DC",19,17,4,FALSE
0.0761473338822491,0.923852666117751,NA,"znf524","C19","DC",19,17,4,FALSE
0.0732773397702338,0.926722660229766,NA,"znf528","C19","DC",19,17,4,FALSE
0,1,NA,"znf53","C19","DC",19,17,4,FALSE
0,1,NA,"znf547","C19","DC",19,17,4,FALSE
0.0369248221898772,0.963075177810123,NA,"znf549","C19","DC",19,17,4,FALSE
0,1,NA,"znf554","C19","DC",19,17,4,FALSE
0,1,NA,"znf563","C19","DC",19,17,4,FALSE
0,1,NA,"znf57","C19","DC",19,17,4,FALSE
0,1,NA,"znf586","C19","DC",19,17,4,FALSE
0,1,NA,"znf652","C19","DC",19,17,4,FALSE
0,1,NA,"znf667","C19","DC",19,17,4,FALSE
0,1,NA,"znf680","C19","DC",19,17,4,FALSE
0,1,NA,"znf708","C19","DC",19,17,4,FALSE
0.0853297183802131,0.914670281619787,NA,"znf713","C19","DC",19,17,4,FALSE
0.130906474289957,0.869093525710043,NA,"znf768","C19","DC",19,17,4,FALSE
0,1,NA,"znf784","C19","DC",19,17,4,FALSE
0,1,NA,"znf85","C19","DC",19,17,4,FALSE
0,1,NA,"znf85_1","C19","DC",19,17,4,FALSE
0.0740380928671707,0.925961907132829,NA,"zscan3","C19","DC",19,17,4,FALSE
0,1,NA,"zscan4","C19","DC",19,17,4,FALSE
0,1,NA,"ahr","C19","Mono_CD14",25,22,4,FALSE
0.00398667675382328,0.996013323246177,NA,"aire","C19","Mono_CD14",25,22,4,FALSE
0.207017349738863,0.792982650261137,NA,"ap1_1","C19","Mono_CD14",25,22,4,FALSE
0.24458670656812,0.75541329343188,NA,"ap1_2","C19","Mono_CD14",25,22,4,FALSE
0.0231982310346612,0.976801768965339,NA,"ari5a","C19","Mono_CD14",25,22,4,FALSE
0.429940520762906,0.570059479237094,NA,"ari5b","C19","Mono_CD14",25,22,4,FALSE
0.151795756009159,0.848204243990841,NA,"batf","C19","Mono_CD14",25,22,4,FALSE
0.0386598332006624,0.961340166799338,NA,"bcl6_1","C19","Mono_CD14",25,22,4,FALSE
0.171410590904668,0.828589409095332,NA,"bcl6_2","C19","Mono_CD14",25,22,4,FALSE
0.232900724717631,0.767099275282368,NA,"ccaat_cebp","C19","Mono_CD14",25,22,4,FALSE
0.314047618152296,0.685952381847704,NA,"cenbp","C19","Mono_CD14",25,22,4,FALSE
0.186866436707859,0.813133563292141,NA,"cpeb1","C19","Mono_CD14",25,22,4,FALSE
0.0839395257667279,0.916060474233272,NA,"creb_atf_1","C19","Mono_CD14",25,22,4,FALSE
8.42518084587597e-17,1,NA,"creb_atf_2","C19","Mono_CD14",25,22,4,FALSE
0.219055345630867,0.780944654369133,NA,"creb_atf_3","C19","Mono_CD14",25,22,4,FALSE
0,1,NA,"creb3_xbp1","C19","Mono_CD14",25,22,4,FALSE
0.321857335437619,0.678142664562381,NA,"ctcf","C19","Mono_CD14",25,22,4,FALSE
0.32813910465177,0.67186089534823,NA,"cux_1","C19","Mono_CD14",25,22,4,FALSE
0.212767299577605,0.787232700422395,NA,"cux_2","C19","Mono_CD14",25,22,4,FALSE
0.317248843189374,0.682751156810626,NA,"cux_3","C19","Mono_CD14",25,22,4,FALSE
0.141193576075159,0.858806423924841,NA,"cux_4","C19","Mono_CD14",25,22,4,FALSE
0.181407566805784,0.818592433194215,NA,"ddit3cebpa","C19","Mono_CD14",25,22,4,FALSE
0.0613858540581016,0.938614145941898,NA,"dmrt1","C19","Mono_CD14",25,22,4,FALSE
0.151499058256275,0.848500941743725,NA,"dmrt3","C19","Mono_CD14",25,22,4,FALSE
0.310014379927432,0.689985620072568,NA,"e2f_1","C19","Mono_CD14",25,22,4,FALSE
0.268169890299216,0.731830109700784,NA,"e2f_2","C19","Mono_CD14",25,22,4,FALSE
0.195644204044864,0.804355795955136,NA,"e2f_3","C19","Mono_CD14",25,22,4,FALSE
0.274649348455615,0.725350651544385,NA,"e2f_4","C19","Mono_CD14",25,22,4,FALSE
0.210624418759909,0.789375581240091,NA,"ebf1","C19","Mono_CD14",25,22,4,FALSE
0.176232700215547,0.823767299784453,NA,"ebox_cacctg","C19","Mono_CD14",25,22,4,FALSE
0.30008224066027,0.69991775933973,NA,"ebox_cacgtg_1","C19","Mono_CD14",25,22,4,FALSE
6.9764565409461e-15,0.999999999999993,NA,"ebox_cacgtg_2","C19","Mono_CD14",25,22,4,FALSE
0.198712725647021,0.801287274352979,NA,"ebox_cagatgg","C19","Mono_CD14",25,22,4,FALSE
0.249962785239192,0.750037214760808,NA,"ebox_cagctg","C19","Mono_CD14",25,22,4,FALSE
0.189632862141947,0.810367137858053,NA,"ebox_catatg","C19","Mono_CD14",25,22,4,FALSE
0.285580335367124,0.714419664632876,NA,"egr","C19","Mono_CD14",25,22,4,FALSE
0.248519910020586,0.751480089979414,NA,"ets_1","C19","Mono_CD14",25,22,4,FALSE
0.280745770991531,0.719254229008469,NA,"ets_2","C19","Mono_CD14",25,22,4,FALSE
0.209924803733061,0.790075196266939,NA,"evi1_mecom","C19","Mono_CD14",25,22,4,FALSE
0.211837772778765,0.788162227221235,NA,"ewsr1_fli1","C19","Mono_CD14",25,22,4,FALSE
0,1,NA,"fezf1","C19","Mono_CD14",25,22,4,FALSE
0.0738018853658774,0.926198114634123,NA,"fox_1","C19","Mono_CD14",25,22,4,FALSE
0.143474740031396,0.856525259968604,NA,"fox_2","C19","Mono_CD14",25,22,4,FALSE
0.0960927641614494,0.903907235838551,NA,"fox_3","C19","Mono_CD14",25,22,4,FALSE
0.170284320882931,0.829715679117069,NA,"fox_4","C19","Mono_CD14",25,22,4,FALSE
0.244813492539048,0.755186507460952,NA,"fox_5","C19","Mono_CD14",25,22,4,FALSE
0.341344082083405,0.658655917916596,NA,"fox_6","C19","Mono_CD14",25,22,4,FALSE
0.298609531154212,0.701390468845788,NA,"fox_7","C19","Mono_CD14",25,22,4,FALSE
0.211366723588403,0.788633276411597,NA,"fox_8","C19","Mono_CD14",25,22,4,FALSE
0.194736786508242,0.805263213491758,NA,"fox_9","C19","Mono_CD14",25,22,4,FALSE
0.285818023382256,0.714181976617744,NA,"gata","C19","Mono_CD14",25,22,4,FALSE
0.012647047862264,0.987352952137736,NA,"gc_tract","C19","Mono_CD14",25,22,4,FALSE
0.134526628843811,0.865473371156189,NA,"gcm","C19","Mono_CD14",25,22,4,FALSE
0.437469031857998,0.562530968142002,NA,"gfi","C19","Mono_CD14",25,22,4,FALSE
0.226401577680378,0.773598422319622,NA,"gli","C19","Mono_CD14",25,22,4,FALSE
0,1,NA,"glis","C19","Mono_CD14",25,22,4,FALSE
0.261589448431673,0.738410551568327,NA,"gmeb2_1","C19","Mono_CD14",25,22,4,FALSE
0.193848043910648,0.806151956089352,NA,"gmeb2_2","C19","Mono_CD14",25,22,4,FALSE
0.213396519045793,0.786603480954207,NA,"gmeb2_3","C19","Mono_CD14",25,22,4,FALSE
0.165520341872682,0.834479658127318,NA,"grhl","C19","Mono_CD14",25,22,4,FALSE
0.243915012776626,0.756084987223374,NA,"hand1","C19","Mono_CD14",25,22,4,FALSE
0.187983084415515,0.812016915584485,NA,"hd_1","C19","Mono_CD14",25,22,4,FALSE
0.265581695645965,0.734418304354035,NA,"hd_10","C19","Mono_CD14",25,22,4,FALSE
0.144872192525403,0.855127807474597,NA,"hd_11","C19","Mono_CD14",25,22,4,FALSE
0.124808889370772,0.875191110629228,NA,"hd_12","C19","Mono_CD14",25,22,4,FALSE
0.0433813185191616,0.956618681480838,NA,"hd_13","C19","Mono_CD14",25,22,4,FALSE
0.0825787777228198,0.91742122227718,NA,"hd_14","C19","Mono_CD14",25,22,4,FALSE
0.130255360471703,0.869744639528297,NA,"hd_15","C19","Mono_CD14",25,22,4,FALSE
0.231468066918812,0.768531933081188,NA,"hd_16","C19","Mono_CD14",25,22,4,FALSE
0.293546710345704,0.706453289654296,NA,"hd_17","C19","Mono_CD14",25,22,4,FALSE
0.244346873071492,0.755653126928508,NA,"hd_18","C19","Mono_CD14",25,22,4,FALSE
0.146447928709599,0.853552071290401,NA,"hd_19","C19","Mono_CD14",25,22,4,FALSE
0.304937180468736,0.695062819531264,NA,"hd_2","C19","Mono_CD14",25,22,4,FALSE
0.263581721165603,0.736418278834397,NA,"hd_20","C19","Mono_CD14",25,22,4,FALSE
0,1,NA,"hd_21","C19","Mono_CD14",25,22,4,FALSE
0.263390733015958,0.736609266984042,NA,"hd_22","C19","Mono_CD14",25,22,4,FALSE
0.016884045210173,0.983115954789827,NA,"hd_23","C19","Mono_CD14",25,22,4,FALSE
0.285587111192584,0.714412888807416,NA,"hd_24","C19","Mono_CD14",25,22,4,FALSE
0.258741583237471,0.741258416762529,NA,"hd_25","C19","Mono_CD14",25,22,4,FALSE
0.120772034253721,0.879227965746279,NA,"hd_3","C19","Mono_CD14",25,22,4,FALSE
0.257695163860499,0.742304836139501,NA,"hd_4","C19","Mono_CD14",25,22,4,FALSE
0.406255058946971,0.593744941053029,NA,"hd_5","C19","Mono_CD14",25,22,4,FALSE
0.218907239635638,0.781092760364362,NA,"hd_6","C19","Mono_CD14",25,22,4,FALSE
0,1,NA,"hd_7","C19","Mono_CD14",25,22,4,FALSE
0,1,NA,"hd_8","C19","Mono_CD14",25,22,4,FALSE
0.115592016869425,0.884407983130575,NA,"hd_9","C19","Mono_CD14",25,22,4,FALSE
0,1,NA,"hen1","C19","Mono_CD14",25,22,4,FALSE
0.22417562955714,0.77582437044286,NA,"hic_1","C19","Mono_CD14",25,22,4,FALSE
0.2063286317757,0.7936713682243,NA,"hic_2","C19","Mono_CD14",25,22,4,FALSE
0.0732215453231468,0.926778454676853,NA,"hif","C19","Mono_CD14",25,22,4,FALSE
0.210103149001951,0.789896850998049,NA,"hinfp1_1","C19","Mono_CD14",25,22,4,FALSE
0.0796342659468391,0.920365734053161,NA,"hinfp1_2","C19","Mono_CD14",25,22,4,FALSE
0,1,NA,"hinfp1_3","C19","Mono_CD14",25,22,4,FALSE
0.00387679432914226,0.996123205670858,NA,"hltf","C19","Mono_CD14",25,22,4,FALSE
0.229553637083745,0.770446362916255,NA,"homez","C19","Mono_CD14",25,22,4,FALSE
0,1,NA,"hsf","C19","Mono_CD14",25,22,4,FALSE
0.254788880496047,0.745211119503953,NA,"hsfy2","C19","Mono_CD14",25,22,4,FALSE
0.249009323410317,0.750990676589683,NA,"insm1","C19","Mono_CD14",25,22,4,FALSE
0.123699096930591,0.876300903069409,NA,"irf_1","C19","Mono_CD14",25,22,4,FALSE
0.22875605294099,0.77124394705901,NA,"irf_2","C19","Mono_CD14",25,22,4,FALSE
0.152672881468578,0.847327118531422,NA,"irf_3","C19","Mono_CD14",25,22,4,FALSE
0.140806358796218,0.859193641203782,NA,"irf_4","C19","Mono_CD14",25,22,4,FALSE
0.233719185002648,0.766280814997352,NA,"kaiso","C19","Mono_CD14",25,22,4,FALSE
0.0630006530298503,0.93699934697015,NA,"klf_sp_1","C19","Mono_CD14",25,22,4,FALSE
0.171969688267178,0.828030311732822,NA,"klf_sp_2","C19","Mono_CD14",25,22,4,FALSE
0.299419258894976,0.700580741105024,NA,"klf_sp_3","C19","Mono_CD14",25,22,4,FALSE
0.216277263053152,0.783722736946848,NA,"lef1","C19","Mono_CD14",25,22,4,FALSE
0.294051661581896,0.705948338418104,NA,"lin54","C19","Mono_CD14",25,22,4,FALSE
0.307805496710081,0.692194503289919,NA,"maf","C19","Mono_CD14",25,22,4,FALSE
0.091446503142195,0.908553496857805,NA,"mbd2","C19","Mono_CD14",25,22,4,FALSE
0.104914352613213,0.895085647386787,NA,"mecp2","C19","Mono_CD14",25,22,4,FALSE
0.508415032241336,0.491584967758665,NA,"mef2","C19","Mono_CD14",25,22,4,FALSE
0.500468352659335,0.499531647340665,NA,"mfz1","C19","Mono_CD14",25,22,4,FALSE
0.158016761671069,0.841983238328931,NA,"mies","C19","Mono_CD14",25,22,4,FALSE
0.376321759717178,0.623678240282822,NA,"mtf1","C19","Mono_CD14",25,22,4,FALSE
0.226977768714854,0.773022231285146,NA,"myb_1","C19","Mono_CD14",25,22,4,FALSE
0.263087181511216,0.736912818488784,NA,"myb_2","C19","Mono_CD14",25,22,4,FALSE
0.2155679649497,0.784432035050299,NA,"myb_3","C19","Mono_CD14",25,22,4,FALSE
0.213938024147998,0.786061975852002,NA,"myb_4","C19","Mono_CD14",25,22,4,FALSE
0.257525774987656,0.742474225012344,NA,"myb_5","C19","Mono_CD14",25,22,4,FALSE
0.171212181626754,0.828787818373246,NA,"mzf1","C19","Mono_CD14",25,22,4,FALSE
0.235479711274959,0.764520288725041,NA,"nfac_2","C19","Mono_CD14",25,22,4,FALSE
0.0484293820421527,0.951570617957847,NA,"nfat_1","C19","Mono_CD14",25,22,4,FALSE
0.181893632628454,0.818106367371546,NA,"nfat_2","C19","Mono_CD14",25,22,4,FALSE
0,1,NA,"nfat_3","C19","Mono_CD14",25,22,4,FALSE
0,1,NA,"nfat_4","C19","Mono_CD14",25,22,4,FALSE
0.168742557664501,0.831257442335499,NA,"nfi_1","C19","Mono_CD14",25,22,4,FALSE
0.0728708108148217,0.927129189185178,NA,"nfi_2","C19","Mono_CD14",25,22,4,FALSE
0.230746395640581,0.769253604359419,NA,"nfi_3","C19","Mono_CD14",25,22,4,FALSE
0.534349740450376,0.465650259549624,NA,"nfkb_1","C19","Mono_CD14",25,22,4,FALSE
0.370114623429135,0.629885376570865,NA,"nfkb_2","C19","Mono_CD14",25,22,4,FALSE
0.377576204161504,0.622423795838496,NA,"nfkb_3","C19","Mono_CD14",25,22,4,FALSE
0.252085996757136,0.747914003242864,NA,"nfy","C19","Mono_CD14",25,22,4,FALSE
0.139375016666664,0.860624983333336,NA,"nr_1","C19","Mono_CD14",25,22,4,FALSE
0.133463419792735,0.866536580207265,NA,"nr_10","C19","Mono_CD14",25,22,4,FALSE
0.27416433757234,0.72583566242766,NA,"nr_11","C19","Mono_CD14",25,22,4,FALSE
0.23868281492578,0.76131718507422,NA,"nr_12","C19","Mono_CD14",25,22,4,FALSE
0.279351509438322,0.720648490561678,NA,"nr_13","C19","Mono_CD14",25,22,4,FALSE
0,1,NA,"nr_14","C19","Mono_CD14",25,22,4,FALSE
0.361946844497989,0.638053155502011,NA,"nr_15","C19","Mono_CD14",25,22,4,FALSE
0.238590046406932,0.761409953593068,NA,"nr_16","C19","Mono_CD14",25,22,4,FALSE
0.279991390364289,0.720008609635711,NA,"nr_17","C19","Mono_CD14",25,22,4,FALSE
0.149696659058217,0.850303340941783,NA,"nr_18","C19","Mono_CD14",25,22,4,FALSE
0.243482871350517,0.756517128649483,NA,"nr_19","C19","Mono_CD14",25,22,4,FALSE
1.20709220434261e-16,1,NA,"nr_2","C19","Mono_CD14",25,22,4,FALSE
0.195572910373357,0.804427089626643,NA,"nr_20","C19","Mono_CD14",25,22,4,FALSE
0.199208414252896,0.800791585747104,NA,"nr_3","C19","Mono_CD14",25,22,4,FALSE
0.429587207718412,0.570412792281588,NA,"nr_4","C19","Mono_CD14",25,22,4,FALSE
0.22515864589866,0.77484135410134,NA,"nr_5","C19","Mono_CD14",25,22,4,FALSE
0.0803399242061769,0.919660075793823,NA,"nr_6","C19","Mono_CD14",25,22,4,FALSE
0.154203220985587,0.845796779014413,NA,"nr_7","C19","Mono_CD14",25,22,4,FALSE
0.167146709723847,0.832853290276153,NA,"nr_8","C19","Mono_CD14",25,22,4,FALSE
0.46369880787105,0.53630119212895,NA,"nr_9","C19","Mono_CD14",25,22,4,FALSE
0.383341442731547,0.616658557268453,NA,"nr2e3","C19","Mono_CD14",25,22,4,FALSE
0.0752126462139715,0.924787353786028,NA,"nrf1","C19","Mono_CD14",25,22,4,FALSE
0.32354888086419,0.67645111913581,NA,"oct4sox2","C19","Mono_CD14",25,22,4,FALSE
0.149239437717538,0.850760562282462,NA,"osr2","C19","Mono_CD14",25,22,4,FALSE
0.291871479099096,0.708128520900905,NA,"ovol1","C19","Mono_CD14",25,22,4,FALSE
0.297857066973185,0.702142933026816,NA,"p53_like_1","C19","Mono_CD14",25,22,4,FALSE
0,1,NA,"p53_like_2","C19","Mono_CD14",25,22,4,FALSE
0.271541153335994,0.728458846664006,NA,"p53_like_3","C19","Mono_CD14",25,22,4,FALSE
0.0490723354311177,0.950927664568882,NA,"pax_halfsite","C19","Mono_CD14",25,22,4,FALSE
0.34030732488853,0.65969267511147,NA,"pax_1","C19","Mono_CD14",25,22,4,FALSE
0.0642205734701366,0.935779426529863,NA,"pax_2","C19","Mono_CD14",25,22,4,FALSE
0.222978045408904,0.777021954591096,NA,"plag1","C19","Mono_CD14",25,22,4,FALSE
0.218707552936508,0.781292447063492,NA,"pou_1","C19","Mono_CD14",25,22,4,FALSE
0.120274566545805,0.879725433454195,NA,"pou_2","C19","Mono_CD14",25,22,4,FALSE
0.0384030353877599,0.96159696461224,NA,"pou_3","C19","Mono_CD14",25,22,4,FALSE
0.0362176757287759,0.963782324271224,NA,"prdm1","C19","Mono_CD14",25,22,4,FALSE
0.146222744951259,0.853777255048741,NA,"prdm14","C19","Mono_CD14",25,22,4,FALSE
0.214285232191145,0.785714767808855,NA,"prdm16","C19","Mono_CD14",25,22,4,FALSE
0.209917953789858,0.790082046210142,NA,"prdm4","C19","Mono_CD14",25,22,4,FALSE
0.192659722013694,0.807340277986306,NA,"prdm5","C19","Mono_CD14",25,22,4,FALSE
0.00488910149142407,0.995110898508576,NA,"prdm9","C19","Mono_CD14",25,22,4,FALSE
0.230701670196746,0.769298329803254,NA,"prox1","C19","Mono_CD14",25,22,4,FALSE
0.0753615638157523,0.924638436184248,NA,"rbpj","C19","Mono_CD14",25,22,4,FALSE
0.30989407109886,0.69010592890114,NA,"rel_halfsite","C19","Mono_CD14",25,22,4,FALSE
0.161249630435811,0.838750369564189,NA,"rest_nrsf","C19","Mono_CD14",25,22,4,FALSE
0.267406238289021,0.73259376171098,NA,"rfx_1","C19","Mono_CD14",25,22,4,FALSE
0.282275846864173,0.717724153135827,NA,"rfx_2","C19","Mono_CD14",25,22,4,FALSE
0.105286120999189,0.894713879000811,NA,"rfx_3","C19","Mono_CD14",25,22,4,FALSE
0.14326900840443,0.85673099159557,NA,"runx_1","C19","Mono_CD14",25,22,4,FALSE
0.275176465394538,0.724823534605462,NA,"runx_2","C19","Mono_CD14",25,22,4,FALSE
0,1,NA,"scrt1","C19","Mono_CD14",25,22,4,FALSE
0,1,NA,"six_1","C19","Mono_CD14",25,22,4,FALSE
0.0478305167905005,0.9521694832095,NA,"six_2","C19","Mono_CD14",25,22,4,FALSE
0.251937982975959,0.748062017024041,NA,"smad","C19","Mono_CD14",25,22,4,FALSE
0.211073568003791,0.788926431996209,NA,"smad_1","C19","Mono_CD14",25,22,4,FALSE
0.110770097499352,0.889229902500648,NA,"smad_2","C19","Mono_CD14",25,22,4,FALSE
0.0894664493923329,0.910533550607667,NA,"smarca1","C19","Mono_CD14",25,22,4,FALSE
0.0369557460678041,0.963044253932196,NA,"smarca5","C19","Mono_CD14",25,22,4,FALSE
0.319253026161901,0.680746973838099,NA,"snai2","C19","Mono_CD14",25,22,4,FALSE
0,1,NA,"sox_1","C19","Mono_CD14",25,22,4,FALSE
0.231752376747726,0.768247623252274,NA,"sox_2","C19","Mono_CD14",25,22,4,FALSE
0,1,NA,"sox_3","C19","Mono_CD14",25,22,4,FALSE
0.0139012082887553,0.986098791711245,NA,"sox_4","C19","Mono_CD14",25,22,4,FALSE
0.213938072550574,0.786061927449426,NA,"sox_5","C19","Mono_CD14",25,22,4,FALSE
0,1,NA,"sox_6","C19","Mono_CD14",25,22,4,FALSE
0.196126196781354,0.803873803218646,NA,"sox_7","C19","Mono_CD14",25,22,4,FALSE
0.214765369344205,0.785234630655795,NA,"sox_8","C19","Mono_CD14",25,22,4,FALSE
0.169823957369706,0.830176042630294,NA,"spdef_1","C19","Mono_CD14",25,22,4,FALSE
0.126383256874548,0.873616743125452,NA,"spdef_2","C19","Mono_CD14",25,22,4,FALSE
0.34117205839842,0.65882794160158,NA,"spi","C19","Mono_CD14",25,22,4,FALSE
0.0687275185560086,0.931272481443991,NA,"spz1","C19","Mono_CD14",25,22,4,FALSE
0.261182386921519,0.738817613078481,NA,"srebf1","C19","Mono_CD14",25,22,4,FALSE
0.186275138865735,0.813724861134265,NA,"srf","C19","Mono_CD14",25,22,4,FALSE
0,1,NA,"stat_1","C19","Mono_CD14",25,22,4,FALSE
0,1,NA,"stat_2","C19","Mono_CD14",25,22,4,FALSE
0.218268978355855,0.781731021644145,NA,"tata","C19","Mono_CD14",25,22,4,FALSE
0.194883701535699,0.805116298464301,NA,"tbx_1","C19","Mono_CD14",25,22,4,FALSE
0.261807885267872,0.738192114732128,NA,"tbx_2","C19","Mono_CD14",25,22,4,FALSE
0.179516782549323,0.820483217450677,NA,"tbx_3","C19","Mono_CD14",25,22,4,FALSE
0.311676362876858,0.688323637123142,NA,"tbx_4","C19","Mono_CD14",25,22,4,FALSE
0.262144750435558,0.737855249564442,NA,"tcf_lef","C19","Mono_CD14",25,22,4,FALSE
0.101923349132708,0.898076650867292,NA,"tead","C19","Mono_CD14",25,22,4,FALSE
0.130768001869062,0.869231998130938,NA,"tfap2_1","C19","Mono_CD14",25,22,4,FALSE
0.172978443564732,0.827021556435268,NA,"tfap2_2","C19","Mono_CD14",25,22,4,FALSE
0.00499290584526777,0.995007094154732,NA,"tfcp2","C19","Mono_CD14",25,22,4,FALSE
0.00326801203128899,0.996731987968711,NA,"thap1","C19","Mono_CD14",25,22,4,FALSE
0.281175601620177,0.718824398379823,NA,"yy1","C19","Mono_CD14",25,22,4,FALSE
0.132378662236537,0.867621337763463,NA,"zbed1","C19","Mono_CD14",25,22,4,FALSE
0.199671042015435,0.800328957984565,NA,"zbtb14","C19","Mono_CD14",25,22,4,FALSE
0.0114429660012281,0.988557033998772,NA,"zbtb48","C19","Mono_CD14",25,22,4,FALSE
0.073798729129596,0.926201270870404,NA,"zbtb49","C19","Mono_CD14",25,22,4,FALSE
0.0518065496345192,0.948193450365481,NA,"zbtb6","C19","Mono_CD14",25,22,4,FALSE
0.0790153921683655,0.920984607831634,NA,"zbtb7a","C19","Mono_CD14",25,22,4,FALSE
0.295420411440404,0.704579588559596,NA,"zfn121","C19","Mono_CD14",25,22,4,FALSE
0.160956780545581,0.839043219454419,NA,"zfx","C19","Mono_CD14",25,22,4,FALSE
0.165106483487491,0.834893516512509,NA,"zic","C19","Mono_CD14",25,22,4,FALSE
0.411651446848413,0.588348553151587,NA,"zic_2","C19","Mono_CD14",25,22,4,FALSE
0.0451185069205631,0.954881493079437,NA,"zim3","C19","Mono_CD14",25,22,4,FALSE
0.192164131851426,0.807835868148574,NA,"zkscan1","C19","Mono_CD14",25,22,4,FALSE
0.116818406394666,0.883181593605334,NA,"znf134","C19","Mono_CD14",25,22,4,FALSE
0,1,NA,"znf136","C19","Mono_CD14",25,22,4,FALSE
0.0188745661910208,0.981125433808979,NA,"znf140","C19","Mono_CD14",25,22,4,FALSE
0.313385247314993,0.686614752685007,NA,"znf143","C19","Mono_CD14",25,22,4,FALSE
0.325355465619591,0.674644534380409,NA,"znf143_1","C19","Mono_CD14",25,22,4,FALSE
0.262298293938549,0.737701706061451,NA,"znf146","C19","Mono_CD14",25,22,4,FALSE
0.107885068277057,0.892114931722943,NA,"znf232","C19","Mono_CD14",25,22,4,FALSE
0,1,NA,"znf24","C19","Mono_CD14",25,22,4,FALSE
1.32084202963952e-15,0.999999999999999,NA,"znf250","C19","Mono_CD14",25,22,4,FALSE
0.172310316638129,0.827689683361871,NA,"znf257","C19","Mono_CD14",25,22,4,FALSE
0.0715504236470338,0.928449576352966,NA,"znf274","C19","Mono_CD14",25,22,4,FALSE
0,1,NA,"znf28","C19","Mono_CD14",25,22,4,FALSE
0,1,NA,"znf282","C19","Mono_CD14",25,22,4,FALSE
0.345655590136424,0.654344409863576,NA,"znf306","C19","Mono_CD14",25,22,4,FALSE
0.175415703050442,0.824584296949558,NA,"znf317","C19","Mono_CD14",25,22,4,FALSE
0.259512466420214,0.740487533579786,NA,"znf320","C19","Mono_CD14",25,22,4,FALSE
0.150147419821947,0.849852580178053,NA,"znf324","C19","Mono_CD14",25,22,4,FALSE
0.192137360528324,0.807862639471676,NA,"znf329","C19","Mono_CD14",25,22,4,FALSE
0.216680179648346,0.783319820351654,NA,"znf331","C19","Mono_CD14",25,22,4,FALSE
0.267829501782988,0.732170498217012,NA,"znf332","C19","Mono_CD14",25,22,4,FALSE
0.211908861347533,0.788091138652467,NA,"znf335","C19","Mono_CD14",25,22,4,FALSE
0,1,NA,"znf354","C19","Mono_CD14",25,22,4,FALSE
0.215205333135057,0.784794666864943,NA,"znf382","C19","Mono_CD14",25,22,4,FALSE
0.156885646563219,0.843114353436781,NA,"znf384_1","C19","Mono_CD14",25,22,4,FALSE
0,1,NA,"znf384_2","C19","Mono_CD14",25,22,4,FALSE
0.180384521985383,0.819615478014617,NA,"znf41","C19","Mono_CD14",25,22,4,FALSE
0.183134197210488,0.816865802789512,NA,"znf410","C19","Mono_CD14",25,22,4,FALSE
0.0728503832794156,0.927149616720584,NA,"znf418","C19","Mono_CD14",25,22,4,FALSE
0.121195655044488,0.878804344955512,NA,"znf423","C19","Mono_CD14",25,22,4,FALSE
0.0819822302281793,0.918017769771821,NA,"znf431","C19","Mono_CD14",25,22,4,FALSE
0.0972146672481981,0.902785332751802,NA,"znf435","C19","Mono_CD14",25,22,4,FALSE
0.153025465107093,0.846974534892907,NA,"znf436","C19","Mono_CD14",25,22,4,FALSE
0.211056427954552,0.788943572045448,NA,"znf449","C19","Mono_CD14",25,22,4,FALSE
0,1,NA,"znf490","C19","Mono_CD14",25,22,4,FALSE
0,1,NA,"znf524","C19","Mono_CD14",25,22,4,FALSE
0.109692284978959,0.890307715021041,NA,"znf528","C19","Mono_CD14",25,22,4,FALSE
0.23838117168003,0.76161882831997,NA,"znf53","C19","Mono_CD14",25,22,4,FALSE
0.38777582929179,0.61222417070821,NA,"znf547","C19","Mono_CD14",25,22,4,FALSE
0.207989688069724,0.792010311930276,NA,"znf549","C19","Mono_CD14",25,22,4,FALSE
0.238211522962409,0.761788477037591,NA,"znf554","C19","Mono_CD14",25,22,4,FALSE
0,1,NA,"znf563","C19","Mono_CD14",25,22,4,FALSE
0.240625678934802,0.759374321065198,NA,"znf57","C19","Mono_CD14",25,22,4,FALSE
0,1,NA,"znf586","C19","Mono_CD14",25,22,4,FALSE
0.0884186850131425,0.911581314986858,NA,"znf652","C19","Mono_CD14",25,22,4,FALSE
0,1,NA,"znf667","C19","Mono_CD14",25,22,4,FALSE
0.249133734214698,0.750866265785302,NA,"znf680","C19","Mono_CD14",25,22,4,FALSE
0.176227235378574,0.823772764621426,NA,"znf708","C19","Mono_CD14",25,22,4,FALSE
0.0501425775199337,0.949857422480066,NA,"znf713","C19","Mono_CD14",25,22,4,FALSE
0.254132030280144,0.745867969719856,NA,"znf768","C19","Mono_CD14",25,22,4,FALSE
0.404112107641681,0.595887892358319,NA,"znf784","C19","Mono_CD14",25,22,4,FALSE
0.203053827949539,0.796946172050461,NA,"znf85","C19","Mono_CD14",25,22,4,FALSE
0.178314146256864,0.821685853743136,NA,"znf85_1","C19","Mono_CD14",25,22,4,FALSE
0.230012975924964,0.769987024075036,NA,"zscan3","C19","Mono_CD14",25,22,4,FALSE
0.00462830395027782,0.995371696049722,NA,"zscan4","C19","Mono_CD14",25,22,4,FALSE
0,1,NA,"ahr","C19","Mono_CD16",23,22,4,FALSE
0,1,NA,"aire","C19","Mono_CD16",23,22,4,FALSE
0.159013281183443,0.840986718816557,NA,"ap1_1","C19","Mono_CD16",23,22,4,FALSE
0.178696026358727,0.821303973641273,NA,"ap1_2","C19","Mono_CD16",23,22,4,FALSE
0.343577739956014,0.656422260043986,NA,"ari5a","C19","Mono_CD16",23,22,4,FALSE
0,1,NA,"ari5b","C19","Mono_CD16",23,22,4,FALSE
0,1,NA,"batf","C19","Mono_CD16",23,22,4,FALSE
0,1,NA,"bcl6_1","C19","Mono_CD16",23,22,4,FALSE
0,1,NA,"bcl6_2","C19","Mono_CD16",23,22,4,FALSE
0.201558452688042,0.798441547311958,NA,"ccaat_cebp","C19","Mono_CD16",23,22,4,FALSE
0,1,NA,"cenbp","C19","Mono_CD16",23,22,4,FALSE
0,1,NA,"cpeb1","C19","Mono_CD16",23,22,4,FALSE
0,1,NA,"creb_atf_1","C19","Mono_CD16",23,22,4,FALSE
0.379015455446204,0.620984544553796,NA,"creb_atf_2","C19","Mono_CD16",23,22,4,FALSE
0.281782939872607,0.718217060127393,NA,"creb_atf_3","C19","Mono_CD16",23,22,4,FALSE
0.100549781502382,0.899450218497618,NA,"creb3_xbp1","C19","Mono_CD16",23,22,4,FALSE
0.357794526434116,0.642205473565884,NA,"ctcf","C19","Mono_CD16",23,22,4,FALSE
0,1,NA,"cux_1","C19","Mono_CD16",23,22,4,FALSE
0.0292364072133133,0.970763592786687,NA,"cux_2","C19","Mono_CD16",23,22,4,FALSE
0,1,NA,"cux_3","C19","Mono_CD16",23,22,4,FALSE
0,1,NA,"cux_4","C19","Mono_CD16",23,22,4,FALSE
0,1,NA,"ddit3cebpa","C19","Mono_CD16",23,22,4,FALSE
0.0436614786500469,0.956338521349953,NA,"dmrt1","C19","Mono_CD16",23,22,4,FALSE
0.389614169409744,0.610385830590256,NA,"dmrt3","C19","Mono_CD16",23,22,4,FALSE
0.133301533567848,0.866698466432152,NA,"e2f_1","C19","Mono_CD16",23,22,4,FALSE
0.131076825449736,0.868923174550264,NA,"e2f_2","C19","Mono_CD16",23,22,4,FALSE
0.0720907718553158,0.927909228144684,NA,"e2f_3","C19","Mono_CD16",23,22,4,FALSE
0.371562287069211,0.628437712930789,NA,"e2f_4","C19","Mono_CD16",23,22,4,FALSE
0.0437744048080456,0.956225595191954,NA,"ebf1","C19","Mono_CD16",23,22,4,FALSE
0.185278247062989,0.814721752937011,NA,"ebox_cacctg","C19","Mono_CD16",23,22,4,FALSE
0.286683371421566,0.713316628578434,NA,"ebox_cacgtg_1","C19","Mono_CD16",23,22,4,FALSE
0.0450671144419735,0.954932885558026,NA,"ebox_cacgtg_2","C19","Mono_CD16",23,22,4,FALSE
0.0284249695451491,0.971575030454851,NA,"ebox_cagatgg","C19","Mono_CD16",23,22,4,FALSE
0.00457412359759156,0.995425876402408,NA,"ebox_cagctg","C19","Mono_CD16",23,22,4,FALSE
0.119872386301591,0.880127613698409,NA,"ebox_catatg","C19","Mono_CD16",23,22,4,FALSE
0.175908518828559,0.824091481171441,NA,"egr","C19","Mono_CD16",23,22,4,FALSE
0.391544038124344,0.608455961875656,NA,"ets_1","C19","Mono_CD16",23,22,4,FALSE
0.259707294822903,0.740292705177097,NA,"ets_2","C19","Mono_CD16",23,22,4,FALSE
0,1,NA,"evi1_mecom","C19","Mono_CD16",23,22,4,FALSE
0,1,NA,"ewsr1_fli1","C19","Mono_CD16",23,22,4,FALSE
0,1,NA,"fezf1","C19","Mono_CD16",23,22,4,FALSE
0.0408610324348866,0.959138967565113,NA,"fox_1","C19","Mono_CD16",23,22,4,FALSE
0.0329526818806111,0.967047318119389,NA,"fox_2","C19","Mono_CD16",23,22,4,FALSE
0,1,NA,"fox_3","C19","Mono_CD16",23,22,4,FALSE
0.156652562143179,0.843347437856821,NA,"fox_4","C19","Mono_CD16",23,22,4,FALSE
0.135142875298054,0.864857124701946,NA,"fox_5","C19","Mono_CD16",23,22,4,FALSE
0.22151892912002,0.77848107087998,NA,"fox_6","C19","Mono_CD16",23,22,4,FALSE
0.00818621648999251,0.991813783510007,NA,"fox_7","C19","Mono_CD16",23,22,4,FALSE
0.0554784488887395,0.944521551111261,NA,"fox_8","C19","Mono_CD16",23,22,4,FALSE
0.118981255403402,0.881018744596597,NA,"fox_9","C19","Mono_CD16",23,22,4,FALSE
0.0549468539990768,0.945053146000923,NA,"gata","C19","Mono_CD16",23,22,4,FALSE
0.218199008417712,0.781800991582288,NA,"gc_tract","C19","Mono_CD16",23,22,4,FALSE
0,1,NA,"gcm","C19","Mono_CD16",23,22,4,FALSE
0.0183312764994259,0.981668723500574,NA,"gfi","C19","Mono_CD16",23,22,4,FALSE
0,1,NA,"gli","C19","Mono_CD16",23,22,4,FALSE
0.0794790258715977,0.920520974128402,NA,"glis","C19","Mono_CD16",23,22,4,FALSE
0.295997141943145,0.704002858056855,NA,"gmeb2_1","C19","Mono_CD16",23,22,4,FALSE
0.281584479542922,0.718415520457078,NA,"gmeb2_2","C19","Mono_CD16",23,22,4,FALSE
0,1,NA,"gmeb2_3","C19","Mono_CD16",23,22,4,FALSE
0,1,NA,"grhl","C19","Mono_CD16",23,22,4,FALSE
0,1,NA,"hand1","C19","Mono_CD16",23,22,4,FALSE
0,1,NA,"hd_1","C19","Mono_CD16",23,22,4,FALSE
0,1,NA,"hd_10","C19","Mono_CD16",23,22,4,FALSE
0.0384552165325327,0.961544783467467,NA,"hd_11","C19","Mono_CD16",23,22,4,FALSE
0,1,NA,"hd_12","C19","Mono_CD16",23,22,4,FALSE
0.181401294847556,0.818598705152444,NA,"hd_13","C19","Mono_CD16",23,22,4,FALSE
0,1,NA,"hd_14","C19","Mono_CD16",23,22,4,FALSE
0,1,NA,"hd_15","C19","Mono_CD16",23,22,4,FALSE
0.0954861699489023,0.904513830051098,NA,"hd_16","C19","Mono_CD16",23,22,4,FALSE
0.0477791682341537,0.952220831765846,NA,"hd_17","C19","Mono_CD16",23,22,4,FALSE
0.296799167314414,0.703200832685587,NA,"hd_18","C19","Mono_CD16",23,22,4,FALSE
0.0799369245080018,0.920063075491998,NA,"hd_19","C19","Mono_CD16",23,22,4,FALSE
0,1,NA,"hd_2","C19","Mono_CD16",23,22,4,FALSE
0,1,NA,"hd_20","C19","Mono_CD16",23,22,4,FALSE
0,1,NA,"hd_21","C19","Mono_CD16",23,22,4,FALSE
0.0878030749422643,0.912196925057736,NA,"hd_22","C19","Mono_CD16",23,22,4,FALSE
0.237353705114964,0.762646294885037,NA,"hd_23","C19","Mono_CD16",23,22,4,FALSE
0,1,NA,"hd_24","C19","Mono_CD16",23,22,4,FALSE
0,1,NA,"hd_25","C19","Mono_CD16",23,22,4,FALSE
0.305362573448963,0.694637426551037,NA,"hd_3","C19","Mono_CD16",23,22,4,FALSE
0.200603335345807,0.799396664654193,NA,"hd_4","C19","Mono_CD16",23,22,4,FALSE
0.125681654136791,0.874318345863209,NA,"hd_5","C19","Mono_CD16",23,22,4,FALSE
0.121118856640342,0.878881143359658,NA,"hd_6","C19","Mono_CD16",23,22,4,FALSE
0,1,NA,"hd_7","C19","Mono_CD16",23,22,4,FALSE
0.112856748899635,0.887143251100365,NA,"hd_8","C19","Mono_CD16",23,22,4,FALSE
0,1,NA,"hd_9","C19","Mono_CD16",23,22,4,FALSE
0,1,NA,"hen1","C19","Mono_CD16",23,22,4,FALSE
0,1,NA,"hic_1","C19","Mono_CD16",23,22,4,FALSE
0,1,NA,"hic_2","C19","Mono_CD16",23,22,4,FALSE
0,1,NA,"hif","C19","Mono_CD16",23,22,4,FALSE
0.139751148211354,0.860248851788646,NA,"hinfp1_1","C19","Mono_CD16",23,22,4,FALSE
0.0413061107575602,0.95869388924244,NA,"hinfp1_2","C19","Mono_CD16",23,22,4,FALSE
0.0121378567066386,0.987862143293361,NA,"hinfp1_3","C19","Mono_CD16",23,22,4,FALSE
0,1,NA,"hltf","C19","Mono_CD16",23,22,4,FALSE
0,1,NA,"homez","C19","Mono_CD16",23,22,4,FALSE
0.221133955491923,0.778866044508077,NA,"hsf","C19","Mono_CD16",23,22,4,FALSE
0.0153757349782649,0.984624265021735,NA,"hsfy2","C19","Mono_CD16",23,22,4,FALSE
0,1,NA,"insm1","C19","Mono_CD16",23,22,4,FALSE
0.0213385169539419,0.978661483046058,NA,"irf_1","C19","Mono_CD16",23,22,4,FALSE
0,1,NA,"irf_2","C19","Mono_CD16",23,22,4,FALSE
0.0535162297043612,0.946483770295639,NA,"irf_3","C19","Mono_CD16",23,22,4,FALSE
0.0277075181036425,0.972292481896358,NA,"irf_4","C19","Mono_CD16",23,22,4,FALSE
3.59261773853977e-16,1,NA,"kaiso","C19","Mono_CD16",23,22,4,FALSE
0,1,NA,"klf_sp_1","C19","Mono_CD16",23,22,4,FALSE
0.202487414242266,0.797512585757734,NA,"klf_sp_2","C19","Mono_CD16",23,22,4,FALSE
0.0863455268057926,0.913654473194207,NA,"klf_sp_3","C19","Mono_CD16",23,22,4,FALSE
0.0741089823627475,0.925891017637253,NA,"lef1","C19","Mono_CD16",23,22,4,FALSE
0,1,NA,"lin54","C19","Mono_CD16",23,22,4,FALSE
0.257893019706969,0.742106980293031,NA,"maf","C19","Mono_CD16",23,22,4,FALSE
0,1,NA,"mbd2","C19","Mono_CD16",23,22,4,FALSE
0,1,NA,"mecp2","C19","Mono_CD16",23,22,4,FALSE
0.0722132489995188,0.927786751000481,NA,"mef2","C19","Mono_CD16",23,22,4,FALSE
0,1,NA,"mfz1","C19","Mono_CD16",23,22,4,FALSE
0.123187092854137,0.876812907145863,NA,"mies","C19","Mono_CD16",23,22,4,FALSE
0.0663975521560879,0.933602447843912,NA,"mtf1","C19","Mono_CD16",23,22,4,FALSE
0,1,NA,"myb_1","C19","Mono_CD16",23,22,4,FALSE
0.0995634350989953,0.900436564901005,NA,"myb_2","C19","Mono_CD16",23,22,4,FALSE
0.338579271186378,0.661420728813622,NA,"myb_3","C19","Mono_CD16",23,22,4,FALSE
0,1,NA,"myb_4","C19","Mono_CD16",23,22,4,FALSE
0.0171698266764016,0.982830173323598,NA,"myb_5","C19","Mono_CD16",23,22,4,FALSE
0,1,NA,"mzf1","C19","Mono_CD16",23,22,4,FALSE
0,1,NA,"nfac_2","C19","Mono_CD16",23,22,4,FALSE
0.152685734864669,0.847314265135331,NA,"nfat_1","C19","Mono_CD16",23,22,4,FALSE
0,1,NA,"nfat_2","C19","Mono_CD16",23,22,4,FALSE
0,1,NA,"nfat_3","C19","Mono_CD16",23,22,4,FALSE
0.0952406407857984,0.904759359214201,NA,"nfat_4","C19","Mono_CD16",23,22,4,FALSE
0,1,NA,"nfi_1","C19","Mono_CD16",23,22,4,FALSE
0,1,NA,"nfi_2","C19","Mono_CD16",23,22,4,FALSE
0.168745670065444,0.831254329934556,NA,"nfi_3","C19","Mono_CD16",23,22,4,FALSE
0.588625211027244,0.411374788972755,NA,"nfkb_1","C19","Mono_CD16",23,22,4,FALSE
0.019911455414369,0.980088544585631,NA,"nfkb_2","C19","Mono_CD16",23,22,4,FALSE
0.315935843248292,0.684064156751708,NA,"nfkb_3","C19","Mono_CD16",23,22,4,FALSE
0.117248069469093,0.882751930530907,NA,"nfy","C19","Mono_CD16",23,22,4,FALSE
0,1,NA,"nr_1","C19","Mono_CD16",23,22,4,FALSE
0.258805748374573,0.741194251625427,NA,"nr_10","C19","Mono_CD16",23,22,4,FALSE
0.041766358165159,0.958233641834841,NA,"nr_11","C19","Mono_CD16",23,22,4,FALSE
0.287006190145711,0.712993809854289,NA,"nr_12","C19","Mono_CD16",23,22,4,FALSE
0.285137201875154,0.714862798124846,NA,"nr_13","C19","Mono_CD16",23,22,4,FALSE
0,1,NA,"nr_14","C19","Mono_CD16",23,22,4,FALSE
0.227019195099428,0.772980804900572,NA,"nr_15","C19","Mono_CD16",23,22,4,FALSE
0.23318786807438,0.76681213192562,NA,"nr_16","C19","Mono_CD16",23,22,4,FALSE
0,1,NA,"nr_17","C19","Mono_CD16",23,22,4,FALSE
0,1,NA,"nr_18","C19","Mono_CD16",23,22,4,FALSE
0.136189600380552,0.863810399619448,NA,"nr_19","C19","Mono_CD16",23,22,4,FALSE
0,1,NA,"nr_2","C19","Mono_CD16",23,22,4,FALSE
0,1,NA,"nr_20","C19","Mono_CD16",23,22,4,FALSE
0,1,NA,"nr_3","C19","Mono_CD16",23,22,4,FALSE
0,1,NA,"nr_4","C19","Mono_CD16",23,22,4,FALSE
0,1,NA,"nr_5","C19","Mono_CD16",23,22,4,FALSE
0,1,NA,"nr_6","C19","Mono_CD16",23,22,4,FALSE
0.283955255167893,0.716044744832107,NA,"nr_7","C19","Mono_CD16",23,22,4,FALSE
0.0358967598137973,0.964103240186203,NA,"nr_8","C19","Mono_CD16",23,22,4,FALSE
0.212920944417089,0.787079055582911,NA,"nr_9","C19","Mono_CD16",23,22,4,FALSE
0.202806702632088,0.797193297367912,NA,"nr2e3","C19","Mono_CD16",23,22,4,FALSE
0,1,NA,"nrf1","C19","Mono_CD16",23,22,4,FALSE
0.0246900648839727,0.975309935116027,NA,"oct4sox2","C19","Mono_CD16",23,22,4,FALSE
0.0229943763390854,0.977005623660914,NA,"osr2","C19","Mono_CD16",23,22,4,FALSE
0,1,NA,"ovol1","C19","Mono_CD16",23,22,4,FALSE
0.165093618731007,0.834906381268993,NA,"p53_like_1","C19","Mono_CD16",23,22,4,FALSE
0,1,NA,"p53_like_2","C19","Mono_CD16",23,22,4,FALSE
0.166519904519265,0.833480095480735,NA,"p53_like_3","C19","Mono_CD16",23,22,4,FALSE
0,1,NA,"pax_halfsite","C19","Mono_CD16",23,22,4,FALSE
1.62903929559965e-16,1,NA,"pax_1","C19","Mono_CD16",23,22,4,FALSE
0.0915192936085162,0.908480706391484,NA,"pax_2","C19","Mono_CD16",23,22,4,FALSE
0.254411472356414,0.745588527643586,NA,"plag1","C19","Mono_CD16",23,22,4,FALSE
0.0442050375683865,0.955794962431613,NA,"pou_1","C19","Mono_CD16",23,22,4,FALSE
0,1,NA,"pou_2","C19","Mono_CD16",23,22,4,FALSE
0,1,NA,"pou_3","C19","Mono_CD16",23,22,4,FALSE
0.0684079545539078,0.931592045446092,NA,"prdm1","C19","Mono_CD16",23,22,4,FALSE
0.554554659787427,0.445445340212573,NA,"prdm14","C19","Mono_CD16",23,22,4,FALSE
0,1,NA,"prdm16","C19","Mono_CD16",23,22,4,FALSE
0,1,NA,"prdm4","C19","Mono_CD16",23,22,4,FALSE
0,1,NA,"prdm5","C19","Mono_CD16",23,22,4,FALSE
0,1,NA,"prdm9","C19","Mono_CD16",23,22,4,FALSE
0,1,NA,"prox1","C19","Mono_CD16",23,22,4,FALSE
0.099561014411449,0.900438985588551,NA,"rbpj","C19","Mono_CD16",23,22,4,FALSE
0.0380830577880576,0.961916942211942,NA,"rel_halfsite","C19","Mono_CD16",23,22,4,FALSE
0.201932492669644,0.798067507330356,NA,"rest_nrsf","C19","Mono_CD16",23,22,4,FALSE
0.253575102536249,0.746424897463751,NA,"rfx_1","C19","Mono_CD16",23,22,4,FALSE
0.322618306777791,0.677381693222209,NA,"rfx_2","C19","Mono_CD16",23,22,4,FALSE
0.110916201887678,0.889083798112322,NA,"rfx_3","C19","Mono_CD16",23,22,4,FALSE
0.0155859445105742,0.984414055489426,NA,"runx_1","C19","Mono_CD16",23,22,4,FALSE
0.234604954733215,0.765395045266785,NA,"runx_2","C19","Mono_CD16",23,22,4,FALSE
0,1,NA,"scrt1","C19","Mono_CD16",23,22,4,FALSE
0,1,NA,"six_1","C19","Mono_CD16",23,22,4,FALSE
0,1,NA,"six_2","C19","Mono_CD16",23,22,4,FALSE
0.20504722223799,0.79495277776201,NA,"smad","C19","Mono_CD16",23,22,4,FALSE
0.0845373580654023,0.915462641934598,NA,"smad_1","C19","Mono_CD16",23,22,4,FALSE
0,1,NA,"smad_2","C19","Mono_CD16",23,22,4,FALSE
0,1,NA,"smarca1","C19","Mono_CD16",23,22,4,FALSE
0,1,NA,"smarca5","C19","Mono_CD16",23,22,4,FALSE
0.149783709383125,0.850216290616875,NA,"snai2","C19","Mono_CD16",23,22,4,FALSE
0,1,NA,"sox_1","C19","Mono_CD16",23,22,4,FALSE
0,1,NA,"sox_2","C19","Mono_CD16",23,22,4,FALSE
0.198249370598615,0.801750629401385,NA,"sox_3","C19","Mono_CD16",23,22,4,FALSE
0.0525192140394257,0.947480785960574,NA,"sox_4","C19","Mono_CD16",23,22,4,FALSE
0,1,NA,"sox_5","C19","Mono_CD16",23,22,4,FALSE
0,1,NA,"sox_6","C19","Mono_CD16",23,22,4,FALSE
0,1,NA,"sox_7","C19","Mono_CD16",23,22,4,FALSE
0,1,NA,"sox_8","C19","Mono_CD16",23,22,4,FALSE
0,1,NA,"spdef_1","C19","Mono_CD16",23,22,4,FALSE
0.364487949621896,0.635512050378104,NA,"spdef_2","C19","Mono_CD16",23,22,4,FALSE
0.324564652238794,0.675435347761206,NA,"spi","C19","Mono_CD16",23,22,4,FALSE
0,1,NA,"spz1","C19","Mono_CD16",23,22,4,FALSE
0.0660408901867955,0.933959109813205,NA,"srebf1","C19","Mono_CD16",23,22,4,FALSE
0.0259857331798431,0.974014266820157,NA,"srf","C19","Mono_CD16",23,22,4,FALSE
0,1,NA,"stat_1","C19","Mono_CD16",23,22,4,FALSE
0,1,NA,"stat_2","C19","Mono_CD16",23,22,4,FALSE
0.172741330558364,0.827258669441636,NA,"tata","C19","Mono_CD16",23,22,4,FALSE
0.0463832076782499,0.95361679232175,NA,"tbx_1","C19","Mono_CD16",23,22,4,FALSE
0.158771798216228,0.841228201783772,NA,"tbx_2","C19","Mono_CD16",23,22,4,FALSE
0.0197093255440687,0.980290674455931,NA,"tbx_3","C19","Mono_CD16",23,22,4,FALSE
0.0819522215433019,0.918047778456698,NA,"tbx_4","C19","Mono_CD16",23,22,4,FALSE
0,1,NA,"tcf_lef","C19","Mono_CD16",23,22,4,FALSE
0,1,NA,"tead","C19","Mono_CD16",23,22,4,FALSE
0.0655668320605523,0.934433167939448,NA,"tfap2_1","C19","Mono_CD16",23,22,4,FALSE
0.192447583230102,0.807552416769898,NA,"tfap2_2","C19","Mono_CD16",23,22,4,FALSE
0,1,NA,"tfcp2","C19","Mono_CD16",23,22,4,FALSE
0,1,NA,"thap1","C19","Mono_CD16",23,22,4,FALSE
0.305033551677337,0.694966448322663,NA,"yy1","C19","Mono_CD16",23,22,4,FALSE
0,1,NA,"zbed1","C19","Mono_CD16",23,22,4,FALSE
0.121069802134941,0.878930197865059,NA,"zbtb14","C19","Mono_CD16",23,22,4,FALSE
0.0305777068928796,0.96942229310712,NA,"zbtb48","C19","Mono_CD16",23,22,4,FALSE
0.239609863028759,0.760390136971241,NA,"zbtb49","C19","Mono_CD16",23,22,4,FALSE
0.0666332350891563,0.933366764910844,NA,"zbtb6","C19","Mono_CD16",23,22,4,FALSE
0,1,NA,"zbtb7a","C19","Mono_CD16",23,22,4,FALSE
0.0322389422335866,0.967761057766413,NA,"zfn121","C19","Mono_CD16",23,22,4,FALSE
0.0559313884870227,0.944068611512977,NA,"zfx","C19","Mono_CD16",23,22,4,FALSE
0.290185563494661,0.709814436505339,NA,"zic","C19","Mono_CD16",23,22,4,FALSE
0.161158281813831,0.838841718186169,NA,"zic_2","C19","Mono_CD16",23,22,4,FALSE
0.0765541159136872,0.923445884086313,NA,"zim3","C19","Mono_CD16",23,22,4,FALSE
0.0842927284803623,0.915707271519638,NA,"zkscan1","C19","Mono_CD16",23,22,4,FALSE
0,1,NA,"znf134","C19","Mono_CD16",23,22,4,FALSE
0.228853040748398,0.771146959251602,NA,"znf136","C19","Mono_CD16",23,22,4,FALSE
0,1,NA,"znf140","C19","Mono_CD16",23,22,4,FALSE
0,1,NA,"znf143","C19","Mono_CD16",23,22,4,FALSE
0.336560559015689,0.663439440984311,NA,"znf143_1","C19","Mono_CD16",23,22,4,FALSE
0.0319679505610503,0.96803204943895,NA,"znf146","C19","Mono_CD16",23,22,4,FALSE
0.210833916945076,0.789166083054924,NA,"znf232","C19","Mono_CD16",23,22,4,FALSE
0.0284912058395603,0.97150879416044,NA,"znf24","C19","Mono_CD16",23,22,4,FALSE
0,1,NA,"znf250","C19","Mono_CD16",23,22,4,FALSE
0,1,NA,"znf257","C19","Mono_CD16",23,22,4,FALSE
0,1,NA,"znf274","C19","Mono_CD16",23,22,4,FALSE
0,1,NA,"znf28","C19","Mono_CD16",23,22,4,FALSE
0.0847290871612615,0.915270912838739,NA,"znf282","C19","Mono_CD16",23,22,4,FALSE
0.28755534488191,0.71244465511809,NA,"znf306","C19","Mono_CD16",23,22,4,FALSE
0,1,NA,"znf317","C19","Mono_CD16",23,22,4,FALSE
0.113694003525137,0.886305996474863,NA,"znf320","C19","Mono_CD16",23,22,4,FALSE
0.259335128271861,0.740664871728139,NA,"znf324","C19","Mono_CD16",23,22,4,FALSE
0,1,NA,"znf329","C19","Mono_CD16",23,22,4,FALSE
0.027702337257161,0.972297662742839,NA,"znf331","C19","Mono_CD16",23,22,4,FALSE
0,1,NA,"znf332","C19","Mono_CD16",23,22,4,FALSE
2.37783948633736e-16,1,NA,"znf335","C19","Mono_CD16",23,22,4,FALSE
0,1,NA,"znf354","C19","Mono_CD16",23,22,4,FALSE
0,1,NA,"znf382","C19","Mono_CD16",23,22,4,FALSE
0,1,NA,"znf384_1","C19","Mono_CD16",23,22,4,FALSE
0,1,NA,"znf384_2","C19","Mono_CD16",23,22,4,FALSE
0.369385124024447,0.630614875975553,NA,"znf41","C19","Mono_CD16",23,22,4,FALSE
0,1,NA,"znf410","C19","Mono_CD16",23,22,4,FALSE
0.0305911884969174,0.969408811503083,NA,"znf418","C19","Mono_CD16",23,22,4,FALSE
0,1,NA,"znf423","C19","Mono_CD16",23,22,4,FALSE
0,1,NA,"znf431","C19","Mono_CD16",23,22,4,FALSE
0.274467134224971,0.725532865775029,NA,"znf435","C19","Mono_CD16",23,22,4,FALSE
0,1,NA,"znf436","C19","Mono_CD16",23,22,4,FALSE
0.218010964998061,0.781989035001939,NA,"znf449","C19","Mono_CD16",23,22,4,FALSE
0,1,NA,"znf490","C19","Mono_CD16",23,22,4,FALSE
0.127827675717336,0.872172324282664,NA,"znf524","C19","Mono_CD16",23,22,4,FALSE
0.0295231571963055,0.970476842803695,NA,"znf528","C19","Mono_CD16",23,22,4,FALSE
0.0864643899917774,0.913535610008223,NA,"znf53","C19","Mono_CD16",23,22,4,FALSE
0,1,NA,"znf547","C19","Mono_CD16",23,22,4,FALSE
0.00660144463678895,0.993398555363211,NA,"znf549","C19","Mono_CD16",23,22,4,FALSE
0,1,NA,"znf554","C19","Mono_CD16",23,22,4,FALSE
0.0243189109708218,0.975681089029178,NA,"znf563","C19","Mono_CD16",23,22,4,FALSE
0.145546237593498,0.854453762406502,NA,"znf57","C19","Mono_CD16",23,22,4,FALSE
0.0880330710009627,0.911966928999037,NA,"znf586","C19","Mono_CD16",23,22,4,FALSE
0.0735934619795088,0.926406538020491,NA,"znf652","C19","Mono_CD16",23,22,4,FALSE
0,1,NA,"znf667","C19","Mono_CD16",23,22,4,FALSE
0.0912762913164041,0.908723708683596,NA,"znf680","C19","Mono_CD16",23,22,4,FALSE
0.093256643990285,0.906743356009715,NA,"znf708","C19","Mono_CD16",23,22,4,FALSE
0,1,NA,"znf713","C19","Mono_CD16",23,22,4,FALSE
0.103948371927856,0.896051628072144,NA,"znf768","C19","Mono_CD16",23,22,4,FALSE
0,1,NA,"znf784","C19","Mono_CD16",23,22,4,FALSE
0,1,NA,"znf85","C19","Mono_CD16",23,22,4,FALSE
0.0305737561234578,0.969426243876542,NA,"znf85_1","C19","Mono_CD16",23,22,4,FALSE
0,1,NA,"zscan3","C19","Mono_CD16",23,22,4,FALSE
0.0527482152779709,0.947251784722029,NA,"zscan4","C19","Mono_CD16",23,22,4,FALSE
0.176532893389096,0.823467106610904,NA,"ahr","C19","NK_CD16",25,22,4,FALSE
0.100391976568441,0.899608023431559,NA,"aire","C19","NK_CD16",25,22,4,FALSE
0.0656171915880686,0.934382808411931,NA,"ap1_1","C19","NK_CD16",25,22,4,FALSE
3.78053082199558e-17,1,NA,"ap1_2","C19","NK_CD16",25,22,4,FALSE
0,1,NA,"ari5a","C19","NK_CD16",25,22,4,FALSE
0.0869140420319027,0.913085957968097,NA,"ari5b","C19","NK_CD16",25,22,4,FALSE
0.0649685035434036,0.935031496456596,NA,"batf","C19","NK_CD16",25,22,4,FALSE
0.142100490668773,0.857899509331227,NA,"bcl6_1","C19","NK_CD16",25,22,4,FALSE
0,1,NA,"bcl6_2","C19","NK_CD16",25,22,4,FALSE
0,1,NA,"ccaat_cebp","C19","NK_CD16",25,22,4,FALSE
0,1,NA,"cenbp","C19","NK_CD16",25,22,4,FALSE
0.0877084558475448,0.912291544152455,NA,"cpeb1","C19","NK_CD16",25,22,4,FALSE
0.221729601682149,0.778270398317851,NA,"creb_atf_1","C19","NK_CD16",25,22,4,FALSE
0.0423055075761321,0.957694492423868,NA,"creb_atf_2","C19","NK_CD16",25,22,4,FALSE
0.0418079513480467,0.958192048651953,NA,"creb_atf_3","C19","NK_CD16",25,22,4,FALSE
0.15125437568352,0.84874562431648,NA,"creb3_xbp1","C19","NK_CD16",25,22,4,FALSE
0,1,NA,"ctcf","C19","NK_CD16",25,22,4,FALSE
0,1,NA,"cux_1","C19","NK_CD16",25,22,4,FALSE
0,1,NA,"cux_2","C19","NK_CD16",25,22,4,FALSE
0,1,NA,"cux_3","C19","NK_CD16",25,22,4,FALSE
0,1,NA,"cux_4","C19","NK_CD16",25,22,4,FALSE
0,1,NA,"ddit3cebpa","C19","NK_CD16",25,22,4,FALSE
0,1,NA,"dmrt1","C19","NK_CD16",25,22,4,FALSE
0,1,NA,"dmrt3","C19","NK_CD16",25,22,4,FALSE
0.14477249005838,0.85522750994162,NA,"e2f_1","C19","NK_CD16",25,22,4,FALSE
0.181085195529073,0.818914804470927,NA,"e2f_2","C19","NK_CD16",25,22,4,FALSE
0,1,NA,"e2f_3","C19","NK_CD16",25,22,4,FALSE
0.00329167465171968,0.99670832534828,NA,"e2f_4","C19","NK_CD16",25,22,4,FALSE
0.189093025221292,0.810906974778708,NA,"ebf1","C19","NK_CD16",25,22,4,FALSE
0.0851671342020567,0.914832865797943,NA,"ebox_cacctg","C19","NK_CD16",25,22,4,FALSE
0.120558717912557,0.879441282087443,NA,"ebox_cacgtg_1","C19","NK_CD16",25,22,4,FALSE
0,1,NA,"ebox_cacgtg_2","C19","NK_CD16",25,22,4,FALSE
0.155781570170705,0.844218429829295,NA,"ebox_cagatgg","C19","NK_CD16",25,22,4,FALSE
0.0471200037074298,0.95287999629257,NA,"ebox_cagctg","C19","NK_CD16",25,22,4,FALSE
0,1,NA,"ebox_catatg","C19","NK_CD16",25,22,4,FALSE
0.010525451779722,0.989474548220278,NA,"egr","C19","NK_CD16",25,22,4,FALSE
0.196131127635286,0.803868872364714,NA,"ets_1","C19","NK_CD16",25,22,4,FALSE
0.207598619665062,0.792401380334938,NA,"ets_2","C19","NK_CD16",25,22,4,FALSE
0.0254184661703211,0.974581533829679,NA,"evi1_mecom","C19","NK_CD16",25,22,4,FALSE
0.117119529845508,0.882880470154492,NA,"ewsr1_fli1","C19","NK_CD16",25,22,4,FALSE
0.113876088670505,0.886123911329495,NA,"fezf1","C19","NK_CD16",25,22,4,FALSE
0.134234659185261,0.865765340814739,NA,"fox_1","C19","NK_CD16",25,22,4,FALSE
0.0355264997419609,0.964473500258039,NA,"fox_2","C19","NK_CD16",25,22,4,FALSE
0.00254027259561328,0.997459727404387,NA,"fox_3","C19","NK_CD16",25,22,4,FALSE
0,1,NA,"fox_4","C19","NK_CD16",25,22,4,FALSE
0.126894743864448,0.873105256135552,NA,"fox_5","C19","NK_CD16",25,22,4,FALSE
0,1,NA,"fox_6","C19","NK_CD16",25,22,4,FALSE
0,1,NA,"fox_7","C19","NK_CD16",25,22,4,FALSE
0.0409815799354305,0.95901842006457,NA,"fox_8","C19","NK_CD16",25,22,4,FALSE
0.115224356765757,0.884775643234243,NA,"fox_9","C19","NK_CD16",25,22,4,FALSE
9.03005223564658e-15,0.999999999999991,NA,"gata","C19","NK_CD16",25,22,4,FALSE
6.28885516031443e-16,0.999999999999999,NA,"gc_tract","C19","NK_CD16",25,22,4,FALSE
0.208844240388576,0.791155759611424,NA,"gcm","C19","NK_CD16",25,22,4,FALSE
0,1,NA,"gfi","C19","NK_CD16",25,22,4,FALSE
0,1,NA,"gli","C19","NK_CD16",25,22,4,FALSE
0.121910676458477,0.878089323541523,NA,"glis","C19","NK_CD16",25,22,4,FALSE
0.176300704981745,0.823699295018255,NA,"gmeb2_1","C19","NK_CD16",25,22,4,FALSE
0.178355450785778,0.821644549214222,NA,"gmeb2_2","C19","NK_CD16",25,22,4,FALSE
0,1,NA,"gmeb2_3","C19","NK_CD16",25,22,4,FALSE
0,1,NA,"grhl","C19","NK_CD16",25,22,4,FALSE
0.155503539881093,0.844496460118907,NA,"hand1","C19","NK_CD16",25,22,4,FALSE
0,1,NA,"hd_1","C19","NK_CD16",25,22,4,FALSE
0,1,NA,"hd_10","C19","NK_CD16",25,22,4,FALSE
0,1,NA,"hd_11","C19","NK_CD16",25,22,4,FALSE
0.176862087902639,0.823137912097361,NA,"hd_12","C19","NK_CD16",25,22,4,FALSE
0,1,NA,"hd_13","C19","NK_CD16",25,22,4,FALSE
0.193335463957874,0.806664536042126,NA,"hd_14","C19","NK_CD16",25,22,4,FALSE
0.10051680579547,0.89948319420453,NA,"hd_15","C19","NK_CD16",25,22,4,FALSE
2.07633014520248e-17,1,NA,"hd_16","C19","NK_CD16",25,22,4,FALSE
0,1,NA,"hd_17","C19","NK_CD16",25,22,4,FALSE
0.136854869414257,0.863145130585743,NA,"hd_18","C19","NK_CD16",25,22,4,FALSE
0.0485880747969493,0.951411925203051,NA,"hd_19","C19","NK_CD16",25,22,4,FALSE
0.0530161724895602,0.94698382751044,NA,"hd_2","C19","NK_CD16",25,22,4,FALSE
0.281188918291499,0.718811081708501,NA,"hd_20","C19","NK_CD16",25,22,4,FALSE
0.00590539258324069,0.994094607416759,NA,"hd_21","C19","NK_CD16",25,22,4,FALSE
0.12386784319769,0.87613215680231,NA,"hd_22","C19","NK_CD16",25,22,4,FALSE
0,1,NA,"hd_23","C19","NK_CD16",25,22,4,FALSE
0.363320633111897,0.636679366888103,NA,"hd_24","C19","NK_CD16",25,22,4,FALSE
0,1,NA,"hd_25","C19","NK_CD16",25,22,4,FALSE
0,1,NA,"hd_3","C19","NK_CD16",25,22,4,FALSE
0.367860520161295,0.632139479838705,NA,"hd_4","C19","NK_CD16",25,22,4,FALSE
0,1,NA,"hd_5","C19","NK_CD16",25,22,4,FALSE
0.37735646456165,0.62264353543835,NA,"hd_6","C19","NK_CD16",25,22,4,FALSE
0,1,NA,"hd_7","C19","NK_CD16",25,22,4,FALSE
0.0383892311349755,0.961610768865025,NA,"hd_8","C19","NK_CD16",25,22,4,FALSE
0.162844760391779,0.837155239608221,NA,"hd_9","C19","NK_CD16",25,22,4,FALSE
0,1,NA,"hen1","C19","NK_CD16",25,22,4,FALSE
0.146957966657665,0.853042033342335,NA,"hic_1","C19","NK_CD16",25,22,4,FALSE
0.193957637733342,0.806042362266658,NA,"hic_2","C19","NK_CD16",25,22,4,FALSE
0.0777949941431593,0.922205005856841,NA,"hif","C19","NK_CD16",25,22,4,FALSE
0.0337998888117405,0.96620011118826,NA,"hinfp1_1","C19","NK_CD16",25,22,4,FALSE
0,1,NA,"hinfp1_2","C19","NK_CD16",25,22,4,FALSE
0.0256315752688843,0.974368424731116,NA,"hinfp1_3","C19","NK_CD16",25,22,4,FALSE
1.3862068407652e-17,1,NA,"hltf","C19","NK_CD16",25,22,4,FALSE
0,1,NA,"homez","C19","NK_CD16",25,22,4,FALSE
0.0222848314773739,0.977715168522626,NA,"hsf","C19","NK_CD16",25,22,4,FALSE
0.0825007484470408,0.917499251552959,NA,"hsfy2","C19","NK_CD16",25,22,4,FALSE
0.271836924866259,0.728163075133741,NA,"insm1","C19","NK_CD16",25,22,4,FALSE
0,1,NA,"irf_1","C19","NK_CD16",25,22,4,FALSE
3.188736590551e-16,1,NA,"irf_2","C19","NK_CD16",25,22,4,FALSE
0.147129641238189,0.852870358761811,NA,"irf_3","C19","NK_CD16",25,22,4,FALSE
0,1,NA,"irf_4","C19","NK_CD16",25,22,4,FALSE
0.113803728533259,0.886196271466741,NA,"kaiso","C19","NK_CD16",25,22,4,FALSE
0.0973831273711864,0.902616872628814,NA,"klf_sp_1","C19","NK_CD16",25,22,4,FALSE
0,1,NA,"klf_sp_2","C19","NK_CD16",25,22,4,FALSE
0.0561855843207818,0.943814415679218,NA,"klf_sp_3","C19","NK_CD16",25,22,4,FALSE
0.0443543775473016,0.955645622452698,NA,"lef1","C19","NK_CD16",25,22,4,FALSE
0.08791617503811,0.91208382496189,NA,"lin54","C19","NK_CD16",25,22,4,FALSE
0.062278031685904,0.937721968314096,NA,"maf","C19","NK_CD16",25,22,4,FALSE
0.0296049591174218,0.970395040882578,NA,"mbd2","C19","NK_CD16",25,22,4,FALSE
0.174857421355871,0.825142578644129,NA,"mecp2","C19","NK_CD16",25,22,4,FALSE
0.430276936846525,0.569723063153475,NA,"mef2","C19","NK_CD16",25,22,4,FALSE
0,1,NA,"mfz1","C19","NK_CD16",25,22,4,FALSE
0,1,NA,"mies","C19","NK_CD16",25,22,4,FALSE
0.134373129282056,0.865626870717944,NA,"mtf1","C19","NK_CD16",25,22,4,FALSE
0,1,NA,"myb_1","C19","NK_CD16",25,22,4,FALSE
0,1,NA,"myb_2","C19","NK_CD16",25,22,4,FALSE
0.0878647643868129,0.912135235613187,NA,"myb_3","C19","NK_CD16",25,22,4,FALSE
0.0443596251287314,0.955640374871269,NA,"myb_4","C19","NK_CD16",25,22,4,FALSE
0.140702890835088,0.859297109164912,NA,"myb_5","C19","NK_CD16",25,22,4,FALSE
0.0449632438427091,0.955036756157291,NA,"mzf1","C19","NK_CD16",25,22,4,FALSE
0.0782582715748433,0.921741728425157,NA,"nfac_2","C19","NK_CD16",25,22,4,FALSE
0,1,NA,"nfat_1","C19","NK_CD16",25,22,4,FALSE
0.0206666462710252,0.979333353728975,NA,"nfat_2","C19","NK_CD16",25,22,4,FALSE
0.0833988665204907,0.916601133479509,NA,"nfat_3","C19","NK_CD16",25,22,4,FALSE
0,1,NA,"nfat_4","C19","NK_CD16",25,22,4,FALSE
0.186764741395583,0.813235258604416,NA,"nfi_1","C19","NK_CD16",25,22,4,FALSE
0,1,NA,"nfi_2","C19","NK_CD16",25,22,4,FALSE
0.0862830550163584,0.913716944983642,NA,"nfi_3","C19","NK_CD16",25,22,4,FALSE
0,1,NA,"nfkb_1","C19","NK_CD16",25,22,4,FALSE
0.00385966293567337,0.996140337064327,NA,"nfkb_2","C19","NK_CD16",25,22,4,FALSE
0.112947979253713,0.887052020746287,NA,"nfkb_3","C19","NK_CD16",25,22,4,FALSE
0.229326041256889,0.770673958743111,NA,"nfy","C19","NK_CD16",25,22,4,FALSE
0.209351957767104,0.790648042232896,NA,"nr_1","C19","NK_CD16",25,22,4,FALSE
0,1,NA,"nr_10","C19","NK_CD16",25,22,4,FALSE
0.236062468157537,0.763937531842463,NA,"nr_11","C19","NK_CD16",25,22,4,FALSE
0.118645260915064,0.881354739084936,NA,"nr_12","C19","NK_CD16",25,22,4,FALSE
0,1,NA,"nr_13","C19","NK_CD16",25,22,4,FALSE
0,1,NA,"nr_14","C19","NK_CD16",25,22,4,FALSE
0.130650299884366,0.869349700115634,NA,"nr_15","C19","NK_CD16",25,22,4,FALSE
0.0467690249564362,0.953230975043564,NA,"nr_16","C19","NK_CD16",25,22,4,FALSE
0.0528871286878665,0.947112871312134,NA,"nr_17","C19","NK_CD16",25,22,4,FALSE
0.129114449753014,0.870885550246986,NA,"nr_18","C19","NK_CD16",25,22,4,FALSE
0.083324192912864,0.916675807087136,NA,"nr_19","C19","NK_CD16",25,22,4,FALSE
0.00727259572765227,0.992727404272348,NA,"nr_2","C19","NK_CD16",25,22,4,FALSE
0.14858435163111,0.85141564836889,NA,"nr_20","C19","NK_CD16",25,22,4,FALSE
0.0861588952475502,0.91384110475245,NA,"nr_3","C19","NK_CD16",25,22,4,FALSE
0,1,NA,"nr_4","C19","NK_CD16",25,22,4,FALSE
0,1,NA,"nr_5","C19","NK_CD16",25,22,4,FALSE
0,1,NA,"nr_6","C19","NK_CD16",25,22,4,FALSE
0.171004257743895,0.828995742256105,NA,"nr_7","C19","NK_CD16",25,22,4,FALSE
0,1,NA,"nr_8","C19","NK_CD16",25,22,4,FALSE
0,1,NA,"nr_9","C19","NK_CD16",25,22,4,FALSE
0.105676358978946,0.894323641021054,NA,"nr2e3","C19","NK_CD16",25,22,4,FALSE
0,1,NA,"nrf1","C19","NK_CD16",25,22,4,FALSE
0.268582291598763,0.731417708401237,NA,"oct4sox2","C19","NK_CD16",25,22,4,FALSE
0.236168533395263,0.763831466604737,NA,"osr2","C19","NK_CD16",25,22,4,FALSE
0.275652842971371,0.724347157028629,NA,"ovol1","C19","NK_CD16",25,22,4,FALSE
0.0927376088242692,0.907262391175731,NA,"p53_like_1","C19","NK_CD16",25,22,4,FALSE
0.0785033802644376,0.921496619735562,NA,"p53_like_2","C19","NK_CD16",25,22,4,FALSE
0.0522159310524373,0.947784068947563,NA,"p53_like_3","C19","NK_CD16",25,22,4,FALSE
0.096594489862823,0.903405510137177,NA,"pax_halfsite","C19","NK_CD16",25,22,4,FALSE
0.173443290352975,0.826556709647025,NA,"pax_1","C19","NK_CD16",25,22,4,FALSE
0.070742812990503,0.929257187009497,NA,"pax_2","C19","NK_CD16",25,22,4,FALSE
1.71540812061362e-17,1,NA,"plag1","C19","NK_CD16",25,22,4,FALSE
0.090223188465429,0.909776811534571,NA,"pou_1","C19","NK_CD16",25,22,4,FALSE
0.0448718295789194,0.955128170421081,NA,"pou_2","C19","NK_CD16",25,22,4,FALSE
0,1,NA,"pou_3","C19","NK_CD16",25,22,4,FALSE
0,1,NA,"prdm1","C19","NK_CD16",25,22,4,FALSE
0,1,NA,"prdm14","C19","NK_CD16",25,22,4,FALSE
0.24855762397405,0.75144237602595,NA,"prdm16","C19","NK_CD16",25,22,4,FALSE
0,1,NA,"prdm4","C19","NK_CD16",25,22,4,FALSE
0.231021414999202,0.768978585000798,NA,"prdm5","C19","NK_CD16",25,22,4,FALSE
0.0665148292191892,0.933485170780811,NA,"prdm9","C19","NK_CD16",25,22,4,FALSE
0.055348211922633,0.944651788077367,NA,"prox1","C19","NK_CD16",25,22,4,FALSE
0.107917032516409,0.892082967483591,NA,"rbpj","C19","NK_CD16",25,22,4,FALSE
0.145522077391085,0.854477922608915,NA,"rel_halfsite","C19","NK_CD16",25,22,4,FALSE
0.0735995424560478,0.926400457543952,NA,"rest_nrsf","C19","NK_CD16",25,22,4,FALSE
0.197060281571579,0.802939718428421,NA,"rfx_1","C19","NK_CD16",25,22,4,FALSE
0.2229463180667,0.7770536819333,NA,"rfx_2","C19","NK_CD16",25,22,4,FALSE
0.0054310855325658,0.994568914467434,NA,"rfx_3","C19","NK_CD16",25,22,4,FALSE
0.0220592167976784,0.977940783202322,NA,"runx_1","C19","NK_CD16",25,22,4,FALSE
0.0806762787667188,0.919323721233281,NA,"runx_2","C19","NK_CD16",25,22,4,FALSE
0.0414657847854394,0.958534215214561,NA,"scrt1","C19","NK_CD16",25,22,4,FALSE
0.285450660307652,0.714549339692348,NA,"six_1","C19","NK_CD16",25,22,4,FALSE
0.064709492412565,0.935290507587435,NA,"six_2","C19","NK_CD16",25,22,4,FALSE
0.0814276792295274,0.918572320770473,NA,"smad","C19","NK_CD16",25,22,4,FALSE
0.0137714833621762,0.986228516637824,NA,"smad_1","C19","NK_CD16",25,22,4,FALSE
0,1,NA,"smad_2","C19","NK_CD16",25,22,4,FALSE
0,1,NA,"smarca1","C19","NK_CD16",25,22,4,FALSE
0.0998349037877014,0.900165096212299,NA,"smarca5","C19","NK_CD16",25,22,4,FALSE
0.161439474541361,0.838560525458639,NA,"snai2","C19","NK_CD16",25,22,4,FALSE
0.111264763227661,0.888735236772339,NA,"sox_1","C19","NK_CD16",25,22,4,FALSE
0.0397936436380552,0.960206356361945,NA,"sox_2","C19","NK_CD16",25,22,4,FALSE
0.0146670782795964,0.985332921720404,NA,"sox_3","C19","NK_CD16",25,22,4,FALSE
0.0219405632763459,0.978059436723654,NA,"sox_4","C19","NK_CD16",25,22,4,FALSE
0,1,NA,"sox_5","C19","NK_CD16",25,22,4,FALSE
0,1,NA,"sox_6","C19","NK_CD16",25,22,4,FALSE
0,1,NA,"sox_7","C19","NK_CD16",25,22,4,FALSE
0,1,NA,"sox_8","C19","NK_CD16",25,22,4,FALSE
0,1,NA,"spdef_1","C19","NK_CD16",25,22,4,FALSE
1.12593281131712e-16,1,NA,"spdef_2","C19","NK_CD16",25,22,4,FALSE
0.0287980913089889,0.971201908691011,NA,"spi","C19","NK_CD16",25,22,4,FALSE
0,1,NA,"spz1","C19","NK_CD16",25,22,4,FALSE
0.0517731899819748,0.948226810018025,NA,"srebf1","C19","NK_CD16",25,22,4,FALSE
0,1,NA,"srf","C19","NK_CD16",25,22,4,FALSE
0.0540041364409834,0.945995863559017,NA,"stat_1","C19","NK_CD16",25,22,4,FALSE
0,1,NA,"stat_2","C19","NK_CD16",25,22,4,FALSE
0,1,NA,"tata","C19","NK_CD16",25,22,4,FALSE
0,1,NA,"tbx_1","C19","NK_CD16",25,22,4,FALSE
0.0211249578721382,0.978875042127862,NA,"tbx_2","C19","NK_CD16",25,22,4,FALSE
0,1,NA,"tbx_3","C19","NK_CD16",25,22,4,FALSE
0.00147913241208024,0.99852086758792,NA,"tbx_4","C19","NK_CD16",25,22,4,FALSE
0.346285697485262,0.653714302514738,NA,"tcf_lef","C19","NK_CD16",25,22,4,FALSE
0.0394656313440977,0.960534368655902,NA,"tead","C19","NK_CD16",25,22,4,FALSE
0.0845512605559563,0.915448739444044,NA,"tfap2_1","C19","NK_CD16",25,22,4,FALSE
0.0540513085765704,0.94594869142343,NA,"tfap2_2","C19","NK_CD16",25,22,4,FALSE
0,1,NA,"tfcp2","C19","NK_CD16",25,22,4,FALSE
0.143545663626328,0.856454336373673,NA,"thap1","C19","NK_CD16",25,22,4,FALSE
0.233025421326883,0.766974578673117,NA,"yy1","C19","NK_CD16",25,22,4,FALSE
0,1,NA,"zbed1","C19","NK_CD16",25,22,4,FALSE
0.0484470183467416,0.951552981653258,NA,"zbtb14","C19","NK_CD16",25,22,4,FALSE
0.216226617168384,0.783773382831616,NA,"zbtb48","C19","NK_CD16",25,22,4,FALSE
0,1,NA,"zbtb49","C19","NK_CD16",25,22,4,FALSE
0.0178079768001331,0.982192023199867,NA,"zbtb6","C19","NK_CD16",25,22,4,FALSE
0.0106305821414181,0.989369417858582,NA,"zbtb7a","C19","NK_CD16",25,22,4,FALSE
0.370644603487323,0.629355396512677,NA,"zfn121","C19","NK_CD16",25,22,4,FALSE
0,1,NA,"zfx","C19","NK_CD16",25,22,4,FALSE
0.204034679202311,0.795965320797689,NA,"zic","C19","NK_CD16",25,22,4,FALSE
0,1,NA,"zic_2","C19","NK_CD16",25,22,4,FALSE
0,1,NA,"zim3","C19","NK_CD16",25,22,4,FALSE
0.251612715203891,0.748387284796109,NA,"zkscan1","C19","NK_CD16",25,22,4,FALSE
0,1,NA,"znf134","C19","NK_CD16",25,22,4,FALSE
0,1,NA,"znf136","C19","NK_CD16",25,22,4,FALSE
0,1,NA,"znf140","C19","NK_CD16",25,22,4,FALSE
0,1,NA,"znf143","C19","NK_CD16",25,22,4,FALSE
0.091387970752265,0.908612029247735,NA,"znf143_1","C19","NK_CD16",25,22,4,FALSE
0,1,NA,"znf146","C19","NK_CD16",25,22,4,FALSE
0,1,NA,"znf232","C19","NK_CD16",25,22,4,FALSE
0.111341790941965,0.888658209058035,NA,"znf24","C19","NK_CD16",25,22,4,FALSE
0,1,NA,"znf250","C19","NK_CD16",25,22,4,FALSE
0.077580888622978,0.922419111377022,NA,"znf257","C19","NK_CD16",25,22,4,FALSE
0,1,NA,"znf274","C19","NK_CD16",25,22,4,FALSE
0.14378989627265,0.85621010372735,NA,"znf28","C19","NK_CD16",25,22,4,FALSE
0.00831118337202328,0.991688816627977,NA,"znf282","C19","NK_CD16",25,22,4,FALSE
0.25434412763437,0.74565587236563,NA,"znf306","C19","NK_CD16",25,22,4,FALSE
0,1,NA,"znf317","C19","NK_CD16",25,22,4,FALSE
0.191150281814026,0.808849718185974,NA,"znf320","C19","NK_CD16",25,22,4,FALSE
0,1,NA,"znf324","C19","NK_CD16",25,22,4,FALSE
0.19234792309433,0.80765207690567,NA,"znf329","C19","NK_CD16",25,22,4,FALSE
0.0994625843761891,0.900537415623811,NA,"znf331","C19","NK_CD16",25,22,4,FALSE
0.319183094820523,0.680816905179477,NA,"znf332","C19","NK_CD16",25,22,4,FALSE
0,1,NA,"znf335","C19","NK_CD16",25,22,4,FALSE
0,1,NA,"znf354","C19","NK_CD16",25,22,4,FALSE
0,1,NA,"znf382","C19","NK_CD16",25,22,4,FALSE
0.159329116289694,0.840670883710306,NA,"znf384_1","C19","NK_CD16",25,22,4,FALSE
0.223536499116906,0.776463500883094,NA,"znf384_2","C19","NK_CD16",25,22,4,FALSE
0.10878877800786,0.89121122199214,NA,"znf41","C19","NK_CD16",25,22,4,FALSE
0,1,NA,"znf410","C19","NK_CD16",25,22,4,FALSE
0,1,NA,"znf418","C19","NK_CD16",25,22,4,FALSE
0.182539966155917,0.817460033844084,NA,"znf423","C19","NK_CD16",25,22,4,FALSE
0,1,NA,"znf431","C19","NK_CD16",25,22,4,FALSE
0,1,NA,"znf435","C19","NK_CD16",25,22,4,FALSE
0.242928704957068,0.757071295042932,NA,"znf436","C19","NK_CD16",25,22,4,FALSE
0.118767930690978,0.881232069309022,NA,"znf449","C19","NK_CD16",25,22,4,FALSE
0.220230169987462,0.779769830012538,NA,"znf490","C19","NK_CD16",25,22,4,FALSE
0,1,NA,"znf524","C19","NK_CD16",25,22,4,FALSE
0,1,NA,"znf528","C19","NK_CD16",25,22,4,FALSE
0.113752996702827,0.886247003297173,NA,"znf53","C19","NK_CD16",25,22,4,FALSE
0,1,NA,"znf547","C19","NK_CD16",25,22,4,FALSE
0.238193906041009,0.761806093958991,NA,"znf549","C19","NK_CD16",25,22,4,FALSE
0,1,NA,"znf554","C19","NK_CD16",25,22,4,FALSE
0,1,NA,"znf563","C19","NK_CD16",25,22,4,FALSE
0.211147713111864,0.788852286888136,NA,"znf57","C19","NK_CD16",25,22,4,FALSE
0.1189287874978,0.8810712125022,NA,"znf586","C19","NK_CD16",25,22,4,FALSE
0,1,NA,"znf652","C19","NK_CD16",25,22,4,FALSE
0.125805668148921,0.874194331851079,NA,"znf667","C19","NK_CD16",25,22,4,FALSE
0,1,NA,"znf680","C19","NK_CD16",25,22,4,FALSE
0.0145167524140901,0.98548324758591,NA,"znf708","C19","NK_CD16",25,22,4,FALSE
0.00671878840940915,0.993281211590591,NA,"znf713","C19","NK_CD16",25,22,4,FALSE
0.269967227799861,0.730032772200139,NA,"znf768","C19","NK_CD16",25,22,4,FALSE
0,1,NA,"znf784","C19","NK_CD16",25,22,4,FALSE
0,1,NA,"znf85","C19","NK_CD16",25,22,4,FALSE
0.0181920435864555,0.981807956413545,NA,"znf85_1","C19","NK_CD16",25,22,4,FALSE
0.0822480136824395,0.91775198631756,NA,"zscan3","C19","NK_CD16",25,22,4,FALSE
0,1,NA,"zscan4","C19","NK_CD16",25,22,4,FALSE
0,1,NA,"ahr","C19","Plasma",13,12,4,FALSE
0.0200144251293766,0.979985574870623,NA,"aire","C19","Plasma",13,12,4,FALSE
0.14885603117475,0.85114396882525,NA,"ap1_1","C19","Plasma",13,12,4,FALSE
0,1,NA,"ap1_2","C19","Plasma",13,12,4,FALSE
0.2441428211975,0.7558571788025,NA,"ari5a","C19","Plasma",13,12,4,FALSE
0,1,NA,"ari5b","C19","Plasma",13,12,4,FALSE
0,1,NA,"batf","C19","Plasma",13,12,4,FALSE
0,1,NA,"bcl6_1","C19","Plasma",13,12,4,FALSE
0.464792375190293,0.535207624809707,NA,"bcl6_2","C19","Plasma",13,12,4,FALSE
0,1,NA,"ccaat_cebp","C19","Plasma",13,12,4,FALSE
0,1,NA,"cenbp","C19","Plasma",13,12,4,FALSE
0,1,NA,"cpeb1","C19","Plasma",13,12,4,FALSE
0,1,NA,"creb_atf_1","C19","Plasma",13,12,4,FALSE
0.140228348215848,0.859771651784152,NA,"creb_atf_2","C19","Plasma",13,12,4,FALSE
0,1,NA,"creb_atf_3","C19","Plasma",13,12,4,FALSE
0,1,NA,"creb3_xbp1","C19","Plasma",13,12,4,FALSE
0.187362719338622,0.812637280661378,NA,"ctcf","C19","Plasma",13,12,4,FALSE
0,1,NA,"cux_1","C19","Plasma",13,12,4,FALSE
0,1,NA,"cux_2","C19","Plasma",13,12,4,FALSE
0,1,NA,"cux_3","C19","Plasma",13,12,4,FALSE
0,1,NA,"cux_4","C19","Plasma",13,12,4,FALSE
0,1,NA,"ddit3cebpa","C19","Plasma",13,12,4,FALSE
0,1,NA,"dmrt1","C19","Plasma",13,12,4,FALSE
0,1,NA,"dmrt3","C19","Plasma",13,12,4,FALSE
0,1,NA,"e2f_1","C19","Plasma",13,12,4,FALSE
0,1,NA,"e2f_2","C19","Plasma",13,12,4,FALSE
0.0561392071752727,0.943860792824727,NA,"e2f_3","C19","Plasma",13,12,4,FALSE
0,1,NA,"e2f_4","C19","Plasma",13,12,4,FALSE
0,1,NA,"ebf1","C19","Plasma",13,12,4,FALSE
0,1,NA,"ebox_cacctg","C19","Plasma",13,12,4,FALSE
0,1,NA,"ebox_cacgtg_1","C19","Plasma",13,12,4,FALSE
0,1,NA,"ebox_cacgtg_2","C19","Plasma",13,12,4,FALSE
0,1,NA,"ebox_cagatgg","C19","Plasma",13,12,4,FALSE
0.124947895234959,0.875052104765041,NA,"ebox_cagctg","C19","Plasma",13,12,4,FALSE
0,1,NA,"ebox_catatg","C19","Plasma",13,12,4,FALSE
0.122462791282162,0.877537208717838,NA,"egr","C19","Plasma",13,12,4,FALSE
0.167679564812525,0.832320435187475,NA,"ets_1","C19","Plasma",13,12,4,FALSE
0,1,NA,"ets_2","C19","Plasma",13,12,4,FALSE
0,1,NA,"evi1_mecom","C19","Plasma",13,12,4,FALSE
0,1,NA,"ewsr1_fli1","C19","Plasma",13,12,4,FALSE
0,1,NA,"fezf1","C19","Plasma",13,12,4,FALSE
0.112738633646653,0.887261366353347,NA,"fox_1","C19","Plasma",13,12,4,FALSE
0.39319293470292,0.60680706529708,NA,"fox_2","C19","Plasma",13,12,4,FALSE
0,1,NA,"fox_3","C19","Plasma",13,12,4,FALSE
0,1,NA,"fox_4","C19","Plasma",13,12,4,FALSE
0.0672070006667048,0.932792999333295,NA,"fox_5","C19","Plasma",13,12,4,FALSE
0.013253124605056,0.986746875394944,NA,"fox_6","C19","Plasma",13,12,4,FALSE
0,1,NA,"fox_7","C19","Plasma",13,12,4,FALSE
0.283014988396206,0.716985011603794,NA,"fox_8","C19","Plasma",13,12,4,FALSE
0,1,NA,"fox_9","C19","Plasma",13,12,4,FALSE
0,1,NA,"gata","C19","Plasma",13,12,4,FALSE
0.405372753040183,0.594627246959817,NA,"gc_tract","C19","Plasma",13,12,4,FALSE
0,1,NA,"gcm","C19","Plasma",13,12,4,FALSE
0,1,NA,"gfi","C19","Plasma",13,12,4,FALSE
0,1,NA,"gli","C19","Plasma",13,12,4,FALSE
0,1,NA,"glis","C19","Plasma",13,12,4,FALSE
0,1,NA,"gmeb2_1","C19","Plasma",13,12,4,FALSE
0,1,NA,"gmeb2_2","C19","Plasma",13,12,4,FALSE
0,1,NA,"gmeb2_3","C19","Plasma",13,12,4,FALSE
0,1,NA,"grhl","C19","Plasma",13,12,4,FALSE
0,1,NA,"hand1","C19","Plasma",13,12,4,FALSE
0,1,NA,"hd_1","C19","Plasma",13,12,4,FALSE
0,1,NA,"hd_10","C19","Plasma",13,12,4,FALSE
0,1,NA,"hd_11","C19","Plasma",13,12,4,FALSE
0,1,NA,"hd_12","C19","Plasma",13,12,4,FALSE
0,1,NA,"hd_13","C19","Plasma",13,12,4,FALSE
0,1,NA,"hd_14","C19","Plasma",13,12,4,FALSE
0.308076290836449,0.691923709163551,NA,"hd_15","C19","Plasma",13,12,4,FALSE
0,1,NA,"hd_16","C19","Plasma",13,12,4,FALSE
0,1,NA,"hd_17","C19","Plasma",13,12,4,FALSE
0.697164481940377,0.302835518059623,NA,"hd_18","C19","Plasma",13,12,4,FALSE
0,1,NA,"hd_19","C19","Plasma",13,12,4,FALSE
0.208745266299928,0.791254733700072,NA,"hd_2","C19","Plasma",13,12,4,FALSE
0.249877281682573,0.750122718317427,NA,"hd_20","C19","Plasma",13,12,4,FALSE
0,1,NA,"hd_21","C19","Plasma",13,12,4,FALSE
0,1,NA,"hd_22","C19","Plasma",13,12,4,FALSE
0,1,NA,"hd_23","C19","Plasma",13,12,4,FALSE
0,1,NA,"hd_24","C19","Plasma",13,12,4,FALSE
0,1,NA,"hd_25","C19","Plasma",13,12,4,FALSE
1.7311411426657e-17,1,NA,"hd_3","C19","Plasma",13,12,4,FALSE
0,1,NA,"hd_4","C19","Plasma",13,12,4,FALSE
0.153502252365153,0.846497747634847,NA,"hd_5","C19","Plasma",13,12,4,FALSE
0,1,NA,"hd_6","C19","Plasma",13,12,4,FALSE
0,1,NA,"hd_7","C19","Plasma",13,12,4,FALSE
0,1,NA,"hd_8","C19","Plasma",13,12,4,FALSE
0,1,NA,"hd_9","C19","Plasma",13,12,4,FALSE
0,1,NA,"hen1","C19","Plasma",13,12,4,FALSE
0.267168227203882,0.732831772796118,NA,"hic_1","C19","Plasma",13,12,4,FALSE
0.300682208582644,0.699317791417356,NA,"hic_2","C19","Plasma",13,12,4,FALSE
0.0781769750443976,0.921823024955602,NA,"hif","C19","Plasma",13,12,4,FALSE
0,1,NA,"hinfp1_1","C19","Plasma",13,12,4,FALSE
0,1,NA,"hinfp1_2","C19","Plasma",13,12,4,FALSE
0,1,NA,"hinfp1_3","C19","Plasma",13,12,4,FALSE
0,1,NA,"hltf","C19","Plasma",13,12,4,FALSE
0,1,NA,"homez","C19","Plasma",13,12,4,FALSE
0.0831574819562161,0.916842518043784,NA,"hsf","C19","Plasma",13,12,4,FALSE
0,1,NA,"hsfy2","C19","Plasma",13,12,4,FALSE
0,1,NA,"insm1","C19","Plasma",13,12,4,FALSE
0,1,NA,"irf_1","C19","Plasma",13,12,4,FALSE
0,1,NA,"irf_2","C19","Plasma",13,12,4,FALSE
0,1,NA,"irf_3","C19","Plasma",13,12,4,FALSE
0,1,NA,"irf_4","C19","Plasma",13,12,4,FALSE
0,1,NA,"kaiso","C19","Plasma",13,12,4,FALSE
0.192174776479842,0.807825223520158,NA,"klf_sp_1","C19","Plasma",13,12,4,FALSE
0,1,NA,"klf_sp_2","C19","Plasma",13,12,4,FALSE
0,1,NA,"klf_sp_3","C19","Plasma",13,12,4,FALSE
0,1,NA,"lef1","C19","Plasma",13,12,4,FALSE
0.196613749054314,0.803386250945686,NA,"lin54","C19","Plasma",13,12,4,FALSE
0.109913603194022,0.890086396805978,NA,"maf","C19","Plasma",13,12,4,FALSE
0,1,NA,"mbd2","C19","Plasma",13,12,4,FALSE
0,1,NA,"mecp2","C19","Plasma",13,12,4,FALSE
0,1,NA,"mef2","C19","Plasma",13,12,4,FALSE
0,1,NA,"mfz1","C19","Plasma",13,12,4,FALSE
0,1,NA,"mies","C19","Plasma",13,12,4,FALSE
0,1,NA,"mtf1","C19","Plasma",13,12,4,FALSE
0,1,NA,"myb_1","C19","Plasma",13,12,4,FALSE
0,1,NA,"myb_2","C19","Plasma",13,12,4,FALSE
0,1,NA,"myb_3","C19","Plasma",13,12,4,FALSE
0,1,NA,"myb_4","C19","Plasma",13,12,4,FALSE
0,1,NA,"myb_5","C19","Plasma",13,12,4,FALSE
0,1,NA,"mzf1","C19","Plasma",13,12,4,FALSE
0.0321230579851654,0.967876942014835,NA,"nfac_2","C19","Plasma",13,12,4,FALSE
0,1,NA,"nfat_1","C19","Plasma",13,12,4,FALSE
0,1,NA,"nfat_2","C19","Plasma",13,12,4,FALSE
0,1,NA,"nfat_3","C19","Plasma",13,12,4,FALSE
0,1,NA,"nfat_4","C19","Plasma",13,12,4,FALSE
0,1,NA,"nfi_1","C19","Plasma",13,12,4,FALSE
0,1,NA,"nfi_2","C19","Plasma",13,12,4,FALSE
0,1,NA,"nfi_3","C19","Plasma",13,12,4,FALSE
0,1,NA,"nfkb_1","C19","Plasma",13,12,4,FALSE
0,1,NA,"nfkb_2","C19","Plasma",13,12,4,FALSE
0,1,NA,"nfkb_3","C19","Plasma",13,12,4,FALSE
0.433863443426746,0.566136556573254,NA,"nfy","C19","Plasma",13,12,4,FALSE
0.150008417483488,0.849991582516512,NA,"nr_1","C19","Plasma",13,12,4,FALSE
0.184215138677631,0.815784861322368,NA,"nr_10","C19","Plasma",13,12,4,FALSE
0,1,NA,"nr_11","C19","Plasma",13,12,4,FALSE
0,1,NA,"nr_12","C19","Plasma",13,12,4,FALSE
0,1,NA,"nr_13","C19","Plasma",13,12,4,FALSE
0.411493724694547,0.588506275305453,NA,"nr_14","C19","Plasma",13,12,4,FALSE
0,1,NA,"nr_15","C19","Plasma",13,12,4,FALSE
0,1,NA,"nr_16","C19","Plasma",13,12,4,FALSE
0,1,NA,"nr_17","C19","Plasma",13,12,4,FALSE
0,1,NA,"nr_18","C19","Plasma",13,12,4,FALSE
0.134204262763337,0.865795737236663,NA,"nr_19","C19","Plasma",13,12,4,FALSE
0,1,NA,"nr_2","C19","Plasma",13,12,4,FALSE
0,1,NA,"nr_20","C19","Plasma",13,12,4,FALSE
6.85114058208084e-17,1,NA,"nr_3","C19","Plasma",13,12,4,FALSE
0,1,NA,"nr_4","C19","Plasma",13,12,4,FALSE
0,1,NA,"nr_5","C19","Plasma",13,12,4,FALSE
0.162744137419912,0.837255862580088,NA,"nr_6","C19","Plasma",13,12,4,FALSE
0.403872800787869,0.596127199212131,NA,"nr_7","C19","Plasma",13,12,4,FALSE
0.166598767907332,0.833401232092668,NA,"nr_8","C19","Plasma",13,12,4,FALSE
0.13643246997826,0.86356753002174,NA,"nr_9","C19","Plasma",13,12,4,FALSE
0,1,NA,"nr2e3","C19","Plasma",13,12,4,FALSE
0.559268265868137,0.440731734131863,NA,"nrf1","C19","Plasma",13,12,4,FALSE
0,1,NA,"oct4sox2","C19","Plasma",13,12,4,FALSE
0,1,NA,"osr2","C19","Plasma",13,12,4,FALSE
0.52242064118947,0.47757935881053,NA,"ovol1","C19","Plasma",13,12,4,FALSE
0,1,NA,"p53_like_1","C19","Plasma",13,12,4,FALSE
0,1,NA,"p53_like_2","C19","Plasma",13,12,4,FALSE
0.333294963873578,0.666705036126422,NA,"p53_like_3","C19","Plasma",13,12,4,FALSE
0.210688627971988,0.789311372028012,NA,"pax_halfsite","C19","Plasma",13,12,4,FALSE
0,1,NA,"pax_1","C19","Plasma",13,12,4,FALSE
0,1,NA,"pax_2","C19","Plasma",13,12,4,FALSE
0,1,NA,"plag1","C19","Plasma",13,12,4,FALSE
0,1,NA,"pou_1","C19","Plasma",13,12,4,FALSE
0,1,NA,"pou_2","C19","Plasma",13,12,4,FALSE
0,1,NA,"pou_3","C19","Plasma",13,12,4,FALSE
0.370963938125783,0.629036061874217,NA,"prdm1","C19","Plasma",13,12,4,FALSE
0.349664945971342,0.650335054028658,NA,"prdm14","C19","Plasma",13,12,4,FALSE
0.235700459948702,0.764299540051298,NA,"prdm16","C19","Plasma",13,12,4,FALSE
0,1,NA,"prdm4","C19","Plasma",13,12,4,FALSE
0.153388031584806,0.846611968415194,NA,"prdm5","C19","Plasma",13,12,4,FALSE
0.166395683892527,0.833604316107473,NA,"prdm9","C19","Plasma",13,12,4,FALSE
0.0592322885050042,0.940767711494996,NA,"prox1","C19","Plasma",13,12,4,FALSE
0.335657537524428,0.664342462475572,NA,"rbpj","C19","Plasma",13,12,4,FALSE
0.245258420419685,0.754741579580315,NA,"rel_halfsite","C19","Plasma",13,12,4,FALSE
0.425952112364331,0.574047887635669,NA,"rest_nrsf","C19","Plasma",13,12,4,FALSE
0.337544256368944,0.662455743631056,NA,"rfx_1","C19","Plasma",13,12,4,FALSE
0.467660364418989,0.532339635581011,NA,"rfx_2","C19","Plasma",13,12,4,FALSE
0,1,NA,"rfx_3","C19","Plasma",13,12,4,FALSE
0,1,NA,"runx_1","C19","Plasma",13,12,4,FALSE
0,1,NA,"runx_2","C19","Plasma",13,12,4,FALSE
0,1,NA,"scrt1","C19","Plasma",13,12,4,FALSE
0,1,NA,"six_1","C19","Plasma",13,12,4,FALSE
0,1,NA,"six_2","C19","Plasma",13,12,4,FALSE
0,1,NA,"smad","C19","Plasma",13,12,4,FALSE
0,1,NA,"smad_1","C19","Plasma",13,12,4,FALSE
0,1,NA,"smad_2","C19","Plasma",13,12,4,FALSE
0,1,NA,"smarca1","C19","Plasma",13,12,4,FALSE
0,1,NA,"smarca5","C19","Plasma",13,12,4,FALSE
0.380101978177457,0.619898021822543,NA,"snai2","C19","Plasma",13,12,4,FALSE
0,1,NA,"sox_1","C19","Plasma",13,12,4,FALSE
0.577972522836551,0.422027477163449,NA,"sox_2","C19","Plasma",13,12,4,FALSE
0,1,NA,"sox_3","C19","Plasma",13,12,4,FALSE
0.358973863176269,0.641026136823731,NA,"sox_4","C19","Plasma",13,12,4,FALSE
0.0787565727433815,0.921243427256618,NA,"sox_5","C19","Plasma",13,12,4,FALSE
0.226342467352731,0.773657532647269,NA,"sox_6","C19","Plasma",13,12,4,FALSE
0,1,NA,"sox_7","C19","Plasma",13,12,4,FALSE
0,1,NA,"sox_8","C19","Plasma",13,12,4,FALSE
0.377137819465161,0.622862180534839,NA,"spdef_1","C19","Plasma",13,12,4,FALSE
0.018394573255807,0.981605426744193,NA,"spdef_2","C19","Plasma",13,12,4,FALSE
0,1,NA,"spi","C19","Plasma",13,12,4,FALSE
0,1,NA,"spz1","C19","Plasma",13,12,4,FALSE
0.137624906600027,0.862375093399973,NA,"srebf1","C19","Plasma",13,12,4,FALSE
0,1,NA,"srf","C19","Plasma",13,12,4,FALSE
0,1,NA,"stat_1","C19","Plasma",13,12,4,FALSE
0,1,NA,"stat_2","C19","Plasma",13,12,4,FALSE
0.365111066359272,0.634888933640728,NA,"tata","C19","Plasma",13,12,4,FALSE
0,1,NA,"tbx_1","C19","Plasma",13,12,4,FALSE
0,1,NA,"tbx_2","C19","Plasma",13,12,4,FALSE
0.0434204420721527,0.956579557927847,NA,"tbx_3","C19","Plasma",13,12,4,FALSE
0,1,NA,"tbx_4","C19","Plasma",13,12,4,FALSE
0,1,NA,"tcf_lef","C19","Plasma",13,12,4,FALSE
0.124563790616988,0.875436209383012,NA,"tead","C19","Plasma",13,12,4,FALSE
0.247232563283752,0.752767436716248,NA,"tfap2_1","C19","Plasma",13,12,4,FALSE
0,1,NA,"tfap2_2","C19","Plasma",13,12,4,FALSE
0.100903210252089,0.899096789747911,NA,"tfcp2","C19","Plasma",13,12,4,FALSE
0,1,NA,"thap1","C19","Plasma",13,12,4,FALSE
0.0218925902871481,0.978107409712852,NA,"yy1","C19","Plasma",13,12,4,FALSE
0,1,NA,"zbed1","C19","Plasma",13,12,4,FALSE
0.0920403913212905,0.90795960867871,NA,"zbtb14","C19","Plasma",13,12,4,FALSE
0.0461413024048518,0.953858697595148,NA,"zbtb48","C19","Plasma",13,12,4,FALSE
0,1,NA,"zbtb49","C19","Plasma",13,12,4,FALSE
0,1,NA,"zbtb6","C19","Plasma",13,12,4,FALSE
6.09628393207642e-16,0.999999999999999,NA,"zbtb7a","C19","Plasma",13,12,4,FALSE
0.387490378017729,0.612509621982271,NA,"zfn121","C19","Plasma",13,12,4,FALSE
0,1,NA,"zfx","C19","Plasma",13,12,4,FALSE
0,1,NA,"zic","C19","Plasma",13,12,4,FALSE
0.128362337007942,0.871637662992058,NA,"zic_2","C19","Plasma",13,12,4,FALSE
0,1,NA,"zim3","C19","Plasma",13,12,4,FALSE
0,1,NA,"zkscan1","C19","Plasma",13,12,4,FALSE
0,1,NA,"znf134","C19","Plasma",13,12,4,FALSE
0,1,NA,"znf136","C19","Plasma",13,12,4,FALSE
0.182372809378495,0.817627190621505,NA,"znf140","C19","Plasma",13,12,4,FALSE
0,1,NA,"znf143","C19","Plasma",13,12,4,FALSE
0.502916713132077,0.497083286867923,NA,"znf143_1","C19","Plasma",13,12,4,FALSE
0.251284249919741,0.748715750080259,NA,"znf146","C19","Plasma",13,12,4,FALSE
0,1,NA,"znf232","C19","Plasma",13,12,4,FALSE
0.266224689127388,0.733775310872612,NA,"znf24","C19","Plasma",13,12,4,FALSE
0.360359986229655,0.639640013770345,NA,"znf250","C19","Plasma",13,12,4,FALSE
0,1,NA,"znf257","C19","Plasma",13,12,4,FALSE
0,1,NA,"znf274","C19","Plasma",13,12,4,FALSE
0.116567011829593,0.883432988170407,NA,"znf28","C19","Plasma",13,12,4,FALSE
0.543514540446291,0.456485459553709,NA,"znf282","C19","Plasma",13,12,4,FALSE
0,1,NA,"znf306","C19","Plasma",13,12,4,FALSE
0.113370586465556,0.886629413534444,NA,"znf317","C19","Plasma",13,12,4,FALSE
0,1,NA,"znf320","C19","Plasma",13,12,4,FALSE
0.171691640337304,0.828308359662696,NA,"znf324","C19","Plasma",13,12,4,FALSE
0,1,NA,"znf329","C19","Plasma",13,12,4,FALSE
0,1,NA,"znf331","C19","Plasma",13,12,4,FALSE
0,1,NA,"znf332","C19","Plasma",13,12,4,FALSE
0,1,NA,"znf335","C19","Plasma",13,12,4,FALSE
0,1,NA,"znf354","C19","Plasma",13,12,4,FALSE
0,1,NA,"znf382","C19","Plasma",13,12,4,FALSE
0,1,NA,"znf384_1","C19","Plasma",13,12,4,FALSE
0.569593330231731,0.430406669768269,NA,"znf384_2","C19","Plasma",13,12,4,FALSE
0,1,NA,"znf41","C19","Plasma",13,12,4,FALSE
0,1,NA,"znf410","C19","Plasma",13,12,4,FALSE
0,1,NA,"znf418","C19","Plasma",13,12,4,FALSE
0,1,NA,"znf423","C19","Plasma",13,12,4,FALSE
0,1,NA,"znf431","C19","Plasma",13,12,4,FALSE
0,1,NA,"znf435","C19","Plasma",13,12,4,FALSE
0,1,NA,"znf436","C19","Plasma",13,12,4,FALSE
0.0956369058639011,0.904363094136099,NA,"znf449","C19","Plasma",13,12,4,FALSE
0,1,NA,"znf490","C19","Plasma",13,12,4,FALSE
0.186135633935623,0.813864366064377,NA,"znf524","C19","Plasma",13,12,4,FALSE
0,1,NA,"znf528","C19","Plasma",13,12,4,FALSE
0,1,NA,"znf53","C19","Plasma",13,12,4,FALSE
0,1,NA,"znf547","C19","Plasma",13,12,4,FALSE
0.017144654647682,0.982855345352318,NA,"znf549","C19","Plasma",13,12,4,FALSE
0.129766061650183,0.870233938349817,NA,"znf554","C19","Plasma",13,12,4,FALSE
0.456344252297439,0.543655747702561,NA,"znf563","C19","Plasma",13,12,4,FALSE
0.486490139403933,0.513509860596067,NA,"znf57","C19","Plasma",13,12,4,FALSE
0,1,NA,"znf586","C19","Plasma",13,12,4,FALSE
0,1,NA,"znf652","C19","Plasma",13,12,4,FALSE
0,1,NA,"znf667","C19","Plasma",13,12,4,FALSE
0,1,NA,"znf680","C19","Plasma",13,12,4,FALSE
0,1,NA,"znf708","C19","Plasma",13,12,4,FALSE
0,1,NA,"znf713","C19","Plasma",13,12,4,FALSE
0.315782958501778,0.684217041498222,NA,"znf768","C19","Plasma",13,12,4,FALSE
0,1,NA,"znf784","C19","Plasma",13,12,4,FALSE
0.0759172853474289,0.924082714652571,NA,"znf85","C19","Plasma",13,12,4,FALSE
0,1,NA,"znf85_1","C19","Plasma",13,12,4,FALSE
0,1,NA,"zscan3","C19","Plasma",13,12,4,FALSE
0,1,NA,"zscan4","C19","Plasma",13,12,4,FALSE
0,1,NA,"ahr","C19","T_mait",21,20,4,FALSE
0,1,NA,"aire","C19","T_mait",21,20,4,FALSE
0,1,NA,"ap1_1","C19","T_mait",21,20,4,FALSE
0,1,NA,"ap1_2","C19","T_mait",21,20,4,FALSE
0,1,NA,"ari5a","C19","T_mait",21,20,4,FALSE
0,1,NA,"ari5b","C19","T_mait",21,20,4,FALSE
0,1,NA,"batf","C19","T_mait",21,20,4,FALSE
0,1,NA,"bcl6_1","C19","T_mait",21,20,4,FALSE
0,1,NA,"bcl6_2","C19","T_mait",21,20,4,FALSE
0,1,NA,"ccaat_cebp","C19","T_mait",21,20,4,FALSE
0.11868543970578,0.88131456029422,NA,"cenbp","C19","T_mait",21,20,4,FALSE
0,1,NA,"cpeb1","C19","T_mait",21,20,4,FALSE
0,1,NA,"creb_atf_1","C19","T_mait",21,20,4,FALSE
0.00689859593189896,0.993101404068101,NA,"creb_atf_2","C19","T_mait",21,20,4,FALSE
0,1,NA,"creb_atf_3","C19","T_mait",21,20,4,FALSE
0.092553680759117,0.907446319240883,NA,"creb3_xbp1","C19","T_mait",21,20,4,FALSE
0.127046525389825,0.872953474610175,NA,"ctcf","C19","T_mait",21,20,4,FALSE
0,1,NA,"cux_1","C19","T_mait",21,20,4,FALSE
0.0337061861409708,0.966293813859029,NA,"cux_2","C19","T_mait",21,20,4,FALSE
0,1,NA,"cux_3","C19","T_mait",21,20,4,FALSE
0,1,NA,"cux_4","C19","T_mait",21,20,4,FALSE
0,1,NA,"ddit3cebpa","C19","T_mait",21,20,4,FALSE
0,1,NA,"dmrt1","C19","T_mait",21,20,4,FALSE
0,1,NA,"dmrt3","C19","T_mait",21,20,4,FALSE
0,1,NA,"e2f_1","C19","T_mait",21,20,4,FALSE
0,1,NA,"e2f_2","C19","T_mait",21,20,4,FALSE
0.199514852450184,0.800485147549816,NA,"e2f_3","C19","T_mait",21,20,4,FALSE
0.0583394148092282,0.941660585190772,NA,"e2f_4","C19","T_mait",21,20,4,FALSE
0,1,NA,"ebf1","C19","T_mait",21,20,4,FALSE
0,1,NA,"ebox_cacctg","C19","T_mait",21,20,4,FALSE
0.0198171713967123,0.980182828603288,NA,"ebox_cacgtg_1","C19","T_mait",21,20,4,FALSE
0,1,NA,"ebox_cacgtg_2","C19","T_mait",21,20,4,FALSE
0,1,NA,"ebox_cagatgg","C19","T_mait",21,20,4,FALSE
0.0105933714927246,0.989406628507275,NA,"ebox_cagctg","C19","T_mait",21,20,4,FALSE
0.0566438149579701,0.94335618504203,NA,"ebox_catatg","C19","T_mait",21,20,4,FALSE
0,1,NA,"egr","C19","T_mait",21,20,4,FALSE
0,1,NA,"ets_1","C19","T_mait",21,20,4,FALSE
0.013169544007293,0.986830455992707,NA,"ets_2","C19","T_mait",21,20,4,FALSE
0,1,NA,"evi1_mecom","C19","T_mait",21,20,4,FALSE
0,1,NA,"ewsr1_fli1","C19","T_mait",21,20,4,FALSE
0.0517930115826749,0.948206988417325,NA,"fezf1","C19","T_mait",21,20,4,FALSE
0,1,NA,"fox_1","C19","T_mait",21,20,4,FALSE
0,1,NA,"fox_2","C19","T_mait",21,20,4,FALSE
0,1,NA,"fox_3","C19","T_mait",21,20,4,FALSE
0,1,NA,"fox_4","C19","T_mait",21,20,4,FALSE
0,1,NA,"fox_5","C19","T_mait",21,20,4,FALSE
0.0416635593636085,0.958336440636391,NA,"fox_6","C19","T_mait",21,20,4,FALSE
0,1,NA,"fox_7","C19","T_mait",21,20,4,FALSE
0,1,NA,"fox_8","C19","T_mait",21,20,4,FALSE
0,1,NA,"fox_9","C19","T_mait",21,20,4,FALSE
0,1,NA,"gata","C19","T_mait",21,20,4,FALSE
0,1,NA,"gc_tract","C19","T_mait",21,20,4,FALSE
0,1,NA,"gcm","C19","T_mait",21,20,4,FALSE
0,1,NA,"gfi","C19","T_mait",21,20,4,FALSE
0,1,NA,"gli","C19","T_mait",21,20,4,FALSE
0.0841166429686457,0.915883357031354,NA,"glis","C19","T_mait",21,20,4,FALSE
0.211150084720569,0.788849915279431,NA,"gmeb2_1","C19","T_mait",21,20,4,FALSE
0.00491723990186576,0.995082760098134,NA,"gmeb2_2","C19","T_mait",21,20,4,FALSE
0,1,NA,"gmeb2_3","C19","T_mait",21,20,4,FALSE
0.093260764544039,0.906739235455961,NA,"grhl","C19","T_mait",21,20,4,FALSE
0,1,NA,"hand1","C19","T_mait",21,20,4,FALSE
0,1,NA,"hd_1","C19","T_mait",21,20,4,FALSE
0,1,NA,"hd_10","C19","T_mait",21,20,4,FALSE
0,1,NA,"hd_11","C19","T_mait",21,20,4,FALSE
0.0291742095463026,0.970825790453697,NA,"hd_12","C19","T_mait",21,20,4,FALSE
0.0521704806670285,0.947829519332972,NA,"hd_13","C19","T_mait",21,20,4,FALSE
0,1,NA,"hd_14","C19","T_mait",21,20,4,FALSE
0,1,NA,"hd_15","C19","T_mait",21,20,4,FALSE
0,1,NA,"hd_16","C19","T_mait",21,20,4,FALSE
0.0978679880474312,0.902132011952569,NA,"hd_17","C19","T_mait",21,20,4,FALSE
0,1,NA,"hd_18","C19","T_mait",21,20,4,FALSE
0.244544382763061,0.755455617236939,NA,"hd_19","C19","T_mait",21,20,4,FALSE
0,1,NA,"hd_2","C19","T_mait",21,20,4,FALSE
0,1,NA,"hd_20","C19","T_mait",21,20,4,FALSE
0,1,NA,"hd_21","C19","T_mait",21,20,4,FALSE
0.0263618281354806,0.973638171864519,NA,"hd_22","C19","T_mait",21,20,4,FALSE
0,1,NA,"hd_23","C19","T_mait",21,20,4,FALSE
0,1,NA,"hd_24","C19","T_mait",21,20,4,FALSE
0.205466905020818,0.794533094979182,NA,"hd_25","C19","T_mait",21,20,4,FALSE
0,1,NA,"hd_3","C19","T_mait",21,20,4,FALSE
0,1,NA,"hd_4","C19","T_mait",21,20,4,FALSE
0,1,NA,"hd_5","C19","T_mait",21,20,4,FALSE
0.140724209124082,0.859275790875918,NA,"hd_6","C19","T_mait",21,20,4,FALSE
0,1,NA,"hd_7","C19","T_mait",21,20,4,FALSE
0,1,NA,"hd_8","C19","T_mait",21,20,4,FALSE
0,1,NA,"hd_9","C19","T_mait",21,20,4,FALSE
0,1,NA,"hen1","C19","T_mait",21,20,4,FALSE
0.0819729109502327,0.918027089049767,NA,"hic_1","C19","T_mait",21,20,4,FALSE
0.256347815712828,0.743652184287172,NA,"hic_2","C19","T_mait",21,20,4,FALSE
0.0870357997171656,0.912964200282834,NA,"hif","C19","T_mait",21,20,4,FALSE
0,1,NA,"hinfp1_1","C19","T_mait",21,20,4,FALSE
0,1,NA,"hinfp1_2","C19","T_mait",21,20,4,FALSE
0,1,NA,"hinfp1_3","C19","T_mait",21,20,4,FALSE
0,1,NA,"hltf","C19","T_mait",21,20,4,FALSE
0.0112483906651786,0.988751609334821,NA,"homez","C19","T_mait",21,20,4,FALSE
0,1,NA,"hsf","C19","T_mait",21,20,4,FALSE
0,1,NA,"hsfy2","C19","T_mait",21,20,4,FALSE
0.133855237395378,0.866144762604622,NA,"insm1","C19","T_mait",21,20,4,FALSE
0.113521897708458,0.886478102291542,NA,"irf_1","C19","T_mait",21,20,4,FALSE
0.0888164044474548,0.911183595552545,NA,"irf_2","C19","T_mait",21,20,4,FALSE
0,1,NA,"irf_3","C19","T_mait",21,20,4,FALSE
0,1,NA,"irf_4","C19","T_mait",21,20,4,FALSE
0,1,NA,"kaiso","C19","T_mait",21,20,4,FALSE
0.110979527179424,0.889020472820576,NA,"klf_sp_1","C19","T_mait",21,20,4,FALSE
0,1,NA,"klf_sp_2","C19","T_mait",21,20,4,FALSE
0,1,NA,"klf_sp_3","C19","T_mait",21,20,4,FALSE
0,1,NA,"lef1","C19","T_mait",21,20,4,FALSE
0.00349060086904407,0.996509399130956,NA,"lin54","C19","T_mait",21,20,4,FALSE
0,1,NA,"maf","C19","T_mait",21,20,4,FALSE
0.260996720415852,0.739003279584148,NA,"mbd2","C19","T_mait",21,20,4,FALSE
0,1,NA,"mecp2","C19","T_mait",21,20,4,FALSE
0,1,NA,"mef2","C19","T_mait",21,20,4,FALSE
0,1,NA,"mfz1","C19","T_mait",21,20,4,FALSE
0,1,NA,"mies","C19","T_mait",21,20,4,FALSE
0.121459507246676,0.878540492753324,NA,"mtf1","C19","T_mait",21,20,4,FALSE
0,1,NA,"myb_1","C19","T_mait",21,20,4,FALSE
0,1,NA,"myb_2","C19","T_mait",21,20,4,FALSE
0.0705780275145682,0.929421972485432,NA,"myb_3","C19","T_mait",21,20,4,FALSE
0,1,NA,"myb_4","C19","T_mait",21,20,4,FALSE
0,1,NA,"myb_5","C19","T_mait",21,20,4,FALSE
0,1,NA,"mzf1","C19","T_mait",21,20,4,FALSE
0,1,NA,"nfac_2","C19","T_mait",21,20,4,FALSE
0,1,NA,"nfat_1","C19","T_mait",21,20,4,FALSE
0,1,NA,"nfat_2","C19","T_mait",21,20,4,FALSE
0,1,NA,"nfat_3","C19","T_mait",21,20,4,FALSE
0.267354780371316,0.732645219628684,NA,"nfat_4","C19","T_mait",21,20,4,FALSE
0.169436484715762,0.830563515284238,NA,"nfi_1","C19","T_mait",21,20,4,FALSE
0,1,NA,"nfi_2","C19","T_mait",21,20,4,FALSE
0,1,NA,"nfi_3","C19","T_mait",21,20,4,FALSE
5.41663996547549e-17,1,NA,"nfkb_1","C19","T_mait",21,20,4,FALSE
0,1,NA,"nfkb_2","C19","T_mait",21,20,4,FALSE
0,1,NA,"nfkb_3","C19","T_mait",21,20,4,FALSE
0.0141490303432051,0.985850969656795,NA,"nfy","C19","T_mait",21,20,4,FALSE
0,1,NA,"nr_1","C19","T_mait",21,20,4,FALSE
0,1,NA,"nr_10","C19","T_mait",21,20,4,FALSE
0.0932496889028217,0.906750311097178,NA,"nr_11","C19","T_mait",21,20,4,FALSE
0.247241005251305,0.752758994748695,NA,"nr_12","C19","T_mait",21,20,4,FALSE
0,1,NA,"nr_13","C19","T_mait",21,20,4,FALSE
0,1,NA,"nr_14","C19","T_mait",21,20,4,FALSE
0.10376071577827,0.89623928422173,NA,"nr_15","C19","T_mait",21,20,4,FALSE
0,1,NA,"nr_16","C19","T_mait",21,20,4,FALSE
0,1,NA,"nr_17","C19","T_mait",21,20,4,FALSE
0,1,NA,"nr_18","C19","T_mait",21,20,4,FALSE
0,1,NA,"nr_19","C19","T_mait",21,20,4,FALSE
0,1,NA,"nr_2","C19","T_mait",21,20,4,FALSE
0.112486652229745,0.887513347770255,NA,"nr_20","C19","T_mait",21,20,4,FALSE
0,1,NA,"nr_3","C19","T_mait",21,20,4,FALSE
0,1,NA,"nr_4","C19","T_mait",21,20,4,FALSE
0,1,NA,"nr_5","C19","T_mait",21,20,4,FALSE
0,1,NA,"nr_6","C19","T_mait",21,20,4,FALSE
0,1,NA,"nr_7","C19","T_mait",21,20,4,FALSE
0,1,NA,"nr_8","C19","T_mait",21,20,4,FALSE
0,1,NA,"nr_9","C19","T_mait",21,20,4,FALSE
0.426037722463255,0.573962277536745,NA,"nr2e3","C19","T_mait",21,20,4,FALSE
0,1,NA,"nrf1","C19","T_mait",21,20,4,FALSE
0,1,NA,"oct4sox2","C19","T_mait",21,20,4,FALSE
0.0746212550503181,0.925378744949682,NA,"osr2","C19","T_mait",21,20,4,FALSE
0,1,NA,"ovol1","C19","T_mait",21,20,4,FALSE
0,1,NA,"p53_like_1","C19","T_mait",21,20,4,FALSE
0,1,NA,"p53_like_2","C19","T_mait",21,20,4,FALSE
0,1,NA,"p53_like_3","C19","T_mait",21,20,4,FALSE
0,1,NA,"pax_halfsite","C19","T_mait",21,20,4,FALSE
0.163716490140564,0.836283509859436,NA,"pax_1","C19","T_mait",21,20,4,FALSE
0.0576644379064052,0.942335562093595,NA,"pax_2","C19","T_mait",21,20,4,FALSE
0,1,NA,"plag1","C19","T_mait",21,20,4,FALSE
0,1,NA,"pou_1","C19","T_mait",21,20,4,FALSE
0,1,NA,"pou_2","C19","T_mait",21,20,4,FALSE
0.0906609336979289,0.909339066302071,NA,"pou_3","C19","T_mait",21,20,4,FALSE
0,1,NA,"prdm1","C19","T_mait",21,20,4,FALSE
0,1,NA,"prdm14","C19","T_mait",21,20,4,FALSE
0,1,NA,"prdm16","C19","T_mait",21,20,4,FALSE
0.12464975769631,0.875350242303691,NA,"prdm4","C19","T_mait",21,20,4,FALSE
0,1,NA,"prdm5","C19","T_mait",21,20,4,FALSE
0,1,NA,"prdm9","C19","T_mait",21,20,4,FALSE
0,1,NA,"prox1","C19","T_mait",21,20,4,FALSE
0,1,NA,"rbpj","C19","T_mait",21,20,4,FALSE
0.0812163729917348,0.918783627008265,NA,"rel_halfsite","C19","T_mait",21,20,4,FALSE
0,1,NA,"rest_nrsf","C19","T_mait",21,20,4,FALSE
0,1,NA,"rfx_1","C19","T_mait",21,20,4,FALSE
0,1,NA,"rfx_2","C19","T_mait",21,20,4,FALSE
0.179980981276388,0.820019018723612,NA,"rfx_3","C19","T_mait",21,20,4,FALSE
0,1,NA,"runx_1","C19","T_mait",21,20,4,FALSE
0,1,NA,"runx_2","C19","T_mait",21,20,4,FALSE
7.01827369379287e-16,0.999999999999999,NA,"scrt1","C19","T_mait",21,20,4,FALSE
0,1,NA,"six_1","C19","T_mait",21,20,4,FALSE
0,1,NA,"six_2","C19","T_mait",21,20,4,FALSE
0.182032047410145,0.817967952589855,NA,"smad","C19","T_mait",21,20,4,FALSE
0,1,NA,"smad_1","C19","T_mait",21,20,4,FALSE
0,1,NA,"smad_2","C19","T_mait",21,20,4,FALSE
0.0294967181124301,0.97050328188757,NA,"smarca1","C19","T_mait",21,20,4,FALSE
0,1,NA,"smarca5","C19","T_mait",21,20,4,FALSE
0,1,NA,"snai2","C19","T_mait",21,20,4,FALSE
0,1,NA,"sox_1","C19","T_mait",21,20,4,FALSE
0,1,NA,"sox_2","C19","T_mait",21,20,4,FALSE
0,1,NA,"sox_3","C19","T_mait",21,20,4,FALSE
2.53445797889436e-15,0.999999999999997,NA,"sox_4","C19","T_mait",21,20,4,FALSE
0,1,NA,"sox_5","C19","T_mait",21,20,4,FALSE
0.135879524086629,0.86412047591337,NA,"sox_6","C19","T_mait",21,20,4,FALSE
0.0485988028397298,0.95140119716027,NA,"sox_7","C19","T_mait",21,20,4,FALSE
0,1,NA,"sox_8","C19","T_mait",21,20,4,FALSE
0,1,NA,"spdef_1","C19","T_mait",21,20,4,FALSE
0.0782348942075927,0.921765105792407,NA,"spdef_2","C19","T_mait",21,20,4,FALSE
0,1,NA,"spi","C19","T_mait",21,20,4,FALSE
0,1,NA,"spz1","C19","T_mait",21,20,4,FALSE
0,1,NA,"srebf1","C19","T_mait",21,20,4,FALSE
0.0429181899736985,0.957081810026302,NA,"srf","C19","T_mait",21,20,4,FALSE
0.0288279456679045,0.971172054332095,NA,"stat_1","C19","T_mait",21,20,4,FALSE
0,1,NA,"stat_2","C19","T_mait",21,20,4,FALSE
0,1,NA,"tata","C19","T_mait",21,20,4,FALSE
0,1,NA,"tbx_1","C19","T_mait",21,20,4,FALSE
0.0275978680018422,0.972402131998158,NA,"tbx_2","C19","T_mait",21,20,4,FALSE
0,1,NA,"tbx_3","C19","T_mait",21,20,4,FALSE
0,1,NA,"tbx_4","C19","T_mait",21,20,4,FALSE
0,1,NA,"tcf_lef","C19","T_mait",21,20,4,FALSE
0,1,NA,"tead","C19","T_mait",21,20,4,FALSE
0,1,NA,"tfap2_1","C19","T_mait",21,20,4,FALSE
0.0476851638173772,0.952314836182623,NA,"tfap2_2","C19","T_mait",21,20,4,FALSE
0.0976674789732944,0.902332521026705,NA,"tfcp2","C19","T_mait",21,20,4,FALSE
0,1,NA,"thap1","C19","T_mait",21,20,4,FALSE
0.111812045411878,0.888187954588122,NA,"yy1","C19","T_mait",21,20,4,FALSE
0,1,NA,"zbed1","C19","T_mait",21,20,4,FALSE
0,1,NA,"zbtb14","C19","T_mait",21,20,4,FALSE
0,1,NA,"zbtb48","C19","T_mait",21,20,4,FALSE
0,1,NA,"zbtb49","C19","T_mait",21,20,4,FALSE
0.277791771206027,0.722208228793973,NA,"zbtb6","C19","T_mait",21,20,4,FALSE
0,1,NA,"zbtb7a","C19","T_mait",21,20,4,FALSE
0.113855827559533,0.886144172440467,NA,"zfn121","C19","T_mait",21,20,4,FALSE
0.20304117239401,0.79695882760599,NA,"zfx","C19","T_mait",21,20,4,FALSE
0,1,NA,"zic","C19","T_mait",21,20,4,FALSE
0,1,NA,"zic_2","C19","T_mait",21,20,4,FALSE
0,1,NA,"zim3","C19","T_mait",21,20,4,FALSE
0.197278717210654,0.802721282789346,NA,"zkscan1","C19","T_mait",21,20,4,FALSE
0,1,NA,"znf134","C19","T_mait",21,20,4,FALSE
0,1,NA,"znf136","C19","T_mait",21,20,4,FALSE
0,1,NA,"znf140","C19","T_mait",21,20,4,FALSE
0.00691689546443713,0.993083104535563,NA,"znf143","C19","T_mait",21,20,4,FALSE
0,1,NA,"znf143_1","C19","T_mait",21,20,4,FALSE
0.02654700341158,0.97345299658842,NA,"znf146","C19","T_mait",21,20,4,FALSE
0,1,NA,"znf232","C19","T_mait",21,20,4,FALSE
0,1,NA,"znf24","C19","T_mait",21,20,4,FALSE
0,1,NA,"znf250","C19","T_mait",21,20,4,FALSE
0,1,NA,"znf257","C19","T_mait",21,20,4,FALSE
0,1,NA,"znf274","C19","T_mait",21,20,4,FALSE
0.0258807811216626,0.974119218878338,NA,"znf28","C19","T_mait",21,20,4,FALSE
0,1,NA,"znf282","C19","T_mait",21,20,4,FALSE
0,1,NA,"znf306","C19","T_mait",21,20,4,FALSE
0.242003198472996,0.757996801527004,NA,"znf317","C19","T_mait",21,20,4,FALSE
0,1,NA,"znf320","C19","T_mait",21,20,4,FALSE
3.3970113253187e-17,1,NA,"znf324","C19","T_mait",21,20,4,FALSE
0,1,NA,"znf329","C19","T_mait",21,20,4,FALSE
0,1,NA,"znf331","C19","T_mait",21,20,4,FALSE
0.00615782595551572,0.993842174044484,NA,"znf332","C19","T_mait",21,20,4,FALSE
0,1,NA,"znf335","C19","T_mait",21,20,4,FALSE
0,1,NA,"znf354","C19","T_mait",21,20,4,FALSE
0,1,NA,"znf382","C19","T_mait",21,20,4,FALSE
0,1,NA,"znf384_1","C19","T_mait",21,20,4,FALSE
0,1,NA,"znf384_2","C19","T_mait",21,20,4,FALSE
0,1,NA,"znf41","C19","T_mait",21,20,4,FALSE
0,1,NA,"znf410","C19","T_mait",21,20,4,FALSE
0,1,NA,"znf418","C19","T_mait",21,20,4,FALSE
0,1,NA,"znf423","C19","T_mait",21,20,4,FALSE
0.141317082719763,0.858682917280237,NA,"znf431","C19","T_mait",21,20,4,FALSE
0.0144343941482511,0.985565605851749,NA,"znf435","C19","T_mait",21,20,4,FALSE
0,1,NA,"znf436","C19","T_mait",21,20,4,FALSE
0,1,NA,"znf449","C19","T_mait",21,20,4,FALSE
0,1,NA,"znf490","C19","T_mait",21,20,4,FALSE
0.0519145483384229,0.948085451661577,NA,"znf524","C19","T_mait",21,20,4,FALSE
0.00850217372236408,0.991497826277636,NA,"znf528","C19","T_mait",21,20,4,FALSE
0,1,NA,"znf53","C19","T_mait",21,20,4,FALSE
0,1,NA,"znf547","C19","T_mait",21,20,4,FALSE
0,1,NA,"znf549","C19","T_mait",21,20,4,FALSE
0.00938895365043795,0.990611046349562,NA,"znf554","C19","T_mait",21,20,4,FALSE
0.0143650010679418,0.985634998932058,NA,"znf563","C19","T_mait",21,20,4,FALSE
0.0643163088473359,0.935683691152664,NA,"znf57","C19","T_mait",21,20,4,FALSE
0,1,NA,"znf586","C19","T_mait",21,20,4,FALSE
0,1,NA,"znf652","C19","T_mait",21,20,4,FALSE
0,1,NA,"znf667","C19","T_mait",21,20,4,FALSE
0,1,NA,"znf680","C19","T_mait",21,20,4,FALSE
0,1,NA,"znf708","C19","T_mait",21,20,4,FALSE
0,1,NA,"znf713","C19","T_mait",21,20,4,FALSE
0,1,NA,"znf768","C19","T_mait",21,20,4,FALSE
0,1,NA,"znf784","C19","T_mait",21,20,4,FALSE
0.200900710057672,0.799099289942328,NA,"znf85","C19","T_mait",21,20,4,FALSE
0,1,NA,"znf85_1","C19","T_mait",21,20,4,FALSE
0.227076016862935,0.772923983137065,NA,"zscan3","C19","T_mait",21,20,4,FALSE
0,1,NA,"zscan4","C19","T_mait",21,20,4,FALSE
0.0801108113227097,0.91988918867729,NA,"ahr","C19","T_mem_CD4",25,22,4,FALSE
0.0278955098367189,0.972104490163281,NA,"aire","C19","T_mem_CD4",25,22,4,FALSE
0,1,NA,"ap1_1","C19","T_mem_CD4",25,22,4,FALSE
0,1,NA,"ap1_2","C19","T_mem_CD4",25,22,4,FALSE
0.085502617179263,0.914497382820737,NA,"ari5a","C19","T_mem_CD4",25,22,4,FALSE
0.0612403423432864,0.938759657656714,NA,"ari5b","C19","T_mem_CD4",25,22,4,FALSE
0,1,NA,"batf","C19","T_mem_CD4",25,22,4,FALSE
0,1,NA,"bcl6_1","C19","T_mem_CD4",25,22,4,FALSE
0.256056826519652,0.743943173480348,NA,"bcl6_2","C19","T_mem_CD4",25,22,4,FALSE
6.56394520738129e-05,0.999934360547926,NA,"ccaat_cebp","C19","T_mem_CD4",25,22,4,FALSE
0,1,NA,"cenbp","C19","T_mem_CD4",25,22,4,FALSE
0.348431061458347,0.651568938541653,NA,"cpeb1","C19","T_mem_CD4",25,22,4,FALSE
0.345846356599825,0.654153643400175,NA,"creb_atf_1","C19","T_mem_CD4",25,22,4,FALSE
0.231238303763055,0.768761696236945,NA,"creb_atf_2","C19","T_mem_CD4",25,22,4,FALSE
0,1,NA,"creb_atf_3","C19","T_mem_CD4",25,22,4,FALSE
0.0267758576347162,0.973224142365284,NA,"creb3_xbp1","C19","T_mem_CD4",25,22,4,FALSE
0,1,NA,"ctcf","C19","T_mem_CD4",25,22,4,FALSE
0,1,NA,"cux_1","C19","T_mem_CD4",25,22,4,FALSE
1.11510339720244e-15,0.999999999999999,NA,"cux_2","C19","T_mem_CD4",25,22,4,FALSE
0,1,NA,"cux_3","C19","T_mem_CD4",25,22,4,FALSE
0.0881095222440452,0.911890477755955,NA,"cux_4","C19","T_mem_CD4",25,22,4,FALSE
0.0661727162520308,0.933827283747969,NA,"ddit3cebpa","C19","T_mem_CD4",25,22,4,FALSE
0,1,NA,"dmrt1","C19","T_mem_CD4",25,22,4,FALSE
0,1,NA,"dmrt3","C19","T_mem_CD4",25,22,4,FALSE
0.0280464910237988,0.971953508976201,NA,"e2f_1","C19","T_mem_CD4",25,22,4,FALSE
0.0226700913111934,0.977329908688807,NA,"e2f_2","C19","T_mem_CD4",25,22,4,FALSE
0,1,NA,"e2f_3","C19","T_mem_CD4",25,22,4,FALSE
0.0188400528146788,0.981159947185321,NA,"e2f_4","C19","T_mem_CD4",25,22,4,FALSE
0.21844671993096,0.78155328006904,NA,"ebf1","C19","T_mem_CD4",25,22,4,FALSE
0.1452652693235,0.8547347306765,NA,"ebox_cacctg","C19","T_mem_CD4",25,22,4,FALSE
0.0405581718920642,0.959441828107936,NA,"ebox_cacgtg_1","C19","T_mem_CD4",25,22,4,FALSE
0,1,NA,"ebox_cacgtg_2","C19","T_mem_CD4",25,22,4,FALSE
0.163941154153001,0.836058845847,NA,"ebox_cagatgg","C19","T_mem_CD4",25,22,4,FALSE
0.0742658235428698,0.92573417645713,NA,"ebox_cagctg","C19","T_mem_CD4",25,22,4,FALSE
0.0830582344125005,0.9169417655875,NA,"ebox_catatg","C19","T_mem_CD4",25,22,4,FALSE
0.00493452560411469,0.995065474395885,NA,"egr","C19","T_mem_CD4",25,22,4,FALSE
0.218910988240522,0.781089011759478,NA,"ets_1","C19","T_mem_CD4",25,22,4,FALSE
0.272159353148934,0.727840646851066,NA,"ets_2","C19","T_mem_CD4",25,22,4,FALSE
0,1,NA,"evi1_mecom","C19","T_mem_CD4",25,22,4,FALSE
0.0766492801051668,0.923350719894833,NA,"ewsr1_fli1","C19","T_mem_CD4",25,22,4,FALSE
0.100024902544901,0.899975097455099,NA,"fezf1","C19","T_mem_CD4",25,22,4,FALSE
0,1,NA,"fox_1","C19","T_mem_CD4",25,22,4,FALSE
0,1,NA,"fox_2","C19","T_mem_CD4",25,22,4,FALSE
0.135169159848296,0.864830840151704,NA,"fox_3","C19","T_mem_CD4",25,22,4,FALSE
0,1,NA,"fox_4","C19","T_mem_CD4",25,22,4,FALSE
0.0377890095919737,0.962210990408026,NA,"fox_5","C19","T_mem_CD4",25,22,4,FALSE
0.0744505600877689,0.925549439912231,NA,"fox_6","C19","T_mem_CD4",25,22,4,FALSE
0.0951230307520572,0.904876969247943,NA,"fox_7","C19","T_mem_CD4",25,22,4,FALSE
0.0622738677633757,0.937726132236624,NA,"fox_8","C19","T_mem_CD4",25,22,4,FALSE
0,1,NA,"fox_9","C19","T_mem_CD4",25,22,4,FALSE
0,1,NA,"gata","C19","T_mem_CD4",25,22,4,FALSE
0.016144220543723,0.983855779456277,NA,"gc_tract","C19","T_mem_CD4",25,22,4,FALSE
0.247053667095893,0.752946332904107,NA,"gcm","C19","T_mem_CD4",25,22,4,FALSE
0,1,NA,"gfi","C19","T_mem_CD4",25,22,4,FALSE
0,1,NA,"gli","C19","T_mem_CD4",25,22,4,FALSE
0.287603399295006,0.712396600704994,NA,"glis","C19","T_mem_CD4",25,22,4,FALSE
0.0732995507262892,0.926700449273711,NA,"gmeb2_1","C19","T_mem_CD4",25,22,4,FALSE
0.100654851076359,0.899345148923641,NA,"gmeb2_2","C19","T_mem_CD4",25,22,4,FALSE
0.0887685983910251,0.911231401608975,NA,"gmeb2_3","C19","T_mem_CD4",25,22,4,FALSE
0,1,NA,"grhl","C19","T_mem_CD4",25,22,4,FALSE
0.026519350509075,0.973480649490925,NA,"hand1","C19","T_mem_CD4",25,22,4,FALSE
0.0402810319101593,0.959718968089841,NA,"hd_1","C19","T_mem_CD4",25,22,4,FALSE
0,1,NA,"hd_10","C19","T_mem_CD4",25,22,4,FALSE
0,1,NA,"hd_11","C19","T_mem_CD4",25,22,4,FALSE
0.00526485227266232,0.994735147727338,NA,"hd_12","C19","T_mem_CD4",25,22,4,FALSE
0.0643121735042008,0.935687826495799,NA,"hd_13","C19","T_mem_CD4",25,22,4,FALSE
0,1,NA,"hd_14","C19","T_mem_CD4",25,22,4,FALSE
0.00770690999316768,0.992293090006832,NA,"hd_15","C19","T_mem_CD4",25,22,4,FALSE
0.0719138696433258,0.928086130356674,NA,"hd_16","C19","T_mem_CD4",25,22,4,FALSE
3.92980532416615e-17,1,NA,"hd_17","C19","T_mem_CD4",25,22,4,FALSE
0.161712161241351,0.838287838758649,NA,"hd_18","C19","T_mem_CD4",25,22,4,FALSE
0.0426071354963509,0.957392864503649,NA,"hd_19","C19","T_mem_CD4",25,22,4,FALSE
0,1,NA,"hd_2","C19","T_mem_CD4",25,22,4,FALSE
0.378865822659853,0.621134177340147,NA,"hd_20","C19","T_mem_CD4",25,22,4,FALSE
0,1,NA,"hd_21","C19","T_mem_CD4",25,22,4,FALSE
0.323060314512985,0.676939685487015,NA,"hd_22","C19","T_mem_CD4",25,22,4,FALSE
0,1,NA,"hd_23","C19","T_mem_CD4",25,22,4,FALSE
0,1,NA,"hd_24","C19","T_mem_CD4",25,22,4,FALSE
0,1,NA,"hd_25","C19","T_mem_CD4",25,22,4,FALSE
0.0422468056390972,0.957753194360903,NA,"hd_3","C19","T_mem_CD4",25,22,4,FALSE
0,1,NA,"hd_4","C19","T_mem_CD4",25,22,4,FALSE
0.205604347077473,0.794395652922527,NA,"hd_5","C19","T_mem_CD4",25,22,4,FALSE
0.0189267562049099,0.98107324379509,NA,"hd_6","C19","T_mem_CD4",25,22,4,FALSE
0.158881556863699,0.8411184431363,NA,"hd_7","C19","T_mem_CD4",25,22,4,FALSE
0.0451436582216833,0.954856341778317,NA,"hd_8","C19","T_mem_CD4",25,22,4,FALSE
0,1,NA,"hd_9","C19","T_mem_CD4",25,22,4,FALSE
0,1,NA,"hen1","C19","T_mem_CD4",25,22,4,FALSE
0.109681638864673,0.890318361135327,NA,"hic_1","C19","T_mem_CD4",25,22,4,FALSE
0,1,NA,"hic_2","C19","T_mem_CD4",25,22,4,FALSE
0,1,NA,"hif","C19","T_mem_CD4",25,22,4,FALSE
0,1,NA,"hinfp1_1","C19","T_mem_CD4",25,22,4,FALSE
0,1,NA,"hinfp1_2","C19","T_mem_CD4",25,22,4,FALSE
0,1,NA,"hinfp1_3","C19","T_mem_CD4",25,22,4,FALSE
0,1,NA,"hltf","C19","T_mem_CD4",25,22,4,FALSE
0,1,NA,"homez","C19","T_mem_CD4",25,22,4,FALSE
0,1,NA,"hsf","C19","T_mem_CD4",25,22,4,FALSE
0.0816778625718532,0.918322137428147,NA,"hsfy2","C19","T_mem_CD4",25,22,4,FALSE
0.150190983431159,0.849809016568841,NA,"insm1","C19","T_mem_CD4",25,22,4,FALSE
0.0275976993942394,0.972402300605761,NA,"irf_1","C19","T_mem_CD4",25,22,4,FALSE
4.19942458359534e-17,1,NA,"irf_2","C19","T_mem_CD4",25,22,4,FALSE
0.0697709897953768,0.930229010204623,NA,"irf_3","C19","T_mem_CD4",25,22,4,FALSE
0,1,NA,"irf_4","C19","T_mem_CD4",25,22,4,FALSE
0.142172926765974,0.857827073234026,NA,"kaiso","C19","T_mem_CD4",25,22,4,FALSE
0.198161223383549,0.80183877661645,NA,"klf_sp_1","C19","T_mem_CD4",25,22,4,FALSE
0,1,NA,"klf_sp_2","C19","T_mem_CD4",25,22,4,FALSE
0,1,NA,"klf_sp_3","C19","T_mem_CD4",25,22,4,FALSE
0,1,NA,"lef1","C19","T_mem_CD4",25,22,4,FALSE
0,1,NA,"lin54","C19","T_mem_CD4",25,22,4,FALSE
0.202186328987179,0.797813671012821,NA,"maf","C19","T_mem_CD4",25,22,4,FALSE
0,1,NA,"mbd2","C19","T_mem_CD4",25,22,4,FALSE
0,1,NA,"mecp2","C19","T_mem_CD4",25,22,4,FALSE
0.463221598622335,0.536778401377666,NA,"mef2","C19","T_mem_CD4",25,22,4,FALSE
0.239052169346954,0.760947830653046,NA,"mfz1","C19","T_mem_CD4",25,22,4,FALSE
0,1,NA,"mies","C19","T_mem_CD4",25,22,4,FALSE
0,1,NA,"mtf1","C19","T_mem_CD4",25,22,4,FALSE
0,1,NA,"myb_1","C19","T_mem_CD4",25,22,4,FALSE
0.125173327294077,0.874826672705923,NA,"myb_2","C19","T_mem_CD4",25,22,4,FALSE
0.118648462560239,0.881351537439762,NA,"myb_3","C19","T_mem_CD4",25,22,4,FALSE
0.00217955652339676,0.997820443476603,NA,"myb_4","C19","T_mem_CD4",25,22,4,FALSE
0.0793469222567819,0.920653077743218,NA,"myb_5","C19","T_mem_CD4",25,22,4,FALSE
0.200387527002782,0.799612472997218,NA,"mzf1","C19","T_mem_CD4",25,22,4,FALSE
0.103174444600597,0.896825555399403,NA,"nfac_2","C19","T_mem_CD4",25,22,4,FALSE
0,1,NA,"nfat_1","C19","T_mem_CD4",25,22,4,FALSE
0.0575258431589631,0.942474156841037,NA,"nfat_2","C19","T_mem_CD4",25,22,4,FALSE
0,1,NA,"nfat_3","C19","T_mem_CD4",25,22,4,FALSE
1.65617196194263e-16,1,NA,"nfat_4","C19","T_mem_CD4",25,22,4,FALSE
0.18492653129924,0.815073468700759,NA,"nfi_1","C19","T_mem_CD4",25,22,4,FALSE
0,1,NA,"nfi_2","C19","T_mem_CD4",25,22,4,FALSE
0.136900797527209,0.863099202472791,NA,"nfi_3","C19","T_mem_CD4",25,22,4,FALSE
0.0377088136740824,0.962291186325918,NA,"nfkb_1","C19","T_mem_CD4",25,22,4,FALSE
0.113446819733241,0.886553180266759,NA,"nfkb_2","C19","T_mem_CD4",25,22,4,FALSE
0.128187847781104,0.871812152218896,NA,"nfkb_3","C19","T_mem_CD4",25,22,4,FALSE
0.236742581652316,0.763257418347684,NA,"nfy","C19","T_mem_CD4",25,22,4,FALSE
0,1,NA,"nr_1","C19","T_mem_CD4",25,22,4,FALSE
0,1,NA,"nr_10","C19","T_mem_CD4",25,22,4,FALSE
0.145639362179175,0.854360637820825,NA,"nr_11","C19","T_mem_CD4",25,22,4,FALSE
0.0820629359498406,0.917937064050159,NA,"nr_12","C19","T_mem_CD4",25,22,4,FALSE
0.00191196196043967,0.99808803803956,NA,"nr_13","C19","T_mem_CD4",25,22,4,FALSE
0.0230063277577965,0.976993672242204,NA,"nr_14","C19","T_mem_CD4",25,22,4,FALSE
0.0843514423696814,0.915648557630319,NA,"nr_15","C19","T_mem_CD4",25,22,4,FALSE
0.152051838026462,0.847948161973538,NA,"nr_16","C19","T_mem_CD4",25,22,4,FALSE
0.115819614660806,0.884180385339194,NA,"nr_17","C19","T_mem_CD4",25,22,4,FALSE
0,1,NA,"nr_18","C19","T_mem_CD4",25,22,4,FALSE
0.134347634010462,0.865652365989538,NA,"nr_19","C19","T_mem_CD4",25,22,4,FALSE
0,1,NA,"nr_2","C19","T_mem_CD4",25,22,4,FALSE
0.118654217699527,0.881345782300473,NA,"nr_20","C19","T_mem_CD4",25,22,4,FALSE
0.315337292365541,0.684662707634459,NA,"nr_3","C19","T_mem_CD4",25,22,4,FALSE
0.0348097169501524,0.965190283049848,NA,"nr_4","C19","T_mem_CD4",25,22,4,FALSE
0,1,NA,"nr_5","C19","T_mem_CD4",25,22,4,FALSE
0,1,NA,"nr_6","C19","T_mem_CD4",25,22,4,FALSE
0,1,NA,"nr_7","C19","T_mem_CD4",25,22,4,FALSE
2.25385801285028e-16,1,NA,"nr_8","C19","T_mem_CD4",25,22,4,FALSE
0.241426560568181,0.758573439431819,NA,"nr_9","C19","T_mem_CD4",25,22,4,FALSE
0,1,NA,"nr2e3","C19","T_mem_CD4",25,22,4,FALSE
0.0623213436577184,0.937678656342282,NA,"nrf1","C19","T_mem_CD4",25,22,4,FALSE
0,1,NA,"oct4sox2","C19","T_mem_CD4",25,22,4,FALSE
0.147178150002002,0.852821849997998,NA,"osr2","C19","T_mem_CD4",25,22,4,FALSE
0.0250572644416449,0.974942735558355,NA,"ovol1","C19","T_mem_CD4",25,22,4,FALSE
0.0743299628712083,0.925670037128792,NA,"p53_like_1","C19","T_mem_CD4",25,22,4,FALSE
0,1,NA,"p53_like_2","C19","T_mem_CD4",25,22,4,FALSE
0.0836457717866797,0.91635422821332,NA,"p53_like_3","C19","T_mem_CD4",25,22,4,FALSE
0.0242977378434218,0.975702262156578,NA,"pax_halfsite","C19","T_mem_CD4",25,22,4,FALSE
0,1,NA,"pax_1","C19","T_mem_CD4",25,22,4,FALSE
0,1,NA,"pax_2","C19","T_mem_CD4",25,22,4,FALSE
0.0496850855264233,0.950314914473577,NA,"plag1","C19","T_mem_CD4",25,22,4,FALSE
0.360351359866045,0.639648640133955,NA,"pou_1","C19","T_mem_CD4",25,22,4,FALSE
0.179427282739468,0.820572717260532,NA,"pou_2","C19","T_mem_CD4",25,22,4,FALSE
0,1,NA,"pou_3","C19","T_mem_CD4",25,22,4,FALSE
0.116390466423572,0.883609533576428,NA,"prdm1","C19","T_mem_CD4",25,22,4,FALSE
0,1,NA,"prdm14","C19","T_mem_CD4",25,22,4,FALSE
0.207353283459968,0.792646716540032,NA,"prdm16","C19","T_mem_CD4",25,22,4,FALSE
0,1,NA,"prdm4","C19","T_mem_CD4",25,22,4,FALSE
0.21211552076708,0.78788447923292,NA,"prdm5","C19","T_mem_CD4",25,22,4,FALSE
0.060847703986646,0.939152296013354,NA,"prdm9","C19","T_mem_CD4",25,22,4,FALSE
0,1,NA,"prox1","C19","T_mem_CD4",25,22,4,FALSE
0.0374829351974484,0.962517064802552,NA,"rbpj","C19","T_mem_CD4",25,22,4,FALSE
0.264570835671529,0.735429164328471,NA,"rel_halfsite","C19","T_mem_CD4",25,22,4,FALSE
0.181465566673086,0.818534433326914,NA,"rest_nrsf","C19","T_mem_CD4",25,22,4,FALSE
0.185940889544506,0.814059110455494,NA,"rfx_1","C19","T_mem_CD4",25,22,4,FALSE
0.0797232889623777,0.920276711037622,NA,"rfx_2","C19","T_mem_CD4",25,22,4,FALSE
0.0661037023377423,0.933896297662258,NA,"rfx_3","C19","T_mem_CD4",25,22,4,FALSE
0.100894005558295,0.899105994441705,NA,"runx_1","C19","T_mem_CD4",25,22,4,FALSE
0.0468128457518368,0.953187154248163,NA,"runx_2","C19","T_mem_CD4",25,22,4,FALSE
0,1,NA,"scrt1","C19","T_mem_CD4",25,22,4,FALSE
0.0388231101249123,0.961176889875088,NA,"six_1","C19","T_mem_CD4",25,22,4,FALSE
0.00168547680120069,0.998314523198799,NA,"six_2","C19","T_mem_CD4",25,22,4,FALSE
0.105228917966477,0.894771082033523,NA,"smad","C19","T_mem_CD4",25,22,4,FALSE
0.00732597861899924,0.992674021381001,NA,"smad_1","C19","T_mem_CD4",25,22,4,FALSE
0.0287074619226868,0.971292538077313,NA,"smad_2","C19","T_mem_CD4",25,22,4,FALSE
0,1,NA,"smarca1","C19","T_mem_CD4",25,22,4,FALSE
0.116648459882595,0.883351540117405,NA,"smarca5","C19","T_mem_CD4",25,22,4,FALSE
0,1,NA,"snai2","C19","T_mem_CD4",25,22,4,FALSE
0.127445746025601,0.872554253974399,NA,"sox_1","C19","T_mem_CD4",25,22,4,FALSE
0.125800542051083,0.874199457948917,NA,"sox_2","C19","T_mem_CD4",25,22,4,FALSE
0,1,NA,"sox_3","C19","T_mem_CD4",25,22,4,FALSE
0,1,NA,"sox_4","C19","T_mem_CD4",25,22,4,FALSE
0.0335899314126468,0.966410068587353,NA,"sox_5","C19","T_mem_CD4",25,22,4,FALSE
0,1,NA,"sox_6","C19","T_mem_CD4",25,22,4,FALSE
0.0190520075779066,0.980947992422093,NA,"sox_7","C19","T_mem_CD4",25,22,4,FALSE
0,1,NA,"sox_8","C19","T_mem_CD4",25,22,4,FALSE
0,1,NA,"spdef_1","C19","T_mem_CD4",25,22,4,FALSE
0,1,NA,"spdef_2","C19","T_mem_CD4",25,22,4,FALSE
0.096495801995501,0.903504198004499,NA,"spi","C19","T_mem_CD4",25,22,4,FALSE
2.93908623649588e-16,1,NA,"spz1","C19","T_mem_CD4",25,22,4,FALSE
0.20795963208779,0.79204036791221,NA,"srebf1","C19","T_mem_CD4",25,22,4,FALSE
0.053716687802046,0.946283312197954,NA,"srf","C19","T_mem_CD4",25,22,4,FALSE
0,1,NA,"stat_1","C19","T_mem_CD4",25,22,4,FALSE
0,1,NA,"stat_2","C19","T_mem_CD4",25,22,4,FALSE
0.14488182159702,0.85511817840298,NA,"tata","C19","T_mem_CD4",25,22,4,FALSE
7.51463816187599e-16,0.999999999999999,NA,"tbx_1","C19","T_mem_CD4",25,22,4,FALSE
0.246554714533074,0.753445285466926,NA,"tbx_2","C19","T_mem_CD4",25,22,4,FALSE
0,1,NA,"tbx_3","C19","T_mem_CD4",25,22,4,FALSE
0,1,NA,"tbx_4","C19","T_mem_CD4",25,22,4,FALSE
0.0632453943718882,0.936754605628112,NA,"tcf_lef","C19","T_mem_CD4",25,22,4,FALSE
0.0454117078157829,0.954588292184217,NA,"tead","C19","T_mem_CD4",25,22,4,FALSE
0.0333197187947836,0.966680281205216,NA,"tfap2_1","C19","T_mem_CD4",25,22,4,FALSE
0.0841834727852535,0.915816527214746,NA,"tfap2_2","C19","T_mem_CD4",25,22,4,FALSE
0,1,NA,"tfcp2","C19","T_mem_CD4",25,22,4,FALSE
0,1,NA,"thap1","C19","T_mem_CD4",25,22,4,FALSE
0.251045807819533,0.748954192180467,NA,"yy1","C19","T_mem_CD4",25,22,4,FALSE
0,1,NA,"zbed1","C19","T_mem_CD4",25,22,4,FALSE
0,1,NA,"zbtb14","C19","T_mem_CD4",25,22,4,FALSE
0.420622638056621,0.579377361943379,NA,"zbtb48","C19","T_mem_CD4",25,22,4,FALSE
0,1,NA,"zbtb49","C19","T_mem_CD4",25,22,4,FALSE
0.281240214971171,0.718759785028829,NA,"zbtb6","C19","T_mem_CD4",25,22,4,FALSE
0.160331231664708,0.839668768335292,NA,"zbtb7a","C19","T_mem_CD4",25,22,4,FALSE
0.370221485800029,0.629778514199971,NA,"zfn121","C19","T_mem_CD4",25,22,4,FALSE
0.00419350422845825,0.995806495771542,NA,"zfx","C19","T_mem_CD4",25,22,4,FALSE
0.107699955286437,0.892300044713563,NA,"zic","C19","T_mem_CD4",25,22,4,FALSE
6.74073041739107e-16,0.999999999999999,NA,"zic_2","C19","T_mem_CD4",25,22,4,FALSE
0.16001431318582,0.83998568681418,NA,"zim3","C19","T_mem_CD4",25,22,4,FALSE
0.123536493057785,0.876463506942215,NA,"zkscan1","C19","T_mem_CD4",25,22,4,FALSE
0.00906428982337677,0.990935710176623,NA,"znf134","C19","T_mem_CD4",25,22,4,FALSE
0.086329427102039,0.913670572897961,NA,"znf136","C19","T_mem_CD4",25,22,4,FALSE
0.200063240497224,0.799936759502776,NA,"znf140","C19","T_mem_CD4",25,22,4,FALSE
0.156973222434462,0.843026777565538,NA,"znf143","C19","T_mem_CD4",25,22,4,FALSE
0.138801166620875,0.861198833379125,NA,"znf143_1","C19","T_mem_CD4",25,22,4,FALSE
0.0482136348409384,0.951786365159062,NA,"znf146","C19","T_mem_CD4",25,22,4,FALSE
1.17893372723423e-17,1,NA,"znf232","C19","T_mem_CD4",25,22,4,FALSE
0,1,NA,"znf24","C19","T_mem_CD4",25,22,4,FALSE
0.080761007191904,0.919238992808096,NA,"znf250","C19","T_mem_CD4",25,22,4,FALSE
0,1,NA,"znf257","C19","T_mem_CD4",25,22,4,FALSE
0,1,NA,"znf274","C19","T_mem_CD4",25,22,4,FALSE
0,1,NA,"znf28","C19","T_mem_CD4",25,22,4,FALSE
0.242394945495903,0.757605054504097,NA,"znf282","C19","T_mem_CD4",25,22,4,FALSE
0,1,NA,"znf306","C19","T_mem_CD4",25,22,4,FALSE
0,1,NA,"znf317","C19","T_mem_CD4",25,22,4,FALSE
0.148972815145512,0.851027184854488,NA,"znf320","C19","T_mem_CD4",25,22,4,FALSE
0.247514753285953,0.752485246714047,NA,"znf324","C19","T_mem_CD4",25,22,4,FALSE
0.0941223696971137,0.905877630302886,NA,"znf329","C19","T_mem_CD4",25,22,4,FALSE
0,1,NA,"znf331","C19","T_mem_CD4",25,22,4,FALSE
1.69046961319605e-17,1,NA,"znf332","C19","T_mem_CD4",25,22,4,FALSE
0.00636426685494561,0.993635733145054,NA,"znf335","C19","T_mem_CD4",25,22,4,FALSE
0,1,NA,"znf354","C19","T_mem_CD4",25,22,4,FALSE
0.0573160455623087,0.942683954437691,NA,"znf382","C19","T_mem_CD4",25,22,4,FALSE
0,1,NA,"znf384_1","C19","T_mem_CD4",25,22,4,FALSE
0.294122663437362,0.705877336562638,NA,"znf384_2","C19","T_mem_CD4",25,22,4,FALSE
0.0296870730512361,0.970312926948764,NA,"znf41","C19","T_mem_CD4",25,22,4,FALSE
0.0133588462734037,0.986641153726596,NA,"znf410","C19","T_mem_CD4",25,22,4,FALSE
0.225145991047877,0.774854008952123,NA,"znf418","C19","T_mem_CD4",25,22,4,FALSE
0.0275169261819114,0.972483073818089,NA,"znf423","C19","T_mem_CD4",25,22,4,FALSE
0.129570515800635,0.870429484199365,NA,"znf431","C19","T_mem_CD4",25,22,4,FALSE
0.0183366258755164,0.981663374124484,NA,"znf435","C19","T_mem_CD4",25,22,4,FALSE
0.13440848290571,0.86559151709429,NA,"znf436","C19","T_mem_CD4",25,22,4,FALSE
0.0011676544699483,0.998832345530052,NA,"znf449","C19","T_mem_CD4",25,22,4,FALSE
0,1,NA,"znf490","C19","T_mem_CD4",25,22,4,FALSE
0.0984894431014254,0.901510556898575,NA,"znf524","C19","T_mem_CD4",25,22,4,FALSE
0,1,NA,"znf528","C19","T_mem_CD4",25,22,4,FALSE
0,1,NA,"znf53","C19","T_mem_CD4",25,22,4,FALSE
0.22100605416987,0.77899394583013,NA,"znf547","C19","T_mem_CD4",25,22,4,FALSE
0,1,NA,"znf549","C19","T_mem_CD4",25,22,4,FALSE
0.238645333782475,0.761354666217525,NA,"znf554","C19","T_mem_CD4",25,22,4,FALSE
0.0547035998700406,0.945296400129959,NA,"znf563","C19","T_mem_CD4",25,22,4,FALSE
0.234960676525774,0.765039323474227,NA,"znf57","C19","T_mem_CD4",25,22,4,FALSE
0,1,NA,"znf586","C19","T_mem_CD4",25,22,4,FALSE
4.56893306469494e-16,1,NA,"znf652","C19","T_mem_CD4",25,22,4,FALSE
0,1,NA,"znf667","C19","T_mem_CD4",25,22,4,FALSE
0,1,NA,"znf680","C19","T_mem_CD4",25,22,4,FALSE
0,1,NA,"znf708","C19","T_mem_CD4",25,22,4,FALSE
0,1,NA,"znf713","C19","T_mem_CD4",25,22,4,FALSE
0.350386602117248,0.649613397882752,NA,"znf768","C19","T_mem_CD4",25,22,4,FALSE
0,1,NA,"znf784","C19","T_mem_CD4",25,22,4,FALSE
0,1,NA,"znf85","C19","T_mem_CD4",25,22,4,FALSE
0,1,NA,"znf85_1","C19","T_mem_CD4",25,22,4,FALSE
0.192713013633449,0.807286986366551,NA,"zscan3","C19","T_mem_CD4",25,22,4,FALSE
0,1,NA,"zscan4","C19","T_mem_CD4",25,22,4,FALSE
0,1,NA,"ahr","C19","T_mem_CD8",25,22,4,FALSE
0,1,NA,"aire","C19","T_mem_CD8",25,22,4,FALSE
0,1,NA,"ap1_1","C19","T_mem_CD8",25,22,4,FALSE
0,1,NA,"ap1_2","C19","T_mem_CD8",25,22,4,FALSE
0,1,NA,"ari5a","C19","T_mem_CD8",25,22,4,FALSE
0.0965525021229039,0.903447497877096,NA,"ari5b","C19","T_mem_CD8",25,22,4,FALSE
0,1,NA,"batf","C19","T_mem_CD8",25,22,4,FALSE
0,1,NA,"bcl6_1","C19","T_mem_CD8",25,22,4,FALSE
0.079978851658082,0.920021148341918,NA,"bcl6_2","C19","T_mem_CD8",25,22,4,FALSE
0.0998702277306693,0.900129772269331,NA,"ccaat_cebp","C19","T_mem_CD8",25,22,4,FALSE
0,1,NA,"cenbp","C19","T_mem_CD8",25,22,4,FALSE
0.25487089356433,0.74512910643567,NA,"cpeb1","C19","T_mem_CD8",25,22,4,FALSE
0.302208596368135,0.697791403631865,NA,"creb_atf_1","C19","T_mem_CD8",25,22,4,FALSE
0.242879911648528,0.757120088351472,NA,"creb_atf_2","C19","T_mem_CD8",25,22,4,FALSE
0.0783919985823094,0.921608001417691,NA,"creb_atf_3","C19","T_mem_CD8",25,22,4,FALSE
0.125667585816244,0.874332414183756,NA,"creb3_xbp1","C19","T_mem_CD8",25,22,4,FALSE
1.49962861319553e-16,1,NA,"ctcf","C19","T_mem_CD8",25,22,4,FALSE
0.0936998900510979,0.906300109948902,NA,"cux_1","C19","T_mem_CD8",25,22,4,FALSE
0,1,NA,"cux_2","C19","T_mem_CD8",25,22,4,FALSE
0.0497629163465847,0.950237083653415,NA,"cux_3","C19","T_mem_CD8",25,22,4,FALSE
0,1,NA,"cux_4","C19","T_mem_CD8",25,22,4,FALSE
0.0292500248841607,0.970749975115839,NA,"ddit3cebpa","C19","T_mem_CD8",25,22,4,FALSE
0,1,NA,"dmrt1","C19","T_mem_CD8",25,22,4,FALSE
0,1,NA,"dmrt3","C19","T_mem_CD8",25,22,4,FALSE
0,1,NA,"e2f_1","C19","T_mem_CD8",25,22,4,FALSE
0.148562790141084,0.851437209858916,NA,"e2f_2","C19","T_mem_CD8",25,22,4,FALSE
0,1,NA,"e2f_3","C19","T_mem_CD8",25,22,4,FALSE
0,1,NA,"e2f_4","C19","T_mem_CD8",25,22,4,FALSE
0.177894695426598,0.822105304573402,NA,"ebf1","C19","T_mem_CD8",25,22,4,FALSE
0.117138283964747,0.882861716035253,NA,"ebox_cacctg","C19","T_mem_CD8",25,22,4,FALSE
0.0762356927645974,0.923764307235403,NA,"ebox_cacgtg_1","C19","T_mem_CD8",25,22,4,FALSE
0,1,NA,"ebox_cacgtg_2","C19","T_mem_CD8",25,22,4,FALSE
0.184995519401296,0.815004480598704,NA,"ebox_cagatgg","C19","T_mem_CD8",25,22,4,FALSE
0.0448179618372328,0.955182038162767,NA,"ebox_cagctg","C19","T_mem_CD8",25,22,4,FALSE
0.00098555950699072,0.999014440493009,NA,"ebox_catatg","C19","T_mem_CD8",25,22,4,FALSE
0.173642117081123,0.826357882918877,NA,"egr","C19","T_mem_CD8",25,22,4,FALSE
0.312755338230678,0.687244661769322,NA,"ets_1","C19","T_mem_CD8",25,22,4,FALSE
0.298412819076854,0.701587180923146,NA,"ets_2","C19","T_mem_CD8",25,22,4,FALSE
0,1,NA,"evi1_mecom","C19","T_mem_CD8",25,22,4,FALSE
0,1,NA,"ewsr1_fli1","C19","T_mem_CD8",25,22,4,FALSE
0.0355577584439126,0.964442241556087,NA,"fezf1","C19","T_mem_CD8",25,22,4,FALSE
0,1,NA,"fox_1","C19","T_mem_CD8",25,22,4,FALSE
0.224099756384668,0.775900243615332,NA,"fox_2","C19","T_mem_CD8",25,22,4,FALSE
0.276551372118015,0.723448627881985,NA,"fox_3","C19","T_mem_CD8",25,22,4,FALSE
0,1,NA,"fox_4","C19","T_mem_CD8",25,22,4,FALSE
0.135004621722402,0.864995378277598,NA,"fox_5","C19","T_mem_CD8",25,22,4,FALSE
0.206577596662596,0.793422403337404,NA,"fox_6","C19","T_mem_CD8",25,22,4,FALSE
0.239349893712644,0.760650106287356,NA,"fox_7","C19","T_mem_CD8",25,22,4,FALSE
0.08233828349951,0.91766171650049,NA,"fox_8","C19","T_mem_CD8",25,22,4,FALSE
0,1,NA,"fox_9","C19","T_mem_CD8",25,22,4,FALSE
0,1,NA,"gata","C19","T_mem_CD8",25,22,4,FALSE
0,1,NA,"gc_tract","C19","T_mem_CD8",25,22,4,FALSE
0.208456202534025,0.791543797465975,NA,"gcm","C19","T_mem_CD8",25,22,4,FALSE
0.0152266798508553,0.984773320149145,NA,"gfi","C19","T_mem_CD8",25,22,4,FALSE
0,1,NA,"gli","C19","T_mem_CD8",25,22,4,FALSE
0.0519660465377268,0.948033953462273,NA,"glis","C19","T_mem_CD8",25,22,4,FALSE
0.0654321632293193,0.934567836770681,NA,"gmeb2_1","C19","T_mem_CD8",25,22,4,FALSE
0.0764007485641713,0.923599251435829,NA,"gmeb2_2","C19","T_mem_CD8",25,22,4,FALSE
0.152029146813222,0.847970853186778,NA,"gmeb2_3","C19","T_mem_CD8",25,22,4,FALSE
0,1,NA,"grhl","C19","T_mem_CD8",25,22,4,FALSE
0.219186224397606,0.780813775602394,NA,"hand1","C19","T_mem_CD8",25,22,4,FALSE
0,1,NA,"hd_1","C19","T_mem_CD8",25,22,4,FALSE
0,1,NA,"hd_10","C19","T_mem_CD8",25,22,4,FALSE
0.00884569083686264,0.991154309163137,NA,"hd_11","C19","T_mem_CD8",25,22,4,FALSE
0.357062958855069,0.642937041144931,NA,"hd_12","C19","T_mem_CD8",25,22,4,FALSE
0,1,NA,"hd_13","C19","T_mem_CD8",25,22,4,FALSE
0,1,NA,"hd_14","C19","T_mem_CD8",25,22,4,FALSE
0.136555449085873,0.863444550914127,NA,"hd_15","C19","T_mem_CD8",25,22,4,FALSE
0,1,NA,"hd_16","C19","T_mem_CD8",25,22,4,FALSE
0.209310205068315,0.790689794931685,NA,"hd_17","C19","T_mem_CD8",25,22,4,FALSE
0.141721668870885,0.858278331129115,NA,"hd_18","C19","T_mem_CD8",25,22,4,FALSE
0,1,NA,"hd_19","C19","T_mem_CD8",25,22,4,FALSE
2.38724668046965e-17,1,NA,"hd_2","C19","T_mem_CD8",25,22,4,FALSE
0.222164255454519,0.777835744545481,NA,"hd_20","C19","T_mem_CD8",25,22,4,FALSE
0,1,NA,"hd_21","C19","T_mem_CD8",25,22,4,FALSE
0.0673178001224674,0.932682199877533,NA,"hd_22","C19","T_mem_CD8",25,22,4,FALSE
0,1,NA,"hd_23","C19","T_mem_CD8",25,22,4,FALSE
0.219999005196647,0.780000994803353,NA,"hd_24","C19","T_mem_CD8",25,22,4,FALSE
0.0140298849808407,0.985970115019159,NA,"hd_25","C19","T_mem_CD8",25,22,4,FALSE
0.028198878242325,0.971801121757675,NA,"hd_3","C19","T_mem_CD8",25,22,4,FALSE
0.0321164715190465,0.967883528480953,NA,"hd_4","C19","T_mem_CD8",25,22,4,FALSE
0,1,NA,"hd_5","C19","T_mem_CD8",25,22,4,FALSE
0.163289329205986,0.836710670794014,NA,"hd_6","C19","T_mem_CD8",25,22,4,FALSE
0.092817770695332,0.907182229304668,NA,"hd_7","C19","T_mem_CD8",25,22,4,FALSE
0,1,NA,"hd_8","C19","T_mem_CD8",25,22,4,FALSE
0,1,NA,"hd_9","C19","T_mem_CD8",25,22,4,FALSE
0,1,NA,"hen1","C19","T_mem_CD8",25,22,4,FALSE
0.153972193796955,0.846027806203045,NA,"hic_1","C19","T_mem_CD8",25,22,4,FALSE
0,1,NA,"hic_2","C19","T_mem_CD8",25,22,4,FALSE
0.136159149872108,0.863840850127892,NA,"hif","C19","T_mem_CD8",25,22,4,FALSE
0,1,NA,"hinfp1_1","C19","T_mem_CD8",25,22,4,FALSE
0,1,NA,"hinfp1_2","C19","T_mem_CD8",25,22,4,FALSE
0,1,NA,"hinfp1_3","C19","T_mem_CD8",25,22,4,FALSE
0,1,NA,"hltf","C19","T_mem_CD8",25,22,4,FALSE
0.197837127226587,0.802162872773413,NA,"homez","C19","T_mem_CD8",25,22,4,FALSE
0,1,NA,"hsf","C19","T_mem_CD8",25,22,4,FALSE
0.0860563067199513,0.913943693280049,NA,"hsfy2","C19","T_mem_CD8",25,22,4,FALSE
0.279636895623917,0.720363104376083,NA,"insm1","C19","T_mem_CD8",25,22,4,FALSE
0,1,NA,"irf_1","C19","T_mem_CD8",25,22,4,FALSE
0.0606134387824047,0.939386561217595,NA,"irf_2","C19","T_mem_CD8",25,22,4,FALSE
0.0408749518343108,0.959125048165689,NA,"irf_3","C19","T_mem_CD8",25,22,4,FALSE
0,1,NA,"irf_4","C19","T_mem_CD8",25,22,4,FALSE
0.109379439691242,0.890620560308758,NA,"kaiso","C19","T_mem_CD8",25,22,4,FALSE
0.0294898178527943,0.970510182147206,NA,"klf_sp_1","C19","T_mem_CD8",25,22,4,FALSE
0,1,NA,"klf_sp_2","C19","T_mem_CD8",25,22,4,FALSE
0.0800708090852868,0.919929190914713,NA,"klf_sp_3","C19","T_mem_CD8",25,22,4,FALSE
0,1,NA,"lef1","C19","T_mem_CD8",25,22,4,FALSE
0.017468643767223,0.982531356232777,NA,"lin54","C19","T_mem_CD8",25,22,4,FALSE
0.272557866564481,0.727442133435519,NA,"maf","C19","T_mem_CD8",25,22,4,FALSE
0.14040116917535,0.85959883082465,NA,"mbd2","C19","T_mem_CD8",25,22,4,FALSE
0,1,NA,"mecp2","C19","T_mem_CD8",25,22,4,FALSE
0.280366799859815,0.719633200140185,NA,"mef2","C19","T_mem_CD8",25,22,4,FALSE
0,1,NA,"mfz1","C19","T_mem_CD8",25,22,4,FALSE
0.210158410479393,0.789841589520607,NA,"mies","C19","T_mem_CD8",25,22,4,FALSE
0,1,NA,"mtf1","C19","T_mem_CD8",25,22,4,FALSE
0.0846719693775266,0.915328030622473,NA,"myb_1","C19","T_mem_CD8",25,22,4,FALSE
0.142261877704364,0.857738122295636,NA,"myb_2","C19","T_mem_CD8",25,22,4,FALSE
0.0722877118129576,0.927712288187042,NA,"myb_3","C19","T_mem_CD8",25,22,4,FALSE
0.0150109912947515,0.984989008705248,NA,"myb_4","C19","T_mem_CD8",25,22,4,FALSE
0,1,NA,"myb_5","C19","T_mem_CD8",25,22,4,FALSE
0.162069051050868,0.837930948949132,NA,"mzf1","C19","T_mem_CD8",25,22,4,FALSE
0,1,NA,"nfac_2","C19","T_mem_CD8",25,22,4,FALSE
0,1,NA,"nfat_1","C19","T_mem_CD8",25,22,4,FALSE
0,1,NA,"nfat_2","C19","T_mem_CD8",25,22,4,FALSE
0,1,NA,"nfat_3","C19","T_mem_CD8",25,22,4,FALSE
0,1,NA,"nfat_4","C19","T_mem_CD8",25,22,4,FALSE
0,1,NA,"nfi_1","C19","T_mem_CD8",25,22,4,FALSE
0.105986513424951,0.894013486575049,NA,"nfi_2","C19","T_mem_CD8",25,22,4,FALSE
0.123973185987242,0.876026814012758,NA,"nfi_3","C19","T_mem_CD8",25,22,4,FALSE
0.22942201034253,0.77057798965747,NA,"nfkb_1","C19","T_mem_CD8",25,22,4,FALSE
0.0181617524101681,0.981838247589832,NA,"nfkb_2","C19","T_mem_CD8",25,22,4,FALSE
0.110799929175659,0.889200070824341,NA,"nfkb_3","C19","T_mem_CD8",25,22,4,FALSE
0.21318711869208,0.786812881307919,NA,"nfy","C19","T_mem_CD8",25,22,4,FALSE
0.250126942046707,0.749873057953293,NA,"nr_1","C19","T_mem_CD8",25,22,4,FALSE
0,1,NA,"nr_10","C19","T_mem_CD8",25,22,4,FALSE
0.226346283589171,0.773653716410829,NA,"nr_11","C19","T_mem_CD8",25,22,4,FALSE
0.0797108744925029,0.920289125507497,NA,"nr_12","C19","T_mem_CD8",25,22,4,FALSE
0,1,NA,"nr_13","C19","T_mem_CD8",25,22,4,FALSE
3.29504201065738e-16,1,NA,"nr_14","C19","T_mem_CD8",25,22,4,FALSE
0.21943513535838,0.78056486464162,NA,"nr_15","C19","T_mem_CD8",25,22,4,FALSE
0.224608989881919,0.775391010118081,NA,"nr_16","C19","T_mem_CD8",25,22,4,FALSE
0.0458185941470848,0.954181405852915,NA,"nr_17","C19","T_mem_CD8",25,22,4,FALSE
0.293262162388124,0.706737837611875,NA,"nr_18","C19","T_mem_CD8",25,22,4,FALSE
0.290966014184903,0.709033985815096,NA,"nr_19","C19","T_mem_CD8",25,22,4,FALSE
0,1,NA,"nr_2","C19","T_mem_CD8",25,22,4,FALSE
0.162153666502295,0.837846333497705,NA,"nr_20","C19","T_mem_CD8",25,22,4,FALSE
0.246138747103815,0.753861252896185,NA,"nr_3","C19","T_mem_CD8",25,22,4,FALSE
0,1,NA,"nr_4","C19","T_mem_CD8",25,22,4,FALSE
0,1,NA,"nr_5","C19","T_mem_CD8",25,22,4,FALSE
0.24227724711759,0.757722752882411,NA,"nr_6","C19","T_mem_CD8",25,22,4,FALSE
0.0882761865014894,0.911723813498511,NA,"nr_7","C19","T_mem_CD8",25,22,4,FALSE
0,1,NA,"nr_8","C19","T_mem_CD8",25,22,4,FALSE
0.0398588828408144,0.960141117159186,NA,"nr_9","C19","T_mem_CD8",25,22,4,FALSE
0.185918481670334,0.814081518329666,NA,"nr2e3","C19","T_mem_CD8",25,22,4,FALSE
0,1,NA,"nrf1","C19","T_mem_CD8",25,22,4,FALSE
0.232712891137093,0.767287108862907,NA,"oct4sox2","C19","T_mem_CD8",25,22,4,FALSE
0.084295241654444,0.915704758345556,NA,"osr2","C19","T_mem_CD8",25,22,4,FALSE
0.101202077955087,0.898797922044913,NA,"ovol1","C19","T_mem_CD8",25,22,4,FALSE
0.116460242306098,0.883539757693902,NA,"p53_like_1","C19","T_mem_CD8",25,22,4,FALSE
0,1,NA,"p53_like_2","C19","T_mem_CD8",25,22,4,FALSE
0.0294026632812083,0.970597336718792,NA,"p53_like_3","C19","T_mem_CD8",25,22,4,FALSE
0.170545762541075,0.829454237458925,NA,"pax_halfsite","C19","T_mem_CD8",25,22,4,FALSE
0.00749802013666033,0.99250197986334,NA,"pax_1","C19","T_mem_CD8",25,22,4,FALSE
0,1,NA,"pax_2","C19","T_mem_CD8",25,22,4,FALSE
0.0899427367573642,0.910057263242636,NA,"plag1","C19","T_mem_CD8",25,22,4,FALSE
0.160659159660646,0.839340840339354,NA,"pou_1","C19","T_mem_CD8",25,22,4,FALSE
0.0220746676822625,0.977925332317737,NA,"pou_2","C19","T_mem_CD8",25,22,4,FALSE
0.0807433968382398,0.91925660316176,NA,"pou_3","C19","T_mem_CD8",25,22,4,FALSE
0.0240064467894161,0.975993553210584,NA,"prdm1","C19","T_mem_CD8",25,22,4,FALSE
0,1,NA,"prdm14","C19","T_mem_CD8",25,22,4,FALSE
0.110243832250522,0.889756167749478,NA,"prdm16","C19","T_mem_CD8",25,22,4,FALSE
0,1,NA,"prdm4","C19","T_mem_CD8",25,22,4,FALSE
0.177659298515519,0.822340701484481,NA,"prdm5","C19","T_mem_CD8",25,22,4,FALSE
4.42083755306633e-17,1,NA,"prdm9","C19","T_mem_CD8",25,22,4,FALSE
0.0313670256531835,0.968632974346816,NA,"prox1","C19","T_mem_CD8",25,22,4,FALSE
0.189886323593981,0.810113676406019,NA,"rbpj","C19","T_mem_CD8",25,22,4,FALSE
0.210409901430016,0.789590098569984,NA,"rel_halfsite","C19","T_mem_CD8",25,22,4,FALSE
0.122857152395521,0.877142847604479,NA,"rest_nrsf","C19","T_mem_CD8",25,22,4,FALSE
0.127341857699229,0.872658142300771,NA,"rfx_1","C19","T_mem_CD8",25,22,4,FALSE
0.173054579977221,0.826945420022779,NA,"rfx_2","C19","T_mem_CD8",25,22,4,FALSE
0,1,NA,"rfx_3","C19","T_mem_CD8",25,22,4,FALSE
0,1,NA,"runx_1","C19","T_mem_CD8",25,22,4,FALSE
0.119380938449889,0.880619061550111,NA,"runx_2","C19","T_mem_CD8",25,22,4,FALSE
0.181703035956071,0.818296964043929,NA,"scrt1","C19","T_mem_CD8",25,22,4,FALSE
0,1,NA,"six_1","C19","T_mem_CD8",25,22,4,FALSE
0.00975528965204754,0.990244710347952,NA,"six_2","C19","T_mem_CD8",25,22,4,FALSE
0.116262300338134,0.883737699661866,NA,"smad","C19","T_mem_CD8",25,22,4,FALSE
0.144392451162748,0.855607548837252,NA,"smad_1","C19","T_mem_CD8",25,22,4,FALSE
0,1,NA,"smad_2","C19","T_mem_CD8",25,22,4,FALSE
0.24436434209572,0.75563565790428,NA,"smarca1","C19","T_mem_CD8",25,22,4,FALSE
0.203794951178785,0.796205048821215,NA,"smarca5","C19","T_mem_CD8",25,22,4,FALSE
0.0895239461077574,0.910476053892243,NA,"snai2","C19","T_mem_CD8",25,22,4,FALSE
0,1,NA,"sox_1","C19","T_mem_CD8",25,22,4,FALSE
0.0404405114784852,0.959559488521515,NA,"sox_2","C19","T_mem_CD8",25,22,4,FALSE
0.205615971435933,0.794384028564067,NA,"sox_3","C19","T_mem_CD8",25,22,4,FALSE
0.00978551003366386,0.990214489966336,NA,"sox_4","C19","T_mem_CD8",25,22,4,FALSE
0,1,NA,"sox_5","C19","T_mem_CD8",25,22,4,FALSE
0.162778144876577,0.837221855123423,NA,"sox_6","C19","T_mem_CD8",25,22,4,FALSE
0.213881693583283,0.786118306416717,NA,"sox_7","C19","T_mem_CD8",25,22,4,FALSE
0.0900074257430713,0.909992574256929,NA,"sox_8","C19","T_mem_CD8",25,22,4,FALSE
0.0333301505437953,0.966669849456205,NA,"spdef_1","C19","T_mem_CD8",25,22,4,FALSE
0.0442073420380278,0.955792657961972,NA,"spdef_2","C19","T_mem_CD8",25,22,4,FALSE
0.107996329786709,0.892003670213291,NA,"spi","C19","T_mem_CD8",25,22,4,FALSE
0,1,NA,"spz1","C19","T_mem_CD8",25,22,4,FALSE
0.0807125886334069,0.919287411366593,NA,"srebf1","C19","T_mem_CD8",25,22,4,FALSE
0.0651035208712318,0.934896479128768,NA,"srf","C19","T_mem_CD8",25,22,4,FALSE
0,1,NA,"stat_1","C19","T_mem_CD8",25,22,4,FALSE
0,1,NA,"stat_2","C19","T_mem_CD8",25,22,4,FALSE
0.115962273469105,0.884037726530896,NA,"tata","C19","T_mem_CD8",25,22,4,FALSE
0,1,NA,"tbx_1","C19","T_mem_CD8",25,22,4,FALSE
0.084008239123894,0.915991760876106,NA,"tbx_2","C19","T_mem_CD8",25,22,4,FALSE
0,1,NA,"tbx_3","C19","T_mem_CD8",25,22,4,FALSE
0,1,NA,"tbx_4","C19","T_mem_CD8",25,22,4,FALSE
0,1,NA,"tcf_lef","C19","T_mem_CD8",25,22,4,FALSE
0.112564777351453,0.887435222648547,NA,"tead","C19","T_mem_CD8",25,22,4,FALSE
0.111834271276158,0.888165728723842,NA,"tfap2_1","C19","T_mem_CD8",25,22,4,FALSE
0.188790250084593,0.811209749915407,NA,"tfap2_2","C19","T_mem_CD8",25,22,4,FALSE
0,1,NA,"tfcp2","C19","T_mem_CD8",25,22,4,FALSE
0.0222882026091488,0.977711797390851,NA,"thap1","C19","T_mem_CD8",25,22,4,FALSE
0.262439632124647,0.737560367875353,NA,"yy1","C19","T_mem_CD8",25,22,4,FALSE
0,1,NA,"zbed1","C19","T_mem_CD8",25,22,4,FALSE
0.120622941890355,0.879377058109645,NA,"zbtb14","C19","T_mem_CD8",25,22,4,FALSE
0.0984902284193674,0.901509771580633,NA,"zbtb48","C19","T_mem_CD8",25,22,4,FALSE
0,1,NA,"zbtb49","C19","T_mem_CD8",25,22,4,FALSE
0.198616704313802,0.801383295686197,NA,"zbtb6","C19","T_mem_CD8",25,22,4,FALSE
0.15497534307153,0.84502465692847,NA,"zbtb7a","C19","T_mem_CD8",25,22,4,FALSE
0.283557045908127,0.716442954091873,NA,"zfn121","C19","T_mem_CD8",25,22,4,FALSE
0.0589190913721311,0.941080908627869,NA,"zfx","C19","T_mem_CD8",25,22,4,FALSE
0.215935827029929,0.784064172970071,NA,"zic","C19","T_mem_CD8",25,22,4,FALSE
0.0211570919256854,0.978842908074315,NA,"zic_2","C19","T_mem_CD8",25,22,4,FALSE
0,1,NA,"zim3","C19","T_mem_CD8",25,22,4,FALSE
0.133393461911093,0.866606538088907,NA,"zkscan1","C19","T_mem_CD8",25,22,4,FALSE
0.136425517561073,0.863574482438927,NA,"znf134","C19","T_mem_CD8",25,22,4,FALSE
0.207606791102978,0.792393208897022,NA,"znf136","C19","T_mem_CD8",25,22,4,FALSE
0,1,NA,"znf140","C19","T_mem_CD8",25,22,4,FALSE
0,1,NA,"znf143","C19","T_mem_CD8",25,22,4,FALSE
0.162711202859928,0.837288797140072,NA,"znf143_1","C19","T_mem_CD8",25,22,4,FALSE
0,1,NA,"znf146","C19","T_mem_CD8",25,22,4,FALSE
0,1,NA,"znf232","C19","T_mem_CD8",25,22,4,FALSE
0.281465539750932,0.718534460249068,NA,"znf24","C19","T_mem_CD8",25,22,4,FALSE
0,1,NA,"znf250","C19","T_mem_CD8",25,22,4,FALSE
0.0765088094009002,0.9234911905991,NA,"znf257","C19","T_mem_CD8",25,22,4,FALSE
0.220971699409708,0.779028300590292,NA,"znf274","C19","T_mem_CD8",25,22,4,FALSE
0.0439119804898806,0.956088019510119,NA,"znf28","C19","T_mem_CD8",25,22,4,FALSE
0,1,NA,"znf282","C19","T_mem_CD8",25,22,4,FALSE
0.0363211712147838,0.963678828785216,NA,"znf306","C19","T_mem_CD8",25,22,4,FALSE
0.0274735226296546,0.972526477370345,NA,"znf317","C19","T_mem_CD8",25,22,4,FALSE
0.19903528963845,0.80096471036155,NA,"znf320","C19","T_mem_CD8",25,22,4,FALSE
0.307300346669796,0.692699653330204,NA,"znf324","C19","T_mem_CD8",25,22,4,FALSE
0.00625625741870021,0.9937437425813,NA,"znf329","C19","T_mem_CD8",25,22,4,FALSE
0.0930565483364591,0.906943451663541,NA,"znf331","C19","T_mem_CD8",25,22,4,FALSE
0.24501884820181,0.75498115179819,NA,"znf332","C19","T_mem_CD8",25,22,4,FALSE
0.0271524990700154,0.972847500929985,NA,"znf335","C19","T_mem_CD8",25,22,4,FALSE
2.11535466353917e-15,0.999999999999998,NA,"znf354","C19","T_mem_CD8",25,22,4,FALSE
0.222949319959254,0.777050680040746,NA,"znf382","C19","T_mem_CD8",25,22,4,FALSE
0.0204072073526657,0.979592792647334,NA,"znf384_1","C19","T_mem_CD8",25,22,4,FALSE
0.0922336084377697,0.90776639156223,NA,"znf384_2","C19","T_mem_CD8",25,22,4,FALSE
0.128292558948455,0.871707441051545,NA,"znf41","C19","T_mem_CD8",25,22,4,FALSE
0.118390452539604,0.881609547460396,NA,"znf410","C19","T_mem_CD8",25,22,4,FALSE
0.0876721826707788,0.912327817329221,NA,"znf418","C19","T_mem_CD8",25,22,4,FALSE
0,1,NA,"znf423","C19","T_mem_CD8",25,22,4,FALSE
0.155278932124184,0.844721067875816,NA,"znf431","C19","T_mem_CD8",25,22,4,FALSE
0.0784412031726907,0.921558796827309,NA,"znf435","C19","T_mem_CD8",25,22,4,FALSE
0.111591265344686,0.888408734655313,NA,"znf436","C19","T_mem_CD8",25,22,4,FALSE
0.153897773256579,0.846102226743421,NA,"znf449","C19","T_mem_CD8",25,22,4,FALSE
0,1,NA,"znf490","C19","T_mem_CD8",25,22,4,FALSE
0.118470714967739,0.881529285032261,NA,"znf524","C19","T_mem_CD8",25,22,4,FALSE
0,1,NA,"znf528","C19","T_mem_CD8",25,22,4,FALSE
0.123030030114132,0.876969969885868,NA,"znf53","C19","T_mem_CD8",25,22,4,FALSE
0.0162375567591401,0.98376244324086,NA,"znf547","C19","T_mem_CD8",25,22,4,FALSE
0.155923257182477,0.844076742817523,NA,"znf549","C19","T_mem_CD8",25,22,4,FALSE
0,1,NA,"znf554","C19","T_mem_CD8",25,22,4,FALSE
0.240508449661258,0.759491550338742,NA,"znf563","C19","T_mem_CD8",25,22,4,FALSE
0.274828101913281,0.725171898086719,NA,"znf57","C19","T_mem_CD8",25,22,4,FALSE
2.18474648161331e-16,1,NA,"znf586","C19","T_mem_CD8",25,22,4,FALSE
0,1,NA,"znf652","C19","T_mem_CD8",25,22,4,FALSE
0,1,NA,"znf667","C19","T_mem_CD8",25,22,4,FALSE
0.0834080244836516,0.916591975516348,NA,"znf680","C19","T_mem_CD8",25,22,4,FALSE
0.0903675789045922,0.909632421095408,NA,"znf708","C19","T_mem_CD8",25,22,4,FALSE
5.99174695340891e-17,1,NA,"znf713","C19","T_mem_CD8",25,22,4,FALSE
0.141692088961888,0.858307911038112,NA,"znf768","C19","T_mem_CD8",25,22,4,FALSE
0,1,NA,"znf784","C19","T_mem_CD8",25,22,4,FALSE
0,1,NA,"znf85","C19","T_mem_CD8",25,22,4,FALSE
6.93596872380032e-17,1,NA,"znf85_1","C19","T_mem_CD8",25,22,4,FALSE
4.33918130172681e-17,1,NA,"zscan3","C19","T_mem_CD8",25,22,4,FALSE
0,1,NA,"zscan4","C19","T_mem_CD8",25,22,4,FALSE
0,1,NA,"ahr","C19","T_mix",22,21,4,FALSE
0.137351090711479,0.862648909288521,NA,"aire","C19","T_mix",22,21,4,FALSE
0.0858146704246807,0.914185329575319,NA,"ap1_1","C19","T_mix",22,21,4,FALSE
0,1,NA,"ap1_2","C19","T_mix",22,21,4,FALSE
0,1,NA,"ari5a","C19","T_mix",22,21,4,FALSE
0,1,NA,"ari5b","C19","T_mix",22,21,4,FALSE
0,1,NA,"batf","C19","T_mix",22,21,4,FALSE
2.72969103562728e-17,1,NA,"bcl6_1","C19","T_mix",22,21,4,FALSE
0,1,NA,"bcl6_2","C19","T_mix",22,21,4,FALSE
0.146761539797321,0.853238460202679,NA,"ccaat_cebp","C19","T_mix",22,21,4,FALSE
0,1,NA,"cenbp","C19","T_mix",22,21,4,FALSE
0,1,NA,"cpeb1","C19","T_mix",22,21,4,FALSE
0.106271598257117,0.893728401742883,NA,"creb_atf_1","C19","T_mix",22,21,4,FALSE
0.299030282806257,0.700969717193743,NA,"creb_atf_2","C19","T_mix",22,21,4,FALSE
0.0740960962970617,0.925903903702938,NA,"creb_atf_3","C19","T_mix",22,21,4,FALSE
0,1,NA,"creb3_xbp1","C19","T_mix",22,21,4,FALSE
0,1,NA,"ctcf","C19","T_mix",22,21,4,FALSE
0.0222900451661917,0.977709954833808,NA,"cux_1","C19","T_mix",22,21,4,FALSE
0.0873026135832402,0.91269738641676,NA,"cux_2","C19","T_mix",22,21,4,FALSE
0.073565833850923,0.926434166149077,NA,"cux_3","C19","T_mix",22,21,4,FALSE
0,1,NA,"cux_4","C19","T_mix",22,21,4,FALSE
0.289302346994402,0.710697653005598,NA,"ddit3cebpa","C19","T_mix",22,21,4,FALSE
0.049620803925895,0.950379196074105,NA,"dmrt1","C19","T_mix",22,21,4,FALSE
0,1,NA,"dmrt3","C19","T_mix",22,21,4,FALSE
3.48793400785711e-17,1,NA,"e2f_1","C19","T_mix",22,21,4,FALSE
0,1,NA,"e2f_2","C19","T_mix",22,21,4,FALSE
0.128927873432056,0.871072126567944,NA,"e2f_3","C19","T_mix",22,21,4,FALSE
0,1,NA,"e2f_4","C19","T_mix",22,21,4,FALSE
0,1,NA,"ebf1","C19","T_mix",22,21,4,FALSE
0.0103873668761845,0.989612633123816,NA,"ebox_cacctg","C19","T_mix",22,21,4,FALSE
0,1,NA,"ebox_cacgtg_1","C19","T_mix",22,21,4,FALSE
0.435109643272701,0.564890356727299,NA,"ebox_cacgtg_2","C19","T_mix",22,21,4,FALSE
0.198636930196181,0.801363069803819,NA,"ebox_cagatgg","C19","T_mix",22,21,4,FALSE
0,1,NA,"ebox_cagctg","C19","T_mix",22,21,4,FALSE
0,1,NA,"ebox_catatg","C19","T_mix",22,21,4,FALSE
0,1,NA,"egr","C19","T_mix",22,21,4,FALSE
0.134375834430741,0.865624165569259,NA,"ets_1","C19","T_mix",22,21,4,FALSE
0,1,NA,"ets_2","C19","T_mix",22,21,4,FALSE
0,1,NA,"evi1_mecom","C19","T_mix",22,21,4,FALSE
0.0589516564685271,0.941048343531473,NA,"ewsr1_fli1","C19","T_mix",22,21,4,FALSE
0,1,NA,"fezf1","C19","T_mix",22,21,4,FALSE
0,1,NA,"fox_1","C19","T_mix",22,21,4,FALSE
0.151234102941146,0.848765897058854,NA,"fox_2","C19","T_mix",22,21,4,FALSE
0,1,NA,"fox_3","C19","T_mix",22,21,4,FALSE
0,1,NA,"fox_4","C19","T_mix",22,21,4,FALSE
0,1,NA,"fox_5","C19","T_mix",22,21,4,FALSE
0,1,NA,"fox_6","C19","T_mix",22,21,4,FALSE
0.0437366708295355,0.956263329170464,NA,"fox_7","C19","T_mix",22,21,4,FALSE
0.0395708094369094,0.960429190563091,NA,"fox_8","C19","T_mix",22,21,4,FALSE
0.0325793436896547,0.967420656310345,NA,"fox_9","C19","T_mix",22,21,4,FALSE
0,1,NA,"gata","C19","T_mix",22,21,4,FALSE
0.17004997822379,0.82995002177621,NA,"gc_tract","C19","T_mix",22,21,4,FALSE
0,1,NA,"gcm","C19","T_mix",22,21,4,FALSE
0,1,NA,"gfi","C19","T_mix",22,21,4,FALSE
0.0350018299741095,0.964998170025891,NA,"gli","C19","T_mix",22,21,4,FALSE
0,1,NA,"glis","C19","T_mix",22,21,4,FALSE
0.267604091230531,0.732395908769469,NA,"gmeb2_1","C19","T_mix",22,21,4,FALSE
4.93538066859776e-16,1,NA,"gmeb2_2","C19","T_mix",22,21,4,FALSE
0.0469787641183609,0.953021235881639,NA,"gmeb2_3","C19","T_mix",22,21,4,FALSE
0,1,NA,"grhl","C19","T_mix",22,21,4,FALSE
0.215503846245668,0.784496153754332,NA,"hand1","C19","T_mix",22,21,4,FALSE
0,1,NA,"hd_1","C19","T_mix",22,21,4,FALSE
0,1,NA,"hd_10","C19","T_mix",22,21,4,FALSE
0,1,NA,"hd_11","C19","T_mix",22,21,4,FALSE
0,1,NA,"hd_12","C19","T_mix",22,21,4,FALSE
0,1,NA,"hd_13","C19","T_mix",22,21,4,FALSE
0,1,NA,"hd_14","C19","T_mix",22,21,4,FALSE
0,1,NA,"hd_15","C19","T_mix",22,21,4,FALSE
0,1,NA,"hd_16","C19","T_mix",22,21,4,FALSE
0,1,NA,"hd_17","C19","T_mix",22,21,4,FALSE
0,1,NA,"hd_18","C19","T_mix",22,21,4,FALSE
0,1,NA,"hd_19","C19","T_mix",22,21,4,FALSE
0,1,NA,"hd_2","C19","T_mix",22,21,4,FALSE
0,1,NA,"hd_20","C19","T_mix",22,21,4,FALSE
0,1,NA,"hd_21","C19","T_mix",22,21,4,FALSE
0.0723840322069042,0.927615967793096,NA,"hd_22","C19","T_mix",22,21,4,FALSE
0,1,NA,"hd_23","C19","T_mix",22,21,4,FALSE
0,1,NA,"hd_24","C19","T_mix",22,21,4,FALSE
0.0452153626041317,0.954784637395868,NA,"hd_25","C19","T_mix",22,21,4,FALSE
0,1,NA,"hd_3","C19","T_mix",22,21,4,FALSE
0,1,NA,"hd_4","C19","T_mix",22,21,4,FALSE
0.315131165674144,0.684868834325856,NA,"hd_5","C19","T_mix",22,21,4,FALSE
0.316568255958954,0.683431744041046,NA,"hd_6","C19","T_mix",22,21,4,FALSE
0,1,NA,"hd_7","C19","T_mix",22,21,4,FALSE
0,1,NA,"hd_8","C19","T_mix",22,21,4,FALSE
0,1,NA,"hd_9","C19","T_mix",22,21,4,FALSE
0,1,NA,"hen1","C19","T_mix",22,21,4,FALSE
0.00974754546087135,0.990252454539129,NA,"hic_1","C19","T_mix",22,21,4,FALSE
0.23903354247773,0.76096645752227,NA,"hic_2","C19","T_mix",22,21,4,FALSE
0,1,NA,"hif","C19","T_mix",22,21,4,FALSE
0,1,NA,"hinfp1_1","C19","T_mix",22,21,4,FALSE
0,1,NA,"hinfp1_2","C19","T_mix",22,21,4,FALSE
0,1,NA,"hinfp1_3","C19","T_mix",22,21,4,FALSE
0.0612076794319065,0.938792320568093,NA,"hltf","C19","T_mix",22,21,4,FALSE
0,1,NA,"homez","C19","T_mix",22,21,4,FALSE
0,1,NA,"hsf","C19","T_mix",22,21,4,FALSE
0,1,NA,"hsfy2","C19","T_mix",22,21,4,FALSE
0,1,NA,"insm1","C19","T_mix",22,21,4,FALSE
0,1,NA,"irf_1","C19","T_mix",22,21,4,FALSE
0.347737802862044,0.652262197137956,NA,"irf_2","C19","T_mix",22,21,4,FALSE
0,1,NA,"irf_3","C19","T_mix",22,21,4,FALSE
0,1,NA,"irf_4","C19","T_mix",22,21,4,FALSE
0,1,NA,"kaiso","C19","T_mix",22,21,4,FALSE
2.79301174273541e-17,1,NA,"klf_sp_1","C19","T_mix",22,21,4,FALSE
0,1,NA,"klf_sp_2","C19","T_mix",22,21,4,FALSE
0,1,NA,"klf_sp_3","C19","T_mix",22,21,4,FALSE
3.81039727484277e-15,0.999999999999996,NA,"lef1","C19","T_mix",22,21,4,FALSE
0,1,NA,"lin54","C19","T_mix",22,21,4,FALSE
0,1,NA,"maf","C19","T_mix",22,21,4,FALSE
0.0336245800236609,0.966375419976339,NA,"mbd2","C19","T_mix",22,21,4,FALSE
0,1,NA,"mecp2","C19","T_mix",22,21,4,FALSE
0,1,NA,"mef2","C19","T_mix",22,21,4,FALSE
0,1,NA,"mfz1","C19","T_mix",22,21,4,FALSE
0,1,NA,"mies","C19","T_mix",22,21,4,FALSE
0.150730381934129,0.849269618065871,NA,"mtf1","C19","T_mix",22,21,4,FALSE
0.0295453974638818,0.970454602536118,NA,"myb_1","C19","T_mix",22,21,4,FALSE
0.292413915441806,0.707586084558194,NA,"myb_2","C19","T_mix",22,21,4,FALSE
0,1,NA,"myb_3","C19","T_mix",22,21,4,FALSE
0,1,NA,"myb_4","C19","T_mix",22,21,4,FALSE
0,1,NA,"myb_5","C19","T_mix",22,21,4,FALSE
0,1,NA,"mzf1","C19","T_mix",22,21,4,FALSE
0,1,NA,"nfac_2","C19","T_mix",22,21,4,FALSE
0.150598438254198,0.849401561745802,NA,"nfat_1","C19","T_mix",22,21,4,FALSE
0.14216913952866,0.85783086047134,NA,"nfat_2","C19","T_mix",22,21,4,FALSE
0,1,NA,"nfat_3","C19","T_mix",22,21,4,FALSE
0,1,NA,"nfat_4","C19","T_mix",22,21,4,FALSE
0,1,NA,"nfi_1","C19","T_mix",22,21,4,FALSE
0,1,NA,"nfi_2","C19","T_mix",22,21,4,FALSE
0,1,NA,"nfi_3","C19","T_mix",22,21,4,FALSE
0.149204893330336,0.850795106669664,NA,"nfkb_1","C19","T_mix",22,21,4,FALSE
0,1,NA,"nfkb_2","C19","T_mix",22,21,4,FALSE
0,1,NA,"nfkb_3","C19","T_mix",22,21,4,FALSE
0.115628099910761,0.884371900089239,NA,"nfy","C19","T_mix",22,21,4,FALSE
0.00179409340420325,0.998205906595797,NA,"nr_1","C19","T_mix",22,21,4,FALSE
0,1,NA,"nr_10","C19","T_mix",22,21,4,FALSE
0.15288842374645,0.84711157625355,NA,"nr_11","C19","T_mix",22,21,4,FALSE
0.00655260474468402,0.993447395255316,NA,"nr_12","C19","T_mix",22,21,4,FALSE
9.43211508337542e-17,1,NA,"nr_13","C19","T_mix",22,21,4,FALSE
0.091494862231474,0.908505137768526,NA,"nr_14","C19","T_mix",22,21,4,FALSE
0,1,NA,"nr_15","C19","T_mix",22,21,4,FALSE
0.15019034884894,0.84980965115106,NA,"nr_16","C19","T_mix",22,21,4,FALSE
0.391472217119463,0.608527782880537,NA,"nr_17","C19","T_mix",22,21,4,FALSE
0,1,NA,"nr_18","C19","T_mix",22,21,4,FALSE
0,1,NA,"nr_19","C19","T_mix",22,21,4,FALSE
0,1,NA,"nr_2","C19","T_mix",22,21,4,FALSE
0,1,NA,"nr_20","C19","T_mix",22,21,4,FALSE
0,1,NA,"nr_3","C19","T_mix",22,21,4,FALSE
0.116319689291041,0.883680310708959,NA,"nr_4","C19","T_mix",22,21,4,FALSE
0.101342239694114,0.898657760305886,NA,"nr_5","C19","T_mix",22,21,4,FALSE
0.0297088479718636,0.970291152028136,NA,"nr_6","C19","T_mix",22,21,4,FALSE
0.146075486246103,0.853924513753897,NA,"nr_7","C19","T_mix",22,21,4,FALSE
0,1,NA,"nr_8","C19","T_mix",22,21,4,FALSE
0,1,NA,"nr_9","C19","T_mix",22,21,4,FALSE
0.0135343702882103,0.98646562971179,NA,"nr2e3","C19","T_mix",22,21,4,FALSE
0,1,NA,"nrf1","C19","T_mix",22,21,4,FALSE
0,1,NA,"oct4sox2","C19","T_mix",22,21,4,FALSE
0,1,NA,"osr2","C19","T_mix",22,21,4,FALSE
0,1,NA,"ovol1","C19","T_mix",22,21,4,FALSE
0,1,NA,"p53_like_1","C19","T_mix",22,21,4,FALSE
0.0783856921662879,0.921614307833712,NA,"p53_like_2","C19","T_mix",22,21,4,FALSE
0.0917040030140056,0.908295996985994,NA,"p53_like_3","C19","T_mix",22,21,4,FALSE
2.96575656694289e-16,1,NA,"pax_halfsite","C19","T_mix",22,21,4,FALSE
0,1,NA,"pax_1","C19","T_mix",22,21,4,FALSE
0,1,NA,"pax_2","C19","T_mix",22,21,4,FALSE
0.141334054905835,0.858665945094165,NA,"plag1","C19","T_mix",22,21,4,FALSE
0.0152406158421482,0.984759384157852,NA,"pou_1","C19","T_mix",22,21,4,FALSE
0.0356536148560233,0.964346385143977,NA,"pou_2","C19","T_mix",22,21,4,FALSE
0,1,NA,"pou_3","C19","T_mix",22,21,4,FALSE
0,1,NA,"prdm1","C19","T_mix",22,21,4,FALSE
0,1,NA,"prdm14","C19","T_mix",22,21,4,FALSE
0,1,NA,"prdm16","C19","T_mix",22,21,4,FALSE
0,1,NA,"prdm4","C19","T_mix",22,21,4,FALSE
0.020902666259339,0.979097333740661,NA,"prdm5","C19","T_mix",22,21,4,FALSE
0.195815589123934,0.804184410876066,NA,"prdm9","C19","T_mix",22,21,4,FALSE
0,1,NA,"prox1","C19","T_mix",22,21,4,FALSE
0,1,NA,"rbpj","C19","T_mix",22,21,4,FALSE
0,1,NA,"rel_halfsite","C19","T_mix",22,21,4,FALSE
0.27855874663262,0.72144125336738,NA,"rest_nrsf","C19","T_mix",22,21,4,FALSE
0.135636892639544,0.864363107360456,NA,"rfx_1","C19","T_mix",22,21,4,FALSE
0,1,NA,"rfx_2","C19","T_mix",22,21,4,FALSE
0,1,NA,"rfx_3","C19","T_mix",22,21,4,FALSE
0.0215005435266425,0.978499456473358,NA,"runx_1","C19","T_mix",22,21,4,FALSE
0,1,NA,"runx_2","C19","T_mix",22,21,4,FALSE
0.122402737734278,0.877597262265722,NA,"scrt1","C19","T_mix",22,21,4,FALSE
0,1,NA,"six_1","C19","T_mix",22,21,4,FALSE
0,1,NA,"six_2","C19","T_mix",22,21,4,FALSE
0.303748224946658,0.696251775053342,NA,"smad","C19","T_mix",22,21,4,FALSE
0,1,NA,"smad_1","C19","T_mix",22,21,4,FALSE
0,1,NA,"smad_2","C19","T_mix",22,21,4,FALSE
0,1,NA,"smarca1","C19","T_mix",22,21,4,FALSE
0,1,NA,"smarca5","C19","T_mix",22,21,4,FALSE
0,1,NA,"snai2","C19","T_mix",22,21,4,FALSE
0,1,NA,"sox_1","C19","T_mix",22,21,4,FALSE
0,1,NA,"sox_2","C19","T_mix",22,21,4,FALSE
3.83666106139946e-17,1,NA,"sox_3","C19","T_mix",22,21,4,FALSE
0,1,NA,"sox_4","C19","T_mix",22,21,4,FALSE
0,1,NA,"sox_5","C19","T_mix",22,21,4,FALSE
0,1,NA,"sox_6","C19","T_mix",22,21,4,FALSE
0.0769478577814416,0.923052142218558,NA,"sox_7","C19","T_mix",22,21,4,FALSE
0,1,NA,"sox_8","C19","T_mix",22,21,4,FALSE
0.172997833704517,0.827002166295483,NA,"spdef_1","C19","T_mix",22,21,4,FALSE
0,1,NA,"spdef_2","C19","T_mix",22,21,4,FALSE
0.253708202182847,0.746291797817153,NA,"spi","C19","T_mix",22,21,4,FALSE
0.17801468814957,0.821985311850429,NA,"spz1","C19","T_mix",22,21,4,FALSE
0.00297060886354034,0.99702939113646,NA,"srebf1","C19","T_mix",22,21,4,FALSE
0,1,NA,"srf","C19","T_mix",22,21,4,FALSE
0,1,NA,"stat_1","C19","T_mix",22,21,4,FALSE
0.061158044596532,0.938841955403468,NA,"stat_2","C19","T_mix",22,21,4,FALSE
0.0339835895808209,0.966016410419179,NA,"tata","C19","T_mix",22,21,4,FALSE
0,1,NA,"tbx_1","C19","T_mix",22,21,4,FALSE
0,1,NA,"tbx_2","C19","T_mix",22,21,4,FALSE
0,1,NA,"tbx_3","C19","T_mix",22,21,4,FALSE
0,1,NA,"tbx_4","C19","T_mix",22,21,4,FALSE
0.0229596993333161,0.977040300666684,NA,"tcf_lef","C19","T_mix",22,21,4,FALSE
0.0106232272135728,0.989376772786427,NA,"tead","C19","T_mix",22,21,4,FALSE
0,1,NA,"tfap2_1","C19","T_mix",22,21,4,FALSE
0,1,NA,"tfap2_2","C19","T_mix",22,21,4,FALSE
0,1,NA,"tfcp2","C19","T_mix",22,21,4,FALSE
0,1,NA,"thap1","C19","T_mix",22,21,4,FALSE
0.0602889108241178,0.939711089175882,NA,"yy1","C19","T_mix",22,21,4,FALSE
0,1,NA,"zbed1","C19","T_mix",22,21,4,FALSE
0,1,NA,"zbtb14","C19","T_mix",22,21,4,FALSE
0,1,NA,"zbtb48","C19","T_mix",22,21,4,FALSE
0,1,NA,"zbtb49","C19","T_mix",22,21,4,FALSE
0.0785954426630038,0.921404557336996,NA,"zbtb6","C19","T_mix",22,21,4,FALSE
0,1,NA,"zbtb7a","C19","T_mix",22,21,4,FALSE
0.106638229550569,0.893361770449431,NA,"zfn121","C19","T_mix",22,21,4,FALSE
0,1,NA,"zfx","C19","T_mix",22,21,4,FALSE
0.127812264139385,0.872187735860615,NA,"zic","C19","T_mix",22,21,4,FALSE
0,1,NA,"zic_2","C19","T_mix",22,21,4,FALSE
0.00419675564455645,0.995803244355444,NA,"zim3","C19","T_mix",22,21,4,FALSE
0.0204560473441868,0.979543952655813,NA,"zkscan1","C19","T_mix",22,21,4,FALSE
0,1,NA,"znf134","C19","T_mix",22,21,4,FALSE
0,1,NA,"znf136","C19","T_mix",22,21,4,FALSE
0,1,NA,"znf140","C19","T_mix",22,21,4,FALSE
0,1,NA,"znf143","C19","T_mix",22,21,4,FALSE
0.0776571441967541,0.922342855803246,NA,"znf143_1","C19","T_mix",22,21,4,FALSE
0,1,NA,"znf146","C19","T_mix",22,21,4,FALSE
0,1,NA,"znf232","C19","T_mix",22,21,4,FALSE
0,1,NA,"znf24","C19","T_mix",22,21,4,FALSE
0.0827689412860264,0.917231058713974,NA,"znf250","C19","T_mix",22,21,4,FALSE
0,1,NA,"znf257","C19","T_mix",22,21,4,FALSE
0,1,NA,"znf274","C19","T_mix",22,21,4,FALSE
0.181421421039876,0.818578578960124,NA,"znf28","C19","T_mix",22,21,4,FALSE
0.0299233096810548,0.970076690318945,NA,"znf282","C19","T_mix",22,21,4,FALSE
0,1,NA,"znf306","C19","T_mix",22,21,4,FALSE
0.0596476590726624,0.940352340927338,NA,"znf317","C19","T_mix",22,21,4,FALSE
0.0720676087700684,0.927932391229932,NA,"znf320","C19","T_mix",22,21,4,FALSE
0,1,NA,"znf324","C19","T_mix",22,21,4,FALSE
0,1,NA,"znf329","C19","T_mix",22,21,4,FALSE
0.000102889352421188,0.999897110647579,NA,"znf331","C19","T_mix",22,21,4,FALSE
0.211036441975481,0.788963558024519,NA,"znf332","C19","T_mix",22,21,4,FALSE
0,1,NA,"znf335","C19","T_mix",22,21,4,FALSE
0,1,NA,"znf354","C19","T_mix",22,21,4,FALSE
0,1,NA,"znf382","C19","T_mix",22,21,4,FALSE
0.055757840122477,0.944242159877523,NA,"znf384_1","C19","T_mix",22,21,4,FALSE
0.029653375466864,0.970346624533136,NA,"znf384_2","C19","T_mix",22,21,4,FALSE
0,1,NA,"znf41","C19","T_mix",22,21,4,FALSE
0,1,NA,"znf410","C19","T_mix",22,21,4,FALSE
0,1,NA,"znf418","C19","T_mix",22,21,4,FALSE
0,1,NA,"znf423","C19","T_mix",22,21,4,FALSE
0,1,NA,"znf431","C19","T_mix",22,21,4,FALSE
0,1,NA,"znf435","C19","T_mix",22,21,4,FALSE
0.191773825668281,0.808226174331719,NA,"znf436","C19","T_mix",22,21,4,FALSE
0.0914906562757019,0.908509343724298,NA,"znf449","C19","T_mix",22,21,4,FALSE
0,1,NA,"znf490","C19","T_mix",22,21,4,FALSE
0,1,NA,"znf524","C19","T_mix",22,21,4,FALSE
0,1,NA,"znf528","C19","T_mix",22,21,4,FALSE
0,1,NA,"znf53","C19","T_mix",22,21,4,FALSE
0,1,NA,"znf547","C19","T_mix",22,21,4,FALSE
0.0402267047462789,0.959773295253721,NA,"znf549","C19","T_mix",22,21,4,FALSE
0,1,NA,"znf554","C19","T_mix",22,21,4,FALSE
2.37855625766574e-16,1,NA,"znf563","C19","T_mix",22,21,4,FALSE
0,1,NA,"znf57","C19","T_mix",22,21,4,FALSE
0,1,NA,"znf586","C19","T_mix",22,21,4,FALSE
0,1,NA,"znf652","C19","T_mix",22,21,4,FALSE
0.149753245035095,0.850246754964905,NA,"znf667","C19","T_mix",22,21,4,FALSE
0,1,NA,"znf680","C19","T_mix",22,21,4,FALSE
0,1,NA,"znf708","C19","T_mix",22,21,4,FALSE
0,1,NA,"znf713","C19","T_mix",22,21,4,FALSE
0.0737929787156263,0.926207021284374,NA,"znf768","C19","T_mix",22,21,4,FALSE
0,1,NA,"znf784","C19","T_mix",22,21,4,FALSE
0.0536902269033293,0.946309773096671,NA,"znf85","C19","T_mix",22,21,4,FALSE
0.116548319767084,0.883451680232916,NA,"znf85_1","C19","T_mix",22,21,4,FALSE
0.255078184234495,0.744921815765505,NA,"zscan3","C19","T_mix",22,21,4,FALSE
0.270054380559905,0.729945619440095,NA,"zscan4","C19","T_mix",22,21,4,FALSE
0.0976158203562839,0.902384179643716,NA,"ahr","C19","T_naive",25,22,4,FALSE
0.10302921943819,0.89697078056181,NA,"aire","C19","T_naive",25,22,4,FALSE
0.247629252846216,0.752370747153784,NA,"ap1_1","C19","T_naive",25,22,4,FALSE
0.242655507784678,0.757344492215322,NA,"ap1_2","C19","T_naive",25,22,4,FALSE
0,1,NA,"ari5a","C19","T_naive",25,22,4,FALSE
0.0880898739133134,0.911910126086687,NA,"ari5b","C19","T_naive",25,22,4,FALSE
0.137397202428889,0.862602797571111,NA,"batf","C19","T_naive",25,22,4,FALSE
0.149256184513692,0.850743815486308,NA,"bcl6_1","C19","T_naive",25,22,4,FALSE
0.207914638861948,0.792085361138052,NA,"bcl6_2","C19","T_naive",25,22,4,FALSE
0.0431809238032875,0.956819076196713,NA,"ccaat_cebp","C19","T_naive",25,22,4,FALSE
0,1,NA,"cenbp","C19","T_naive",25,22,4,FALSE
0,1,NA,"cpeb1","C19","T_naive",25,22,4,FALSE
0.248733209531974,0.751266790468026,NA,"creb_atf_1","C19","T_naive",25,22,4,FALSE
0,1,NA,"creb_atf_2","C19","T_naive",25,22,4,FALSE
0.128809038335326,0.871190961664674,NA,"creb_atf_3","C19","T_naive",25,22,4,FALSE
0.0450503336660441,0.954949666333956,NA,"creb3_xbp1","C19","T_naive",25,22,4,FALSE
0.0226537535493841,0.977346246450616,NA,"ctcf","C19","T_naive",25,22,4,FALSE
0.0944746657669137,0.905525334233086,NA,"cux_1","C19","T_naive",25,22,4,FALSE
0,1,NA,"cux_2","C19","T_naive",25,22,4,FALSE
0,1,NA,"cux_3","C19","T_naive",25,22,4,FALSE
0,1,NA,"cux_4","C19","T_naive",25,22,4,FALSE
0,1,NA,"ddit3cebpa","C19","T_naive",25,22,4,FALSE
0,1,NA,"dmrt1","C19","T_naive",25,22,4,FALSE
0,1,NA,"dmrt3","C19","T_naive",25,22,4,FALSE
2.12650482362204e-16,1,NA,"e2f_1","C19","T_naive",25,22,4,FALSE
0.0270716599369295,0.97292834006307,NA,"e2f_2","C19","T_naive",25,22,4,FALSE
0,1,NA,"e2f_3","C19","T_naive",25,22,4,FALSE
0.00445308481632958,0.99554691518367,NA,"e2f_4","C19","T_naive",25,22,4,FALSE
0.0684283985391686,0.931571601460831,NA,"ebf1","C19","T_naive",25,22,4,FALSE
0.130245491627766,0.869754508372234,NA,"ebox_cacctg","C19","T_naive",25,22,4,FALSE
0.196171542045425,0.803828457954575,NA,"ebox_cacgtg_1","C19","T_naive",25,22,4,FALSE
3.92232263354901e-17,1,NA,"ebox_cacgtg_2","C19","T_naive",25,22,4,FALSE
0.158919131167667,0.841080868832333,NA,"ebox_cagatgg","C19","T_naive",25,22,4,FALSE
0,1,NA,"ebox_cagctg","C19","T_naive",25,22,4,FALSE
0.100037796562691,0.899962203437309,NA,"ebox_catatg","C19","T_naive",25,22,4,FALSE
0.0235763778309062,0.976423622169094,NA,"egr","C19","T_naive",25,22,4,FALSE
0.217852026739938,0.782147973260062,NA,"ets_1","C19","T_naive",25,22,4,FALSE
0.315916066509033,0.684083933490967,NA,"ets_2","C19","T_naive",25,22,4,FALSE
0,1,NA,"evi1_mecom","C19","T_naive",25,22,4,FALSE
0,1,NA,"ewsr1_fli1","C19","T_naive",25,22,4,FALSE
0,1,NA,"fezf1","C19","T_naive",25,22,4,FALSE
0,1,NA,"fox_1","C19","T_naive",25,22,4,FALSE
0,1,NA,"fox_2","C19","T_naive",25,22,4,FALSE
0.192144185206919,0.807855814793081,NA,"fox_3","C19","T_naive",25,22,4,FALSE
0,1,NA,"fox_4","C19","T_naive",25,22,4,FALSE
0.0299945691498077,0.970005430850192,NA,"fox_5","C19","T_naive",25,22,4,FALSE
0,1,NA,"fox_6","C19","T_naive",25,22,4,FALSE
0,1,NA,"fox_7","C19","T_naive",25,22,4,FALSE
0.0108598209540756,0.989140179045924,NA,"fox_8","C19","T_naive",25,22,4,FALSE
0,1,NA,"fox_9","C19","T_naive",25,22,4,FALSE
0.0466190816266662,0.953380918373334,NA,"gata","C19","T_naive",25,22,4,FALSE
0.075091976047416,0.924908023952584,NA,"gc_tract","C19","T_naive",25,22,4,FALSE
0.169635722594617,0.830364277405383,NA,"gcm","C19","T_naive",25,22,4,FALSE
0.00279558503641782,0.997204414963582,NA,"gfi","C19","T_naive",25,22,4,FALSE
0,1,NA,"gli","C19","T_naive",25,22,4,FALSE
0.0752735037510837,0.924726496248916,NA,"glis","C19","T_naive",25,22,4,FALSE
0,1,NA,"gmeb2_1","C19","T_naive",25,22,4,FALSE
0.197795136043178,0.802204863956822,NA,"gmeb2_2","C19","T_naive",25,22,4,FALSE
0.0143315399193512,0.985668460080649,NA,"gmeb2_3","C19","T_naive",25,22,4,FALSE
0.0329618080176922,0.967038191982308,NA,"grhl","C19","T_naive",25,22,4,FALSE
0.110254806889687,0.889745193110313,NA,"hand1","C19","T_naive",25,22,4,FALSE
8.09096177785166e-16,0.999999999999999,NA,"hd_1","C19","T_naive",25,22,4,FALSE
0,1,NA,"hd_10","C19","T_naive",25,22,4,FALSE
0,1,NA,"hd_11","C19","T_naive",25,22,4,FALSE
0.236948612258902,0.763051387741098,NA,"hd_12","C19","T_naive",25,22,4,FALSE
0.0695386993246586,0.930461300675341,NA,"hd_13","C19","T_naive",25,22,4,FALSE
0,1,NA,"hd_14","C19","T_naive",25,22,4,FALSE
0.0877389002742397,0.91226109972576,NA,"hd_15","C19","T_naive",25,22,4,FALSE
0.0540224008981513,0.945977599101849,NA,"hd_16","C19","T_naive",25,22,4,FALSE
0.0846709480510103,0.91532905194899,NA,"hd_17","C19","T_naive",25,22,4,FALSE
0.244235167266468,0.755764832733532,NA,"hd_18","C19","T_naive",25,22,4,FALSE
0.0172828528737598,0.98271714712624,NA,"hd_19","C19","T_naive",25,22,4,FALSE
0,1,NA,"hd_2","C19","T_naive",25,22,4,FALSE
0.315424314279078,0.684575685720922,NA,"hd_20","C19","T_naive",25,22,4,FALSE
0,1,NA,"hd_21","C19","T_naive",25,22,4,FALSE
0.139601619160413,0.860398380839587,NA,"hd_22","C19","T_naive",25,22,4,FALSE
3.06888612434782e-17,1,NA,"hd_23","C19","T_naive",25,22,4,FALSE
0,1,NA,"hd_24","C19","T_naive",25,22,4,FALSE
0,1,NA,"hd_25","C19","T_naive",25,22,4,FALSE
0,1,NA,"hd_3","C19","T_naive",25,22,4,FALSE
5.5653130184323e-16,0.999999999999999,NA,"hd_4","C19","T_naive",25,22,4,FALSE
0.0654853318261225,0.934514668173878,NA,"hd_5","C19","T_naive",25,22,4,FALSE
0,1,NA,"hd_6","C19","T_naive",25,22,4,FALSE
0.0476043384756786,0.952395661524321,NA,"hd_7","C19","T_naive",25,22,4,FALSE
0,1,NA,"hd_8","C19","T_naive",25,22,4,FALSE
0.00518038686486665,0.994819613135133,NA,"hd_9","C19","T_naive",25,22,4,FALSE
0,1,NA,"hen1","C19","T_naive",25,22,4,FALSE
0.182237366381719,0.817762633618281,NA,"hic_1","C19","T_naive",25,22,4,FALSE
0,1,NA,"hic_2","C19","T_naive",25,22,4,FALSE
0.033294253392032,0.966705746607968,NA,"hif","C19","T_naive",25,22,4,FALSE
0,1,NA,"hinfp1_1","C19","T_naive",25,22,4,FALSE
0,1,NA,"hinfp1_2","C19","T_naive",25,22,4,FALSE
0,1,NA,"hinfp1_3","C19","T_naive",25,22,4,FALSE
0,1,NA,"hltf","C19","T_naive",25,22,4,FALSE
0.0362310947142875,0.963768905285713,NA,"homez","C19","T_naive",25,22,4,FALSE
0,1,NA,"hsf","C19","T_naive",25,22,4,FALSE
0,1,NA,"hsfy2","C19","T_naive",25,22,4,FALSE
0.062418677205266,0.937581322794734,NA,"insm1","C19","T_naive",25,22,4,FALSE
0,1,NA,"irf_1","C19","T_naive",25,22,4,FALSE
0.0251862947002215,0.974813705299779,NA,"irf_2","C19","T_naive",25,22,4,FALSE
0,1,NA,"irf_3","C19","T_naive",25,22,4,FALSE
0.167742041362726,0.832257958637274,NA,"irf_4","C19","T_naive",25,22,4,FALSE
0.181077681814103,0.818922318185897,NA,"kaiso","C19","T_naive",25,22,4,FALSE
0.013634279090218,0.986365720909782,NA,"klf_sp_1","C19","T_naive",25,22,4,FALSE
0.108233588245304,0.891766411754696,NA,"klf_sp_2","C19","T_naive",25,22,4,FALSE
0,1,NA,"klf_sp_3","C19","T_naive",25,22,4,FALSE
4.04877053030518e-17,1,NA,"lef1","C19","T_naive",25,22,4,FALSE
0.0121264906206834,0.987873509379317,NA,"lin54","C19","T_naive",25,22,4,FALSE
0,1,NA,"maf","C19","T_naive",25,22,4,FALSE
0,1,NA,"mbd2","C19","T_naive",25,22,4,FALSE
0.000491042106373068,0.999508957893627,NA,"mecp2","C19","T_naive",25,22,4,FALSE
0.191620620915817,0.808379379084183,NA,"mef2","C19","T_naive",25,22,4,FALSE
0,1,NA,"mfz1","C19","T_naive",25,22,4,FALSE
0,1,NA,"mies","C19","T_naive",25,22,4,FALSE
0.300333935193196,0.699666064806804,NA,"mtf1","C19","T_naive",25,22,4,FALSE
0.0482526808484978,0.951747319151502,NA,"myb_1","C19","T_naive",25,22,4,FALSE
0.00131436837432123,0.998685631625679,NA,"myb_2","C19","T_naive",25,22,4,FALSE
0,1,NA,"myb_3","C19","T_naive",25,22,4,FALSE
0.0449788364085306,0.955021163591469,NA,"myb_4","C19","T_naive",25,22,4,FALSE
0,1,NA,"myb_5","C19","T_naive",25,22,4,FALSE
0.217871017245799,0.782128982754201,NA,"mzf1","C19","T_naive",25,22,4,FALSE
0.0962463412906091,0.903753658709391,NA,"nfac_2","C19","T_naive",25,22,4,FALSE
0,1,NA,"nfat_1","C19","T_naive",25,22,4,FALSE
0,1,NA,"nfat_2","C19","T_naive",25,22,4,FALSE
0,1,NA,"nfat_3","C19","T_naive",25,22,4,FALSE
0,1,NA,"nfat_4","C19","T_naive",25,22,4,FALSE
0.155104836333812,0.844895163666188,NA,"nfi_1","C19","T_naive",25,22,4,FALSE
0.159637764726383,0.840362235273617,NA,"nfi_2","C19","T_naive",25,22,4,FALSE
0.0986469232813827,0.901353076718617,NA,"nfi_3","C19","T_naive",25,22,4,FALSE
0.023734858450403,0.976265141549597,NA,"nfkb_1","C19","T_naive",25,22,4,FALSE
0.151822178183557,0.848177821816444,NA,"nfkb_2","C19","T_naive",25,22,4,FALSE
6.74784617384004e-16,0.999999999999999,NA,"nfkb_3","C19","T_naive",25,22,4,FALSE
0.262793986164043,0.737206013835957,NA,"nfy","C19","T_naive",25,22,4,FALSE
0.172270465969912,0.827729534030088,NA,"nr_1","C19","T_naive",25,22,4,FALSE
0,1,NA,"nr_10","C19","T_naive",25,22,4,FALSE
0.13029744769955,0.86970255230045,NA,"nr_11","C19","T_naive",25,22,4,FALSE
0.0437822753320117,0.956217724667988,NA,"nr_12","C19","T_naive",25,22,4,FALSE
0.00797382361062364,0.992026176389376,NA,"nr_13","C19","T_naive",25,22,4,FALSE
0,1,NA,"nr_14","C19","T_naive",25,22,4,FALSE
0.0114908546822847,0.988509145317715,NA,"nr_15","C19","T_naive",25,22,4,FALSE
0.181735544706767,0.818264455293233,NA,"nr_16","C19","T_naive",25,22,4,FALSE
0,1,NA,"nr_17","C19","T_naive",25,22,4,FALSE
0,1,NA,"nr_18","C19","T_naive",25,22,4,FALSE
0.171381697773261,0.828618302226739,NA,"nr_19","C19","T_naive",25,22,4,FALSE
0,1,NA,"nr_2","C19","T_naive",25,22,4,FALSE
0.0565237184290285,0.943476281570972,NA,"nr_20","C19","T_naive",25,22,4,FALSE
0.0649209437883182,0.935079056211682,NA,"nr_3","C19","T_naive",25,22,4,FALSE
0,1,NA,"nr_4","C19","T_naive",25,22,4,FALSE
0,1,NA,"nr_5","C19","T_naive",25,22,4,FALSE
0,1,NA,"nr_6","C19","T_naive",25,22,4,FALSE
0.122184761609425,0.877815238390575,NA,"nr_7","C19","T_naive",25,22,4,FALSE
0.109209942003619,0.890790057996381,NA,"nr_8","C19","T_naive",25,22,4,FALSE
0.0790258252529442,0.920974174747056,NA,"nr_9","C19","T_naive",25,22,4,FALSE
0,1,NA,"nr2e3","C19","T_naive",25,22,4,FALSE
0,1,NA,"nrf1","C19","T_naive",25,22,4,FALSE
0,1,NA,"oct4sox2","C19","T_naive",25,22,4,FALSE
0.0558699487337926,0.944130051266207,NA,"osr2","C19","T_naive",25,22,4,FALSE
0,1,NA,"ovol1","C19","T_naive",25,22,4,FALSE
0.049498360680368,0.950501639319632,NA,"p53_like_1","C19","T_naive",25,22,4,FALSE
0.0687682524553052,0.931231747544695,NA,"p53_like_2","C19","T_naive",25,22,4,FALSE
0.0172372243663324,0.982762775633668,NA,"p53_like_3","C19","T_naive",25,22,4,FALSE
0,1,NA,"pax_halfsite","C19","T_naive",25,22,4,FALSE
0.208666598295194,0.791333401704806,NA,"pax_1","C19","T_naive",25,22,4,FALSE
0.0203637940079584,0.979636205992042,NA,"pax_2","C19","T_naive",25,22,4,FALSE
0,1,NA,"plag1","C19","T_naive",25,22,4,FALSE
0.454651261894152,0.545348738105848,NA,"pou_1","C19","T_naive",25,22,4,FALSE
0,1,NA,"pou_2","C19","T_naive",25,22,4,FALSE
0,1,NA,"pou_3","C19","T_naive",25,22,4,FALSE
0,1,NA,"prdm1","C19","T_naive",25,22,4,FALSE
0.0630369463273227,0.936963053672677,NA,"prdm14","C19","T_naive",25,22,4,FALSE
0.0265546279256544,0.973445372074346,NA,"prdm16","C19","T_naive",25,22,4,FALSE
3.57013161772076e-17,1,NA,"prdm4","C19","T_naive",25,22,4,FALSE
0.460177436073285,0.539822563926715,NA,"prdm5","C19","T_naive",25,22,4,FALSE
0,1,NA,"prdm9","C19","T_naive",25,22,4,FALSE
0.0989070683818582,0.901092931618142,NA,"prox1","C19","T_naive",25,22,4,FALSE
0,1,NA,"rbpj","C19","T_naive",25,22,4,FALSE
0.0274953151342515,0.972504684865748,NA,"rel_halfsite","C19","T_naive",25,22,4,FALSE
0,1,NA,"rest_nrsf","C19","T_naive",25,22,4,FALSE
0.212663945196525,0.787336054803475,NA,"rfx_1","C19","T_naive",25,22,4,FALSE
0.0186182529340363,0.981381747065964,NA,"rfx_2","C19","T_naive",25,22,4,FALSE
0,1,NA,"rfx_3","C19","T_naive",25,22,4,FALSE
0.0995070219555917,0.900492978044408,NA,"runx_1","C19","T_naive",25,22,4,FALSE
0.169991484022916,0.830008515977084,NA,"runx_2","C19","T_naive",25,22,4,FALSE
0.0139335726576478,0.986066427342352,NA,"scrt1","C19","T_naive",25,22,4,FALSE
0,1,NA,"six_1","C19","T_naive",25,22,4,FALSE
0,1,NA,"six_2","C19","T_naive",25,22,4,FALSE
6.19471473708779e-16,0.999999999999999,NA,"smad","C19","T_naive",25,22,4,FALSE
0.019211190672716,0.980788809327284,NA,"smad_1","C19","T_naive",25,22,4,FALSE
0,1,NA,"smad_2","C19","T_naive",25,22,4,FALSE
0,1,NA,"smarca1","C19","T_naive",25,22,4,FALSE
0.209268350144028,0.790731649855972,NA,"smarca5","C19","T_naive",25,22,4,FALSE
0.303831291448176,0.696168708551824,NA,"snai2","C19","T_naive",25,22,4,FALSE
0,1,NA,"sox_1","C19","T_naive",25,22,4,FALSE
0.0666731422412103,0.93332685775879,NA,"sox_2","C19","T_naive",25,22,4,FALSE
0.0252527406967267,0.974747259303273,NA,"sox_3","C19","T_naive",25,22,4,FALSE
0,1,NA,"sox_4","C19","T_naive",25,22,4,FALSE
0.0755222528349352,0.924477747165065,NA,"sox_5","C19","T_naive",25,22,4,FALSE
0,1,NA,"sox_6","C19","T_naive",25,22,4,FALSE
0,1,NA,"sox_7","C19","T_naive",25,22,4,FALSE
0,1,NA,"sox_8","C19","T_naive",25,22,4,FALSE
0,1,NA,"spdef_1","C19","T_naive",25,22,4,FALSE
0,1,NA,"spdef_2","C19","T_naive",25,22,4,FALSE
0.086953087972568,0.913046912027432,NA,"spi","C19","T_naive",25,22,4,FALSE
0,1,NA,"spz1","C19","T_naive",25,22,4,FALSE
0,1,NA,"srebf1","C19","T_naive",25,22,4,FALSE
0,1,NA,"srf","C19","T_naive",25,22,4,FALSE
0,1,NA,"stat_1","C19","T_naive",25,22,4,FALSE
0,1,NA,"stat_2","C19","T_naive",25,22,4,FALSE
0.0758203143515175,0.924179685648483,NA,"tata","C19","T_naive",25,22,4,FALSE
0.147395956254705,0.852604043745295,NA,"tbx_1","C19","T_naive",25,22,4,FALSE
0,1,NA,"tbx_2","C19","T_naive",25,22,4,FALSE
1.72208405520067e-16,1,NA,"tbx_3","C19","T_naive",25,22,4,FALSE
0.0832428487750998,0.9167571512249,NA,"tbx_4","C19","T_naive",25,22,4,FALSE
0.154409316974107,0.845590683025893,NA,"tcf_lef","C19","T_naive",25,22,4,FALSE
0.202752012868561,0.797247987131439,NA,"tead","C19","T_naive",25,22,4,FALSE
0.215258305448489,0.784741694551511,NA,"tfap2_1","C19","T_naive",25,22,4,FALSE
0.202036521668146,0.797963478331854,NA,"tfap2_2","C19","T_naive",25,22,4,FALSE
0.040538791155126,0.959461208844874,NA,"tfcp2","C19","T_naive",25,22,4,FALSE
0,1,NA,"thap1","C19","T_naive",25,22,4,FALSE
0.209566021632409,0.790433978367591,NA,"yy1","C19","T_naive",25,22,4,FALSE
0.0245580792908696,0.97544192070913,NA,"zbed1","C19","T_naive",25,22,4,FALSE
0.0342712121775266,0.965728787822474,NA,"zbtb14","C19","T_naive",25,22,4,FALSE
0.203961501918945,0.796038498081055,NA,"zbtb48","C19","T_naive",25,22,4,FALSE
0,1,NA,"zbtb49","C19","T_naive",25,22,4,FALSE
0,1,NA,"zbtb6","C19","T_naive",25,22,4,FALSE
0.275824444173477,0.724175555826523,NA,"zbtb7a","C19","T_naive",25,22,4,FALSE
0.330401959351233,0.669598040648766,NA,"zfn121","C19","T_naive",25,22,4,FALSE
0.0100962628977088,0.989903737102291,NA,"zfx","C19","T_naive",25,22,4,FALSE
0.03015952306981,0.96984047693019,NA,"zic","C19","T_naive",25,22,4,FALSE
0.10288402568456,0.89711597431544,NA,"zic_2","C19","T_naive",25,22,4,FALSE
0,1,NA,"zim3","C19","T_naive",25,22,4,FALSE
0.314523972528283,0.685476027471717,NA,"zkscan1","C19","T_naive",25,22,4,FALSE
0,1,NA,"znf134","C19","T_naive",25,22,4,FALSE
0,1,NA,"znf136","C19","T_naive",25,22,4,FALSE
4.05445292466018e-17,1,NA,"znf140","C19","T_naive",25,22,4,FALSE
0.197689339661403,0.802310660338598,NA,"znf143","C19","T_naive",25,22,4,FALSE
0.18914035594018,0.81085964405982,NA,"znf143_1","C19","T_naive",25,22,4,FALSE
0.000691275761336889,0.999308724238663,NA,"znf146","C19","T_naive",25,22,4,FALSE
0,1,NA,"znf232","C19","T_naive",25,22,4,FALSE
0,1,NA,"znf24","C19","T_naive",25,22,4,FALSE
0.0054914931476285,0.994508506852372,NA,"znf250","C19","T_naive",25,22,4,FALSE
0.174157577100687,0.825842422899313,NA,"znf257","C19","T_naive",25,22,4,FALSE
0,1,NA,"znf274","C19","T_naive",25,22,4,FALSE
0,1,NA,"znf28","C19","T_naive",25,22,4,FALSE
0,1,NA,"znf282","C19","T_naive",25,22,4,FALSE
0.121154498280617,0.878845501719383,NA,"znf306","C19","T_naive",25,22,4,FALSE
0,1,NA,"znf317","C19","T_naive",25,22,4,FALSE
0.150380806606141,0.849619193393859,NA,"znf320","C19","T_naive",25,22,4,FALSE
0.148651151093749,0.851348848906251,NA,"znf324","C19","T_naive",25,22,4,FALSE
0,1,NA,"znf329","C19","T_naive",25,22,4,FALSE
0.0614818037493239,0.938518196250676,NA,"znf331","C19","T_naive",25,22,4,FALSE
0.0739635733291732,0.926036426670827,NA,"znf332","C19","T_naive",25,22,4,FALSE
0.0389517688136589,0.961048231186341,NA,"znf335","C19","T_naive",25,22,4,FALSE
0,1,NA,"znf354","C19","T_naive",25,22,4,FALSE
0,1,NA,"znf382","C19","T_naive",25,22,4,FALSE
0,1,NA,"znf384_1","C19","T_naive",25,22,4,FALSE
0.427592421518935,0.572407578481065,NA,"znf384_2","C19","T_naive",25,22,4,FALSE
0,1,NA,"znf41","C19","T_naive",25,22,4,FALSE
0,1,NA,"znf410","C19","T_naive",25,22,4,FALSE
0,1,NA,"znf418","C19","T_naive",25,22,4,FALSE
0.0128491786016196,0.98715082139838,NA,"znf423","C19","T_naive",25,22,4,FALSE
0,1,NA,"znf431","C19","T_naive",25,22,4,FALSE
0,1,NA,"znf435","C19","T_naive",25,22,4,FALSE
0,1,NA,"znf436","C19","T_naive",25,22,4,FALSE
0,1,NA,"znf449","C19","T_naive",25,22,4,FALSE
0,1,NA,"znf490","C19","T_naive",25,22,4,FALSE
0.233942145212144,0.766057854787856,NA,"znf524","C19","T_naive",25,22,4,FALSE
0.0350868827667639,0.964913117233236,NA,"znf528","C19","T_naive",25,22,4,FALSE
0.172951058628891,0.827048941371109,NA,"znf53","C19","T_naive",25,22,4,FALSE
0,1,NA,"znf547","C19","T_naive",25,22,4,FALSE
0.0344355063897275,0.965564493610272,NA,"znf549","C19","T_naive",25,22,4,FALSE
0,1,NA,"znf554","C19","T_naive",25,22,4,FALSE
0.0677550336480638,0.932244966351936,NA,"znf563","C19","T_naive",25,22,4,FALSE
0.03761476556027,0.96238523443973,NA,"znf57","C19","T_naive",25,22,4,FALSE
0,1,NA,"znf586","C19","T_naive",25,22,4,FALSE
0.0168774571597153,0.983122542840285,NA,"znf652","C19","T_naive",25,22,4,FALSE
0,1,NA,"znf667","C19","T_naive",25,22,4,FALSE
0.213882393537784,0.786117606462216,NA,"znf680","C19","T_naive",25,22,4,FALSE
0,1,NA,"znf708","C19","T_naive",25,22,4,FALSE
0,1,NA,"znf713","C19","T_naive",25,22,4,FALSE
0,1,NA,"znf768","C19","T_naive",25,22,4,FALSE
0.0780063765275339,0.921993623472466,NA,"znf784","C19","T_naive",25,22,4,FALSE
0.0215913718076315,0.978408628192368,NA,"znf85","C19","T_naive",25,22,4,FALSE
0.0249536909733934,0.975046309026607,NA,"znf85_1","C19","T_naive",25,22,4,FALSE
0,1,NA,"zscan3","C19","T_naive",25,22,4,FALSE
0.167448062406931,0.832551937593069,NA,"zscan4","C19","T_naive",25,22,4,FALSE
0,0.501153066629287,0.498846933370713,"ahr","HIV","B_mem",12,4,3,TRUE
0.263494389204337,0.736505610795663,1.1679416284485e-22,"aire","HIV","B_mem",12,4,3,TRUE
0,0.797254345700739,0.202745654299261,"ap1_1","HIV","B_mem",12,4,3,TRUE
0,0.974033702438887,0.0259662975611127,"ap1_2","HIV","B_mem",12,4,3,TRUE
0,1,0,"ari5a","HIV","B_mem",12,4,3,TRUE
0,1,0,"ari5b","HIV","B_mem",12,4,3,TRUE
0,1,0,"batf","HIV","B_mem",12,4,3,TRUE
0.136251211773951,0.863748788226049,0,"bcl6_1","HIV","B_mem",12,4,3,TRUE
0,0.734057554095046,0.265942445904954,"bcl6_2","HIV","B_mem",12,4,3,TRUE
0,0.698631754819525,0.301368245180475,"ccaat_cebp","HIV","B_mem",12,4,3,TRUE
0,1,0,"cenbp","HIV","B_mem",12,4,3,TRUE
0,1,0,"cpeb1","HIV","B_mem",12,4,3,TRUE
0,0.576137134404186,0.423862865595814,"creb_atf_1","HIV","B_mem",12,4,3,TRUE
0,0.521060062071907,0.478939937928092,"creb_atf_2","HIV","B_mem",12,4,3,TRUE
6.23079628660454e-18,0.756597669323912,0.243402330676088,"creb_atf_3","HIV","B_mem",12,4,3,TRUE
0,0.390878263516409,0.609121736483592,"creb3_xbp1","HIV","B_mem",12,4,3,TRUE
0.064421098439665,0.935578901505958,5.4377124887363e-11,"ctcf","HIV","B_mem",12,4,3,TRUE
1.41207813594096e-15,0.995384228124584,0.00461577187541467,"cux_1","HIV","B_mem",12,4,3,TRUE
4.69900493596904e-10,0.917836619199789,0.0821633803303109,"cux_2","HIV","B_mem",12,4,3,TRUE
0.0946364194916512,0.623339842821655,0.282023737686693,"cux_3","HIV","B_mem",12,4,3,TRUE
0.195907622709328,0.80409237727488,1.57916255924818e-11,"cux_4","HIV","B_mem",12,4,3,TRUE
0,1,0,"ddit3cebpa","HIV","B_mem",12,4,3,TRUE
0,1,0,"dmrt1","HIV","B_mem",12,4,3,TRUE
0.228619658582238,0.771380341417762,8.12046128059322e-20,"dmrt3","HIV","B_mem",12,4,3,TRUE
1.07898554073102e-12,0.914032951744272,0.0859670482546489,"e2f_1","HIV","B_mem",12,4,3,TRUE
0,0.8400380490871,0.159961950912899,"e2f_2","HIV","B_mem",12,4,3,TRUE
0.0104682645569542,0.98953173543848,4.56592376559557e-12,"e2f_3","HIV","B_mem",12,4,3,TRUE
0,1,0,"e2f_4","HIV","B_mem",12,4,3,TRUE
0,1,0,"ebf1","HIV","B_mem",12,4,3,TRUE
0.0411588900269037,0.814547484718308,0.144293625254788,"ebox_cacctg","HIV","B_mem",12,4,3,TRUE
2.53669816726375e-14,0.541371269567413,0.458628730432561,"ebox_cacgtg_1","HIV","B_mem",12,4,3,TRUE
1.14688311684847e-15,0.331432825340598,0.668567174659401,"ebox_cacgtg_2","HIV","B_mem",12,4,3,TRUE
0,1,0,"ebox_cagatgg","HIV","B_mem",12,4,3,TRUE
0,1,0,"ebox_cagctg","HIV","B_mem",12,4,3,TRUE
0,1,0,"ebox_catatg","HIV","B_mem",12,4,3,TRUE
1.15939579209258e-13,0.723884410190931,0.276115589808953,"egr","HIV","B_mem",12,4,3,TRUE
0,1,0,"ets_1","HIV","B_mem",12,4,3,TRUE
0.510946373757908,0.320022419221141,0.169031207020951,"ets_2","HIV","B_mem",12,4,3,TRUE
0,1,0,"evi1_mecom","HIV","B_mem",12,4,3,TRUE
0.227098520373387,0.283612415279038,0.489289064347574,"ewsr1_fli1","HIV","B_mem",12,4,3,TRUE
0,0.697794967365171,0.302205032634829,"fezf1","HIV","B_mem",12,4,3,TRUE
0,1,0,"fox_1","HIV","B_mem",12,4,3,TRUE
1.66248512734339e-14,0.754161836629151,0.245838163370832,"fox_2","HIV","B_mem",12,4,3,TRUE
0.234764142212886,0.765235857731769,5.53449510534412e-11,"fox_3","HIV","B_mem",12,4,3,TRUE
0.0135762983398022,0.650648495254858,0.33577520640534,"fox_4","HIV","B_mem",12,4,3,TRUE
0.132781371596464,0.867218628403505,3.15749636595167e-14,"fox_5","HIV","B_mem",12,4,3,TRUE
2.65731479813155e-24,0.968067722203501,0.0319322777964993,"fox_6","HIV","B_mem",12,4,3,TRUE
0,1,0,"fox_7","HIV","B_mem",12,4,3,TRUE
2.95072509237641e-11,0.839926382196173,0.16007361777432,"fox_8","HIV","B_mem",12,4,3,TRUE
0,1,0,"fox_9","HIV","B_mem",12,4,3,TRUE
0,0.459374967744562,0.540625032255438,"gata","HIV","B_mem",12,4,3,TRUE
0.0301425201988637,0.969857479801136,0,"gc_tract","HIV","B_mem",12,4,3,TRUE
0,1,0,"gcm","HIV","B_mem",12,4,3,TRUE
0,1,0,"gfi","HIV","B_mem",12,4,3,TRUE
0,1,0,"gli","HIV","B_mem",12,4,3,TRUE
0,1,0,"glis","HIV","B_mem",12,4,3,TRUE
0,1,0,"gmeb2_1","HIV","B_mem",12,4,3,TRUE
0.0401666229221165,0.507589119710101,0.452244257367782,"gmeb2_2","HIV","B_mem",12,4,3,TRUE
8.88227103170128e-10,0.832625105269575,0.167374893842197,"gmeb2_3","HIV","B_mem",12,4,3,TRUE
0.0630489054714275,0.628842031507174,0.308109063021399,"grhl","HIV","B_mem",12,4,3,TRUE
0,1,0,"hand1","HIV","B_mem",12,4,3,TRUE
0.141505687543781,0.858494312453398,2.82097786616393e-12,"hd_1","HIV","B_mem",12,4,3,TRUE
0.148257763419461,0.851742236580538,1.05694474771166e-15,"hd_10","HIV","B_mem",12,4,3,TRUE
0.483962824891414,0.516037175108568,1.76823702620763e-14,"hd_11","HIV","B_mem",12,4,3,TRUE
0,0.763144032257677,0.236855967742323,"hd_12","HIV","B_mem",12,4,3,TRUE
0,1,0,"hd_13","HIV","B_mem",12,4,3,TRUE
0,1,0,"hd_14","HIV","B_mem",12,4,3,TRUE
0,1,0,"hd_15","HIV","B_mem",12,4,3,TRUE
0,1,0,"hd_16","HIV","B_mem",12,4,3,TRUE
0,1,0,"hd_17","HIV","B_mem",12,4,3,TRUE
0,1,0,"hd_18","HIV","B_mem",12,4,3,TRUE
5.76686493836536e-22,0.549228945138249,0.450771054861751,"hd_19","HIV","B_mem",12,4,3,TRUE
0.0890020442456625,0.910997955754338,0,"hd_2","HIV","B_mem",12,4,3,TRUE
0.543077345121311,0.456922654878686,2.8992561706242e-15,"hd_20","HIV","B_mem",12,4,3,TRUE
0,0.701543580666381,0.298456419333619,"hd_21","HIV","B_mem",12,4,3,TRUE
0.0378331072333024,0.96216689276646,2.37396047408979e-13,"hd_22","HIV","B_mem",12,4,3,TRUE
0,1,0,"hd_23","HIV","B_mem",12,4,3,TRUE
0.162072844894081,0.560637303856051,0.277289851249868,"hd_24","HIV","B_mem",12,4,3,TRUE
1.66848084581629e-15,0.610950443224145,0.389049556775853,"hd_25","HIV","B_mem",12,4,3,TRUE
0.0071353949042742,0.883053029732884,0.109811575362842,"hd_3","HIV","B_mem",12,4,3,TRUE
0,1,0,"hd_4","HIV","B_mem",12,4,3,TRUE
9.60292700801431e-12,0.951558368441113,0.0484416315492842,"hd_5","HIV","B_mem",12,4,3,TRUE
9.54992952358892e-15,0.925404527990443,0.0745954720095478,"hd_6","HIV","B_mem",12,4,3,TRUE
1.52253097869642e-12,0.762166576175118,0.237833423823359,"hd_7","HIV","B_mem",12,4,3,TRUE
0.0292746245814686,0.970725375418527,4.53039920346152e-15,"hd_8","HIV","B_mem",12,4,3,TRUE
0.281055665336096,0.562511809501791,0.156432525162113,"hd_9","HIV","B_mem",12,4,3,TRUE
0.141338896773651,0.858661103226349,0,"hen1","HIV","B_mem",12,4,3,TRUE
0,0.928276350875562,0.071723649124438,"hic_1","HIV","B_mem",12,4,3,TRUE
0.101769162896126,0.898230837103874,0,"hic_2","HIV","B_mem",12,4,3,TRUE
0,1,0,"hif","HIV","B_mem",12,4,3,TRUE
0,1,0,"hinfp1_1","HIV","B_mem",12,4,3,TRUE
0,1,0,"hinfp1_2","HIV","B_mem",12,4,3,TRUE
0,1,0,"hinfp1_3","HIV","B_mem",12,4,3,TRUE
0,0.376073524139942,0.623926475860058,"hltf","HIV","B_mem",12,4,3,TRUE
0,1,0,"homez","HIV","B_mem",12,4,3,TRUE
0,0.595022902760469,0.404977097239531,"hsf","HIV","B_mem",12,4,3,TRUE
0,1,0,"hsfy2","HIV","B_mem",12,4,3,TRUE
0.0601973292022488,0.849746965385341,0.0900557054124105,"insm1","HIV","B_mem",12,4,3,TRUE
0,1,0,"irf_1","HIV","B_mem",12,4,3,TRUE
0,1,0,"irf_2","HIV","B_mem",12,4,3,TRUE
0,1,0,"irf_3","HIV","B_mem",12,4,3,TRUE
0,1,0,"irf_4","HIV","B_mem",12,4,3,TRUE
2.49586164293543e-13,0.978358728192968,0.0216412718067829,"kaiso","HIV","B_mem",12,4,3,TRUE
3.22530839232934e-23,1,0,"klf_sp_1","HIV","B_mem",12,4,3,TRUE
0,1,0,"klf_sp_2","HIV","B_mem",12,4,3,TRUE
0,1,7.87826554730514e-17,"klf_sp_3","HIV","B_mem",12,4,3,TRUE
2.93506195071705e-13,0.870112872259639,0.129887127740068,"lef1","HIV","B_mem",12,4,3,TRUE
0,1,0,"lin54","HIV","B_mem",12,4,3,TRUE
3.48037508083618e-11,0.916166968251368,0.0838330317138277,"maf","HIV","B_mem",12,4,3,TRUE
0.0811922650853151,0.918807734914685,0,"mbd2","HIV","B_mem",12,4,3,TRUE
0.0272688565177134,0.73946988824711,0.233261255235176,"mecp2","HIV","B_mem",12,4,3,TRUE
0.243800589122964,0.323846904775462,0.432352506101574,"mef2","HIV","B_mem",12,4,3,TRUE
0,1,0,"mfz1","HIV","B_mem",12,4,3,TRUE
0,0.928017381191557,0.0719826188084428,"mies","HIV","B_mem",12,4,3,TRUE
0,0.938239055564485,0.0617609444355147,"mtf1","HIV","B_mem",12,4,3,TRUE
0,1,0,"myb_1","HIV","B_mem",12,4,3,TRUE
2.41915060014019e-25,0.995773244681112,0.00422675531888844,"myb_2","HIV","B_mem",12,4,3,TRUE
0,1,0,"myb_3","HIV","B_mem",12,4,3,TRUE
0,0.769090736553955,0.230909263446045,"myb_4","HIV","B_mem",12,4,3,TRUE
0,0.741409304930707,0.258590695069293,"myb_5","HIV","B_mem",12,4,3,TRUE
2.54759861660613e-17,0.873258515923051,0.126741484076949,"mzf1","HIV","B_mem",12,4,3,TRUE
0.0168821146200201,0.983117885379756,2.23704945562432e-13,"nfac_2","HIV","B_mem",12,4,3,TRUE
0,1,0,"nfat_1","HIV","B_mem",12,4,3,TRUE
0.157703556495233,0.842296443504767,8.74292956466064e-22,"nfat_2","HIV","B_mem",12,4,3,TRUE
0.248312078830612,0.491311240914793,0.260376680254596,"nfat_3","HIV","B_mem",12,4,3,TRUE
0,1,0,"nfat_4","HIV","B_mem",12,4,3,TRUE
0,1,0,"nfi_1","HIV","B_mem",12,4,3,TRUE
0,1,0,"nfi_2","HIV","B_mem",12,4,3,TRUE
0,1,0,"nfi_3","HIV","B_mem",12,4,3,TRUE
0.382987230689193,0.273920361645369,0.343092407665438,"nfkb_1","HIV","B_mem",12,4,3,TRUE
0,1,0,"nfkb_2","HIV","B_mem",12,4,3,TRUE
0.486593710225459,0.266750310104877,0.246655979669663,"nfkb_3","HIV","B_mem",12,4,3,TRUE
0,0.926664252241603,0.073335747758397,"nfy","HIV","B_mem",12,4,3,TRUE
0,1,0,"nr_1","HIV","B_mem",12,4,3,TRUE
0,1,0,"nr_10","HIV","B_mem",12,4,3,TRUE
0.095301179909043,0.820491625852708,0.0842071942382489,"nr_11","HIV","B_mem",12,4,3,TRUE
0,1,0,"nr_12","HIV","B_mem",12,4,3,TRUE
0,1,0,"nr_13","HIV","B_mem",12,4,3,TRUE
0,1,0,"nr_14","HIV","B_mem",12,4,3,TRUE
0,1,0,"nr_15","HIV","B_mem",12,4,3,TRUE
0,1,0,"nr_16","HIV","B_mem",12,4,3,TRUE
0,1,0,"nr_17","HIV","B_mem",12,4,3,TRUE
0,0.89874703258366,0.10125296741634,"nr_18","HIV","B_mem",12,4,3,TRUE
0,1,0,"nr_19","HIV","B_mem",12,4,3,TRUE
0,1,0,"nr_2","HIV","B_mem",12,4,3,TRUE
0.201282785318983,0.798717214681006,1.08652007719792e-14,"nr_20","HIV","B_mem",12,4,3,TRUE
0,1,0,"nr_3","HIV","B_mem",12,4,3,TRUE
0,0.585433677615302,0.414566322384698,"nr_4","HIV","B_mem",12,4,3,TRUE
0.296113649554771,0.703886350445209,2.01391521438562e-14,"nr_5","HIV","B_mem",12,4,3,TRUE
0,1,0,"nr_6","HIV","B_mem",12,4,3,TRUE
0,1,0,"nr_7","HIV","B_mem",12,4,3,TRUE
8.0692410113101e-17,0.704827764702307,0.295172235297693,"nr_8","HIV","B_mem",12,4,3,TRUE
0.0364767061748,0.9635232938252,0,"nr_9","HIV","B_mem",12,4,3,TRUE
0.209837601723448,0.306295132515761,0.483867265760791,"nr2e3","HIV","B_mem",12,4,3,TRUE
5.49915565609598e-13,0.961429334177526,0.0385706658219237,"nrf1","HIV","B_mem",12,4,3,TRUE
0.359470387840993,0.640529612159007,0,"oct4sox2","HIV","B_mem",12,4,3,TRUE
0.0417379312829844,0.958262068717016,0,"osr2","HIV","B_mem",12,4,3,TRUE
0,1,0,"ovol1","HIV","B_mem",12,4,3,TRUE
0,1,0,"p53_like_1","HIV","B_mem",12,4,3,TRUE
0.549349822806031,0.191253409097302,0.259396768096667,"p53_like_2","HIV","B_mem",12,4,3,TRUE
4.88568871715599e-14,0.98862806067064,0.0113719393293108,"p53_like_3","HIV","B_mem",12,4,3,TRUE
3.44690839630646e-21,0.871435349758761,0.128564650241239,"pax_halfsite","HIV","B_mem",12,4,3,TRUE
0,1,0,"pax_1","HIV","B_mem",12,4,3,TRUE
0.168458576681782,0.372077639501617,0.459463783816601,"pax_2","HIV","B_mem",12,4,3,TRUE
0,0.993358869921067,0.0066411300789329,"plag1","HIV","B_mem",12,4,3,TRUE
0,0.705619368921562,0.294380631078438,"pou_1","HIV","B_mem",12,4,3,TRUE
0.411463823092938,0.480069566931593,0.108466609975469,"pou_2","HIV","B_mem",12,4,3,TRUE
0.00864145562754922,0.99135854429951,7.29408871780143e-11,"pou_3","HIV","B_mem",12,4,3,TRUE
0.316927965580153,0.683072034419847,0,"prdm1","HIV","B_mem",12,4,3,TRUE
0.775310667867152,0.15729890434267,0.0673904277901781,"prdm14","HIV","B_mem",12,4,3,TRUE
0,0.998617088873015,0.00138291112698529,"prdm16","HIV","B_mem",12,4,3,TRUE
0,1,0,"prdm4","HIV","B_mem",12,4,3,TRUE
0,0.947942066902661,0.0520579330973385,"prdm5","HIV","B_mem",12,4,3,TRUE
0,0.935694563352325,0.0643054366476746,"prdm9","HIV","B_mem",12,4,3,TRUE
0.0297451680824845,0.746830660990637,0.223424170926879,"prox1","HIV","B_mem",12,4,3,TRUE
0,1,0,"rbpj","HIV","B_mem",12,4,3,TRUE
0,1,0,"rel_halfsite","HIV","B_mem",12,4,3,TRUE
0,1,0,"rest_nrsf","HIV","B_mem",12,4,3,TRUE
1.13226352375034e-13,0.748409576642789,0.251590423357097,"rfx_1","HIV","B_mem",12,4,3,TRUE
0,1,0,"rfx_2","HIV","B_mem",12,4,3,TRUE
0,1,0,"rfx_3","HIV","B_mem",12,4,3,TRUE
0.432503706352823,0.2710490396051,0.296447254042076,"runx_1","HIV","B_mem",12,4,3,TRUE
1.82867584432278e-11,0.974151664363038,0.0258483356186756,"runx_2","HIV","B_mem",12,4,3,TRUE
0,1,0,"scrt1","HIV","B_mem",12,4,3,TRUE
0,1,0,"six_1","HIV","B_mem",12,4,3,TRUE
0.00843280750858488,0.991567192491415,3.21769299681553e-23,"six_2","HIV","B_mem",12,4,3,TRUE
0,1,0,"smad","HIV","B_mem",12,4,3,TRUE
0,1,0,"smad_1","HIV","B_mem",12,4,3,TRUE
0.628089781212687,0.317518852839876,0.0543913659474371,"smad_2","HIV","B_mem",12,4,3,TRUE
0.186967725774986,0.776906337120384,0.0361259371046303,"smarca1","HIV","B_mem",12,4,3,TRUE
0.500101357031246,0.499898642968754,7.55643366398806e-16,"smarca5","HIV","B_mem",12,4,3,TRUE
0.221445225417145,0.442062327805398,0.336492446777457,"snai2","HIV","B_mem",12,4,3,TRUE
0.322178712729088,0.677821287270882,3.0046276474691e-14,"sox_1","HIV","B_mem",12,4,3,TRUE
0,0.706509836906547,0.293490163093453,"sox_2","HIV","B_mem",12,4,3,TRUE
0.307220187436703,0.148948522204494,0.543831290358803,"sox_3","HIV","B_mem",12,4,3,TRUE
0,1,0,"sox_4","HIV","B_mem",12,4,3,TRUE
0.0504867907967305,0.94951320920327,3.42085384249113e-19,"sox_5","HIV","B_mem",12,4,3,TRUE
0,0.679994837512927,0.320005162487073,"sox_6","HIV","B_mem",12,4,3,TRUE
0.0717415830488177,0.71094491454,0.217313502411183,"sox_7","HIV","B_mem",12,4,3,TRUE
0,0.956022113636178,0.0439778863638215,"sox_8","HIV","B_mem",12,4,3,TRUE
0,1,0,"spdef_1","HIV","B_mem",12,4,3,TRUE
1.03382672535985e-14,0.983811865184895,0.016188134815095,"spdef_2","HIV","B_mem",12,4,3,TRUE
0,1,0,"spi","HIV","B_mem",12,4,3,TRUE
0,1,0,"spz1","HIV","B_mem",12,4,3,TRUE
3.29178711219758e-15,0.778185061937897,0.221814938062099,"srebf1","HIV","B_mem",12,4,3,TRUE
0.021213294525285,0.503374927477935,0.47541177799678,"srf","HIV","B_mem",12,4,3,TRUE
0,1,0,"stat_1","HIV","B_mem",12,4,3,TRUE
0,1,0,"stat_2","HIV","B_mem",12,4,3,TRUE
0,1,0,"tata","HIV","B_mem",12,4,3,TRUE
0,1,0,"tbx_1","HIV","B_mem",12,4,3,TRUE
0.230067241321879,0.618948318269697,0.150984440408425,"tbx_2","HIV","B_mem",12,4,3,TRUE
0.109189702708976,0.890810297290912,1.12460633130654e-13,"tbx_3","HIV","B_mem",12,4,3,TRUE
0,1,0,"tbx_4","HIV","B_mem",12,4,3,TRUE
0.776143164786718,0.16413828722175,0.0597185479915322,"tcf_lef","HIV","B_mem",12,4,3,TRUE
0,1,0,"tead","HIV","B_mem",12,4,3,TRUE
0,1,0,"tfap2_1","HIV","B_mem",12,4,3,TRUE
0,1,0,"tfap2_2","HIV","B_mem",12,4,3,TRUE
0,0.984880678104054,0.0151193218959458,"tfcp2","HIV","B_mem",12,4,3,TRUE
0,1,0,"thap1","HIV","B_mem",12,4,3,TRUE
0,1,0,"yy1","HIV","B_mem",12,4,3,TRUE
0,0.960192619799323,0.0398073802006768,"zbed1","HIV","B_mem",12,4,3,TRUE
1.1255817073936e-10,0.984009726257769,0.0159902736296734,"zbtb14","HIV","B_mem",12,4,3,TRUE
0.125649675035521,0.833309865174735,0.0410404597897431,"zbtb48","HIV","B_mem",12,4,3,TRUE
0.0583723335672185,0.941627666432781,0,"zbtb49","HIV","B_mem",12,4,3,TRUE
0.0125483381789139,0.987451661821086,0,"zbtb6","HIV","B_mem",12,4,3,TRUE
0,1,0,"zbtb7a","HIV","B_mem",12,4,3,TRUE
0.51145407495794,0.19919915306856,0.2893467719735,"zfn121","HIV","B_mem",12,4,3,TRUE
0,1,0,"zfx","HIV","B_mem",12,4,3,TRUE
4.82284802587935e-12,0.982449017947696,0.0175509820474807,"zic","HIV","B_mem",12,4,3,TRUE
0.126780714493355,0.873219285506645,3.15839894092447e-19,"zic_2","HIV","B_mem",12,4,3,TRUE
0.190988466456421,0.483588527408195,0.325423006135384,"zim3","HIV","B_mem",12,4,3,TRUE
0,1,0,"zkscan1","HIV","B_mem",12,4,3,TRUE
0,1,0,"znf134","HIV","B_mem",12,4,3,TRUE
0,1,0,"znf136","HIV","B_mem",12,4,3,TRUE
0.198569080276954,0.801430919723046,5.10231431327159e-20,"znf140","HIV","B_mem",12,4,3,TRUE
0,1,0,"znf143","HIV","B_mem",12,4,3,TRUE
0,1,0,"znf143_1","HIV","B_mem",12,4,3,TRUE
4.04598162830914e-12,0.543938326445638,0.456061673550316,"znf146","HIV","B_mem",12,4,3,TRUE
0.236770024965518,0.628609759303668,0.134620215730814,"znf232","HIV","B_mem",12,4,3,TRUE
0.0294852229567275,0.970514777043009,2.63422185229459e-13,"znf24","HIV","B_mem",12,4,3,TRUE
1.8604651410896e-12,0.895211397530361,0.104788602467779,"znf250","HIV","B_mem",12,4,3,TRUE
0,0.852537854915735,0.147462145084265,"znf257","HIV","B_mem",12,4,3,TRUE
0,1,0,"znf274","HIV","B_mem",12,4,3,TRUE
0.323676156204031,0.676323843795969,0,"znf28","HIV","B_mem",12,4,3,TRUE
1.05930725186722e-24,0.57038820976365,0.42961179023635,"znf282","HIV","B_mem",12,4,3,TRUE
0.0621219532990888,0.826981383035037,0.110896663665874,"znf306","HIV","B_mem",12,4,3,TRUE
0,1,0,"znf317","HIV","B_mem",12,4,3,TRUE
0,0.837067249888459,0.162932750111541,"znf320","HIV","B_mem",12,4,3,TRUE
0,1,0,"znf324","HIV","B_mem",12,4,3,TRUE
0,1,0,"znf329","HIV","B_mem",12,4,3,TRUE
0,1,0,"znf331","HIV","B_mem",12,4,3,TRUE
0,1,0,"znf332","HIV","B_mem",12,4,3,TRUE
0.0237581727336777,0.976241827266322,0,"znf335","HIV","B_mem",12,4,3,TRUE
0.119034595288095,0.390467585125635,0.49049781958627,"znf354","HIV","B_mem",12,4,3,TRUE
0,1,0,"znf382","HIV","B_mem",12,4,3,TRUE
0,1,0,"znf384_1","HIV","B_mem",12,4,3,TRUE
0.143748053133703,0.856251946866297,0,"znf384_2","HIV","B_mem",12,4,3,TRUE
0,1,0,"znf41","HIV","B_mem",12,4,3,TRUE
0.0778472153880154,0.507222437798579,0.414930346813406,"znf410","HIV","B_mem",12,4,3,TRUE
0,0.828449098658551,0.171550901341449,"znf418","HIV","B_mem",12,4,3,TRUE
0,1,0,"znf423","HIV","B_mem",12,4,3,TRUE
3.59083280783706e-14,0.89309792719316,0.106902072806804,"znf431","HIV","B_mem",12,4,3,TRUE
0,1,0,"znf435","HIV","B_mem",12,4,3,TRUE
0,1,0,"znf436","HIV","B_mem",12,4,3,TRUE
0,1,0,"znf449","HIV","B_mem",12,4,3,TRUE
2.03760060184211e-16,0.890562238662561,0.109437761337438,"znf490","HIV","B_mem",12,4,3,TRUE
0.431208150715947,0.521058415119713,0.0477334341643392,"znf524","HIV","B_mem",12,4,3,TRUE
0,0.886441076039808,0.113558923960192,"znf528","HIV","B_mem",12,4,3,TRUE
0,1,0,"znf53","HIV","B_mem",12,4,3,TRUE
0,0.80335031979907,0.19664968020093,"znf547","HIV","B_mem",12,4,3,TRUE
0,1,0,"znf549","HIV","B_mem",12,4,3,TRUE
0,0.835144617378061,0.164855382621939,"znf554","HIV","B_mem",12,4,3,TRUE
0,1,0,"znf563","HIV","B_mem",12,4,3,TRUE
0.00513823947454245,0.664292364287019,0.330569396238439,"znf57","HIV","B_mem",12,4,3,TRUE
0,0.705768393395804,0.294231606604196,"znf586","HIV","B_mem",12,4,3,TRUE
0.123051805189368,0.876948194810632,3.86003224142519e-19,"znf652","HIV","B_mem",12,4,3,TRUE
0,1,0,"znf667","HIV","B_mem",12,4,3,TRUE
0,0.78339789331916,0.21660210668084,"znf680","HIV","B_mem",12,4,3,TRUE
0.150619528269861,0.849380471730139,0,"znf708","HIV","B_mem",12,4,3,TRUE
0,1,0,"znf713","HIV","B_mem",12,4,3,TRUE
0,1,0,"znf768","HIV","B_mem",12,4,3,TRUE
4.71843692176222e-24,0.61391604111246,0.38608395888754,"znf784","HIV","B_mem",12,4,3,TRUE
0.128435283194146,0.871564716805854,0,"znf85","HIV","B_mem",12,4,3,TRUE
2.29696921380107e-15,0.999999999999998,0,"znf85_1","HIV","B_mem",12,4,3,TRUE
0,1,0,"zscan3","HIV","B_mem",12,4,3,TRUE
0,1,0,"zscan4","HIV","B_mem",12,4,3,TRUE
0,1,0,"ahr","HIV","B_naive",12,4,3,TRUE
0,1,0,"aire","HIV","B_naive",12,4,3,TRUE
0,0.730000555655363,0.269999444344637,"ap1_1","HIV","B_naive",12,4,3,TRUE
0,0.528967875609004,0.471032124390996,"ap1_2","HIV","B_naive",12,4,3,TRUE
0,1,0,"ari5a","HIV","B_naive",12,4,3,TRUE
0.0445820029819603,0.95541799701804,0,"ari5b","HIV","B_naive",12,4,3,TRUE
0,1,0,"batf","HIV","B_naive",12,4,3,TRUE
0.0421638217106312,0.957836178289369,0,"bcl6_1","HIV","B_naive",12,4,3,TRUE
0,0.8727416680112,0.1272583319888,"bcl6_2","HIV","B_naive",12,4,3,TRUE
3.08714884400325e-12,0.984281880977449,0.0157181190194641,"ccaat_cebp","HIV","B_naive",12,4,3,TRUE
0.13016203054793,0.86983796945207,0,"cenbp","HIV","B_naive",12,4,3,TRUE
0,0.794515608502293,0.205484391497707,"cpeb1","HIV","B_naive",12,4,3,TRUE
0,1,0,"creb_atf_1","HIV","B_naive",12,4,3,TRUE
0,1,0,"creb_atf_2","HIV","B_naive",12,4,3,TRUE
8.1762008638261e-18,0.860554999526533,0.139445000473466,"creb_atf_3","HIV","B_naive",12,4,3,TRUE
0,1,0,"creb3_xbp1","HIV","B_naive",12,4,3,TRUE
0,1,0,"ctcf","HIV","B_naive",12,4,3,TRUE
0,1,0,"cux_1","HIV","B_naive",12,4,3,TRUE
0,1,0,"cux_2","HIV","B_naive",12,4,3,TRUE
0,1,0,"cux_3","HIV","B_naive",12,4,3,TRUE
0,1,0,"cux_4","HIV","B_naive",12,4,3,TRUE
0.102540834738247,0.897459165261753,0,"ddit3cebpa","HIV","B_naive",12,4,3,TRUE
1.41020214457175e-21,0.929721980855346,0.0702780191446535,"dmrt1","HIV","B_naive",12,4,3,TRUE
0,1,0,"dmrt3","HIV","B_naive",12,4,3,TRUE
0,1,0,"e2f_1","HIV","B_naive",12,4,3,TRUE
0,0.775890067132336,0.224109932867664,"e2f_2","HIV","B_naive",12,4,3,TRUE
0,1,0,"e2f_3","HIV","B_naive",12,4,3,TRUE
0,1,0,"e2f_4","HIV","B_naive",12,4,3,TRUE
1.20803770402146e-22,0.873543250988045,0.126456749011955,"ebf1","HIV","B_naive",12,4,3,TRUE
0,0.843594936302013,0.156405063697987,"ebox_cacctg","HIV","B_naive",12,4,3,TRUE
0,0.796407796295682,0.203592203704318,"ebox_cacgtg_1","HIV","B_naive",12,4,3,TRUE
1.90983265014574e-16,1,0,"ebox_cacgtg_2","HIV","B_naive",12,4,3,TRUE
0,0.805901071469387,0.194098928530613,"ebox_cagatgg","HIV","B_naive",12,4,3,TRUE
0,0.729463904354428,0.270536095645572,"ebox_cagctg","HIV","B_naive",12,4,3,TRUE
0.0773656934989621,0.526880295958477,0.395754010542561,"ebox_catatg","HIV","B_naive",12,4,3,TRUE
0,0.893917257712226,0.106082742287774,"egr","HIV","B_naive",12,4,3,TRUE
0,1,0,"ets_1","HIV","B_naive",12,4,3,TRUE
0.0402348351186606,0.959765164881339,0,"ets_2","HIV","B_naive",12,4,3,TRUE
0,1,0,"evi1_mecom","HIV","B_naive",12,4,3,TRUE
0,1,0,"ewsr1_fli1","HIV","B_naive",12,4,3,TRUE
0.324321598130363,0.31681930754034,0.358859094329298,"fezf1","HIV","B_naive",12,4,3,TRUE
0.304906065573824,0.606829146185598,0.0882647882405782,"fox_1","HIV","B_naive",12,4,3,TRUE
1.65471950695262e-10,0.942570748624144,0.0574292512103841,"fox_2","HIV","B_naive",12,4,3,TRUE
1.70915168917843e-15,0.984002466252659,0.0159975337473393,"fox_3","HIV","B_naive",12,4,3,TRUE
7.04040772467336e-16,0.517762637453063,0.482237362546936,"fox_4","HIV","B_naive",12,4,3,TRUE
0,1,0,"fox_5","HIV","B_naive",12,4,3,TRUE
0,1,0,"fox_6","HIV","B_naive",12,4,3,TRUE
0,0.967324327156172,0.0326756728438283,"fox_7","HIV","B_naive",12,4,3,TRUE
0.0771073048455222,0.922892693379332,1.77514626600536e-09,"fox_8","HIV","B_naive",12,4,3,TRUE
0.271398416398863,0.68691221600418,0.0416893675969572,"fox_9","HIV","B_naive",12,4,3,TRUE
0,1,0,"gata","HIV","B_naive",12,4,3,TRUE
0.263641717668568,0.456942772500137,0.279415509831295,"gc_tract","HIV","B_naive",12,4,3,TRUE
0.102800455236276,0.897199544763724,0,"gcm","HIV","B_naive",12,4,3,TRUE
0.0366388900468761,0.963361109953124,5.67163836774681e-17,"gfi","HIV","B_naive",12,4,3,TRUE
0.113766007964939,0.359877816350889,0.526356175684172,"gli","HIV","B_naive",12,4,3,TRUE
0.0205167901220789,0.44828087090124,0.531202338976681,"glis","HIV","B_naive",12,4,3,TRUE
0,1,0,"gmeb2_1","HIV","B_naive",12,4,3,TRUE
0.0452317799325297,0.95476822006747,0,"gmeb2_2","HIV","B_naive",12,4,3,TRUE
0,1,0,"gmeb2_3","HIV","B_naive",12,4,3,TRUE
0,1,0,"grhl","HIV","B_naive",12,4,3,TRUE
0,1,0,"hand1","HIV","B_naive",12,4,3,TRUE
0,1,0,"hd_1","HIV","B_naive",12,4,3,TRUE
0.197952790305813,0.802047209694187,0,"hd_10","HIV","B_naive",12,4,3,TRUE
0,1,0,"hd_11","HIV","B_naive",12,4,3,TRUE
6.55119157260388e-18,0.96637408486693,0.0336259151330698,"hd_12","HIV","B_naive",12,4,3,TRUE
0,0.869403900703011,0.130596099296989,"hd_13","HIV","B_naive",12,4,3,TRUE
0.169566819718319,0.830433180281674,6.13645971393631e-15,"hd_14","HIV","B_naive",12,4,3,TRUE
0,1,0,"hd_15","HIV","B_naive",12,4,3,TRUE
0.0687014739961107,0.489700591206631,0.441597934797258,"hd_16","HIV","B_naive",12,4,3,TRUE
0,1,0,"hd_17","HIV","B_naive",12,4,3,TRUE
7.54084410443973e-12,0.82423246546894,0.175767534523519,"hd_18","HIV","B_naive",12,4,3,TRUE
0.129559248317454,0.366343719649984,0.504097032032562,"hd_19","HIV","B_naive",12,4,3,TRUE
0.192548009970864,0.526430252728824,0.281021737300312,"hd_2","HIV","B_naive",12,4,3,TRUE
0.479096842200066,0.520903157259743,5.40191042772333e-10,"hd_20","HIV","B_naive",12,4,3,TRUE
0.0467419608725418,0.953258039127458,0,"hd_21","HIV","B_naive",12,4,3,TRUE
0,1,0,"hd_22","HIV","B_naive",12,4,3,TRUE
0,1,0,"hd_23","HIV","B_naive",12,4,3,TRUE
0,1,0,"hd_24","HIV","B_naive",12,4,3,TRUE
0,1,0,"hd_25","HIV","B_naive",12,4,3,TRUE
0.0530534060644054,0.591554566123475,0.35539202781212,"hd_3","HIV","B_naive",12,4,3,TRUE
3.2328082202801e-13,0.599271315305457,0.40072868469422,"hd_4","HIV","B_naive",12,4,3,TRUE
0,1,0,"hd_5","HIV","B_naive",12,4,3,TRUE
0,0.882453900410231,0.117546099589769,"hd_6","HIV","B_naive",12,4,3,TRUE
0,1,0,"hd_7","HIV","B_naive",12,4,3,TRUE
0,0.59413820774753,0.40586179225247,"hd_8","HIV","B_naive",12,4,3,TRUE
8.92337537404722e-14,0.92068530510721,0.0793146948927012,"hd_9","HIV","B_naive",12,4,3,TRUE
0,0.578810764618756,0.421189235381244,"hen1","HIV","B_naive",12,4,3,TRUE
0,1,0,"hic_1","HIV","B_naive",12,4,3,TRUE
0.00876156662275007,0.520603913698038,0.470634519679211,"hic_2","HIV","B_naive",12,4,3,TRUE
0,1,0,"hif","HIV","B_naive",12,4,3,TRUE
0,0.940969237734096,0.0590307622659041,"hinfp1_1","HIV","B_naive",12,4,3,TRUE
0,1,0,"hinfp1_2","HIV","B_naive",12,4,3,TRUE
2.31144127817849e-11,0.812219964981051,0.187780034995835,"hinfp1_3","HIV","B_naive",12,4,3,TRUE
0,1,0,"hltf","HIV","B_naive",12,4,3,TRUE
0.0955503022673913,0.861340808372277,0.0431088893603314,"homez","HIV","B_naive",12,4,3,TRUE
4.63189853415796e-23,0.891391178055777,0.108608821944223,"hsf","HIV","B_naive",12,4,3,TRUE
0,1,0,"hsfy2","HIV","B_naive",12,4,3,TRUE
0,0.898759892149685,0.101240107850315,"insm1","HIV","B_naive",12,4,3,TRUE
0,1,0,"irf_1","HIV","B_naive",12,4,3,TRUE
0,0.833504875825773,0.166495124174227,"irf_2","HIV","B_naive",12,4,3,TRUE
0,1,0,"irf_3","HIV","B_naive",12,4,3,TRUE
2.21274317837539e-16,0.959450356067081,0.040549643932919,"irf_4","HIV","B_naive",12,4,3,TRUE
0,0.966080685897214,0.0339193141027861,"kaiso","HIV","B_naive",12,4,3,TRUE
0,1,0,"klf_sp_1","HIV","B_naive",12,4,3,TRUE
6.60695835459474e-17,0.875032892791169,0.124967107208831,"klf_sp_2","HIV","B_naive",12,4,3,TRUE
0,1,0,"klf_sp_3","HIV","B_naive",12,4,3,TRUE
2.41649320059446e-16,0.267827224600369,0.73217277539963,"lef1","HIV","B_naive",12,4,3,TRUE
0,1,0,"lin54","HIV","B_naive",12,4,3,TRUE
6.79105942028216e-14,0.965732258853675,0.0342677411462574,"maf","HIV","B_naive",12,4,3,TRUE
2.07091136234763e-10,0.778576341847963,0.221423657944946,"mbd2","HIV","B_naive",12,4,3,TRUE
0,1,0,"mecp2","HIV","B_naive",12,4,3,TRUE
0,0.724971736358515,0.275028263641485,"mef2","HIV","B_naive",12,4,3,TRUE
0,1,0,"mfz1","HIV","B_naive",12,4,3,TRUE
0,0.771989356521314,0.228010643478686,"mies","HIV","B_naive",12,4,3,TRUE
0,1,0,"mtf1","HIV","B_naive",12,4,3,TRUE
0,1,0,"myb_1","HIV","B_naive",12,4,3,TRUE
0,0.761674937914229,0.23832506208577,"myb_2","HIV","B_naive",12,4,3,TRUE
0,1,0,"myb_3","HIV","B_naive",12,4,3,TRUE
0,0.712924954902816,0.287075045097184,"myb_4","HIV","B_naive",12,4,3,TRUE
6.0118248757782e-13,0.835188139271568,0.164811860727831,"myb_5","HIV","B_naive",12,4,3,TRUE
0,1,0,"mzf1","HIV","B_naive",12,4,3,TRUE
0.13219071928214,0.697288518641191,0.170520762076668,"nfac_2","HIV","B_naive",12,4,3,TRUE
0.180818861527425,0.819181138472575,0,"nfat_1","HIV","B_naive",12,4,3,TRUE
0,0.763050341795345,0.236949658204655,"nfat_2","HIV","B_naive",12,4,3,TRUE
0,1,0,"nfat_3","HIV","B_naive",12,4,3,TRUE
0.122284943185488,0.767041953129147,0.110673103685364,"nfat_4","HIV","B_naive",12,4,3,TRUE
0,1,0,"nfi_1","HIV","B_naive",12,4,3,TRUE
0,0.887591855897511,0.112408144102489,"nfi_2","HIV","B_naive",12,4,3,TRUE
0,1,0,"nfi_3","HIV","B_naive",12,4,3,TRUE
6.3832580430989e-23,0.621665732005394,0.378334267994606,"nfkb_1","HIV","B_naive",12,4,3,TRUE
0.0875873518863478,0.569835367979141,0.342577280134511,"nfkb_2","HIV","B_naive",12,4,3,TRUE
7.43849314429171e-19,0.865859540017824,0.134140459982176,"nfkb_3","HIV","B_naive",12,4,3,TRUE
0,1,0,"nfy","HIV","B_naive",12,4,3,TRUE
0.0145584059206034,0.610455076530615,0.374986517548781,"nr_1","HIV","B_naive",12,4,3,TRUE
0.165267441428495,0.834732558571505,0,"nr_10","HIV","B_naive",12,4,3,TRUE
0.627048877155509,0.37295112284449,2.26537877230027e-18,"nr_11","HIV","B_naive",12,4,3,TRUE
0,1,0,"nr_12","HIV","B_naive",12,4,3,TRUE
0.246944911583649,0.753055088416351,0,"nr_13","HIV","B_naive",12,4,3,TRUE
0,0.947352217656699,0.0526477823433012,"nr_14","HIV","B_naive",12,4,3,TRUE
0,1,0,"nr_15","HIV","B_naive",12,4,3,TRUE
0,1,0,"nr_16","HIV","B_naive",12,4,3,TRUE
0,1,0,"nr_17","HIV","B_naive",12,4,3,TRUE
0,1,0,"nr_18","HIV","B_naive",12,4,3,TRUE
0,1,0,"nr_19","HIV","B_naive",12,4,3,TRUE
0,0.870328119488574,0.129671880511426,"nr_2","HIV","B_naive",12,4,3,TRUE
0.159599362475394,0.840400637524606,0,"nr_20","HIV","B_naive",12,4,3,TRUE
0,1,0,"nr_3","HIV","B_naive",12,4,3,TRUE
0.178216586540872,0.821783413459128,0,"nr_4","HIV","B_naive",12,4,3,TRUE
0,0.931361242776501,0.068638757223499,"nr_5","HIV","B_naive",12,4,3,TRUE
0.367471155490727,0.391178271921955,0.241350572587318,"nr_6","HIV","B_naive",12,4,3,TRUE
0,1,0,"nr_7","HIV","B_naive",12,4,3,TRUE
0,1,0,"nr_8","HIV","B_naive",12,4,3,TRUE
0,1,0,"nr_9","HIV","B_naive",12,4,3,TRUE
0,0.71726452475726,0.28273547524274,"nr2e3","HIV","B_naive",12,4,3,TRUE
0,1,0,"nrf1","HIV","B_naive",12,4,3,TRUE
0,1,0,"oct4sox2","HIV","B_naive",12,4,3,TRUE
0.398186976461406,0.34505690068727,0.256756122851324,"osr2","HIV","B_naive",12,4,3,TRUE
0,0.778077995831094,0.221922004168906,"ovol1","HIV","B_naive",12,4,3,TRUE
0,1,0,"p53_like_1","HIV","B_naive",12,4,3,TRUE
0,1,0,"p53_like_2","HIV","B_naive",12,4,3,TRUE
0,0.595676404260897,0.404323595739104,"p53_like_3","HIV","B_naive",12,4,3,TRUE
0,1,0,"pax_halfsite","HIV","B_naive",12,4,3,TRUE
0,0.923474844717724,0.0765251552822762,"pax_1","HIV","B_naive",12,4,3,TRUE
0,1,0,"pax_2","HIV","B_naive",12,4,3,TRUE
0,0.870451350841913,0.129548649158087,"plag1","HIV","B_naive",12,4,3,TRUE
0,0.934799552645425,0.0652004473545752,"pou_1","HIV","B_naive",12,4,3,TRUE
0,1,0,"pou_2","HIV","B_naive",12,4,3,TRUE
0,1,0,"pou_3","HIV","B_naive",12,4,3,TRUE
0.0456478674813785,0.954352132518621,0,"prdm1","HIV","B_naive",12,4,3,TRUE
0,1,0,"prdm14","HIV","B_naive",12,4,3,TRUE
0,1,0,"prdm16","HIV","B_naive",12,4,3,TRUE
0,1,0,"prdm4","HIV","B_naive",12,4,3,TRUE
0.116457092745832,0.883542907254168,0,"prdm5","HIV","B_naive",12,4,3,TRUE
0,0.563562470342889,0.436437529657111,"prdm9","HIV","B_naive",12,4,3,TRUE
0,0.786426808798316,0.213573191201684,"prox1","HIV","B_naive",12,4,3,TRUE
0,1,0,"rbpj","HIV","B_naive",12,4,3,TRUE
0,1,0,"rel_halfsite","HIV","B_naive",12,4,3,TRUE
0,1,0,"rest_nrsf","HIV","B_naive",12,4,3,TRUE
0,0.790340548043061,0.209659451956939,"rfx_1","HIV","B_naive",12,4,3,TRUE
0,1,0,"rfx_2","HIV","B_naive",12,4,3,TRUE
0,1,0,"rfx_3","HIV","B_naive",12,4,3,TRUE
0.129788749314062,0.539757203237697,0.330454047448241,"runx_1","HIV","B_naive",12,4,3,TRUE
0,1,0,"runx_2","HIV","B_naive",12,4,3,TRUE
5.2631012075622e-15,0.85698673651713,0.143013263482864,"scrt1","HIV","B_naive",12,4,3,TRUE
0,1,0,"six_1","HIV","B_naive",12,4,3,TRUE
1.68648172033769e-14,0.831355760894711,0.168644239105272,"six_2","HIV","B_naive",12,4,3,TRUE
0,1,2.85886219997097e-16,"smad","HIV","B_naive",12,4,3,TRUE
0,1,0,"smad_1","HIV","B_naive",12,4,3,TRUE
0.362063567649765,0.207282811714397,0.430653620635838,"smad_2","HIV","B_naive",12,4,3,TRUE
0,1,0,"smarca1","HIV","B_naive",12,4,3,TRUE
0.133437230648303,0.726040208533199,0.140522560818497,"smarca5","HIV","B_naive",12,4,3,TRUE
0,1,0,"snai2","HIV","B_naive",12,4,3,TRUE
0,0.870967313591509,0.129032686408491,"sox_1","HIV","B_naive",12,4,3,TRUE
3.50767587090029e-12,0.625479187414112,0.374520812582381,"sox_2","HIV","B_naive",12,4,3,TRUE
0,0.763146236312469,0.23685376368753,"sox_3","HIV","B_naive",12,4,3,TRUE
0,1,0,"sox_4","HIV","B_naive",12,4,3,TRUE
0,1,0,"sox_5","HIV","B_naive",12,4,3,TRUE
0.403231163564643,0.335064437495815,0.261704398939542,"sox_6","HIV","B_naive",12,4,3,TRUE
0,0.674848167237078,0.325151832762922,"sox_7","HIV","B_naive",12,4,3,TRUE
0,0.705543793491804,0.294456206508196,"sox_8","HIV","B_naive",12,4,3,TRUE
1.20214719428466e-20,0.925079401627434,0.0749205983725658,"spdef_1","HIV","B_naive",12,4,3,TRUE
1.88825388094684e-19,0.875902237994538,0.124097762005462,"spdef_2","HIV","B_naive",12,4,3,TRUE
7.4928512458284e-13,0.902132507118309,0.0978674928809417,"spi","HIV","B_naive",12,4,3,TRUE
0,1,0,"spz1","HIV","B_naive",12,4,3,TRUE
0,1,0,"srebf1","HIV","B_naive",12,4,3,TRUE
0.51600722953861,0.48399277046139,0,"srf","HIV","B_naive",12,4,3,TRUE
0.0829398838983106,0.917060116101689,0,"stat_1","HIV","B_naive",12,4,3,TRUE
0,1,0,"stat_2","HIV","B_naive",12,4,3,TRUE
0,1,0,"tata","HIV","B_naive",12,4,3,TRUE
0,1,0,"tbx_1","HIV","B_naive",12,4,3,TRUE
0,1,0,"tbx_2","HIV","B_naive",12,4,3,TRUE
0,1,0,"tbx_3","HIV","B_naive",12,4,3,TRUE
4.24325284296383e-14,0.825123133628739,0.174876866371219,"tbx_4","HIV","B_naive",12,4,3,TRUE
0,1,0,"tcf_lef","HIV","B_naive",12,4,3,TRUE
0.347684179519194,0.652315820480803,2.23789204694782e-15,"tead","HIV","B_naive",12,4,3,TRUE
0,1,0,"tfap2_1","HIV","B_naive",12,4,3,TRUE
7.90218502621232e-13,0.829944407849191,0.170055592150019,"tfap2_2","HIV","B_naive",12,4,3,TRUE
0,1,0,"tfcp2","HIV","B_naive",12,4,3,TRUE
0,1,0,"thap1","HIV","B_naive",12,4,3,TRUE
0,1,0,"yy1","HIV","B_naive",12,4,3,TRUE
0,1,0,"zbed1","HIV","B_naive",12,4,3,TRUE
0,1,0,"zbtb14","HIV","B_naive",12,4,3,TRUE
0,0.915240240699835,0.0847597593001652,"zbtb48","HIV","B_naive",12,4,3,TRUE
0.0611641963717366,0.736373049447592,0.202462754180671,"zbtb49","HIV","B_naive",12,4,3,TRUE
0,1,0,"zbtb6","HIV","B_naive",12,4,3,TRUE
0,1,0,"zbtb7a","HIV","B_naive",12,4,3,TRUE
0.344738910703808,0.571530438628749,0.083730650667443,"zfn121","HIV","B_naive",12,4,3,TRUE
0,1,0,"zfx","HIV","B_naive",12,4,3,TRUE
0,1,0,"zic","HIV","B_naive",12,4,3,TRUE
0,1,0,"zic_2","HIV","B_naive",12,4,3,TRUE
0,1,0,"zim3","HIV","B_naive",12,4,3,TRUE
0,1,0,"zkscan1","HIV","B_naive",12,4,3,TRUE
0,1,2.19607185708682e-16,"znf134","HIV","B_naive",12,4,3,TRUE
0,1,0,"znf136","HIV","B_naive",12,4,3,TRUE
0,0.759175681563107,0.240824318436893,"znf140","HIV","B_naive",12,4,3,TRUE
0,1,0,"znf143","HIV","B_naive",12,4,3,TRUE
1.21958321460985e-12,0.725734583715593,0.274265416283187,"znf143_1","HIV","B_naive",12,4,3,TRUE
0,1,0,"znf146","HIV","B_naive",12,4,3,TRUE
0,1,0,"znf232","HIV","B_naive",12,4,3,TRUE
0,1,0,"znf24","HIV","B_naive",12,4,3,TRUE
0,1,0,"znf250","HIV","B_naive",12,4,3,TRUE
0,0.803129231443535,0.196870768556465,"znf257","HIV","B_naive",12,4,3,TRUE
4.67309864909749e-14,0.455282884441633,0.54471711555832,"znf274","HIV","B_naive",12,4,3,TRUE
6.92293369142464e-13,0.94582058273884,0.0541794172604681,"znf28","HIV","B_naive",12,4,3,TRUE
0,0.565294816025228,0.434705183974772,"znf282","HIV","B_naive",12,4,3,TRUE
0,0.948281700598404,0.0517182994015961,"znf306","HIV","B_naive",12,4,3,TRUE
0.0341206369619251,0.965879363038075,0,"znf317","HIV","B_naive",12,4,3,TRUE
5.05113381745226e-16,0.984532667916759,0.0154673320832405,"znf320","HIV","B_naive",12,4,3,TRUE
0.0701299234755574,0.929870076524443,0,"znf324","HIV","B_naive",12,4,3,TRUE
0,0.847035687863434,0.152964312136566,"znf329","HIV","B_naive",12,4,3,TRUE
0,0.682757388403116,0.317242611596884,"znf331","HIV","B_naive",12,4,3,TRUE
0.339661874129896,0.660338125870104,0,"znf332","HIV","B_naive",12,4,3,TRUE
0.279729398981303,0.696367011235579,0.0239035897831181,"znf335","HIV","B_naive",12,4,3,TRUE
0,0.626150997364779,0.373849002635221,"znf354","HIV","B_naive",12,4,3,TRUE
0,0.926805085091514,0.0731949149084864,"znf382","HIV","B_naive",12,4,3,TRUE
0,0.948345351225549,0.0516546487744506,"znf384_1","HIV","B_naive",12,4,3,TRUE
0.00892771728864229,0.864497082983195,0.126575199728163,"znf384_2","HIV","B_naive",12,4,3,TRUE
0,1,0,"znf41","HIV","B_naive",12,4,3,TRUE
0,1,0,"znf410","HIV","B_naive",12,4,3,TRUE
0.0795892273891166,0.69114394035109,0.229266832259794,"znf418","HIV","B_naive",12,4,3,TRUE
0,1,0,"znf423","HIV","B_naive",12,4,3,TRUE
0,1,0,"znf431","HIV","B_naive",12,4,3,TRUE
9.96486731412811e-13,0.989233452299127,0.0107665476998764,"znf435","HIV","B_naive",12,4,3,TRUE
0,1,0,"znf436","HIV","B_naive",12,4,3,TRUE
0,1,0,"znf449","HIV","B_naive",12,4,3,TRUE
0.240433738490549,0.759566261509444,6.79872168898165e-15,"znf490","HIV","B_naive",12,4,3,TRUE
0,1,0,"znf524","HIV","B_naive",12,4,3,TRUE
0.143020574379737,0.668031711286682,0.188947714333581,"znf528","HIV","B_naive",12,4,3,TRUE
0.16583344940119,0.83416655059881,0,"znf53","HIV","B_naive",12,4,3,TRUE
0,0.683738036331611,0.316261963668389,"znf547","HIV","B_naive",12,4,3,TRUE
1.65453693945551e-14,0.50587075312042,0.494129246879564,"znf549","HIV","B_naive",12,4,3,TRUE
0,1,0,"znf554","HIV","B_naive",12,4,3,TRUE
0,1,0,"znf563","HIV","B_naive",12,4,3,TRUE
0,1,0,"znf57","HIV","B_naive",12,4,3,TRUE
0,1,0,"znf586","HIV","B_naive",12,4,3,TRUE
0.0569345751231311,0.463263828188893,0.479801596687976,"znf652","HIV","B_naive",12,4,3,TRUE
1.05703957692232e-22,0.882646030545577,0.117353969454423,"znf667","HIV","B_naive",12,4,3,TRUE
0.0570538857671866,0.942946114232813,4.54765413152363e-24,"znf680","HIV","B_naive",12,4,3,TRUE
0,1,0,"znf708","HIV","B_naive",12,4,3,TRUE
0.0139400857642153,0.986059914235785,0,"znf713","HIV","B_naive",12,4,3,TRUE
0,1,0,"znf768","HIV","B_naive",12,4,3,TRUE
0,1,0,"znf784","HIV","B_naive",12,4,3,TRUE
0,1,0,"znf85","HIV","B_naive",12,4,3,TRUE
3.84441283252477e-12,0.790539826210334,0.209460173785821,"znf85_1","HIV","B_naive",12,4,3,TRUE
0,1,0,"zscan3","HIV","B_naive",12,4,3,TRUE
0,0.724761229401637,0.275238770598363,"zscan4","HIV","B_naive",12,4,3,TRUE
0.0139095914354752,0.458545317900345,0.52754509066418,"ahr","HIV","DC",10,4,3,TRUE
0,1,0,"aire","HIV","DC",10,4,3,TRUE
0,1,0,"ap1_1","HIV","DC",10,4,3,TRUE
0,0.857035186183134,0.142964813816866,"ap1_2","HIV","DC",10,4,3,TRUE
0,1,0,"ari5a","HIV","DC",10,4,3,TRUE
0,0.629074545342372,0.370925454657628,"ari5b","HIV","DC",10,4,3,TRUE
0,1,3.65249583910755e-19,"batf","HIV","DC",10,4,3,TRUE
0,1,0,"bcl6_1","HIV","DC",10,4,3,TRUE
0,1,0,"bcl6_2","HIV","DC",10,4,3,TRUE
8.80702290012602e-22,0.43620922244946,0.56379077755054,"ccaat_cebp","HIV","DC",10,4,3,TRUE
0,1,0,"cenbp","HIV","DC",10,4,3,TRUE
0,1,0,"cpeb1","HIV","DC",10,4,3,TRUE
0,0.919777119224296,0.0802228807757039,"creb_atf_1","HIV","DC",10,4,3,TRUE
0.0511957949772163,0.880288684675889,0.0685155203468949,"creb_atf_2","HIV","DC",10,4,3,TRUE
0,0.560533126451185,0.439466873548815,"creb_atf_3","HIV","DC",10,4,3,TRUE
0,1,0,"creb3_xbp1","HIV","DC",10,4,3,TRUE
1.51751269327495e-10,0.999999999848249,0,"ctcf","HIV","DC",10,4,3,TRUE
0.0787038456640738,0.576680537081395,0.344615617254531,"cux_1","HIV","DC",10,4,3,TRUE
0,1,0,"cux_2","HIV","DC",10,4,3,TRUE
0,1,0,"cux_3","HIV","DC",10,4,3,TRUE
0.200430850972633,0.799569149023696,3.67167325380838e-12,"cux_4","HIV","DC",10,4,3,TRUE
0,1,0,"ddit3cebpa","HIV","DC",10,4,3,TRUE
0.0980704803735518,0.901929519626448,0,"dmrt1","HIV","DC",10,4,3,TRUE
0,0.929938537127797,0.0700614628722027,"dmrt3","HIV","DC",10,4,3,TRUE
0.223545970820218,0.776454029179782,0,"e2f_1","HIV","DC",10,4,3,TRUE
0,0.916069992910263,0.0839300070897372,"e2f_2","HIV","DC",10,4,3,TRUE
0,1,0,"e2f_3","HIV","DC",10,4,3,TRUE
0,1,0,"e2f_4","HIV","DC",10,4,3,TRUE
0,1,0,"ebf1","HIV","DC",10,4,3,TRUE
0,1,0,"ebox_cacctg","HIV","DC",10,4,3,TRUE
0,0.526334894250798,0.473665105749202,"ebox_cacgtg_1","HIV","DC",10,4,3,TRUE
0,1,0,"ebox_cacgtg_2","HIV","DC",10,4,3,TRUE
0,1,0,"ebox_cagatgg","HIV","DC",10,4,3,TRUE
0,1,0,"ebox_cagctg","HIV","DC",10,4,3,TRUE
0,0.484011450400898,0.515988549599102,"ebox_catatg","HIV","DC",10,4,3,TRUE
0,1,0,"egr","HIV","DC",10,4,3,TRUE
0,0.954524342652832,0.0454756573471677,"ets_1","HIV","DC",10,4,3,TRUE
0,1,0,"ets_2","HIV","DC",10,4,3,TRUE
0,1,0,"evi1_mecom","HIV","DC",10,4,3,TRUE
0.250088033882441,0.749911966117552,6.46919411871295e-15,"ewsr1_fli1","HIV","DC",10,4,3,TRUE
8.98513248075073e-16,0.755914662450386,0.244085337549613,"fezf1","HIV","DC",10,4,3,TRUE
0.159042589918177,0.223049725124045,0.617907684957778,"fox_1","HIV","DC",10,4,3,TRUE
0,0.86405875622622,0.13594124377378,"fox_2","HIV","DC",10,4,3,TRUE
0,1,0,"fox_3","HIV","DC",10,4,3,TRUE
0,1,0,"fox_4","HIV","DC",10,4,3,TRUE
0.185679843955092,0.814320156044908,0,"fox_5","HIV","DC",10,4,3,TRUE
0.0445932050994096,0.955406794900413,1.77536236776405e-13,"fox_6","HIV","DC",10,4,3,TRUE
0.0547380244732807,0.945261975526705,1.40388019571846e-14,"fox_7","HIV","DC",10,4,3,TRUE
7.73407591637982e-11,0.978209288493829,0.0217907114288304,"fox_8","HIV","DC",10,4,3,TRUE
0,1,0,"fox_9","HIV","DC",10,4,3,TRUE
1.20356926557221e-12,0.906807937578114,0.0931920624206823,"gata","HIV","DC",10,4,3,TRUE
0,1,0,"gc_tract","HIV","DC",10,4,3,TRUE
0,1,0,"gcm","HIV","DC",10,4,3,TRUE
0,1,0,"gfi","HIV","DC",10,4,3,TRUE
1.50389314633197e-10,0.923960828106124,0.0760391717434868,"gli","HIV","DC",10,4,3,TRUE
0.0868714457272106,0.913128554272789,0,"glis","HIV","DC",10,4,3,TRUE
0.2510632286426,0.637376030986572,0.111560740370828,"gmeb2_1","HIV","DC",10,4,3,TRUE
0,0.999999999999999,8.8514683290307e-16,"gmeb2_2","HIV","DC",10,4,3,TRUE
0,1,7.26947255337526e-22,"gmeb2_3","HIV","DC",10,4,3,TRUE
0.0470179880209254,0.952982011978187,8.87529585557275e-13,"grhl","HIV","DC",10,4,3,TRUE
0,1,0,"hand1","HIV","DC",10,4,3,TRUE
0,1,1.23690765930905e-20,"hd_1","HIV","DC",10,4,3,TRUE
0.0464949052311949,0.953505094493912,2.74893371091156e-10,"hd_10","HIV","DC",10,4,3,TRUE
0.123447245545119,0.861633418475623,0.0149193359792578,"hd_11","HIV","DC",10,4,3,TRUE
0,1,0,"hd_12","HIV","DC",10,4,3,TRUE
3.1635289527812e-16,0.340285742712544,0.659714257287456,"hd_13","HIV","DC",10,4,3,TRUE
0,0.879574404822727,0.120425595177273,"hd_14","HIV","DC",10,4,3,TRUE
0,1,0,"hd_15","HIV","DC",10,4,3,TRUE
0,1,0,"hd_16","HIV","DC",10,4,3,TRUE
1.52577163127284e-14,0.824846960977703,0.175153039022282,"hd_17","HIV","DC",10,4,3,TRUE
0,0.43760630964465,0.56239369035535,"hd_18","HIV","DC",10,4,3,TRUE
0,1,0,"hd_19","HIV","DC",10,4,3,TRUE
0.256277313909977,0.743722686090023,0,"hd_2","HIV","DC",10,4,3,TRUE
0,0.709173797343013,0.290826202656987,"hd_20","HIV","DC",10,4,3,TRUE
0,0.660717884193109,0.339282115806891,"hd_21","HIV","DC",10,4,3,TRUE
0,0.89808482585254,0.10191517414746,"hd_22","HIV","DC",10,4,3,TRUE
0,1,0,"hd_23","HIV","DC",10,4,3,TRUE
5.70628750471342e-12,0.374908631519805,0.625091368474489,"hd_24","HIV","DC",10,4,3,TRUE
0,1,0,"hd_25","HIV","DC",10,4,3,TRUE
0,1,8.78089698639187e-18,"hd_3","HIV","DC",10,4,3,TRUE
0,0.880557069629984,0.119442930370016,"hd_4","HIV","DC",10,4,3,TRUE
0,0.492385969596646,0.507614030403354,"hd_5","HIV","DC",10,4,3,TRUE
0,0.787901434975471,0.212098565024529,"hd_6","HIV","DC",10,4,3,TRUE
0.107109883505119,0.6667764245136,0.226113691981281,"hd_7","HIV","DC",10,4,3,TRUE
2.94317032019967e-17,0.934259439522314,0.0657405604776859,"hd_8","HIV","DC",10,4,3,TRUE
0,1,0,"hd_9","HIV","DC",10,4,3,TRUE
0.241013860701557,0.236732853644378,0.522253285654065,"hen1","HIV","DC",10,4,3,TRUE
0,1,0,"hic_1","HIV","DC",10,4,3,TRUE
0,1,4.23360497413179e-17,"hic_2","HIV","DC",10,4,3,TRUE
0,1,0,"hif","HIV","DC",10,4,3,TRUE
4.39494615365694e-19,0.773563223024602,0.226436776975398,"hinfp1_1","HIV","DC",10,4,3,TRUE
0,1,0,"hinfp1_2","HIV","DC",10,4,3,TRUE
0,1,0,"hinfp1_3","HIV","DC",10,4,3,TRUE
0,1,0,"hltf","HIV","DC",10,4,3,TRUE
0,1,0,"homez","HIV","DC",10,4,3,TRUE
0,1,0,"hsf","HIV","DC",10,4,3,TRUE
0,1,0,"hsfy2","HIV","DC",10,4,3,TRUE
0,1,0,"insm1","HIV","DC",10,4,3,TRUE
7.6403139017149e-23,1,1.77960835531027e-21,"irf_1","HIV","DC",10,4,3,TRUE
0,1,0,"irf_2","HIV","DC",10,4,3,TRUE
0,0.760345706028858,0.239654293971142,"irf_3","HIV","DC",10,4,3,TRUE
0,0.706674916717678,0.293325083282322,"irf_4","HIV","DC",10,4,3,TRUE
0,1,0,"kaiso","HIV","DC",10,4,3,TRUE
0,1,0,"klf_sp_1","HIV","DC",10,4,3,TRUE
0.102253695339186,0.897746304660806,7.64305751600257e-15,"klf_sp_2","HIV","DC",10,4,3,TRUE
0,1,0,"klf_sp_3","HIV","DC",10,4,3,TRUE
0,0.384824211407733,0.615175788592267,"lef1","HIV","DC",10,4,3,TRUE
0,1,0,"lin54","HIV","DC",10,4,3,TRUE
0,1,0,"maf","HIV","DC",10,4,3,TRUE
0.106316226607279,0.781991105753966,0.111692667638755,"mbd2","HIV","DC",10,4,3,TRUE
4.69671154185544e-22,0.488021193487346,0.511978806512654,"mecp2","HIV","DC",10,4,3,TRUE
0.0365218529420085,0.383771642660559,0.579706504397432,"mef2","HIV","DC",10,4,3,TRUE
1.54815600485663e-21,0.800803191139512,0.199196808860488,"mfz1","HIV","DC",10,4,3,TRUE
0.0371010711924411,0.0664770334930678,0.896421895314491,"mies","HIV","DC",10,4,3,TRUE
0,0.336545278142758,0.663454721857242,"mtf1","HIV","DC",10,4,3,TRUE
0.0469585797256974,0.953041420274235,6.76050006320694e-14,"myb_1","HIV","DC",10,4,3,TRUE
7.11653459577559e-20,0.658063089318805,0.341936910681195,"myb_2","HIV","DC",10,4,3,TRUE
0.0730516035209992,0.906247326913001,0.0207010695660003,"myb_3","HIV","DC",10,4,3,TRUE
0.0987552933646918,0.901244706633176,2.13232727470975e-12,"myb_4","HIV","DC",10,4,3,TRUE
0,1,0,"myb_5","HIV","DC",10,4,3,TRUE
0,1,0,"mzf1","HIV","DC",10,4,3,TRUE
0,0.97842956043382,0.0215704395661798,"nfac_2","HIV","DC",10,4,3,TRUE
0,0.641199768420127,0.358800231579873,"nfat_1","HIV","DC",10,4,3,TRUE
0.481623062956787,0.518376937043213,0,"nfat_2","HIV","DC",10,4,3,TRUE
0,1,0,"nfat_3","HIV","DC",10,4,3,TRUE
0.617237603711977,0.144654636338026,0.238107759949997,"nfat_4","HIV","DC",10,4,3,TRUE
0,0.836160315501154,0.163839684498845,"nfi_1","HIV","DC",10,4,3,TRUE
0,1,0,"nfi_2","HIV","DC",10,4,3,TRUE
1.43373596243343e-16,1,0,"nfi_3","HIV","DC",10,4,3,TRUE
0.0985615120799828,0.901438487915929,4.08823981080177e-12,"nfkb_1","HIV","DC",10,4,3,TRUE
0,1,0,"nfkb_2","HIV","DC",10,4,3,TRUE
0,1,0,"nfkb_3","HIV","DC",10,4,3,TRUE
0,1,0,"nfy","HIV","DC",10,4,3,TRUE
0,1,0,"nr_1","HIV","DC",10,4,3,TRUE
0,0.319681711606232,0.680318288393768,"nr_10","HIV","DC",10,4,3,TRUE
0,1,0,"nr_11","HIV","DC",10,4,3,TRUE
0,0.999999999156592,8.43408029691478e-10,"nr_12","HIV","DC",10,4,3,TRUE
2.92224093368031e-22,0.896714567365013,0.103285432634987,"nr_13","HIV","DC",10,4,3,TRUE
0,1,0,"nr_14","HIV","DC",10,4,3,TRUE
0.0698617685626818,0.93013823020453,1.23278812252601e-09,"nr_15","HIV","DC",10,4,3,TRUE
0.0674949089872583,0.932505090575452,4.37289128941031e-10,"nr_16","HIV","DC",10,4,3,TRUE
0,1,1.99938123204844e-18,"nr_17","HIV","DC",10,4,3,TRUE
0,1,0,"nr_18","HIV","DC",10,4,3,TRUE
0,1,0,"nr_19","HIV","DC",10,4,3,TRUE
0,0.920922313778797,0.0790776862212027,"nr_2","HIV","DC",10,4,3,TRUE
0,1,0,"nr_20","HIV","DC",10,4,3,TRUE
0,1,0,"nr_3","HIV","DC",10,4,3,TRUE
0.395058860838341,0.317631762567556,0.287309376594103,"nr_4","HIV","DC",10,4,3,TRUE
0.0884476976466009,0.205066398682582,0.706485903670817,"nr_5","HIV","DC",10,4,3,TRUE
0.0615364264192613,0.438409701705678,0.500053871875061,"nr_6","HIV","DC",10,4,3,TRUE
0.0460519042299498,0.705801775124622,0.248146320645428,"nr_7","HIV","DC",10,4,3,TRUE
0,1,0,"nr_8","HIV","DC",10,4,3,TRUE
3.65674818917492e-16,1,0,"nr_9","HIV","DC",10,4,3,TRUE
4.33770951684372e-21,1,0,"nr2e3","HIV","DC",10,4,3,TRUE
0,0.918923742241108,0.0810762577588917,"nrf1","HIV","DC",10,4,3,TRUE
0.194897602335734,0.67734804947873,0.127754348185535,"oct4sox2","HIV","DC",10,4,3,TRUE
2.31282033298113e-11,0.880345162929329,0.119654837047543,"osr2","HIV","DC",10,4,3,TRUE
0,1,0,"ovol1","HIV","DC",10,4,3,TRUE
0,1,0,"p53_like_1","HIV","DC",10,4,3,TRUE
0,1,0,"p53_like_2","HIV","DC",10,4,3,TRUE
0,1,0,"p53_like_3","HIV","DC",10,4,3,TRUE
0.357033574194404,0.486416179247119,0.156550246558477,"pax_halfsite","HIV","DC",10,4,3,TRUE
0,1,0,"pax_1","HIV","DC",10,4,3,TRUE
0,1,0,"pax_2","HIV","DC",10,4,3,TRUE
0,0.743136198464073,0.256863801535927,"plag1","HIV","DC",10,4,3,TRUE
0,1,0,"pou_1","HIV","DC",10,4,3,TRUE
0.0475366171161022,0.95246338288331,5.87370816932109e-13,"pou_2","HIV","DC",10,4,3,TRUE
0,1,7.81064474681682e-22,"pou_3","HIV","DC",10,4,3,TRUE
1.46211558957016e-18,0.641720835421166,0.358279164578834,"prdm1","HIV","DC",10,4,3,TRUE
0.0300910941526557,0.969908905847271,7.31521963148746e-14,"prdm14","HIV","DC",10,4,3,TRUE
0,1,0,"prdm16","HIV","DC",10,4,3,TRUE
0,1,0,"prdm4","HIV","DC",10,4,3,TRUE
0,1,0,"prdm5","HIV","DC",10,4,3,TRUE
0,0.837028450504831,0.162971549495169,"prdm9","HIV","DC",10,4,3,TRUE
0.144795021763065,0.855204978236935,3.04073985433487e-20,"prox1","HIV","DC",10,4,3,TRUE
0,1,0,"rbpj","HIV","DC",10,4,3,TRUE
0.0762983519895141,0.923701648010486,0,"rel_halfsite","HIV","DC",10,4,3,TRUE
0,1,0,"rest_nrsf","HIV","DC",10,4,3,TRUE
0.0221681604410234,0.590697171235422,0.387134668323554,"rfx_1","HIV","DC",10,4,3,TRUE
0,0.806439759131056,0.193560240868944,"rfx_2","HIV","DC",10,4,3,TRUE
0.236320645959348,0.763679354027681,1.2971012762234e-11,"rfx_3","HIV","DC",10,4,3,TRUE
0.33574338869775,0.46991066455472,0.19434594674753,"runx_1","HIV","DC",10,4,3,TRUE
0,1,0,"runx_2","HIV","DC",10,4,3,TRUE
0,1,0,"scrt1","HIV","DC",10,4,3,TRUE
0,1,0,"six_1","HIV","DC",10,4,3,TRUE
0,0.991044535780203,0.00895546421979702,"six_2","HIV","DC",10,4,3,TRUE
0.189657313743332,0.810342686256668,0,"smad","HIV","DC",10,4,3,TRUE
5.7049641890198e-19,0.999999999999999,1.08416479656817e-15,"smad_1","HIV","DC",10,4,3,TRUE
5.30346975317023e-23,0.739414429493103,0.260585570506897,"smad_2","HIV","DC",10,4,3,TRUE
0.0443545480605832,0.955645451939415,1.44277445143018e-15,"smarca1","HIV","DC",10,4,3,TRUE
0.295937241117183,0.641173788607092,0.0628889702757253,"smarca5","HIV","DC",10,4,3,TRUE
0.181148938859409,0.436484139674062,0.382366921466529,"snai2","HIV","DC",10,4,3,TRUE
0,1,0,"sox_1","HIV","DC",10,4,3,TRUE
0,0.691471094398855,0.308528905601145,"sox_2","HIV","DC",10,4,3,TRUE
0,1,8.51439306102307e-23,"sox_3","HIV","DC",10,4,3,TRUE
2.4871843858082e-10,0.317667331486931,0.682332668264351,"sox_4","HIV","DC",10,4,3,TRUE
0.0738110581784969,0.926188941048185,7.73317705933084e-10,"sox_5","HIV","DC",10,4,3,TRUE
0,1,0,"sox_6","HIV","DC",10,4,3,TRUE
0,1,0,"sox_7","HIV","DC",10,4,3,TRUE
0,1,0,"sox_8","HIV","DC",10,4,3,TRUE
0,0.999999999999999,6.75985117325296e-16,"spdef_1","HIV","DC",10,4,3,TRUE
5.4261424875489e-23,0.430075273878993,0.569924726121008,"spdef_2","HIV","DC",10,4,3,TRUE
0,1,0,"spi","HIV","DC",10,4,3,TRUE
0,1,0,"spz1","HIV","DC",10,4,3,TRUE
1.79073032208107e-14,0.924171418351048,0.0758285816489344,"srebf1","HIV","DC",10,4,3,TRUE
0,1,0,"srf","HIV","DC",10,4,3,TRUE
0.201103053221269,0.798896946778711,2.01070922699497e-14,"stat_1","HIV","DC",10,4,3,TRUE
0,1,0,"stat_2","HIV","DC",10,4,3,TRUE
0,1,0,"tata","HIV","DC",10,4,3,TRUE
0,1,0,"tbx_1","HIV","DC",10,4,3,TRUE
0,1,0,"tbx_2","HIV","DC",10,4,3,TRUE
0.215322061716305,0.784677938283695,0,"tbx_3","HIV","DC",10,4,3,TRUE
0,0.876565455284395,0.123434544715605,"tbx_4","HIV","DC",10,4,3,TRUE
0,1,0,"tcf_lef","HIV","DC",10,4,3,TRUE
0,1,0,"tead","HIV","DC",10,4,3,TRUE
0,0.836042126237666,0.163957873762334,"tfap2_1","HIV","DC",10,4,3,TRUE
0,0.902682945704811,0.0973170542951888,"tfap2_2","HIV","DC",10,4,3,TRUE
0.548866638376801,0.451133361623191,8.3123831718927e-15,"tfcp2","HIV","DC",10,4,3,TRUE
0,0.935952951115659,0.0640470488843409,"thap1","HIV","DC",10,4,3,TRUE
0,1,0,"yy1","HIV","DC",10,4,3,TRUE
0,1,0,"zbed1","HIV","DC",10,4,3,TRUE
0.184509028414175,0.815490971573414,1.24109429862003e-11,"zbtb14","HIV","DC",10,4,3,TRUE
0.11390406276521,0.820577782331517,0.0655181549032736,"zbtb48","HIV","DC",10,4,3,TRUE
0.444591664898018,0.555408335100298,1.68426212599897e-12,"zbtb49","HIV","DC",10,4,3,TRUE
0.0573993022842614,0.942600697714676,1.06253584447703e-12,"zbtb6","HIV","DC",10,4,3,TRUE
0,1,2.3536956411541e-17,"zbtb7a","HIV","DC",10,4,3,TRUE
1.24162897024607e-11,0.960149938959052,0.0398500610285317,"zfn121","HIV","DC",10,4,3,TRUE
0,0.935734046584544,0.0642659534154562,"zfx","HIV","DC",10,4,3,TRUE
0,0.999999999999999,8.0422877060556e-16,"zic","HIV","DC",10,4,3,TRUE
0,1,0,"zic_2","HIV","DC",10,4,3,TRUE
9.06451429630342e-18,0.760825413678613,0.239174586321387,"zim3","HIV","DC",10,4,3,TRUE
0,0.852177764207907,0.147822235792093,"zkscan1","HIV","DC",10,4,3,TRUE
0.00885756155951132,0.991142438411746,2.87426767577768e-11,"znf134","HIV","DC",10,4,3,TRUE
0.104638317229423,0.49375400444795,0.401607678322628,"znf136","HIV","DC",10,4,3,TRUE
0,0.640803621452889,0.359196378547111,"znf140","HIV","DC",10,4,3,TRUE
0,1,0,"znf143","HIV","DC",10,4,3,TRUE
0,1,0,"znf143_1","HIV","DC",10,4,3,TRUE
0,1,0,"znf146","HIV","DC",10,4,3,TRUE
0,1,0,"znf232","HIV","DC",10,4,3,TRUE
0,1,7.96474015658456e-18,"znf24","HIV","DC",10,4,3,TRUE
0,0.756524027487177,0.243475972512823,"znf250","HIV","DC",10,4,3,TRUE
0,1,4.2523352588054e-20,"znf257","HIV","DC",10,4,3,TRUE
1.56482920007365e-20,0.774593794701692,0.225406205298308,"znf274","HIV","DC",10,4,3,TRUE
0,1,0,"znf28","HIV","DC",10,4,3,TRUE
0,1,0,"znf282","HIV","DC",10,4,3,TRUE
0,1,0,"znf306","HIV","DC",10,4,3,TRUE
4.89682623183973e-16,1,0,"znf317","HIV","DC",10,4,3,TRUE
0,0.848087513695047,0.151912486304953,"znf320","HIV","DC",10,4,3,TRUE
1.70808162901471e-21,0.732316431966941,0.267683568033059,"znf324","HIV","DC",10,4,3,TRUE
0.0670841851410052,0.545997569123269,0.386918245735726,"znf329","HIV","DC",10,4,3,TRUE
0,0.725367437447076,0.274632562552924,"znf331","HIV","DC",10,4,3,TRUE
0,1,0,"znf332","HIV","DC",10,4,3,TRUE
1.22589701730911e-14,0.972603554152922,0.0273964458470661,"znf335","HIV","DC",10,4,3,TRUE
0,1,0,"znf354","HIV","DC",10,4,3,TRUE
3.04453804613708e-10,0.603818044389674,0.396181955305872,"znf382","HIV","DC",10,4,3,TRUE
0,0.964532061798635,0.0354679382013649,"znf384_1","HIV","DC",10,4,3,TRUE
0,1,0,"znf384_2","HIV","DC",10,4,3,TRUE
0,1,0,"znf41","HIV","DC",10,4,3,TRUE
0.15645545002528,0.8435445499746,1.19954891248546e-13,"znf410","HIV","DC",10,4,3,TRUE
0.152259834098315,0.847740165882898,1.8787381083631e-11,"znf418","HIV","DC",10,4,3,TRUE
0.155819582703043,0.385227669028314,0.458952748268644,"znf423","HIV","DC",10,4,3,TRUE
0.368707223637055,0.631292776362945,0,"znf431","HIV","DC",10,4,3,TRUE
0.0826046218263765,0.917395372535798,5.63782556787767e-09,"znf435","HIV","DC",10,4,3,TRUE
0,0.913113451241579,0.0868865487584207,"znf436","HIV","DC",10,4,3,TRUE
0,0.811691313638205,0.188308686361795,"znf449","HIV","DC",10,4,3,TRUE
0.259507406026425,0.740492593973575,0,"znf490","HIV","DC",10,4,3,TRUE
0.386485017621307,0.484494834266339,0.129020148112354,"znf524","HIV","DC",10,4,3,TRUE
0.219042469799004,0.780957530198218,2.77786478551918e-12,"znf528","HIV","DC",10,4,3,TRUE
0,1,0,"znf53","HIV","DC",10,4,3,TRUE
0,0.646949165241055,0.353050834758945,"znf547","HIV","DC",10,4,3,TRUE
0,0.918954916231122,0.0810450837688776,"znf549","HIV","DC",10,4,3,TRUE
0,1,0,"znf554","HIV","DC",10,4,3,TRUE
0.0547461294434706,0.748654341824948,0.196599528731581,"znf563","HIV","DC",10,4,3,TRUE
0.409971426018269,0.590028573981731,0,"znf57","HIV","DC",10,4,3,TRUE
0.136343057092617,0.863656942907383,0,"znf586","HIV","DC",10,4,3,TRUE
0,1,0,"znf652","HIV","DC",10,4,3,TRUE
5.13651434440595e-13,0.439306469346756,0.560693530652731,"znf667","HIV","DC",10,4,3,TRUE
0.386764337928194,0.603503954678504,0.00973170739330166,"znf680","HIV","DC",10,4,3,TRUE
0,1,0,"znf708","HIV","DC",10,4,3,TRUE
0,1,0,"znf713","HIV","DC",10,4,3,TRUE
0.207420756898142,0.792579243101858,0,"znf768","HIV","DC",10,4,3,TRUE
0.135343136226473,0.517909603472335,0.346747260301192,"znf784","HIV","DC",10,4,3,TRUE
0.0554742177807672,0.808557509364056,0.135968272855177,"znf85","HIV","DC",10,4,3,TRUE
0,1,0,"znf85_1","HIV","DC",10,4,3,TRUE
1.78019955054008e-12,0.932158069426451,0.0678419305717687,"zscan3","HIV","DC",10,4,3,TRUE
0.265733758548917,0.0274079498546342,0.706858291596449,"zscan4","HIV","DC",10,4,3,TRUE
0,1,0,"ahr","HIV","Mono_CD14",12,4,3,TRUE
0.288134501303258,0.314720028358002,0.39714547033874,"aire","HIV","Mono_CD14",12,4,3,TRUE
2.39516616711867e-13,0.992625245680654,0.00737475431910684,"ap1_1","HIV","Mono_CD14",12,4,3,TRUE
0,1,0,"ap1_2","HIV","Mono_CD14",12,4,3,TRUE
0,0.77778811543849,0.22221188456151,"ari5a","HIV","Mono_CD14",12,4,3,TRUE
0,1,0,"ari5b","HIV","Mono_CD14",12,4,3,TRUE
0,0.720467898803321,0.279532101196679,"batf","HIV","Mono_CD14",12,4,3,TRUE
0.316845046013145,0.683154953986671,1.84261929153419e-13,"bcl6_1","HIV","Mono_CD14",12,4,3,TRUE
0,1,0,"bcl6_2","HIV","Mono_CD14",12,4,3,TRUE
0,1,0,"ccaat_cebp","HIV","Mono_CD14",12,4,3,TRUE
0,1,0,"cenbp","HIV","Mono_CD14",12,4,3,TRUE
0,1,0,"cpeb1","HIV","Mono_CD14",12,4,3,TRUE
0,1,0,"creb_atf_1","HIV","Mono_CD14",12,4,3,TRUE
0,1,0,"creb_atf_2","HIV","Mono_CD14",12,4,3,TRUE
0.0642993432849694,0.935700656053248,6.6178211581507e-10,"creb_atf_3","HIV","Mono_CD14",12,4,3,TRUE
0,1,0,"creb3_xbp1","HIV","Mono_CD14",12,4,3,TRUE
0.0730681026993493,0.926931897300651,0,"ctcf","HIV","Mono_CD14",12,4,3,TRUE
0,1,0,"cux_1","HIV","Mono_CD14",12,4,3,TRUE
0.0629325911716607,0.85976038301046,0.0773070258178794,"cux_2","HIV","Mono_CD14",12,4,3,TRUE
0,1,0,"cux_3","HIV","Mono_CD14",12,4,3,TRUE
0,1,0,"cux_4","HIV","Mono_CD14",12,4,3,TRUE
2.63262531211552e-14,0.877912713351224,0.12208728664875,"ddit3cebpa","HIV","Mono_CD14",12,4,3,TRUE
1.71825037866867e-16,0.386924649916307,0.613075350083693,"dmrt1","HIV","Mono_CD14",12,4,3,TRUE
0,1,0,"dmrt3","HIV","Mono_CD14",12,4,3,TRUE
0,1,0,"e2f_1","HIV","Mono_CD14",12,4,3,TRUE
0,1,0,"e2f_2","HIV","Mono_CD14",12,4,3,TRUE
0,0.934585526799252,0.0654144732007479,"e2f_3","HIV","Mono_CD14",12,4,3,TRUE
0,1,0,"e2f_4","HIV","Mono_CD14",12,4,3,TRUE
0,1,0,"ebf1","HIV","Mono_CD14",12,4,3,TRUE
0.0108750973480538,0.900206797369366,0.0889181052825807,"ebox_cacctg","HIV","Mono_CD14",12,4,3,TRUE
0.331738323617747,0.66826167637338,8.87250307338645e-12,"ebox_cacgtg_1","HIV","Mono_CD14",12,4,3,TRUE
0,1,0,"ebox_cacgtg_2","HIV","Mono_CD14",12,4,3,TRUE
0,1,0,"ebox_cagatgg","HIV","Mono_CD14",12,4,3,TRUE
6.63681463286301e-13,0.842086332147681,0.157913667851656,"ebox_cagctg","HIV","Mono_CD14",12,4,3,TRUE
0,1,0,"ebox_catatg","HIV","Mono_CD14",12,4,3,TRUE
0,1,0,"egr","HIV","Mono_CD14",12,4,3,TRUE
0,1,0,"ets_1","HIV","Mono_CD14",12,4,3,TRUE
0,0.904153090087092,0.095846909912908,"ets_2","HIV","Mono_CD14",12,4,3,TRUE
0,1,0,"evi1_mecom","HIV","Mono_CD14",12,4,3,TRUE
0.396518389050555,0.54556351625079,0.0579180946986547,"ewsr1_fli1","HIV","Mono_CD14",12,4,3,TRUE
0,0.999883997445944,0.00011600255405623,"fezf1","HIV","Mono_CD14",12,4,3,TRUE
0,1,0,"fox_1","HIV","Mono_CD14",12,4,3,TRUE
0,1,0,"fox_2","HIV","Mono_CD14",12,4,3,TRUE
0,1,0,"fox_3","HIV","Mono_CD14",12,4,3,TRUE
0.519936170007071,0.480063829992929,0,"fox_4","HIV","Mono_CD14",12,4,3,TRUE
0,1,0,"fox_5","HIV","Mono_CD14",12,4,3,TRUE
0,1,0,"fox_6","HIV","Mono_CD14",12,4,3,TRUE
0,0.569094999524288,0.430905000475713,"fox_7","HIV","Mono_CD14",12,4,3,TRUE
0,1,0,"fox_8","HIV","Mono_CD14",12,4,3,TRUE
0,0.837370745786189,0.162629254213811,"fox_9","HIV","Mono_CD14",12,4,3,TRUE
2.33597743292113e-17,0.967973620416973,0.0320263795830265,"gata","HIV","Mono_CD14",12,4,3,TRUE
0,1,0,"gc_tract","HIV","Mono_CD14",12,4,3,TRUE
0,1,0,"gcm","HIV","Mono_CD14",12,4,3,TRUE
1.06398991417033e-18,0.751703770907925,0.248296229092075,"gfi","HIV","Mono_CD14",12,4,3,TRUE
4.42890628425441e-10,0.659806816988555,0.340193182568555,"gli","HIV","Mono_CD14",12,4,3,TRUE
0.349871619338048,0.504514377384846,0.145614003277107,"glis","HIV","Mono_CD14",12,4,3,TRUE
0,1,0,"gmeb2_1","HIV","Mono_CD14",12,4,3,TRUE
0,1,0,"gmeb2_2","HIV","Mono_CD14",12,4,3,TRUE
0,1,0,"gmeb2_3","HIV","Mono_CD14",12,4,3,TRUE
0.30532729149873,0.347721426789766,0.346951281711504,"grhl","HIV","Mono_CD14",12,4,3,TRUE
0,1,0,"hand1","HIV","Mono_CD14",12,4,3,TRUE
5.07599916232445e-14,0.425708677925665,0.574291322074285,"hd_1","HIV","Mono_CD14",12,4,3,TRUE
0.186476090667159,0.631534185379842,0.181989723952999,"hd_10","HIV","Mono_CD14",12,4,3,TRUE
0,1,0,"hd_11","HIV","Mono_CD14",12,4,3,TRUE
0,1,0,"hd_12","HIV","Mono_CD14",12,4,3,TRUE
0,1,0,"hd_13","HIV","Mono_CD14",12,4,3,TRUE
0.158433973409201,0.543077168666398,0.298488857924401,"hd_14","HIV","Mono_CD14",12,4,3,TRUE
0.0293610715156912,0.970638928484309,0,"hd_15","HIV","Mono_CD14",12,4,3,TRUE
0,1,0,"hd_16","HIV","Mono_CD14",12,4,3,TRUE
0,1,0,"hd_17","HIV","Mono_CD14",12,4,3,TRUE
0,1,0,"hd_18","HIV","Mono_CD14",12,4,3,TRUE
0,1,0,"hd_19","HIV","Mono_CD14",12,4,3,TRUE
4.04981229427922e-13,0.998271822720347,0.00172817727924847,"hd_2","HIV","Mono_CD14",12,4,3,TRUE
0.0377808468821678,0.962219153117803,2.92389704535517e-14,"hd_20","HIV","Mono_CD14",12,4,3,TRUE
0,1,0,"hd_21","HIV","Mono_CD14",12,4,3,TRUE
0,1,6.60525755951838e-17,"hd_22","HIV","Mono_CD14",12,4,3,TRUE
0.306339671637431,0.351580803186661,0.342079525175908,"hd_23","HIV","Mono_CD14",12,4,3,TRUE
0,1,0,"hd_24","HIV","Mono_CD14",12,4,3,TRUE
0,1,0,"hd_25","HIV","Mono_CD14",12,4,3,TRUE
0,1,0,"hd_3","HIV","Mono_CD14",12,4,3,TRUE
0,1,0,"hd_4","HIV","Mono_CD14",12,4,3,TRUE
0.14633403427374,0.838293188892582,0.0153727768336784,"hd_5","HIV","Mono_CD14",12,4,3,TRUE
0,1,0,"hd_6","HIV","Mono_CD14",12,4,3,TRUE
0.255704602246478,0.391841627350913,0.352453770402609,"hd_7","HIV","Mono_CD14",12,4,3,TRUE
0.123643438023565,0.434974185577237,0.441382376399198,"hd_8","HIV","Mono_CD14",12,4,3,TRUE
0,0.972222284693421,0.0277777153065786,"hd_9","HIV","Mono_CD14",12,4,3,TRUE
0,1,0,"hen1","HIV","Mono_CD14",12,4,3,TRUE
0,1,0,"hic_1","HIV","Mono_CD14",12,4,3,TRUE
0,1,0,"hic_2","HIV","Mono_CD14",12,4,3,TRUE
0,1,0,"hif","HIV","Mono_CD14",12,4,3,TRUE
0.110193964576483,0.729608004329325,0.160198031094192,"hinfp1_1","HIV","Mono_CD14",12,4,3,TRUE
0,1,0,"hinfp1_2","HIV","Mono_CD14",12,4,3,TRUE
3.89919667307156e-17,1,1.1099122517307e-16,"hinfp1_3","HIV","Mono_CD14",12,4,3,TRUE
0.0147661044345474,0.5585478220592,0.426686073506253,"hltf","HIV","Mono_CD14",12,4,3,TRUE
1.44650273619765e-21,0.969942444747319,0.0300575552526807,"homez","HIV","Mono_CD14",12,4,3,TRUE
0,1,0,"hsf","HIV","Mono_CD14",12,4,3,TRUE
0,1,2.6165199714766e-16,"hsfy2","HIV","Mono_CD14",12,4,3,TRUE
0.185971698759186,0.743497560182032,0.0705307410587813,"insm1","HIV","Mono_CD14",12,4,3,TRUE
0,1,0,"irf_1","HIV","Mono_CD14",12,4,3,TRUE
0.186804014262085,0.778438981533245,0.0347570042046703,"irf_2","HIV","Mono_CD14",12,4,3,TRUE
0,1,0,"irf_3","HIV","Mono_CD14",12,4,3,TRUE
0.0389690176335395,0.961030982359016,7.4446197858391e-12,"irf_4","HIV","Mono_CD14",12,4,3,TRUE
0,1,0,"kaiso","HIV","Mono_CD14",12,4,3,TRUE
0.0488616265272742,0.951138373472598,1.27985956773871e-13,"klf_sp_1","HIV","Mono_CD14",12,4,3,TRUE
0.297754170578126,0.702245829421851,2.34611713784099e-14,"klf_sp_2","HIV","Mono_CD14",12,4,3,TRUE
1.5896768533733e-09,0.554832909912766,0.445167088497557,"klf_sp_3","HIV","Mono_CD14",12,4,3,TRUE
0,0.636430774369636,0.363569225630364,"lef1","HIV","Mono_CD14",12,4,3,TRUE
0,0.982143965101144,0.0178560348988562,"lin54","HIV","Mono_CD14",12,4,3,TRUE
0,1,0,"maf","HIV","Mono_CD14",12,4,3,TRUE
0.193829808106637,0.806170191893363,1.96327427180324e-20,"mbd2","HIV","Mono_CD14",12,4,3,TRUE
0.191076655289778,0.368852434231196,0.440070910479026,"mecp2","HIV","Mono_CD14",12,4,3,TRUE
0,1,0,"mef2","HIV","Mono_CD14",12,4,3,TRUE
0,0.966397308283419,0.033602691716581,"mfz1","HIV","Mono_CD14",12,4,3,TRUE
0,1,0,"mies","HIV","Mono_CD14",12,4,3,TRUE
0,1,0,"mtf1","HIV","Mono_CD14",12,4,3,TRUE
0,1,0,"myb_1","HIV","Mono_CD14",12,4,3,TRUE
0,1,0,"myb_2","HIV","Mono_CD14",12,4,3,TRUE
0,1,0,"myb_3","HIV","Mono_CD14",12,4,3,TRUE
0,1,0,"myb_4","HIV","Mono_CD14",12,4,3,TRUE
0,1,0,"myb_5","HIV","Mono_CD14",12,4,3,TRUE
2.91229065124783e-16,1,0,"mzf1","HIV","Mono_CD14",12,4,3,TRUE
0,1,0,"nfac_2","HIV","Mono_CD14",12,4,3,TRUE
0,1,0,"nfat_1","HIV","Mono_CD14",12,4,3,TRUE
0,1,0,"nfat_2","HIV","Mono_CD14",12,4,3,TRUE
0,1,0,"nfat_3","HIV","Mono_CD14",12,4,3,TRUE
0,1,0,"nfat_4","HIV","Mono_CD14",12,4,3,TRUE
0,1,0,"nfi_1","HIV","Mono_CD14",12,4,3,TRUE
0,1,0,"nfi_2","HIV","Mono_CD14",12,4,3,TRUE
0,1,0,"nfi_3","HIV","Mono_CD14",12,4,3,TRUE
3.14553773753203e-11,0.952856339894806,0.0471436600737386,"nfkb_1","HIV","Mono_CD14",12,4,3,TRUE
8.90455964801789e-15,0.980222430746029,0.0197775692539625,"nfkb_2","HIV","Mono_CD14",12,4,3,TRUE
0,1,0,"nfkb_3","HIV","Mono_CD14",12,4,3,TRUE
0,1,0,"nfy","HIV","Mono_CD14",12,4,3,TRUE
0,1,0,"nr_1","HIV","Mono_CD14",12,4,3,TRUE
0.445482586915535,0.530828362592848,0.0236890504916168,"nr_10","HIV","Mono_CD14",12,4,3,TRUE
0.102617916360449,0.897382083639551,0,"nr_11","HIV","Mono_CD14",12,4,3,TRUE
0.0281778049959999,0.971822195004,0,"nr_12","HIV","Mono_CD14",12,4,3,TRUE
0.248088919613523,0.701533234704252,0.0503778456822255,"nr_13","HIV","Mono_CD14",12,4,3,TRUE
0.117819857905143,0.348301644222469,0.533878497872388,"nr_14","HIV","Mono_CD14",12,4,3,TRUE
0.113904236262537,0.886095576371835,1.87365628085931e-07,"nr_15","HIV","Mono_CD14",12,4,3,TRUE
0.0956126347082127,0.904387365291787,0,"nr_16","HIV","Mono_CD14",12,4,3,TRUE
0.0575126766343627,0.942487323365637,5.28956327641149e-19,"nr_17","HIV","Mono_CD14",12,4,3,TRUE
0.309079961913007,0.690920038086993,1.79728275345375e-19,"nr_18","HIV","Mono_CD14",12,4,3,TRUE
0,1,0,"nr_19","HIV","Mono_CD14",12,4,3,TRUE
0,1,0,"nr_2","HIV","Mono_CD14",12,4,3,TRUE
0,1,0,"nr_20","HIV","Mono_CD14",12,4,3,TRUE
2.58676379995557e-16,1,0,"nr_3","HIV","Mono_CD14",12,4,3,TRUE
0,0.521750167138808,0.478249832861192,"nr_4","HIV","Mono_CD14",12,4,3,TRUE
0.0444663086268072,0.808960211390573,0.14657347998262,"nr_5","HIV","Mono_CD14",12,4,3,TRUE
0,0.862677478633031,0.137322521366969,"nr_6","HIV","Mono_CD14",12,4,3,TRUE
0,1,0,"nr_7","HIV","Mono_CD14",12,4,3,TRUE
0,0.839581927445786,0.160418072554214,"nr_8","HIV","Mono_CD14",12,4,3,TRUE
0.253149827748662,0.744494423295471,0.00235574895586694,"nr_9","HIV","Mono_CD14",12,4,3,TRUE
6.0235729033749e-14,0.50505610413641,0.49494389586353,"nr2e3","HIV","Mono_CD14",12,4,3,TRUE
0,1,0,"nrf1","HIV","Mono_CD14",12,4,3,TRUE
0.541330656007515,0.227144055151442,0.231525288841043,"oct4sox2","HIV","Mono_CD14",12,4,3,TRUE
0,1,0,"osr2","HIV","Mono_CD14",12,4,3,TRUE
0.247668038914391,0.752331961085609,0,"ovol1","HIV","Mono_CD14",12,4,3,TRUE
0,1,0,"p53_like_1","HIV","Mono_CD14",12,4,3,TRUE
1.50531308577524e-16,1,2.71115158697166e-19,"p53_like_2","HIV","Mono_CD14",12,4,3,TRUE
1.37268857571237e-12,0.967266627364207,0.0327333726344208,"p53_like_3","HIV","Mono_CD14",12,4,3,TRUE
0,1,0,"pax_halfsite","HIV","Mono_CD14",12,4,3,TRUE
0,1,0,"pax_1","HIV","Mono_CD14",12,4,3,TRUE
2.96680878988566e-13,0.948380199147718,0.0516198008519854,"pax_2","HIV","Mono_CD14",12,4,3,TRUE
0.141549442873145,0.858450557126855,0,"plag1","HIV","Mono_CD14",12,4,3,TRUE
0.0805292567930157,0.919470743206984,0,"pou_1","HIV","Mono_CD14",12,4,3,TRUE
0.152424066403533,0.847575933596467,3.61303665448428e-19,"pou_2","HIV","Mono_CD14",12,4,3,TRUE
7.57855701734934e-11,0.916030992697636,0.0839690072265785,"pou_3","HIV","Mono_CD14",12,4,3,TRUE
0.283478307427184,0.634056055476945,0.0824656370958703,"prdm1","HIV","Mono_CD14",12,4,3,TRUE
0,0.971185658875191,0.0288143411248093,"prdm14","HIV","Mono_CD14",12,4,3,TRUE
0,1,0,"prdm16","HIV","Mono_CD14",12,4,3,TRUE
0,1,0,"prdm4","HIV","Mono_CD14",12,4,3,TRUE
0.0190943226022462,0.980905677397754,0,"prdm5","HIV","Mono_CD14",12,4,3,TRUE
1.59529535996191e-14,0.887930277796975,0.112069722203009,"prdm9","HIV","Mono_CD14",12,4,3,TRUE
0,1,0,"prox1","HIV","Mono_CD14",12,4,3,TRUE
0,1,0,"rbpj","HIV","Mono_CD14",12,4,3,TRUE
2.61104400814826e-16,0.964667852379352,0.0353321476206476,"rel_halfsite","HIV","Mono_CD14",12,4,3,TRUE
0,1,0,"rest_nrsf","HIV","Mono_CD14",12,4,3,TRUE
0,1,0,"rfx_1","HIV","Mono_CD14",12,4,3,TRUE
0.0138337378287724,0.986166262171228,0,"rfx_2","HIV","Mono_CD14",12,4,3,TRUE
0.332307024967999,0.667692975022094,9.90688218405957e-12,"rfx_3","HIV","Mono_CD14",12,4,3,TRUE
0,1,0,"runx_1","HIV","Mono_CD14",12,4,3,TRUE
0,1,0,"runx_2","HIV","Mono_CD14",12,4,3,TRUE
0.224705864644388,0.56901199761271,0.206282137742902,"scrt1","HIV","Mono_CD14",12,4,3,TRUE
0.0931480988381498,0.778925834943159,0.127926066218691,"six_1","HIV","Mono_CD14",12,4,3,TRUE
0,1,0,"six_2","HIV","Mono_CD14",12,4,3,TRUE
1.39920749884985e-10,0.826077048753624,0.173922951106455,"smad","HIV","Mono_CD14",12,4,3,TRUE
0.105810322864962,0.635752958243712,0.258436718891327,"smad_1","HIV","Mono_CD14",12,4,3,TRUE
0.259171584534863,0.740828415465137,4.0276692840159e-22,"smad_2","HIV","Mono_CD14",12,4,3,TRUE
9.64380982353233e-14,0.976786721873348,0.0232132781265551,"smarca1","HIV","Mono_CD14",12,4,3,TRUE
0,1,0,"smarca5","HIV","Mono_CD14",12,4,3,TRUE
0.227230615727861,0.724163421493734,0.048605962778405,"snai2","HIV","Mono_CD14",12,4,3,TRUE
0,1,0,"sox_1","HIV","Mono_CD14",12,4,3,TRUE
0,1,0,"sox_2","HIV","Mono_CD14",12,4,3,TRUE
0,1,0,"sox_3","HIV","Mono_CD14",12,4,3,TRUE
0,0.251878569482017,0.748121430517983,"sox_4","HIV","Mono_CD14",12,4,3,TRUE
0.404920028026239,0.595079971973761,1.45552700200224e-20,"sox_5","HIV","Mono_CD14",12,4,3,TRUE
0,1,0,"sox_6","HIV","Mono_CD14",12,4,3,TRUE
0,1,0,"sox_7","HIV","Mono_CD14",12,4,3,TRUE
0,1,0,"sox_8","HIV","Mono_CD14",12,4,3,TRUE
5.82955966591706e-10,0.866202836123879,0.133797163293165,"spdef_1","HIV","Mono_CD14",12,4,3,TRUE
0.197491299146213,0.686313676074372,0.116195024779415,"spdef_2","HIV","Mono_CD14",12,4,3,TRUE
0,1,0,"spi","HIV","Mono_CD14",12,4,3,TRUE
0.0358928954591859,0.890741477531103,0.0733656270097115,"spz1","HIV","Mono_CD14",12,4,3,TRUE
3.2631924947141e-13,0.746448271893432,0.253551728106242,"srebf1","HIV","Mono_CD14",12,4,3,TRUE
0.0787224492895354,0.84365146163986,0.0776260890706047,"srf","HIV","Mono_CD14",12,4,3,TRUE
0,1,0,"stat_1","HIV","Mono_CD14",12,4,3,TRUE
2.6257939578335e-12,0.764526151084702,0.235473848912672,"stat_2","HIV","Mono_CD14",12,4,3,TRUE
0,1,0,"tata","HIV","Mono_CD14",12,4,3,TRUE
1.29920310420177e-12,0.701896308522748,0.298103691475953,"tbx_1","HIV","Mono_CD14",12,4,3,TRUE
9.86029890234192e-16,0.999999999999999,8.01190672971986e-21,"tbx_2","HIV","Mono_CD14",12,4,3,TRUE
0,0.94678154635133,0.0532184536486695,"tbx_3","HIV","Mono_CD14",12,4,3,TRUE
0,1,0,"tbx_4","HIV","Mono_CD14",12,4,3,TRUE
0,1,0,"tcf_lef","HIV","Mono_CD14",12,4,3,TRUE
0,1,0,"tead","HIV","Mono_CD14",12,4,3,TRUE
0,1,0,"tfap2_1","HIV","Mono_CD14",12,4,3,TRUE
0,1,0,"tfap2_2","HIV","Mono_CD14",12,4,3,TRUE
0,1,0,"tfcp2","HIV","Mono_CD14",12,4,3,TRUE
0,1,5.11138300240562e-16,"thap1","HIV","Mono_CD14",12,4,3,TRUE
0,1,0,"yy1","HIV","Mono_CD14",12,4,3,TRUE
0,1,0,"zbed1","HIV","Mono_CD14",12,4,3,TRUE
0,1,0,"zbtb14","HIV","Mono_CD14",12,4,3,TRUE
0,1,0,"zbtb48","HIV","Mono_CD14",12,4,3,TRUE
0,0.974469281258617,0.0255307187413825,"zbtb49","HIV","Mono_CD14",12,4,3,TRUE
0.12409714433984,0.87590285566016,0,"zbtb6","HIV","Mono_CD14",12,4,3,TRUE
0.194680787881845,0.805319212118154,3.64087258740897e-16,"zbtb7a","HIV","Mono_CD14",12,4,3,TRUE
0,1,0,"zfn121","HIV","Mono_CD14",12,4,3,TRUE
0,1,0,"zfx","HIV","Mono_CD14",12,4,3,TRUE
0,1,0,"zic","HIV","Mono_CD14",12,4,3,TRUE
5.13693839101994e-16,0.929223447099023,0.0707765529009761,"zic_2","HIV","Mono_CD14",12,4,3,TRUE
0.23145488036852,0.296431356258529,0.472113763372951,"zim3","HIV","Mono_CD14",12,4,3,TRUE
0.0607459252467124,0.939254074753288,0,"zkscan1","HIV","Mono_CD14",12,4,3,TRUE
0,0.978113333980252,0.0218866660197484,"znf134","HIV","Mono_CD14",12,4,3,TRUE
0,1,0,"znf136","HIV","Mono_CD14",12,4,3,TRUE
0,1,0,"znf140","HIV","Mono_CD14",12,4,3,TRUE
0.202480781373332,0.614099989659097,0.183419228967571,"znf143","HIV","Mono_CD14",12,4,3,TRUE
0.189225230340971,0.810774769659006,2.22210765737891e-14,"znf143_1","HIV","Mono_CD14",12,4,3,TRUE
0,1,0,"znf146","HIV","Mono_CD14",12,4,3,TRUE
0,1,1.84319511884683e-16,"znf232","HIV","Mono_CD14",12,4,3,TRUE
0,0.652249475362686,0.347750524637314,"znf24","HIV","Mono_CD14",12,4,3,TRUE
9.98882036059519e-13,0.951300354842448,0.0486996451565532,"znf250","HIV","Mono_CD14",12,4,3,TRUE
0,0.822242016014598,0.177757983985402,"znf257","HIV","Mono_CD14",12,4,3,TRUE
0,0.912136385869362,0.0878636141306377,"znf274","HIV","Mono_CD14",12,4,3,TRUE
0.290280814289222,0.709719185710778,0,"znf28","HIV","Mono_CD14",12,4,3,TRUE
0,0.640754876914132,0.359245123085868,"znf282","HIV","Mono_CD14",12,4,3,TRUE
0,1,0,"znf306","HIV","Mono_CD14",12,4,3,TRUE
0,1,0,"znf317","HIV","Mono_CD14",12,4,3,TRUE
0.0897508538622795,0.910249146137721,0,"znf320","HIV","Mono_CD14",12,4,3,TRUE
0,1,0,"znf324","HIV","Mono_CD14",12,4,3,TRUE
0.11667040829396,0.88332959170604,2.5759783159071e-20,"znf329","HIV","Mono_CD14",12,4,3,TRUE
0,1,0,"znf331","HIV","Mono_CD14",12,4,3,TRUE
0,1,0,"znf332","HIV","Mono_CD14",12,4,3,TRUE
0,1,0,"znf335","HIV","Mono_CD14",12,4,3,TRUE
0,1,0,"znf354","HIV","Mono_CD14",12,4,3,TRUE
0,1,0,"znf382","HIV","Mono_CD14",12,4,3,TRUE
0,1,0,"znf384_1","HIV","Mono_CD14",12,4,3,TRUE
8.4139500848791e-20,0.628753637225457,0.371246362774543,"znf384_2","HIV","Mono_CD14",12,4,3,TRUE
0,1,0,"znf41","HIV","Mono_CD14",12,4,3,TRUE
0,1,0,"znf410","HIV","Mono_CD14",12,4,3,TRUE
8.28418107191619e-21,0.745797846086729,0.254202153913271,"znf418","HIV","Mono_CD14",12,4,3,TRUE
0,1,0,"znf423","HIV","Mono_CD14",12,4,3,TRUE
2.39139229219462e-24,0.965027336866127,0.0349726631338729,"znf431","HIV","Mono_CD14",12,4,3,TRUE
0,0.987375064408939,0.0126249355910613,"znf435","HIV","Mono_CD14",12,4,3,TRUE
0.0191701831477112,0.980829816852289,3.36865811620448e-25,"znf436","HIV","Mono_CD14",12,4,3,TRUE
0,1,0,"znf449","HIV","Mono_CD14",12,4,3,TRUE
0,1,0,"znf490","HIV","Mono_CD14",12,4,3,TRUE
0.479654999753161,0.520345000246839,0,"znf524","HIV","Mono_CD14",12,4,3,TRUE
0,1,0,"znf528","HIV","Mono_CD14",12,4,3,TRUE
4.76191339260315e-19,0.933580564118186,0.0664194358818138,"znf53","HIV","Mono_CD14",12,4,3,TRUE
0.521606845480008,0.478393154519992,0,"znf547","HIV","Mono_CD14",12,4,3,TRUE
0,1,0,"znf549","HIV","Mono_CD14",12,4,3,TRUE
0.0276286599902972,0.443298367650692,0.52907297235901,"znf554","HIV","Mono_CD14",12,4,3,TRUE
0,1,0,"znf563","HIV","Mono_CD14",12,4,3,TRUE
0,1,0,"znf57","HIV","Mono_CD14",12,4,3,TRUE
0,0.823236918347104,0.176763081652896,"znf586","HIV","Mono_CD14",12,4,3,TRUE
0,1,0,"znf652","HIV","Mono_CD14",12,4,3,TRUE
0,1,0,"znf667","HIV","Mono_CD14",12,4,3,TRUE
0,1,0,"znf680","HIV","Mono_CD14",12,4,3,TRUE
0,1,0,"znf708","HIV","Mono_CD14",12,4,3,TRUE
0,1,0,"znf713","HIV","Mono_CD14",12,4,3,TRUE
0.102414821411141,0.897585178588859,0,"znf768","HIV","Mono_CD14",12,4,3,TRUE
0,0.875080503376954,0.124919496623046,"znf784","HIV","Mono_CD14",12,4,3,TRUE
0.372448859894457,0.571981980699538,0.055569159406005,"znf85","HIV","Mono_CD14",12,4,3,TRUE
1.04375628422015e-16,1,0,"znf85_1","HIV","Mono_CD14",12,4,3,TRUE
0,1,0,"zscan3","HIV","Mono_CD14",12,4,3,TRUE
0.0174538465520598,0.717741472658885,0.264804680789056,"zscan4","HIV","Mono_CD14",12,4,3,TRUE
0,1,0,"ahr","HIV","Mono_CD16",12,4,3,TRUE
0,1,0,"aire","HIV","Mono_CD16",12,4,3,TRUE
0,1,0,"ap1_1","HIV","Mono_CD16",12,4,3,TRUE
0,1,0,"ap1_2","HIV","Mono_CD16",12,4,3,TRUE
1.85528914649386e-19,0.757682852145068,0.242317147854932,"ari5a","HIV","Mono_CD16",12,4,3,TRUE
2.43417765382422e-16,1,0,"ari5b","HIV","Mono_CD16",12,4,3,TRUE
0,0.802350616052059,0.197649383947941,"batf","HIV","Mono_CD16",12,4,3,TRUE
0,1,0,"bcl6_1","HIV","Mono_CD16",12,4,3,TRUE
0.172398132944292,0.717393176037866,0.110208691017842,"bcl6_2","HIV","Mono_CD16",12,4,3,TRUE
3.52864331209221e-14,0.48388970263879,0.516110297361175,"ccaat_cebp","HIV","Mono_CD16",12,4,3,TRUE
0,0.904763216497883,0.0952367835021165,"cenbp","HIV","Mono_CD16",12,4,3,TRUE
0.077973836625825,0.922026163374175,0,"cpeb1","HIV","Mono_CD16",12,4,3,TRUE
0,1,0,"creb_atf_1","HIV","Mono_CD16",12,4,3,TRUE
0,1,0,"creb_atf_2","HIV","Mono_CD16",12,4,3,TRUE
0,1,0,"creb_atf_3","HIV","Mono_CD16",12,4,3,TRUE
0,0.916631857524497,0.0833681424755029,"creb3_xbp1","HIV","Mono_CD16",12,4,3,TRUE
0,1,0,"ctcf","HIV","Mono_CD16",12,4,3,TRUE
0,1,0,"cux_1","HIV","Mono_CD16",12,4,3,TRUE
0,1,0,"cux_2","HIV","Mono_CD16",12,4,3,TRUE
0.274068795086759,0.255475059462843,0.470456145450397,"cux_3","HIV","Mono_CD16",12,4,3,TRUE
0,1,0,"cux_4","HIV","Mono_CD16",12,4,3,TRUE
0,1,4.11090443064528e-17,"ddit3cebpa","HIV","Mono_CD16",12,4,3,TRUE
0.0735357079683816,0.831926953648783,0.0945373383828356,"dmrt1","HIV","Mono_CD16",12,4,3,TRUE
0,1,0,"dmrt3","HIV","Mono_CD16",12,4,3,TRUE
0,1,0,"e2f_1","HIV","Mono_CD16",12,4,3,TRUE
0,1,0,"e2f_2","HIV","Mono_CD16",12,4,3,TRUE
0,1,0,"e2f_3","HIV","Mono_CD16",12,4,3,TRUE
0,1,0,"e2f_4","HIV","Mono_CD16",12,4,3,TRUE
0,1,0,"ebf1","HIV","Mono_CD16",12,4,3,TRUE
0,0.680036767249039,0.319963232750961,"ebox_cacctg","HIV","Mono_CD16",12,4,3,TRUE
0.183106004790611,0.780254675626884,0.0366393195825054,"ebox_cacgtg_1","HIV","Mono_CD16",12,4,3,TRUE
9.22236980771953e-12,0.806737644951488,0.19326235503929,"ebox_cacgtg_2","HIV","Mono_CD16",12,4,3,TRUE
0,1,0,"ebox_cagatgg","HIV","Mono_CD16",12,4,3,TRUE
1.62788408064266e-12,0.630216884747865,0.369783115250507,"ebox_cagctg","HIV","Mono_CD16",12,4,3,TRUE
0.118814119835797,0.881185880164203,0,"ebox_catatg","HIV","Mono_CD16",12,4,3,TRUE
0,1,0,"egr","HIV","Mono_CD16",12,4,3,TRUE
0,1,0,"ets_1","HIV","Mono_CD16",12,4,3,TRUE
0,1,0,"ets_2","HIV","Mono_CD16",12,4,3,TRUE
1.79858574534049e-16,0.986445803078464,0.0135541969215353,"evi1_mecom","HIV","Mono_CD16",12,4,3,TRUE
0.145975244163924,0.854024755836004,7.1744564183932e-14,"ewsr1_fli1","HIV","Mono_CD16",12,4,3,TRUE
0.488211046859365,0.51178895314049,1.4532503010457e-13,"fezf1","HIV","Mono_CD16",12,4,3,TRUE
1.50200726753171e-16,0.700765225686987,0.299234774313012,"fox_1","HIV","Mono_CD16",12,4,3,TRUE
0,1,0,"fox_2","HIV","Mono_CD16",12,4,3,TRUE
0,1,0,"fox_3","HIV","Mono_CD16",12,4,3,TRUE
0.0914662519462808,0.908533748053719,0,"fox_4","HIV","Mono_CD16",12,4,3,TRUE
0,1,0,"fox_5","HIV","Mono_CD16",12,4,3,TRUE
0.0896270760156109,0.910372923984389,0,"fox_6","HIV","Mono_CD16",12,4,3,TRUE
0,1,0,"fox_7","HIV","Mono_CD16",12,4,3,TRUE
0,1,0,"fox_8","HIV","Mono_CD16",12,4,3,TRUE
0,0.502028043461537,0.497971956538463,"fox_9","HIV","Mono_CD16",12,4,3,TRUE
0,1,0,"gata","HIV","Mono_CD16",12,4,3,TRUE
5.51304353121992e-14,0.843763362730231,0.156236637269714,"gc_tract","HIV","Mono_CD16",12,4,3,TRUE
0.174567154721957,0.825432845278043,0,"gcm","HIV","Mono_CD16",12,4,3,TRUE
0,1,0,"gfi","HIV","Mono_CD16",12,4,3,TRUE
2.72009157841158e-15,0.610304659847219,0.389695340152779,"gli","HIV","Mono_CD16",12,4,3,TRUE
0,0.917348109761418,0.082651890238582,"glis","HIV","Mono_CD16",12,4,3,TRUE
0,1,0,"gmeb2_1","HIV","Mono_CD16",12,4,3,TRUE
0,1,0,"gmeb2_2","HIV","Mono_CD16",12,4,3,TRUE
0,1,0,"gmeb2_3","HIV","Mono_CD16",12,4,3,TRUE
0.261693321366306,0.583924851618658,0.154381827015037,"grhl","HIV","Mono_CD16",12,4,3,TRUE
4.9407400091957e-16,1,2.02430098121344e-20,"hand1","HIV","Mono_CD16",12,4,3,TRUE
0,0.930446743483112,0.0695532565168876,"hd_1","HIV","Mono_CD16",12,4,3,TRUE
0.172601481815472,0.827398518184528,0,"hd_10","HIV","Mono_CD16",12,4,3,TRUE
0,1,0,"hd_11","HIV","Mono_CD16",12,4,3,TRUE
0,1,0,"hd_12","HIV","Mono_CD16",12,4,3,TRUE
0,0.704568021884694,0.295431978115306,"hd_13","HIV","Mono_CD16",12,4,3,TRUE
0,1,0,"hd_14","HIV","Mono_CD16",12,4,3,TRUE
0.199836112863646,0.411488699989026,0.388675187147328,"hd_15","HIV","Mono_CD16",12,4,3,TRUE
0,1,0,"hd_16","HIV","Mono_CD16",12,4,3,TRUE
0,1,0,"hd_17","HIV","Mono_CD16",12,4,3,TRUE
0,1,0,"hd_18","HIV","Mono_CD16",12,4,3,TRUE
0.173926540381129,0.826073459618871,0,"hd_19","HIV","Mono_CD16",12,4,3,TRUE
5.53106503465362e-10,0.69742308289838,0.302576916548514,"hd_2","HIV","Mono_CD16",12,4,3,TRUE
0.169927750033559,0.830072249966441,0,"hd_20","HIV","Mono_CD16",12,4,3,TRUE
0,1,0,"hd_21","HIV","Mono_CD16",12,4,3,TRUE
0,0.88583301914649,0.11416698085351,"hd_22","HIV","Mono_CD16",12,4,3,TRUE
0.382407762848258,0.617592237009104,1.42638204245036e-10,"hd_23","HIV","Mono_CD16",12,4,3,TRUE
0,1,0,"hd_24","HIV","Mono_CD16",12,4,3,TRUE
0,1,0,"hd_25","HIV","Mono_CD16",12,4,3,TRUE
0,1,0,"hd_3","HIV","Mono_CD16",12,4,3,TRUE
2.17964619512927e-17,1,0,"hd_4","HIV","Mono_CD16",12,4,3,TRUE
0,1,0,"hd_5","HIV","Mono_CD16",12,4,3,TRUE
0,1,0,"hd_6","HIV","Mono_CD16",12,4,3,TRUE
0,1,0,"hd_7","HIV","Mono_CD16",12,4,3,TRUE
4.29616173496616e-09,0.619209003718315,0.380790991985523,"hd_8","HIV","Mono_CD16",12,4,3,TRUE
0,1,0,"hd_9","HIV","Mono_CD16",12,4,3,TRUE
0,1,0,"hen1","HIV","Mono_CD16",12,4,3,TRUE
0,1,0,"hic_1","HIV","Mono_CD16",12,4,3,TRUE
0,1,0,"hic_2","HIV","Mono_CD16",12,4,3,TRUE
0,1,0,"hif","HIV","Mono_CD16",12,4,3,TRUE
3.98843679262415e-19,0.849877951426688,0.150122048573312,"hinfp1_1","HIV","Mono_CD16",12,4,3,TRUE
0.109770351842637,0.890229648157363,0,"hinfp1_2","HIV","Mono_CD16",12,4,3,TRUE
0,1,0,"hinfp1_3","HIV","Mono_CD16",12,4,3,TRUE
0.179122123927232,0.820877876072768,0,"hltf","HIV","Mono_CD16",12,4,3,TRUE
0.0762990254702585,0.923700973875283,6.54458100444951e-10,"homez","HIV","Mono_CD16",12,4,3,TRUE
0,1,0,"hsf","HIV","Mono_CD16",12,4,3,TRUE
0,1,0,"hsfy2","HIV","Mono_CD16",12,4,3,TRUE
0.138028095978046,0.5518396519608,0.310132252061155,"insm1","HIV","Mono_CD16",12,4,3,TRUE
0.0956511534893238,0.904348846508015,2.66118203604989e-12,"irf_1","HIV","Mono_CD16",12,4,3,TRUE
0,1,0,"irf_2","HIV","Mono_CD16",12,4,3,TRUE
0,1,0,"irf_3","HIV","Mono_CD16",12,4,3,TRUE
0.397189519940576,0.602810480059146,2.77872764939737e-13,"irf_4","HIV","Mono_CD16",12,4,3,TRUE
0.0216181193223397,0.97838188067765,1.07128076295934e-14,"kaiso","HIV","Mono_CD16",12,4,3,TRUE
0.29376288343203,0.686571676384756,0.0196654401832139,"klf_sp_1","HIV","Mono_CD16",12,4,3,TRUE
0.265195569055759,0.734804430944241,9.95563937924932e-17,"klf_sp_2","HIV","Mono_CD16",12,4,3,TRUE
0.128095767043971,0.871904232956029,1.29973381675519e-21,"klf_sp_3","HIV","Mono_CD16",12,4,3,TRUE
0.250654093433826,0.127742448912815,0.621603457653359,"lef1","HIV","Mono_CD16",12,4,3,TRUE
0,1,0,"lin54","HIV","Mono_CD16",12,4,3,TRUE
0,1,0,"maf","HIV","Mono_CD16",12,4,3,TRUE
0,1,0,"mbd2","HIV","Mono_CD16",12,4,3,TRUE
0,0.522976043366039,0.477023956633961,"mecp2","HIV","Mono_CD16",12,4,3,TRUE
6.15788959686943e-23,0.54087623705483,0.45912376294517,"mef2","HIV","Mono_CD16",12,4,3,TRUE
0,0.844946765432248,0.155053234567752,"mfz1","HIV","Mono_CD16",12,4,3,TRUE
0,1,0,"mies","HIV","Mono_CD16",12,4,3,TRUE
3.33399525792409e-14,0.929091327530711,0.0709086724692557,"mtf1","HIV","Mono_CD16",12,4,3,TRUE
0,1,0,"myb_1","HIV","Mono_CD16",12,4,3,TRUE
0,1,0,"myb_2","HIV","Mono_CD16",12,4,3,TRUE
0,1,0,"myb_3","HIV","Mono_CD16",12,4,3,TRUE
0,1,0,"myb_4","HIV","Mono_CD16",12,4,3,TRUE
0,1,0,"myb_5","HIV","Mono_CD16",12,4,3,TRUE
6.33461524118137e-10,0.911277855527271,0.0887221438392676,"mzf1","HIV","Mono_CD16",12,4,3,TRUE
0,1,0,"nfac_2","HIV","Mono_CD16",12,4,3,TRUE
0,1,0,"nfat_1","HIV","Mono_CD16",12,4,3,TRUE
0,1,0,"nfat_2","HIV","Mono_CD16",12,4,3,TRUE
1.45428452217846e-16,1,1.21809821062719e-18,"nfat_3","HIV","Mono_CD16",12,4,3,TRUE
0,1,0,"nfat_4","HIV","Mono_CD16",12,4,3,TRUE
0,0.856232520311452,0.143767479688548,"nfi_1","HIV","Mono_CD16",12,4,3,TRUE
0,1,0,"nfi_2","HIV","Mono_CD16",12,4,3,TRUE
0.0192584447769852,0.980741555223015,5.5546260111351e-22,"nfi_3","HIV","Mono_CD16",12,4,3,TRUE
0,1,0,"nfkb_1","HIV","Mono_CD16",12,4,3,TRUE
1.130693640361e-23,0.975949327404764,0.0240506725952361,"nfkb_2","HIV","Mono_CD16",12,4,3,TRUE
0,1,0,"nfkb_3","HIV","Mono_CD16",12,4,3,TRUE
0,1,0,"nfy","HIV","Mono_CD16",12,4,3,TRUE
0,1,0,"nr_1","HIV","Mono_CD16",12,4,3,TRUE
0.339211275877554,0.611304499401985,0.0494842247204611,"nr_10","HIV","Mono_CD16",12,4,3,TRUE
0,0.929474010950583,0.0705259890494169,"nr_11","HIV","Mono_CD16",12,4,3,TRUE
0,1,0,"nr_12","HIV","Mono_CD16",12,4,3,TRUE
0,0.883814686820559,0.116185313179441,"nr_13","HIV","Mono_CD16",12,4,3,TRUE
4.9043220831962e-21,1,0,"nr_14","HIV","Mono_CD16",12,4,3,TRUE
0,1,0,"nr_15","HIV","Mono_CD16",12,4,3,TRUE
0.0015301815435309,0.998469818456469,0,"nr_16","HIV","Mono_CD16",12,4,3,TRUE
0,1,0,"nr_17","HIV","Mono_CD16",12,4,3,TRUE
0,0.922409338693682,0.0775906613063176,"nr_18","HIV","Mono_CD16",12,4,3,TRUE
0,1,0,"nr_19","HIV","Mono_CD16",12,4,3,TRUE
0,1,0,"nr_2","HIV","Mono_CD16",12,4,3,TRUE
0,1,0,"nr_20","HIV","Mono_CD16",12,4,3,TRUE
0,1,0,"nr_3","HIV","Mono_CD16",12,4,3,TRUE
0,0.798920092580175,0.201079907419825,"nr_4","HIV","Mono_CD16",12,4,3,TRUE
0,1,0,"nr_5","HIV","Mono_CD16",12,4,3,TRUE
0,1,0,"nr_6","HIV","Mono_CD16",12,4,3,TRUE
0,1,0,"nr_7","HIV","Mono_CD16",12,4,3,TRUE
0,1,0,"nr_8","HIV","Mono_CD16",12,4,3,TRUE
0.15931703926514,0.84068296073486,1.27900868268401e-19,"nr_9","HIV","Mono_CD16",12,4,3,TRUE
0.128023506118753,0.871976493881247,0,"nr2e3","HIV","Mono_CD16",12,4,3,TRUE
0,1,0,"nrf1","HIV","Mono_CD16",12,4,3,TRUE
0,0.776807491988442,0.223192508011558,"oct4sox2","HIV","Mono_CD16",12,4,3,TRUE
0,0.715550473449472,0.284449526550528,"osr2","HIV","Mono_CD16",12,4,3,TRUE
0.251234187679649,0.748765812320351,0,"ovol1","HIV","Mono_CD16",12,4,3,TRUE
0,1,0,"p53_like_1","HIV","Mono_CD16",12,4,3,TRUE
0.0510665984401743,0.50178184461994,0.447151556939886,"p53_like_2","HIV","Mono_CD16",12,4,3,TRUE
0.0476990080532671,0.952300991946688,4.46474796877912e-14,"p53_like_3","HIV","Mono_CD16",12,4,3,TRUE
0,1,0,"pax_halfsite","HIV","Mono_CD16",12,4,3,TRUE
0.0566294428008255,0.943370557199175,0,"pax_1","HIV","Mono_CD16",12,4,3,TRUE
0,0.825880383307846,0.174119616692154,"pax_2","HIV","Mono_CD16",12,4,3,TRUE
0,1,0,"plag1","HIV","Mono_CD16",12,4,3,TRUE
0.105726367118068,0.894273632880813,1.1185368677874e-12,"pou_1","HIV","Mono_CD16",12,4,3,TRUE
0.0577743376630147,0.942225662336983,1.91547152918618e-15,"pou_2","HIV","Mono_CD16",12,4,3,TRUE
1.43733160421325e-13,0.944405518374887,0.0555944816249698,"pou_3","HIV","Mono_CD16",12,4,3,TRUE
0,0.99874370566652,0.00125629433347964,"prdm1","HIV","Mono_CD16",12,4,3,TRUE
0.155062150686755,0.693544085475457,0.151393763837788,"prdm14","HIV","Mono_CD16",12,4,3,TRUE
0,1,0,"prdm16","HIV","Mono_CD16",12,4,3,TRUE
0.606363925971892,0.393636074028108,0,"prdm4","HIV","Mono_CD16",12,4,3,TRUE
0,1,0,"prdm5","HIV","Mono_CD16",12,4,3,TRUE
0.0302353826495988,0.794102858077148,0.175661759273253,"prdm9","HIV","Mono_CD16",12,4,3,TRUE
0,1,0,"prox1","HIV","Mono_CD16",12,4,3,TRUE
0,1,0,"rbpj","HIV","Mono_CD16",12,4,3,TRUE
0,1,0,"rel_halfsite","HIV","Mono_CD16",12,4,3,TRUE
4.82102190091397e-16,0.963370907656955,0.0366290923430448,"rest_nrsf","HIV","Mono_CD16",12,4,3,TRUE
0,1,0,"rfx_1","HIV","Mono_CD16",12,4,3,TRUE
0.0265195659347161,0.973480434065284,0,"rfx_2","HIV","Mono_CD16",12,4,3,TRUE
0,1,0,"rfx_3","HIV","Mono_CD16",12,4,3,TRUE
3.55687323934665e-13,0.909580158219158,0.0904198417804865,"runx_1","HIV","Mono_CD16",12,4,3,TRUE
0,1,0,"runx_2","HIV","Mono_CD16",12,4,3,TRUE
0.0639662205806479,0.936033779419177,1.75136781459739e-13,"scrt1","HIV","Mono_CD16",12,4,3,TRUE
0.0110169953574894,0.961228682842285,0.0277543218002257,"six_1","HIV","Mono_CD16",12,4,3,TRUE
0,0.895578410318994,0.104421589681006,"six_2","HIV","Mono_CD16",12,4,3,TRUE
0,1,0,"smad","HIV","Mono_CD16",12,4,3,TRUE
6.74401567291455e-18,0.437574920623811,0.562425079376189,"smad_1","HIV","Mono_CD16",12,4,3,TRUE
0,1,0,"smad_2","HIV","Mono_CD16",12,4,3,TRUE
0,0.443933194892703,0.556066805107297,"smarca1","HIV","Mono_CD16",12,4,3,TRUE
5.17007895814969e-17,1,0,"smarca5","HIV","Mono_CD16",12,4,3,TRUE
0.223039466577167,0.68818330967039,0.0887772237524432,"snai2","HIV","Mono_CD16",12,4,3,TRUE
0.0217467748852548,0.857938375446191,0.120314849668554,"sox_1","HIV","Mono_CD16",12,4,3,TRUE
0,1,0,"sox_2","HIV","Mono_CD16",12,4,3,TRUE
0,1,0,"sox_3","HIV","Mono_CD16",12,4,3,TRUE
0,1,0,"sox_4","HIV","Mono_CD16",12,4,3,TRUE
1.00454968444623e-19,0.758397625692028,0.241602374307972,"sox_5","HIV","Mono_CD16",12,4,3,TRUE
5.71103090508895e-13,0.873476668744995,0.126523331254434,"sox_6","HIV","Mono_CD16",12,4,3,TRUE
0,1,0,"sox_7","HIV","Mono_CD16",12,4,3,TRUE
0,0.922118575079249,0.0778814249207511,"sox_8","HIV","Mono_CD16",12,4,3,TRUE
0,1,0,"spdef_1","HIV","Mono_CD16",12,4,3,TRUE
0,1,0,"spdef_2","HIV","Mono_CD16",12,4,3,TRUE
0,1,0,"spi","HIV","Mono_CD16",12,4,3,TRUE
0.137038683948036,0.862961316051964,0,"spz1","HIV","Mono_CD16",12,4,3,TRUE
0,0.856250591885039,0.143749408114961,"srebf1","HIV","Mono_CD16",12,4,3,TRUE
0,1,0,"srf","HIV","Mono_CD16",12,4,3,TRUE
0.144953500989332,0.855046498936619,7.40491677055971e-11,"stat_1","HIV","Mono_CD16",12,4,3,TRUE
0,1,0,"stat_2","HIV","Mono_CD16",12,4,3,TRUE
0,1,0,"tata","HIV","Mono_CD16",12,4,3,TRUE
1.55320422236816e-22,0.74338781708779,0.25661218291221,"tbx_1","HIV","Mono_CD16",12,4,3,TRUE
0,1,0,"tbx_2","HIV","Mono_CD16",12,4,3,TRUE
0,1,0,"tbx_3","HIV","Mono_CD16",12,4,3,TRUE
0,1,0,"tbx_4","HIV","Mono_CD16",12,4,3,TRUE
0,1,0,"tcf_lef","HIV","Mono_CD16",12,4,3,TRUE
0.0694796141039961,0.930520385896004,3.11307735810984e-22,"tead","HIV","Mono_CD16",12,4,3,TRUE
0,1,0,"tfap2_1","HIV","Mono_CD16",12,4,3,TRUE
4.19909607451891e-15,0.999999999999996,4.62495806773807e-19,"tfap2_2","HIV","Mono_CD16",12,4,3,TRUE
0,1,0,"tfcp2","HIV","Mono_CD16",12,4,3,TRUE
3.00413995466796e-14,0.869843222568571,0.130156777431399,"thap1","HIV","Mono_CD16",12,4,3,TRUE
0,1,0,"yy1","HIV","Mono_CD16",12,4,3,TRUE
0.125283159103149,0.874716840896851,0,"zbed1","HIV","Mono_CD16",12,4,3,TRUE
0,1,0,"zbtb14","HIV","Mono_CD16",12,4,3,TRUE
0.452328158671956,0.547671841327936,1.08116852526474e-13,"zbtb48","HIV","Mono_CD16",12,4,3,TRUE
0,1,0,"zbtb49","HIV","Mono_CD16",12,4,3,TRUE
0,0.588270511280352,0.411729488719648,"zbtb6","HIV","Mono_CD16",12,4,3,TRUE
0.24134039414113,0.536663198436926,0.221996407421944,"zbtb7a","HIV","Mono_CD16",12,4,3,TRUE
0,0.494622517914414,0.505377482085586,"zfn121","HIV","Mono_CD16",12,4,3,TRUE
0,0.988293812819033,0.0117061871809668,"zfx","HIV","Mono_CD16",12,4,3,TRUE
0,1,0,"zic","HIV","Mono_CD16",12,4,3,TRUE
1.92240699731772e-18,0.546793917774212,0.453206082225788,"zic_2","HIV","Mono_CD16",12,4,3,TRUE
0.0214630826337869,0.978536917366213,0,"zim3","HIV","Mono_CD16",12,4,3,TRUE
4.81505337722254e-14,0.999999999999952,0,"zkscan1","HIV","Mono_CD16",12,4,3,TRUE
0.243668937867224,0.598488226976434,0.157842835156342,"znf134","HIV","Mono_CD16",12,4,3,TRUE
0,1,0,"znf136","HIV","Mono_CD16",12,4,3,TRUE
0,1,0,"znf140","HIV","Mono_CD16",12,4,3,TRUE
0.0369871847400171,0.963012815259983,0,"znf143","HIV","Mono_CD16",12,4,3,TRUE
0,1,0,"znf143_1","HIV","Mono_CD16",12,4,3,TRUE
8.33653492495909e-22,0.738332939338333,0.261667060661667,"znf146","HIV","Mono_CD16",12,4,3,TRUE
0,0.704557688773083,0.295442311226917,"znf232","HIV","Mono_CD16",12,4,3,TRUE
8.75189066773286e-21,0.35991849044174,0.64008150955826,"znf24","HIV","Mono_CD16",12,4,3,TRUE
0.0810671555892103,0.32960483640534,0.589328008005449,"znf250","HIV","Mono_CD16",12,4,3,TRUE
0.165971235505724,0.732604486372013,0.101424278122263,"znf257","HIV","Mono_CD16",12,4,3,TRUE
3.03326885016593e-14,0.980000224115945,0.0199997758840242,"znf274","HIV","Mono_CD16",12,4,3,TRUE
0,0.868114802424985,0.131885197575015,"znf28","HIV","Mono_CD16",12,4,3,TRUE
0.357259646371334,0.642740353628647,1.90894253476444e-14,"znf282","HIV","Mono_CD16",12,4,3,TRUE
0,1,0,"znf306","HIV","Mono_CD16",12,4,3,TRUE
1.49769102182389e-12,0.93734027160385,0.0626597283946518,"znf317","HIV","Mono_CD16",12,4,3,TRUE
0,1,0,"znf320","HIV","Mono_CD16",12,4,3,TRUE
4.10202006922199e-10,0.780999926836199,0.219000072753599,"znf324","HIV","Mono_CD16",12,4,3,TRUE
0.11356841003735,0.88643158996265,0,"znf329","HIV","Mono_CD16",12,4,3,TRUE
0,0.904679906398397,0.095320093601603,"znf331","HIV","Mono_CD16",12,4,3,TRUE
0,1,0,"znf332","HIV","Mono_CD16",12,4,3,TRUE
0,1,0,"znf335","HIV","Mono_CD16",12,4,3,TRUE
2.56621782296845e-15,0.684262312416308,0.315737687583689,"znf354","HIV","Mono_CD16",12,4,3,TRUE
0,1,0,"znf382","HIV","Mono_CD16",12,4,3,TRUE
0,0.901840307909332,0.0981596920906682,"znf384_1","HIV","Mono_CD16",12,4,3,TRUE
0,0.0770087055863603,0.92299129441364,"znf384_2","HIV","Mono_CD16",12,4,3,TRUE
0,0.865865514305331,0.134134485694669,"znf41","HIV","Mono_CD16",12,4,3,TRUE
0,1,0,"znf410","HIV","Mono_CD16",12,4,3,TRUE
0,0.739786766120787,0.260213233879213,"znf418","HIV","Mono_CD16",12,4,3,TRUE
0,1,0,"znf423","HIV","Mono_CD16",12,4,3,TRUE
0,1,0,"znf431","HIV","Mono_CD16",12,4,3,TRUE
0,1,0,"znf435","HIV","Mono_CD16",12,4,3,TRUE
0,1,0,"znf436","HIV","Mono_CD16",12,4,3,TRUE
0,1,0,"znf449","HIV","Mono_CD16",12,4,3,TRUE
0,1,0,"znf490","HIV","Mono_CD16",12,4,3,TRUE
0.0564396986179123,0.943560301377514,4.57311357709087e-12,"znf524","HIV","Mono_CD16",12,4,3,TRUE
0,1,0,"znf528","HIV","Mono_CD16",12,4,3,TRUE
0.169410966155496,0.748440291868235,0.08214874197627,"znf53","HIV","Mono_CD16",12,4,3,TRUE
0,1,0,"znf547","HIV","Mono_CD16",12,4,3,TRUE
0,1,0,"znf549","HIV","Mono_CD16",12,4,3,TRUE
1.76557177391746e-11,0.988511667257558,0.0114883327247867,"znf554","HIV","Mono_CD16",12,4,3,TRUE
0,1,0,"znf563","HIV","Mono_CD16",12,4,3,TRUE
0,1,0,"znf57","HIV","Mono_CD16",12,4,3,TRUE
0,1,0,"znf586","HIV","Mono_CD16",12,4,3,TRUE
0,1,0,"znf652","HIV","Mono_CD16",12,4,3,TRUE
0,1,0,"znf667","HIV","Mono_CD16",12,4,3,TRUE
0,1,0,"znf680","HIV","Mono_CD16",12,4,3,TRUE
1.21678564274487e-15,0.476478568124665,0.523521431875334,"znf708","HIV","Mono_CD16",12,4,3,TRUE
0,1,0,"znf713","HIV","Mono_CD16",12,4,3,TRUE
0,1,0,"znf768","HIV","Mono_CD16",12,4,3,TRUE
3.54239234916135e-16,0.921304227534689,0.0786957724653104,"znf784","HIV","Mono_CD16",12,4,3,TRUE
1.72422176557675e-13,0.772915782933065,0.227084217066762,"znf85","HIV","Mono_CD16",12,4,3,TRUE
0,1,0,"znf85_1","HIV","Mono_CD16",12,4,3,TRUE
0.244632398973981,0.755367601020942,5.07686973332947e-12,"zscan3","HIV","Mono_CD16",12,4,3,TRUE
1.27868205721312e-11,0.979621484391358,0.0203785155958555,"zscan4","HIV","Mono_CD16",12,4,3,TRUE
3.62222360372648e-12,0.785864394641624,0.214135605354754,"ahr","HIV","NK_CD16",12,4,3,TRUE
0,1,0,"aire","HIV","NK_CD16",12,4,3,TRUE
0,0.84523938371309,0.154760616286909,"ap1_1","HIV","NK_CD16",12,4,3,TRUE
0,1,0,"ap1_2","HIV","NK_CD16",12,4,3,TRUE
0.280250943147121,0.719749056852879,0,"ari5a","HIV","NK_CD16",12,4,3,TRUE
0,0.410160378641035,0.589839621358965,"ari5b","HIV","NK_CD16",12,4,3,TRUE
0.0144943970741389,0.899108840524739,0.0863967624011223,"batf","HIV","NK_CD16",12,4,3,TRUE
1.20962835186692e-12,0.883206607365191,0.1167933926336,"bcl6_1","HIV","NK_CD16",12,4,3,TRUE
0.0259087345656316,0.656332811735732,0.317758453698636,"bcl6_2","HIV","NK_CD16",12,4,3,TRUE
0,0.972197676240168,0.0278023237598317,"ccaat_cebp","HIV","NK_CD16",12,4,3,TRUE
0.210988872072918,0.789011127926868,2.14055267618634e-13,"cenbp","HIV","NK_CD16",12,4,3,TRUE
0.0969558818469731,0.615457021261165,0.287587096891862,"cpeb1","HIV","NK_CD16",12,4,3,TRUE
0,1,0,"creb_atf_1","HIV","NK_CD16",12,4,3,TRUE
0,0.923412761141519,0.0765872388584812,"creb_atf_2","HIV","NK_CD16",12,4,3,TRUE
0,0.787861118494665,0.212138881505335,"creb_atf_3","HIV","NK_CD16",12,4,3,TRUE
0,1,0,"creb3_xbp1","HIV","NK_CD16",12,4,3,TRUE
0.00678257104878303,0.742458233217476,0.250759195733741,"ctcf","HIV","NK_CD16",12,4,3,TRUE
0.136431233497702,0.863568766502298,0,"cux_1","HIV","NK_CD16",12,4,3,TRUE
0,1,0,"cux_2","HIV","NK_CD16",12,4,3,TRUE
0,1,0,"cux_3","HIV","NK_CD16",12,4,3,TRUE
0,1,0,"cux_4","HIV","NK_CD16",12,4,3,TRUE
0.0260216613964963,0.762712624011646,0.211265714591857,"ddit3cebpa","HIV","NK_CD16",12,4,3,TRUE
0,0.734712451170343,0.265287548829657,"dmrt1","HIV","NK_CD16",12,4,3,TRUE
3.48051978436157e-23,0.874431674791687,0.125568325208313,"dmrt3","HIV","NK_CD16",12,4,3,TRUE
0,1,0,"e2f_1","HIV","NK_CD16",12,4,3,TRUE
0.223105587547279,0.776894412452721,0,"e2f_2","HIV","NK_CD16",12,4,3,TRUE
0.0899009723486748,0.910099027651325,0,"e2f_3","HIV","NK_CD16",12,4,3,TRUE
0.0989885207254612,0.901011479273249,1.28984162316835e-12,"e2f_4","HIV","NK_CD16",12,4,3,TRUE
0,0.878969296081971,0.121030703918029,"ebf1","HIV","NK_CD16",12,4,3,TRUE
0,1,0,"ebox_cacctg","HIV","NK_CD16",12,4,3,TRUE
0,0.889598129781877,0.110401870218123,"ebox_cacgtg_1","HIV","NK_CD16",12,4,3,TRUE
0,0.48588565539986,0.51411434460014,"ebox_cacgtg_2","HIV","NK_CD16",12,4,3,TRUE
0,1,0,"ebox_cagatgg","HIV","NK_CD16",12,4,3,TRUE
0.060642917511304,0.939357082488696,0,"ebox_cagctg","HIV","NK_CD16",12,4,3,TRUE
0,1,0,"ebox_catatg","HIV","NK_CD16",12,4,3,TRUE
0.181574792508773,0.760283359628894,0.0581418478623328,"egr","HIV","NK_CD16",12,4,3,TRUE
0,1,0,"ets_1","HIV","NK_CD16",12,4,3,TRUE
0.429753046989508,0.251895614721878,0.318351338288614,"ets_2","HIV","NK_CD16",12,4,3,TRUE
0.200909845066961,0.501138983171523,0.297951171761516,"evi1_mecom","HIV","NK_CD16",12,4,3,TRUE
0.195374193948,0.716829990676566,0.0877958153754343,"ewsr1_fli1","HIV","NK_CD16",12,4,3,TRUE
1.8804572534661e-16,0.736509777672377,0.263490222327623,"fezf1","HIV","NK_CD16",12,4,3,TRUE
0.180705778741702,0.819294221258298,0,"fox_1","HIV","NK_CD16",12,4,3,TRUE
0,0.540523186683349,0.459476813316651,"fox_2","HIV","NK_CD16",12,4,3,TRUE
0.271496945622508,0.728503054377458,3.37284574271691e-14,"fox_3","HIV","NK_CD16",12,4,3,TRUE
0.0358473686112026,0.964152631306758,8.2039185589069e-11,"fox_4","HIV","NK_CD16",12,4,3,TRUE
3.34865455174859e-16,0.814383398278323,0.185616601721677,"fox_5","HIV","NK_CD16",12,4,3,TRUE
0,1,0,"fox_6","HIV","NK_CD16",12,4,3,TRUE
1.62062981458752e-15,0.823317231811364,0.176682768188635,"fox_7","HIV","NK_CD16",12,4,3,TRUE
0,1,0,"fox_8","HIV","NK_CD16",12,4,3,TRUE
0,0.322157639017958,0.677842360982042,"fox_9","HIV","NK_CD16",12,4,3,TRUE
2.53964898925932e-12,0.600339919168593,0.399660080828868,"gata","HIV","NK_CD16",12,4,3,TRUE
0.295426084072028,0.704573915927937,3.53597997355025e-14,"gc_tract","HIV","NK_CD16",12,4,3,TRUE
1.98409900430933e-22,0.975934487272533,0.0240655127274665,"gcm","HIV","NK_CD16",12,4,3,TRUE
0.327409372133075,0.672590627866925,0,"gfi","HIV","NK_CD16",12,4,3,TRUE
0,1,0,"gli","HIV","NK_CD16",12,4,3,TRUE
0,0.975343437221495,0.0246565627785051,"glis","HIV","NK_CD16",12,4,3,TRUE
0.262543325469954,0.737456674530043,3.53231089632522e-15,"gmeb2_1","HIV","NK_CD16",12,4,3,TRUE
3.95031589626751e-15,0.965837705720605,0.0341622942793911,"gmeb2_2","HIV","NK_CD16",12,4,3,TRUE
4.83130703970647e-16,1,0,"gmeb2_3","HIV","NK_CD16",12,4,3,TRUE
8.59283596350237e-14,0.494501912286114,0.5054980877138,"grhl","HIV","NK_CD16",12,4,3,TRUE
1.00215853358001e-15,0.999999999999999,0,"hand1","HIV","NK_CD16",12,4,3,TRUE
0,0.976899821485109,0.0231001785148906,"hd_1","HIV","NK_CD16",12,4,3,TRUE
0,0.324418831701689,0.675581168298312,"hd_10","HIV","NK_CD16",12,4,3,TRUE
0.106473687134341,0.85293264653317,0.0405936663324897,"hd_11","HIV","NK_CD16",12,4,3,TRUE
0,1,0,"hd_12","HIV","NK_CD16",12,4,3,TRUE
4.49510166270354e-13,0.308058659785583,0.691941340213968,"hd_13","HIV","NK_CD16",12,4,3,TRUE
0.413440755887455,0.586559244112545,0,"hd_14","HIV","NK_CD16",12,4,3,TRUE
0,1,0,"hd_15","HIV","NK_CD16",12,4,3,TRUE
0.0403503240369452,0.959649675956182,6.87301657739685e-12,"hd_16","HIV","NK_CD16",12,4,3,TRUE
0,0.673469629758176,0.326530370241824,"hd_17","HIV","NK_CD16",12,4,3,TRUE
0,0.822724515155317,0.177275484844683,"hd_18","HIV","NK_CD16",12,4,3,TRUE
0,1,0,"hd_19","HIV","NK_CD16",12,4,3,TRUE
0.589126272527699,0.213839525782696,0.197034201689604,"hd_2","HIV","NK_CD16",12,4,3,TRUE
0.573279721299715,0.42672027867187,2.84141320735415e-11,"hd_20","HIV","NK_CD16",12,4,3,TRUE
0,1,0,"hd_21","HIV","NK_CD16",12,4,3,TRUE
0.0109538689619325,0.989046131038067,0,"hd_22","HIV","NK_CD16",12,4,3,TRUE
0,0.446335590963481,0.553664409036519,"hd_23","HIV","NK_CD16",12,4,3,TRUE
0,1,0,"hd_24","HIV","NK_CD16",12,4,3,TRUE
0.355429950104443,0.240036532757249,0.404533517138308,"hd_25","HIV","NK_CD16",12,4,3,TRUE
0.178367930683726,0.475975221508442,0.345656847807833,"hd_3","HIV","NK_CD16",12,4,3,TRUE
0.0608874622575879,0.939112537742412,0,"hd_4","HIV","NK_CD16",12,4,3,TRUE
0.112528214943238,0.749795005858367,0.137676779198394,"hd_5","HIV","NK_CD16",12,4,3,TRUE
0,1,0,"hd_6","HIV","NK_CD16",12,4,3,TRUE
0,1,0,"hd_7","HIV","NK_CD16",12,4,3,TRUE
0,1,0,"hd_8","HIV","NK_CD16",12,4,3,TRUE
2.84445482741595e-15,0.669512307288502,0.330487692711495,"hd_9","HIV","NK_CD16",12,4,3,TRUE
0.0451148741481442,0.95488512585138,4.76005668661446e-13,"hen1","HIV","NK_CD16",12,4,3,TRUE
0,1,0,"hic_1","HIV","NK_CD16",12,4,3,TRUE
0,1,0,"hic_2","HIV","NK_CD16",12,4,3,TRUE
3.30586161565665e-13,0.993732084382766,0.00626791561690342,"hif","HIV","NK_CD16",12,4,3,TRUE
0,1,0,"hinfp1_1","HIV","NK_CD16",12,4,3,TRUE
0,1,0,"hinfp1_2","HIV","NK_CD16",12,4,3,TRUE
0,1,0,"hinfp1_3","HIV","NK_CD16",12,4,3,TRUE
0.45297613605674,0.54702386394326,0,"hltf","HIV","NK_CD16",12,4,3,TRUE
0,0.873779804836142,0.126220195163858,"homez","HIV","NK_CD16",12,4,3,TRUE
0,0.791821271638854,0.208178728361146,"hsf","HIV","NK_CD16",12,4,3,TRUE
0.109153073848065,0.890846926151756,1.79256900994261e-13,"hsfy2","HIV","NK_CD16",12,4,3,TRUE
0,1,0,"insm1","HIV","NK_CD16",12,4,3,TRUE
7.30249661779221e-14,0.945929733183905,0.0540702668160217,"irf_1","HIV","NK_CD16",12,4,3,TRUE
0,1,0,"irf_2","HIV","NK_CD16",12,4,3,TRUE
0,1,0,"irf_3","HIV","NK_CD16",12,4,3,TRUE
0,1,0,"irf_4","HIV","NK_CD16",12,4,3,TRUE
0.127488731887064,0.872511268112936,0,"kaiso","HIV","NK_CD16",12,4,3,TRUE
0,0.799152714147081,0.200847285852919,"klf_sp_1","HIV","NK_CD16",12,4,3,TRUE
0.491664174178928,0.145911015576007,0.362424810245065,"klf_sp_2","HIV","NK_CD16",12,4,3,TRUE
0,1,0,"klf_sp_3","HIV","NK_CD16",12,4,3,TRUE
0,1,0,"lef1","HIV","NK_CD16",12,4,3,TRUE
0.138193155041872,0.861806844958128,2.66979120187745e-19,"lin54","HIV","NK_CD16",12,4,3,TRUE
0,0.987861449550573,0.0121385504494271,"maf","HIV","NK_CD16",12,4,3,TRUE
0,0.487250967972733,0.512749032027267,"mbd2","HIV","NK_CD16",12,4,3,TRUE
0,1,0,"mecp2","HIV","NK_CD16",12,4,3,TRUE
0.124232627383949,0.875767372616051,2.71302006324214e-19,"mef2","HIV","NK_CD16",12,4,3,TRUE
0.13730153182738,0.86269846817262,0,"mfz1","HIV","NK_CD16",12,4,3,TRUE
0.225477937300982,0.774522062699017,9.34806316775925e-16,"mies","HIV","NK_CD16",12,4,3,TRUE
0,0.823044371977495,0.176955628022505,"mtf1","HIV","NK_CD16",12,4,3,TRUE
0,1,0,"myb_1","HIV","NK_CD16",12,4,3,TRUE
0,1,0,"myb_2","HIV","NK_CD16",12,4,3,TRUE
2.75766883306282e-16,1,0,"myb_3","HIV","NK_CD16",12,4,3,TRUE
0.232054625220447,0.767945374779553,0,"myb_4","HIV","NK_CD16",12,4,3,TRUE
0.0350654954065771,0.615585425401827,0.349349079191595,"myb_5","HIV","NK_CD16",12,4,3,TRUE
0,1,0,"mzf1","HIV","NK_CD16",12,4,3,TRUE
0,1,0,"nfac_2","HIV","NK_CD16",12,4,3,TRUE
2.54024122585839e-21,0.663737486440906,0.336262513559094,"nfat_1","HIV","NK_CD16",12,4,3,TRUE
0,0.807940568985354,0.192059431014646,"nfat_2","HIV","NK_CD16",12,4,3,TRUE
0,0.775722619587964,0.224277380412036,"nfat_3","HIV","NK_CD16",12,4,3,TRUE
0,0.98692742134179,0.0130725786582098,"nfat_4","HIV","NK_CD16",12,4,3,TRUE
0.0220694599527285,0.977930540047272,0,"nfi_1","HIV","NK_CD16",12,4,3,TRUE
0,1,0,"nfi_2","HIV","NK_CD16",12,4,3,TRUE
0,1,0,"nfi_3","HIV","NK_CD16",12,4,3,TRUE
0,0.616740038580922,0.383259961419078,"nfkb_1","HIV","NK_CD16",12,4,3,TRUE
0.0520874830139102,0.578311165763285,0.369601351222805,"nfkb_2","HIV","NK_CD16",12,4,3,TRUE
0.0457516826111173,0.378990154949379,0.575258162439504,"nfkb_3","HIV","NK_CD16",12,4,3,TRUE
0,1,0,"nfy","HIV","NK_CD16",12,4,3,TRUE
0,1,0,"nr_1","HIV","NK_CD16",12,4,3,TRUE
0,0.869699620483822,0.130300379516178,"nr_10","HIV","NK_CD16",12,4,3,TRUE
0,1,0,"nr_11","HIV","NK_CD16",12,4,3,TRUE
0.173435059746301,0.577516179739839,0.24904876051386,"nr_12","HIV","NK_CD16",12,4,3,TRUE
0,1,0,"nr_13","HIV","NK_CD16",12,4,3,TRUE
1.98120452853453e-13,0.883161529270965,0.116838470728837,"nr_14","HIV","NK_CD16",12,4,3,TRUE
0,1,0,"nr_15","HIV","NK_CD16",12,4,3,TRUE
0.0793819481375272,0.920618051862473,0,"nr_16","HIV","NK_CD16",12,4,3,TRUE
0.093428073610344,0.906571926389578,7.81006988888187e-14,"nr_17","HIV","NK_CD16",12,4,3,TRUE
0,1,0,"nr_18","HIV","NK_CD16",12,4,3,TRUE
0,1,0,"nr_19","HIV","NK_CD16",12,4,3,TRUE
0.0761009432128577,0.799372463502364,0.124526593284778,"nr_2","HIV","NK_CD16",12,4,3,TRUE
0.0795766637088966,0.920423336286778,4.32558780835463e-12,"nr_20","HIV","NK_CD16",12,4,3,TRUE
0,1,0,"nr_3","HIV","NK_CD16",12,4,3,TRUE
6.49648459178131e-16,0.92919638397866,0.0708036160213392,"nr_4","HIV","NK_CD16",12,4,3,TRUE
0.383690305926015,0.61630969407386,1.24516419148867e-13,"nr_5","HIV","NK_CD16",12,4,3,TRUE
0.130348475260183,0.863720258201923,0.00593126653789472,"nr_6","HIV","NK_CD16",12,4,3,TRUE
0.0514256930249824,0.948574306961737,1.32805578657739e-11,"nr_7","HIV","NK_CD16",12,4,3,TRUE
0.236786661657297,0.636339233603309,0.126874104739393,"nr_8","HIV","NK_CD16",12,4,3,TRUE
0,0.790455611130883,0.209544388869116,"nr_9","HIV","NK_CD16",12,4,3,TRUE
0,1,0,"nr2e3","HIV","NK_CD16",12,4,3,TRUE
3.37083359087938e-15,0.999999999999997,0,"nrf1","HIV","NK_CD16",12,4,3,TRUE
0,1,0,"oct4sox2","HIV","NK_CD16",12,4,3,TRUE
0,0.768521016888106,0.231478983111894,"osr2","HIV","NK_CD16",12,4,3,TRUE
0.0980205224957778,0.464711872349361,0.437267605154862,"ovol1","HIV","NK_CD16",12,4,3,TRUE
0.156830786920888,0.843169213079112,5.71530527026468e-23,"p53_like_1","HIV","NK_CD16",12,4,3,TRUE
7.73256250541904e-20,0.795428441601224,0.204571558398776,"p53_like_2","HIV","NK_CD16",12,4,3,TRUE
0,1,0,"p53_like_3","HIV","NK_CD16",12,4,3,TRUE
0.0627486469354517,0.937251353063991,5.57179052454425e-13,"pax_halfsite","HIV","NK_CD16",12,4,3,TRUE
0,1,0,"pax_1","HIV","NK_CD16",12,4,3,TRUE
0,1,0,"pax_2","HIV","NK_CD16",12,4,3,TRUE
0,0.713066887494854,0.286933112505146,"plag1","HIV","NK_CD16",12,4,3,TRUE
0,0.790640407016756,0.209359592983244,"pou_1","HIV","NK_CD16",12,4,3,TRUE
1.59998705250636e-13,0.582616706371986,0.417383293627854,"pou_2","HIV","NK_CD16",12,4,3,TRUE
0,1,0,"pou_3","HIV","NK_CD16",12,4,3,TRUE
1.46293532197776e-12,0.525406799547354,0.474593200451183,"prdm1","HIV","NK_CD16",12,4,3,TRUE
0,1,0,"prdm14","HIV","NK_CD16",12,4,3,TRUE
8.99056889129444e-19,0.922577842693918,0.0774221573060821,"prdm16","HIV","NK_CD16",12,4,3,TRUE
0.123415024183705,0.477426806550193,0.399158169266102,"prdm4","HIV","NK_CD16",12,4,3,TRUE
0,1,0,"prdm5","HIV","NK_CD16",12,4,3,TRUE
0,1,0,"prdm9","HIV","NK_CD16",12,4,3,TRUE
0,1,0,"prox1","HIV","NK_CD16",12,4,3,TRUE
0,0.498382766059736,0.501617233940264,"rbpj","HIV","NK_CD16",12,4,3,TRUE
0,0.516080999838151,0.483919000161849,"rel_halfsite","HIV","NK_CD16",12,4,3,TRUE
0,1,0,"rest_nrsf","HIV","NK_CD16",12,4,3,TRUE
2.38623896297293e-12,0.610324212030904,0.38967578796671,"rfx_1","HIV","NK_CD16",12,4,3,TRUE
0,1,0,"rfx_2","HIV","NK_CD16",12,4,3,TRUE
0,0.999999999999999,4.98912882625728e-16,"rfx_3","HIV","NK_CD16",12,4,3,TRUE
0.300603617953257,0.699396382046151,5.9186451175669e-13,"runx_1","HIV","NK_CD16",12,4,3,TRUE
0.036065994492159,0.963934005507841,0,"runx_2","HIV","NK_CD16",12,4,3,TRUE
0,1,0,"scrt1","HIV","NK_CD16",12,4,3,TRUE
0,0.49312766638075,0.50687233361925,"six_1","HIV","NK_CD16",12,4,3,TRUE
0.0840149394870999,0.9159850605129,9.81120079525455e-18,"six_2","HIV","NK_CD16",12,4,3,TRUE
0.0364983375020393,0.963501662497961,0,"smad","HIV","NK_CD16",12,4,3,TRUE
0.314909412297856,0.602937364286794,0.0821532234153502,"smad_1","HIV","NK_CD16",12,4,3,TRUE
0.578098124261827,0.385287878453178,0.0366139972849949,"smad_2","HIV","NK_CD16",12,4,3,TRUE
2.56112145405759e-11,0.99730831451867,0.00269168545571877,"smarca1","HIV","NK_CD16",12,4,3,TRUE
0,0.798929125091024,0.201070874908976,"smarca5","HIV","NK_CD16",12,4,3,TRUE
0,0.596388132923639,0.403611867076361,"snai2","HIV","NK_CD16",12,4,3,TRUE
0.154035752094136,0.845964247905864,0,"sox_1","HIV","NK_CD16",12,4,3,TRUE
0,0.768189830437042,0.231810169562958,"sox_2","HIV","NK_CD16",12,4,3,TRUE
0,0.149456471334354,0.850543528665646,"sox_3","HIV","NK_CD16",12,4,3,TRUE
0,0.950504169505976,0.0494958304940236,"sox_4","HIV","NK_CD16",12,4,3,TRUE
0,1,0,"sox_5","HIV","NK_CD16",12,4,3,TRUE
0,1,0,"sox_6","HIV","NK_CD16",12,4,3,TRUE
0.113146702727902,0.878233220733898,0.00862007653819996,"sox_7","HIV","NK_CD16",12,4,3,TRUE
0.0485655304277395,0.951434469572254,6.78280145797538e-15,"sox_8","HIV","NK_CD16",12,4,3,TRUE
0.506311490613516,0.493688509386484,0,"spdef_1","HIV","NK_CD16",12,4,3,TRUE
0.0596970798363292,0.652113078447208,0.288189841716463,"spdef_2","HIV","NK_CD16",12,4,3,TRUE
0,0.770570398883528,0.229429601116472,"spi","HIV","NK_CD16",12,4,3,TRUE
1.3374840155739e-16,1,0,"spz1","HIV","NK_CD16",12,4,3,TRUE
3.55309526559062e-16,0.820737981102858,0.179262018897142,"srebf1","HIV","NK_CD16",12,4,3,TRUE
0,1,0,"srf","HIV","NK_CD16",12,4,3,TRUE
0.125753168655728,0.685378305086513,0.188868526257759,"stat_1","HIV","NK_CD16",12,4,3,TRUE
0,0.779322472183793,0.220677527816207,"stat_2","HIV","NK_CD16",12,4,3,TRUE
0,1,0,"tata","HIV","NK_CD16",12,4,3,TRUE
0.197632995793234,0.701980687696935,0.100386316509831,"tbx_1","HIV","NK_CD16",12,4,3,TRUE
0,0.589906660244863,0.410093339755137,"tbx_2","HIV","NK_CD16",12,4,3,TRUE
0,1,0,"tbx_3","HIV","NK_CD16",12,4,3,TRUE
3.66034062531504e-12,0.706155942814848,0.293844057181491,"tbx_4","HIV","NK_CD16",12,4,3,TRUE
0.421089826262691,0.578910173732422,4.88618528309837e-12,"tcf_lef","HIV","NK_CD16",12,4,3,TRUE
0,0.597591715786615,0.402408284213385,"tead","HIV","NK_CD16",12,4,3,TRUE
0,1,0,"tfap2_1","HIV","NK_CD16",12,4,3,TRUE
0,1,0,"tfap2_2","HIV","NK_CD16",12,4,3,TRUE
0,1,0,"tfcp2","HIV","NK_CD16",12,4,3,TRUE
0,1,0,"thap1","HIV","NK_CD16",12,4,3,TRUE
0,1,0,"yy1","HIV","NK_CD16",12,4,3,TRUE
7.79642675005589e-17,1,0,"zbed1","HIV","NK_CD16",12,4,3,TRUE
0.0221100122167919,0.977889987781758,1.45029366671918e-12,"zbtb14","HIV","NK_CD16",12,4,3,TRUE
0,1,0,"zbtb48","HIV","NK_CD16",12,4,3,TRUE
0,1,0,"zbtb49","HIV","NK_CD16",12,4,3,TRUE
0.263612800617359,0.496669187249527,0.239718012133114,"zbtb6","HIV","NK_CD16",12,4,3,TRUE
3.86665284009935e-13,0.811571271457607,0.188428728542006,"zbtb7a","HIV","NK_CD16",12,4,3,TRUE
0.29085547366773,0.459222456775384,0.249922069556887,"zfn121","HIV","NK_CD16",12,4,3,TRUE
0,1,0,"zfx","HIV","NK_CD16",12,4,3,TRUE
0,1,0,"zic","HIV","NK_CD16",12,4,3,TRUE
0,0.739160755416433,0.260839244583567,"zic_2","HIV","NK_CD16",12,4,3,TRUE
0.100774254635983,0.899225745364015,2.14727638690819e-15,"zim3","HIV","NK_CD16",12,4,3,TRUE
1.42490388120161e-13,0.998977465294915,0.00102253470494206,"zkscan1","HIV","NK_CD16",12,4,3,TRUE
2.42614220077368e-17,1,9.85200709083289e-18,"znf134","HIV","NK_CD16",12,4,3,TRUE
0,1,0,"znf136","HIV","NK_CD16",12,4,3,TRUE
0.107191294668195,0.892808705331805,0,"znf140","HIV","NK_CD16",12,4,3,TRUE
0,0.974632891444536,0.0253671085554642,"znf143","HIV","NK_CD16",12,4,3,TRUE
0,1,0,"znf143_1","HIV","NK_CD16",12,4,3,TRUE
0.0836508115571073,0.651631677988294,0.264717510454599,"znf146","HIV","NK_CD16",12,4,3,TRUE
0,0.780169044683842,0.219830955316158,"znf232","HIV","NK_CD16",12,4,3,TRUE
0,1,0,"znf24","HIV","NK_CD16",12,4,3,TRUE
0,1,0,"znf250","HIV","NK_CD16",12,4,3,TRUE
0,0.672999154025506,0.327000845974493,"znf257","HIV","NK_CD16",12,4,3,TRUE
0,1,0,"znf274","HIV","NK_CD16",12,4,3,TRUE
0,0.809696018843646,0.190303981156354,"znf28","HIV","NK_CD16",12,4,3,TRUE
0,1,0,"znf282","HIV","NK_CD16",12,4,3,TRUE
0,0.988460718801602,0.0115392811983977,"znf306","HIV","NK_CD16",12,4,3,TRUE
1.14634399143155e-17,0.598347595376843,0.401652404623157,"znf317","HIV","NK_CD16",12,4,3,TRUE
5.04677134233172e-12,0.967314304085828,0.0326856959091252,"znf320","HIV","NK_CD16",12,4,3,TRUE
0,1,0,"znf324","HIV","NK_CD16",12,4,3,TRUE
0,1,0,"znf329","HIV","NK_CD16",12,4,3,TRUE
0,1,0,"znf331","HIV","NK_CD16",12,4,3,TRUE
0,1,0,"znf332","HIV","NK_CD16",12,4,3,TRUE
0.250733429605355,0.749266570394645,0,"znf335","HIV","NK_CD16",12,4,3,TRUE
0.0192541888222062,0.302658881000011,0.678086930177783,"znf354","HIV","NK_CD16",12,4,3,TRUE
3.55872824415168e-24,0.784818284091081,0.215181715908919,"znf382","HIV","NK_CD16",12,4,3,TRUE
0,1,0,"znf384_1","HIV","NK_CD16",12,4,3,TRUE
0,1,0,"znf384_2","HIV","NK_CD16",12,4,3,TRUE
0,1,0,"znf41","HIV","NK_CD16",12,4,3,TRUE
0,1,0,"znf410","HIV","NK_CD16",12,4,3,TRUE
1.17656620296132e-20,1,0,"znf418","HIV","NK_CD16",12,4,3,TRUE
0,1,0,"znf423","HIV","NK_CD16",12,4,3,TRUE
0,1,0,"znf431","HIV","NK_CD16",12,4,3,TRUE
0,1,0,"znf435","HIV","NK_CD16",12,4,3,TRUE
0,1,0,"znf436","HIV","NK_CD16",12,4,3,TRUE
0.333088525364088,0.666911474635912,0,"znf449","HIV","NK_CD16",12,4,3,TRUE
3.03617463028788e-13,0.715826914688199,0.284173085311497,"znf490","HIV","NK_CD16",12,4,3,TRUE
0,0.870863759650346,0.129136240349654,"znf524","HIV","NK_CD16",12,4,3,TRUE
0,1,0,"znf528","HIV","NK_CD16",12,4,3,TRUE
0.115691220053794,0.884308779946206,1.1322766780865e-19,"znf53","HIV","NK_CD16",12,4,3,TRUE
0.0853493073839294,0.914650692614225,1.84549786225709e-12,"znf547","HIV","NK_CD16",12,4,3,TRUE
0,1,0,"znf549","HIV","NK_CD16",12,4,3,TRUE
0,1,0,"znf554","HIV","NK_CD16",12,4,3,TRUE
0.0644233062556276,0.935576693712584,3.17884665618473e-11,"znf563","HIV","NK_CD16",12,4,3,TRUE
5.42438808631652e-15,0.955296523183134,0.0447034768168607,"znf57","HIV","NK_CD16",12,4,3,TRUE
0.021662411355164,0.978337588644836,0,"znf586","HIV","NK_CD16",12,4,3,TRUE
0.0395658354314624,0.670784435313922,0.289649729254616,"znf652","HIV","NK_CD16",12,4,3,TRUE
0.0393290256394119,0.960670974360588,3.93246374398394e-21,"znf667","HIV","NK_CD16",12,4,3,TRUE
0.131073987000857,0.868926012999143,1.54613745983603e-19,"znf680","HIV","NK_CD16",12,4,3,TRUE
0.25566101590045,0.744338984090825,8.7246928408758e-12,"znf708","HIV","NK_CD16",12,4,3,TRUE
0,0.813821075086971,0.186178924913029,"znf713","HIV","NK_CD16",12,4,3,TRUE
0,1,0,"znf768","HIV","NK_CD16",12,4,3,TRUE
0.116688189169568,0.31149447299882,0.571817337831612,"znf784","HIV","NK_CD16",12,4,3,TRUE
0.0278517302336515,0.972148240188217,2.95781320225419e-08,"znf85","HIV","NK_CD16",12,4,3,TRUE
0,0.706938188325071,0.293061811674929,"znf85_1","HIV","NK_CD16",12,4,3,TRUE
0.0206194930548029,0.979380506945197,0,"zscan3","HIV","NK_CD16",12,4,3,TRUE
0.386303112176997,0.55611444083024,0.0575824469927637,"zscan4","HIV","NK_CD16",12,4,3,TRUE
0,1,0,"ahr","HIV","Plasma",8,4,3,TRUE
0,1,0,"aire","HIV","Plasma",8,4,3,TRUE
3.30669281311301e-14,0.374044124163759,0.625955875836208,"ap1_1","HIV","Plasma",8,4,3,TRUE
0.380682099081202,0.055611826317977,0.563706074600821,"ap1_2","HIV","Plasma",8,4,3,TRUE
0,1,0,"ari5a","HIV","Plasma",8,4,3,TRUE
0.0028949425888537,0.997105057411142,4.00400823075444e-15,"ari5b","HIV","Plasma",8,4,3,TRUE
0,1,0,"batf","HIV","Plasma",8,4,3,TRUE
0,1,0,"bcl6_1","HIV","Plasma",8,4,3,TRUE
0,1,0,"bcl6_2","HIV","Plasma",8,4,3,TRUE
0,0.615204513033745,0.384795486966255,"ccaat_cebp","HIV","Plasma",8,4,3,TRUE
0,0.365591613886255,0.634408386113745,"cenbp","HIV","Plasma",8,4,3,TRUE
0,1,0,"cpeb1","HIV","Plasma",8,4,3,TRUE
0,1,0,"creb_atf_1","HIV","Plasma",8,4,3,TRUE
0,1,0,"creb_atf_2","HIV","Plasma",8,4,3,TRUE
0,1,0,"creb_atf_3","HIV","Plasma",8,4,3,TRUE
0.477934886679147,0.522065113316465,4.38766242357312e-12,"creb3_xbp1","HIV","Plasma",8,4,3,TRUE
0,1,0,"ctcf","HIV","Plasma",8,4,3,TRUE
0,0.779873315149316,0.220126684850684,"cux_1","HIV","Plasma",8,4,3,TRUE
0,1,0,"cux_2","HIV","Plasma",8,4,3,TRUE
0,1,0,"cux_3","HIV","Plasma",8,4,3,TRUE
0,0.638840479964498,0.361159520035502,"cux_4","HIV","Plasma",8,4,3,TRUE
0.181796145349945,0.81820385465005,5.16905508053273e-15,"ddit3cebpa","HIV","Plasma",8,4,3,TRUE
0,1,0,"dmrt1","HIV","Plasma",8,4,3,TRUE
0,1,0,"dmrt3","HIV","Plasma",8,4,3,TRUE
0,1,0,"e2f_1","HIV","Plasma",8,4,3,TRUE
0,1,0,"e2f_2","HIV","Plasma",8,4,3,TRUE
0,1,0,"e2f_3","HIV","Plasma",8,4,3,TRUE
0.506376761387583,0.0642101362498356,0.429413102362581,"e2f_4","HIV","Plasma",8,4,3,TRUE
0,1,0,"ebf1","HIV","Plasma",8,4,3,TRUE
0,0.557951889680455,0.442048110319545,"ebox_cacctg","HIV","Plasma",8,4,3,TRUE
0,1,0,"ebox_cacgtg_1","HIV","Plasma",8,4,3,TRUE
0,1,0,"ebox_cacgtg_2","HIV","Plasma",8,4,3,TRUE
1.26075966695841e-11,0.943907555571868,0.0560924444155249,"ebox_cagatgg","HIV","Plasma",8,4,3,TRUE
0,0.602528039266444,0.397471960733556,"ebox_cagctg","HIV","Plasma",8,4,3,TRUE
0,1,0,"ebox_catatg","HIV","Plasma",8,4,3,TRUE
0,1,0,"egr","HIV","Plasma",8,4,3,TRUE
0,1,0,"ets_1","HIV","Plasma",8,4,3,TRUE
0,0.625694720164185,0.374305279835815,"ets_2","HIV","Plasma",8,4,3,TRUE
0,1,0,"evi1_mecom","HIV","Plasma",8,4,3,TRUE
0,1,0,"ewsr1_fli1","HIV","Plasma",8,4,3,TRUE
0,0.469010825768611,0.530989174231389,"fezf1","HIV","Plasma",8,4,3,TRUE
0,0.868188492324529,0.131811507675471,"fox_1","HIV","Plasma",8,4,3,TRUE
0,1,0,"fox_2","HIV","Plasma",8,4,3,TRUE
0,1,0,"fox_3","HIV","Plasma",8,4,3,TRUE
0.463284904284746,0.536715095708144,7.10999230283307e-12,"fox_4","HIV","Plasma",8,4,3,TRUE
0,1,0,"fox_5","HIV","Plasma",8,4,3,TRUE
0,1,0,"fox_6","HIV","Plasma",8,4,3,TRUE
0.030229143711302,0.19169882494516,0.778072031343539,"fox_7","HIV","Plasma",8,4,3,TRUE
0,1,0,"fox_8","HIV","Plasma",8,4,3,TRUE
0,0.560711929286793,0.439288070713207,"fox_9","HIV","Plasma",8,4,3,TRUE
0,1,0,"gata","HIV","Plasma",8,4,3,TRUE
0,1,0,"gc_tract","HIV","Plasma",8,4,3,TRUE
0.148285611065198,0.851714388934802,0,"gcm","HIV","Plasma",8,4,3,TRUE
0.0591459520595159,0.940854047940475,9.37767642546024e-15,"gfi","HIV","Plasma",8,4,3,TRUE
5.41495849102678e-35,0.458479873427838,0.541520126572162,"gli","HIV","Plasma",8,4,3,TRUE
0,1,0,"glis","HIV","Plasma",8,4,3,TRUE
0.33031005534415,0.442926479758041,0.226763464897809,"gmeb2_1","HIV","Plasma",8,4,3,TRUE
0,1,0,"gmeb2_2","HIV","Plasma",8,4,3,TRUE
0,1,0,"gmeb2_3","HIV","Plasma",8,4,3,TRUE
0.169572839200304,0.562465195473956,0.26796196532574,"grhl","HIV","Plasma",8,4,3,TRUE
0.545988033218653,0.454011966672025,1.09321914409995e-10,"hand1","HIV","Plasma",8,4,3,TRUE
0,1,0,"hd_1","HIV","Plasma",8,4,3,TRUE
0,0.490642931779729,0.509357068220271,"hd_10","HIV","Plasma",8,4,3,TRUE
0,0.309213837671367,0.690786162328633,"hd_11","HIV","Plasma",8,4,3,TRUE
0,1,0,"hd_12","HIV","Plasma",8,4,3,TRUE
0.152677507063206,0.0413946989041427,0.805927794032651,"hd_13","HIV","Plasma",8,4,3,TRUE
0,1,0,"hd_14","HIV","Plasma",8,4,3,TRUE
0,1,0,"hd_15","HIV","Plasma",8,4,3,TRUE
0,1,0,"hd_16","HIV","Plasma",8,4,3,TRUE
0,0.603193240572598,0.396806759427402,"hd_17","HIV","Plasma",8,4,3,TRUE
0.263202903897073,0.182489341614017,0.55430775448891,"hd_18","HIV","Plasma",8,4,3,TRUE
0,1,0,"hd_19","HIV","Plasma",8,4,3,TRUE
0,1,0,"hd_2","HIV","Plasma",8,4,3,TRUE
9.45572860014014e-15,0.733214586312538,0.266785413687452,"hd_20","HIV","Plasma",8,4,3,TRUE
0,1,0,"hd_21","HIV","Plasma",8,4,3,TRUE
0,1,0,"hd_22","HIV","Plasma",8,4,3,TRUE
0,0.457200943621425,0.542799056378575,"hd_23","HIV","Plasma",8,4,3,TRUE
0,1,0,"hd_24","HIV","Plasma",8,4,3,TRUE
0,1,0,"hd_25","HIV","Plasma",8,4,3,TRUE
0,1,0,"hd_3","HIV","Plasma",8,4,3,TRUE
0,1,0,"hd_4","HIV","Plasma",8,4,3,TRUE
3.96548623334692e-13,0.771906621850769,0.228093378148835,"hd_5","HIV","Plasma",8,4,3,TRUE
0,1,0,"hd_6","HIV","Plasma",8,4,3,TRUE
0,1,0,"hd_7","HIV","Plasma",8,4,3,TRUE
0,1,0,"hd_8","HIV","Plasma",8,4,3,TRUE
0,0.955372113815671,0.0446278861843289,"hd_9","HIV","Plasma",8,4,3,TRUE
0.479351539812236,0.00116652816484437,0.51948193202292,"hen1","HIV","Plasma",8,4,3,TRUE
0.147220175455163,0.852779824544836,2.3609959591492e-16,"hic_1","HIV","Plasma",8,4,3,TRUE
0,0.83882023789235,0.16117976210765,"hic_2","HIV","Plasma",8,4,3,TRUE
1.0920633135518e-15,0.999999999999999,0,"hif","HIV","Plasma",8,4,3,TRUE
0,1,0,"hinfp1_1","HIV","Plasma",8,4,3,TRUE
0,1,0,"hinfp1_2","HIV","Plasma",8,4,3,TRUE
0,1,0,"hinfp1_3","HIV","Plasma",8,4,3,TRUE
0,1,0,"hltf","HIV","Plasma",8,4,3,TRUE
6.15128267451033e-13,0.878148269097863,0.121851730901522,"homez","HIV","Plasma",8,4,3,TRUE
7.6864670816822e-16,0.998093479678049,0.00190652032195055,"hsf","HIV","Plasma",8,4,3,TRUE
0,0.830785044820245,0.169214955179755,"hsfy2","HIV","Plasma",8,4,3,TRUE
0,1,0,"insm1","HIV","Plasma",8,4,3,TRUE
1.53181004066467e-12,0.824460348509449,0.175539651489019,"irf_1","HIV","Plasma",8,4,3,TRUE
9.56904459901259e-16,0.90110431354982,0.0988956864501795,"irf_2","HIV","Plasma",8,4,3,TRUE
1.47696459491155e-23,0.786084441077818,0.213915558922182,"irf_3","HIV","Plasma",8,4,3,TRUE
0,1,0,"irf_4","HIV","Plasma",8,4,3,TRUE
0,0.788107433040836,0.211892566959164,"kaiso","HIV","Plasma",8,4,3,TRUE
0,1,0,"klf_sp_1","HIV","Plasma",8,4,3,TRUE
0,1,0,"klf_sp_2","HIV","Plasma",8,4,3,TRUE
0.214001105948282,0.457857953607535,0.328140940444184,"klf_sp_3","HIV","Plasma",8,4,3,TRUE
0,1,0,"lef1","HIV","Plasma",8,4,3,TRUE
0,0.765892809820446,0.234107190179554,"lin54","HIV","Plasma",8,4,3,TRUE
0,1,0,"maf","HIV","Plasma",8,4,3,TRUE
0,1,0,"mbd2","HIV","Plasma",8,4,3,TRUE
0,1,0,"mecp2","HIV","Plasma",8,4,3,TRUE
1.38321945883507e-15,0.337746390891904,0.662253609108094,"mef2","HIV","Plasma",8,4,3,TRUE
0,1,0,"mfz1","HIV","Plasma",8,4,3,TRUE
0,0.915642577882046,0.0843574221179544,"mies","HIV","Plasma",8,4,3,TRUE
0,1,0,"mtf1","HIV","Plasma",8,4,3,TRUE
0,1,0,"myb_1","HIV","Plasma",8,4,3,TRUE
0,1,0,"myb_2","HIV","Plasma",8,4,3,TRUE
0,1,0,"myb_3","HIV","Plasma",8,4,3,TRUE
0,1,0,"myb_4","HIV","Plasma",8,4,3,TRUE
0,0.831630577336985,0.168369422663015,"myb_5","HIV","Plasma",8,4,3,TRUE
0,1,0,"mzf1","HIV","Plasma",8,4,3,TRUE
2.6711981383477e-13,0.883625917775049,0.116374082224684,"nfac_2","HIV","Plasma",8,4,3,TRUE
0,1,0,"nfat_1","HIV","Plasma",8,4,3,TRUE
0,1,0,"nfat_2","HIV","Plasma",8,4,3,TRUE
0.265001088837995,0.19807060121758,0.536928309944426,"nfat_3","HIV","Plasma",8,4,3,TRUE
0,0.536997730131872,0.463002269868128,"nfat_4","HIV","Plasma",8,4,3,TRUE
0,1,0,"nfi_1","HIV","Plasma",8,4,3,TRUE
0,1,0,"nfi_2","HIV","Plasma",8,4,3,TRUE
0,1,0,"nfi_3","HIV","Plasma",8,4,3,TRUE
0,1,0,"nfkb_1","HIV","Plasma",8,4,3,TRUE
0,1,0,"nfkb_2","HIV","Plasma",8,4,3,TRUE
0.389096704149696,0.290873905089842,0.320029390760462,"nfkb_3","HIV","Plasma",8,4,3,TRUE
0.251100640952985,0.748899359046915,9.97995445645414e-14,"nfy","HIV","Plasma",8,4,3,TRUE
0,1,0,"nr_1","HIV","Plasma",8,4,3,TRUE
0,1,0,"nr_10","HIV","Plasma",8,4,3,TRUE
0,1,0,"nr_11","HIV","Plasma",8,4,3,TRUE
0.317538218351345,0.682461781648546,1.08642464400558e-13,"nr_12","HIV","Plasma",8,4,3,TRUE
0.0936601834527785,0.494810026879443,0.411529789667778,"nr_13","HIV","Plasma",8,4,3,TRUE
0,1,0,"nr_14","HIV","Plasma",8,4,3,TRUE
0,1,0,"nr_15","HIV","Plasma",8,4,3,TRUE
0,1,0,"nr_16","HIV","Plasma",8,4,3,TRUE
0.468765282575257,0.0423956988399967,0.488839018584747,"nr_17","HIV","Plasma",8,4,3,TRUE
0,1,0,"nr_18","HIV","Plasma",8,4,3,TRUE
0.0980936877797827,0.901906312220217,0,"nr_19","HIV","Plasma",8,4,3,TRUE
1.01034429254852e-12,0.966330150513637,0.0336698494853527,"nr_2","HIV","Plasma",8,4,3,TRUE
0.0205178223470817,0.979482177652918,0,"nr_20","HIV","Plasma",8,4,3,TRUE
6.16899513952794e-13,0.974219706427274,0.0257802935721088,"nr_3","HIV","Plasma",8,4,3,TRUE
3.79561515254166e-14,0.768794770366635,0.231205229633327,"nr_4","HIV","Plasma",8,4,3,TRUE
0,1,0,"nr_5","HIV","Plasma",8,4,3,TRUE
0,1,0,"nr_6","HIV","Plasma",8,4,3,TRUE
0,1,0,"nr_7","HIV","Plasma",8,4,3,TRUE
0,1,0,"nr_8","HIV","Plasma",8,4,3,TRUE
0.0347416440760075,0.965258355922516,1.47629385442216e-12,"nr_9","HIV","Plasma",8,4,3,TRUE
0,1,0,"nr2e3","HIV","Plasma",8,4,3,TRUE
0,1,0,"nrf1","HIV","Plasma",8,4,3,TRUE
0,1,0,"oct4sox2","HIV","Plasma",8,4,3,TRUE
0,1,0,"osr2","HIV","Plasma",8,4,3,TRUE
0,0.852983479003443,0.147016520996557,"ovol1","HIV","Plasma",8,4,3,TRUE
0,1,0,"p53_like_1","HIV","Plasma",8,4,3,TRUE
0,1,0,"p53_like_2","HIV","Plasma",8,4,3,TRUE
0,1,0,"p53_like_3","HIV","Plasma",8,4,3,TRUE
0,1,0,"pax_halfsite","HIV","Plasma",8,4,3,TRUE
0,1,0,"pax_1","HIV","Plasma",8,4,3,TRUE
0,1,0,"pax_2","HIV","Plasma",8,4,3,TRUE
0,1,0,"plag1","HIV","Plasma",8,4,3,TRUE
2.05893383564421e-22,0.385953970165237,0.614046029834763,"pou_1","HIV","Plasma",8,4,3,TRUE
0,1,0,"pou_2","HIV","Plasma",8,4,3,TRUE
0,0.861655678124142,0.138344321875858,"pou_3","HIV","Plasma",8,4,3,TRUE
0,1,0,"prdm1","HIV","Plasma",8,4,3,TRUE
0,1,0,"prdm14","HIV","Plasma",8,4,3,TRUE
0,0.948920799015216,0.0510792009847838,"prdm16","HIV","Plasma",8,4,3,TRUE
0,1,0,"prdm4","HIV","Plasma",8,4,3,TRUE
0,1,0,"prdm5","HIV","Plasma",8,4,3,TRUE
0.0395296444158547,0.960470355584145,0,"prdm9","HIV","Plasma",8,4,3,TRUE
0.267247819252402,0.35191382516223,0.380838355585368,"prox1","HIV","Plasma",8,4,3,TRUE
0.314760805952293,0.685239194047707,0,"rbpj","HIV","Plasma",8,4,3,TRUE
0,1,0,"rel_halfsite","HIV","Plasma",8,4,3,TRUE
0,1,0,"rest_nrsf","HIV","Plasma",8,4,3,TRUE
0,0.762727128225326,0.237272871774674,"rfx_1","HIV","Plasma",8,4,3,TRUE
0,1,0,"rfx_2","HIV","Plasma",8,4,3,TRUE
0.373310710510916,0.626689289489084,0,"rfx_3","HIV","Plasma",8,4,3,TRUE
0,1,0,"runx_1","HIV","Plasma",8,4,3,TRUE
2.06864119636509e-12,0.423194388237482,0.576805611760449,"runx_2","HIV","Plasma",8,4,3,TRUE
0,1,0,"scrt1","HIV","Plasma",8,4,3,TRUE
0.184095765026814,0.815904234973186,0,"six_1","HIV","Plasma",8,4,3,TRUE
6.01775862881985e-11,0.926374746753733,0.0736252531860896,"six_2","HIV","Plasma",8,4,3,TRUE
7.92095602299435e-20,0.825358870030732,0.174641129969268,"smad","HIV","Plasma",8,4,3,TRUE
0,0.790256841775621,0.209743158224379,"smad_1","HIV","Plasma",8,4,3,TRUE
0,1,0,"smad_2","HIV","Plasma",8,4,3,TRUE
0,1,0,"smarca1","HIV","Plasma",8,4,3,TRUE
0,1,0,"smarca5","HIV","Plasma",8,4,3,TRUE
0,1,0,"snai2","HIV","Plasma",8,4,3,TRUE
0,1,0,"sox_1","HIV","Plasma",8,4,3,TRUE
0,0.532681522614791,0.467318477385209,"sox_2","HIV","Plasma",8,4,3,TRUE
4.46630445250789e-12,0.910722343006593,0.089277656988941,"sox_3","HIV","Plasma",8,4,3,TRUE
0.0955571922477983,0.697736596958262,0.206706210793939,"sox_4","HIV","Plasma",8,4,3,TRUE
0,0.874052091791673,0.125947908208327,"sox_5","HIV","Plasma",8,4,3,TRUE
0,1,0,"sox_6","HIV","Plasma",8,4,3,TRUE
8.53188594843079e-11,0.863918865109911,0.13608113480477,"sox_7","HIV","Plasma",8,4,3,TRUE
0,1,0,"sox_8","HIV","Plasma",8,4,3,TRUE
0,1,0,"spdef_1","HIV","Plasma",8,4,3,TRUE
0,1,0,"spdef_2","HIV","Plasma",8,4,3,TRUE
2.91248026819182e-13,0.350420306293229,0.649579693706479,"spi","HIV","Plasma",8,4,3,TRUE
0,1,0,"spz1","HIV","Plasma",8,4,3,TRUE
0,1,0,"srebf1","HIV","Plasma",8,4,3,TRUE
0.316711966193636,0.683288033806364,0,"srf","HIV","Plasma",8,4,3,TRUE
0.0359790824725782,0.875034817353969,0.0889861001734523,"stat_1","HIV","Plasma",8,4,3,TRUE
8.9807974876052e-14,0.924863906414865,0.075136093585045,"stat_2","HIV","Plasma",8,4,3,TRUE
0.70625846733753,0.250717357651896,0.0430241750105738,"tata","HIV","Plasma",8,4,3,TRUE
0,1,0,"tbx_1","HIV","Plasma",8,4,3,TRUE
0,1,0,"tbx_2","HIV","Plasma",8,4,3,TRUE
0,1,0,"tbx_3","HIV","Plasma",8,4,3,TRUE
0,1,0,"tbx_4","HIV","Plasma",8,4,3,TRUE
0.0264320048639763,0.00306662120308632,0.970501373932937,"tcf_lef","HIV","Plasma",8,4,3,TRUE
0,0.976636888204842,0.0233631117951582,"tead","HIV","Plasma",8,4,3,TRUE
0,0.881851286358155,0.118148713641845,"tfap2_1","HIV","Plasma",8,4,3,TRUE
0.157428166534343,0.842571833465574,8.29084518194944e-14,"tfap2_2","HIV","Plasma",8,4,3,TRUE
0,1,0,"tfcp2","HIV","Plasma",8,4,3,TRUE
0,1,0,"thap1","HIV","Plasma",8,4,3,TRUE
0,1,0,"yy1","HIV","Plasma",8,4,3,TRUE
0.340506600024685,0.659493399975308,6.65570844024846e-15,"zbed1","HIV","Plasma",8,4,3,TRUE
0.308050378002697,0.130808753613349,0.561140868383953,"zbtb14","HIV","Plasma",8,4,3,TRUE
0,1,0,"zbtb48","HIV","Plasma",8,4,3,TRUE
0.121989777630858,0.878010222368269,8.73614424209855e-13,"zbtb49","HIV","Plasma",8,4,3,TRUE
0,1,0,"zbtb6","HIV","Plasma",8,4,3,TRUE
0.0402864616967122,0.947524270808563,0.0121892674947249,"zbtb7a","HIV","Plasma",8,4,3,TRUE
0,1,0,"zfn121","HIV","Plasma",8,4,3,TRUE
0,1,0,"zfx","HIV","Plasma",8,4,3,TRUE
0.116683788798528,0.883316211201471,1.52792869486899e-15,"zic","HIV","Plasma",8,4,3,TRUE
0,1,0,"zic_2","HIV","Plasma",8,4,3,TRUE
0,0.454609239917055,0.545390760082945,"zim3","HIV","Plasma",8,4,3,TRUE
0,1,0,"zkscan1","HIV","Plasma",8,4,3,TRUE
0,1,0,"znf134","HIV","Plasma",8,4,3,TRUE
0,1,0,"znf136","HIV","Plasma",8,4,3,TRUE
0,1,0,"znf140","HIV","Plasma",8,4,3,TRUE
0,1,0,"znf143","HIV","Plasma",8,4,3,TRUE
0.0372127235065495,0.962787276493451,2.13175647620989e-21,"znf143_1","HIV","Plasma",8,4,3,TRUE
1.43397575176671e-09,0.332086220650204,0.66791377791582,"znf146","HIV","Plasma",8,4,3,TRUE
0,1,0,"znf232","HIV","Plasma",8,4,3,TRUE
0.426772411925439,0.573227588074537,2.48697756002347e-14,"znf24","HIV","Plasma",8,4,3,TRUE
0,0.593298700361049,0.406701299638951,"znf250","HIV","Plasma",8,4,3,TRUE
0,1,0,"znf257","HIV","Plasma",8,4,3,TRUE
0,0.567786341078573,0.432213658921427,"znf274","HIV","Plasma",8,4,3,TRUE
0,1,0,"znf28","HIV","Plasma",8,4,3,TRUE
0.0249996804334545,0.577655579368998,0.397344740197547,"znf282","HIV","Plasma",8,4,3,TRUE
1.87010034399746e-16,1,0,"znf306","HIV","Plasma",8,4,3,TRUE
4.91466112552339e-14,0.741498155409761,0.25850184459019,"znf317","HIV","Plasma",8,4,3,TRUE
0.221166648080313,0.778833351919686,0,"znf320","HIV","Plasma",8,4,3,TRUE
0,1,0,"znf324","HIV","Plasma",8,4,3,TRUE
0,1,0,"znf329","HIV","Plasma",8,4,3,TRUE
0,1,0,"znf331","HIV","Plasma",8,4,3,TRUE
0,1,0,"znf332","HIV","Plasma",8,4,3,TRUE
0,1,0,"znf335","HIV","Plasma",8,4,3,TRUE
0,1,0,"znf354","HIV","Plasma",8,4,3,TRUE
0.127367222075552,0.684074716727992,0.188558061196456,"znf382","HIV","Plasma",8,4,3,TRUE
0,1,0,"znf384_1","HIV","Plasma",8,4,3,TRUE
0,1,0,"znf384_2","HIV","Plasma",8,4,3,TRUE
0,0.607096249288808,0.392903750711192,"znf41","HIV","Plasma",8,4,3,TRUE
0,1,0,"znf410","HIV","Plasma",8,4,3,TRUE
0,1,0,"znf418","HIV","Plasma",8,4,3,TRUE
0.0870501524190566,0.912949847580943,0,"znf423","HIV","Plasma",8,4,3,TRUE
0,1,0,"znf431","HIV","Plasma",8,4,3,TRUE
0,1,0,"znf435","HIV","Plasma",8,4,3,TRUE
0.0958662193261674,0.715010250332439,0.189123530341393,"znf436","HIV","Plasma",8,4,3,TRUE
0,0.679037852107141,0.320962147892859,"znf449","HIV","Plasma",8,4,3,TRUE
0,1,0,"znf490","HIV","Plasma",8,4,3,TRUE
0,1,0,"znf524","HIV","Plasma",8,4,3,TRUE
0,1,0,"znf528","HIV","Plasma",8,4,3,TRUE
0,0.831287658827945,0.168712341172055,"znf53","HIV","Plasma",8,4,3,TRUE
0,0.797118301862277,0.202881698137723,"znf547","HIV","Plasma",8,4,3,TRUE
0.29603032721729,0.47829575158358,0.225673921199131,"znf549","HIV","Plasma",8,4,3,TRUE
0,1,0,"znf554","HIV","Plasma",8,4,3,TRUE
0.205447129429922,0.794552870569107,9.71770027040379e-13,"znf563","HIV","Plasma",8,4,3,TRUE
0,1,0,"znf57","HIV","Plasma",8,4,3,TRUE
1.2976957675594e-11,0.753809217155493,0.24619078283153,"znf586","HIV","Plasma",8,4,3,TRUE
0,0.791651620829353,0.208348379170647,"znf652","HIV","Plasma",8,4,3,TRUE
0,1,0,"znf667","HIV","Plasma",8,4,3,TRUE
0,0.841070254383258,0.158929745616742,"znf680","HIV","Plasma",8,4,3,TRUE
3.71328434758074e-13,0.498709207550422,0.501290792449207,"znf708","HIV","Plasma",8,4,3,TRUE
0,0.914413704355994,0.0855862956440061,"znf713","HIV","Plasma",8,4,3,TRUE
0,0.7018589994752,0.298141000524799,"znf768","HIV","Plasma",8,4,3,TRUE
0,1,0,"znf784","HIV","Plasma",8,4,3,TRUE
0,1,0,"znf85","HIV","Plasma",8,4,3,TRUE
0,1,0,"znf85_1","HIV","Plasma",8,4,3,TRUE
0,1,0,"zscan3","HIV","Plasma",8,4,3,TRUE
7.40777861899724e-12,0.7365802814349,0.263419718557692,"zscan4","HIV","Plasma",8,4,3,TRUE
0,1,0,"ahr","HIV","T_mait",12,4,3,TRUE
0,1,0,"aire","HIV","T_mait",12,4,3,TRUE
1.28829185396141e-12,0.981303220378602,0.01869677962011,"ap1_1","HIV","T_mait",12,4,3,TRUE
0,0.851613461810533,0.148386538189467,"ap1_2","HIV","T_mait",12,4,3,TRUE
1.76869703568552e-14,0.486935322059849,0.513064677940133,"ari5a","HIV","T_mait",12,4,3,TRUE
0,1,0,"ari5b","HIV","T_mait",12,4,3,TRUE
0.111176932560758,0.888823067439242,0,"batf","HIV","T_mait",12,4,3,TRUE
0.144234772629195,0.855765227370805,0,"bcl6_1","HIV","T_mait",12,4,3,TRUE
0,0.813124321606734,0.186875678393266,"bcl6_2","HIV","T_mait",12,4,3,TRUE
0.0840435328874878,0.264533860310102,0.65142260680241,"ccaat_cebp","HIV","T_mait",12,4,3,TRUE
0.130011815145779,0.8353869053239,0.0346012795303209,"cenbp","HIV","T_mait",12,4,3,TRUE
0,0.670771463853004,0.329228536146996,"cpeb1","HIV","T_mait",12,4,3,TRUE
0,0.794442006487062,0.205557993512938,"creb_atf_1","HIV","T_mait",12,4,3,TRUE
0,1,0,"creb_atf_2","HIV","T_mait",12,4,3,TRUE
0,1,0,"creb_atf_3","HIV","T_mait",12,4,3,TRUE
0.444413819173422,0.515366330089111,0.0402198507374662,"creb3_xbp1","HIV","T_mait",12,4,3,TRUE
0,1,0,"ctcf","HIV","T_mait",12,4,3,TRUE
0,0.740761336998945,0.259238663001055,"cux_1","HIV","T_mait",12,4,3,TRUE
0,1,0,"cux_2","HIV","T_mait",12,4,3,TRUE
0,1,0,"cux_3","HIV","T_mait",12,4,3,TRUE
0.182680670512958,0.817319329487043,1.67977462458396e-17,"cux_4","HIV","T_mait",12,4,3,TRUE
0,1,0,"ddit3cebpa","HIV","T_mait",12,4,3,TRUE
0,1,0,"dmrt1","HIV","T_mait",12,4,3,TRUE
0,1,0,"dmrt3","HIV","T_mait",12,4,3,TRUE
0,1,0,"e2f_1","HIV","T_mait",12,4,3,TRUE
0.0580305476670021,0.726786872855605,0.215182579477393,"e2f_2","HIV","T_mait",12,4,3,TRUE
0.347824029769841,0.48016810140943,0.172007868820729,"e2f_3","HIV","T_mait",12,4,3,TRUE
0.0637500666744428,0.936249933325495,6.23153827086688e-14,"e2f_4","HIV","T_mait",12,4,3,TRUE
0,1,0,"ebf1","HIV","T_mait",12,4,3,TRUE
0.258407215134909,0.560104831455819,0.181487953409273,"ebox_cacctg","HIV","T_mait",12,4,3,TRUE
0,0.741958778575213,0.258041221424787,"ebox_cacgtg_1","HIV","T_mait",12,4,3,TRUE
0,0.845693846248414,0.154306153751586,"ebox_cacgtg_2","HIV","T_mait",12,4,3,TRUE
0,1,0,"ebox_cagatgg","HIV","T_mait",12,4,3,TRUE
0.235628008299393,0.764371991700585,2.26042046876129e-14,"ebox_cagctg","HIV","T_mait",12,4,3,TRUE
0,1,0,"ebox_catatg","HIV","T_mait",12,4,3,TRUE
0,0.288976740231319,0.711023259768681,"egr","HIV","T_mait",12,4,3,TRUE
0,1,0,"ets_1","HIV","T_mait",12,4,3,TRUE
0.610832534450836,0.272480619990586,0.116686845558578,"ets_2","HIV","T_mait",12,4,3,TRUE
0,0.864410916834409,0.135589083165591,"evi1_mecom","HIV","T_mait",12,4,3,TRUE
0,0.815328578174359,0.184671421825641,"ewsr1_fli1","HIV","T_mait",12,4,3,TRUE
0,0.737354184184735,0.262645815815265,"fezf1","HIV","T_mait",12,4,3,TRUE
0.168093461076452,0.831906538923548,0,"fox_1","HIV","T_mait",12,4,3,TRUE
4.11163351335601e-14,0.896110883691021,0.103889116308938,"fox_2","HIV","T_mait",12,4,3,TRUE
0.227852380659694,0.689450165353177,0.0826974539871295,"fox_3","HIV","T_mait",12,4,3,TRUE
1.52320410907297e-21,0.85639158685376,0.14360841314624,"fox_4","HIV","T_mait",12,4,3,TRUE
3.88501328438466e-21,0.65858061558064,0.34141938441936,"fox_5","HIV","T_mait",12,4,3,TRUE
0,1,0,"fox_6","HIV","T_mait",12,4,3,TRUE
0,1,0,"fox_7","HIV","T_mait",12,4,3,TRUE
0,1,0,"fox_8","HIV","T_mait",12,4,3,TRUE
0.0486416197424036,0.951358380257391,2.04925628109434e-13,"fox_9","HIV","T_mait",12,4,3,TRUE
0.374823555440213,0.224292364890081,0.400884079669706,"gata","HIV","T_mait",12,4,3,TRUE
1.91698911090562e-20,0.660251617167974,0.339748382832026,"gc_tract","HIV","T_mait",12,4,3,TRUE
0.456438003002303,0.543561996997525,1.71166627570262e-13,"gcm","HIV","T_mait",12,4,3,TRUE
0.094454361080648,0.503874683446739,0.401670955472613,"gfi","HIV","T_mait",12,4,3,TRUE
0.0887065088667668,0.911293491133201,3.24861744185892e-14,"gli","HIV","T_mait",12,4,3,TRUE
0.0501347512333342,0.686558264435688,0.263306984330977,"glis","HIV","T_mait",12,4,3,TRUE
0,1,0,"gmeb2_1","HIV","T_mait",12,4,3,TRUE
0,1,0,"gmeb2_2","HIV","T_mait",12,4,3,TRUE
0,1,0,"gmeb2_3","HIV","T_mait",12,4,3,TRUE
3.37080939585857e-15,0.5635498818607,0.436450118139297,"grhl","HIV","T_mait",12,4,3,TRUE
0,1,0,"hand1","HIV","T_mait",12,4,3,TRUE
0.300057293565184,0.69994270643481,6.42370981104509e-15,"hd_1","HIV","T_mait",12,4,3,TRUE
0,1,0,"hd_10","HIV","T_mait",12,4,3,TRUE
0.552720700597765,0.199660755210826,0.247618544191409,"hd_11","HIV","T_mait",12,4,3,TRUE
2.86737764117111e-19,0.761247181709875,0.238752818290125,"hd_12","HIV","T_mait",12,4,3,TRUE
0,1,0,"hd_13","HIV","T_mait",12,4,3,TRUE
0.360139301886318,0.538740346949381,0.101120351164301,"hd_14","HIV","T_mait",12,4,3,TRUE
0.0617388054504489,0.938261194540263,9.28776760162656e-12,"hd_15","HIV","T_mait",12,4,3,TRUE
0,1,0,"hd_16","HIV","T_mait",12,4,3,TRUE
0.113181798766365,0.886818201233635,0,"hd_17","HIV","T_mait",12,4,3,TRUE
0,1,0,"hd_18","HIV","T_mait",12,4,3,TRUE
0.0364093170060342,0.323378956443054,0.640211726550912,"hd_19","HIV","T_mait",12,4,3,TRUE
0.312056986914072,0.372999145122237,0.314943867963691,"hd_2","HIV","T_mait",12,4,3,TRUE
0.263356329479046,0.509141610611725,0.227502059909229,"hd_20","HIV","T_mait",12,4,3,TRUE
0.297942535097525,0.649522154054971,0.0525353108475037,"hd_21","HIV","T_mait",12,4,3,TRUE
0,1,0,"hd_22","HIV","T_mait",12,4,3,TRUE
8.48189826942923e-21,0.827123847275133,0.172876152724867,"hd_23","HIV","T_mait",12,4,3,TRUE
0.07328911096964,0.873881727735243,0.0528291612951176,"hd_24","HIV","T_mait",12,4,3,TRUE
0.10955484631468,0.890445153655426,2.98936093527435e-11,"hd_25","HIV","T_mait",12,4,3,TRUE
0,1,0,"hd_3","HIV","T_mait",12,4,3,TRUE
0.0539580379318792,0.778084353975505,0.167957608092616,"hd_4","HIV","T_mait",12,4,3,TRUE
0.450103597010306,0.529960528135907,0.0199358748537873,"hd_5","HIV","T_mait",12,4,3,TRUE
0,0.921196271561592,0.078803728438408,"hd_6","HIV","T_mait",12,4,3,TRUE
0.0701881856890318,0.929811814310635,3.32967241088509e-13,"hd_7","HIV","T_mait",12,4,3,TRUE
0.38048603388591,0.619513966112241,1.84896686636202e-12,"hd_8","HIV","T_mait",12,4,3,TRUE
0.0145740185674293,0.985425981432571,0,"hd_9","HIV","T_mait",12,4,3,TRUE
0,1,0,"hen1","HIV","T_mait",12,4,3,TRUE
0,0.903848758111782,0.0961512418882178,"hic_1","HIV","T_mait",12,4,3,TRUE
0,1,0,"hic_2","HIV","T_mait",12,4,3,TRUE
0.115657359829564,0.884342640170436,0,"hif","HIV","T_mait",12,4,3,TRUE
0,0.901003156436725,0.0989968435632753,"hinfp1_1","HIV","T_mait",12,4,3,TRUE
0.00225061285333445,0.894124010503892,0.103625376642773,"hinfp1_2","HIV","T_mait",12,4,3,TRUE
0,1,0,"hinfp1_3","HIV","T_mait",12,4,3,TRUE
0,1,0,"hltf","HIV","T_mait",12,4,3,TRUE
0.0761442605310794,0.582394957001288,0.341460782467633,"homez","HIV","T_mait",12,4,3,TRUE
0.0158429144756525,0.984157085524347,9.55137512986444e-21,"hsf","HIV","T_mait",12,4,3,TRUE
0.358546576492364,0.448929175753346,0.19252424775429,"hsfy2","HIV","T_mait",12,4,3,TRUE
0,1,0,"insm1","HIV","T_mait",12,4,3,TRUE
0.0246120292293059,0.975387970770694,0,"irf_1","HIV","T_mait",12,4,3,TRUE
0.303054028484538,0.535429555279357,0.161516416236104,"irf_2","HIV","T_mait",12,4,3,TRUE
0,1,0,"irf_3","HIV","T_mait",12,4,3,TRUE
0,1,0,"irf_4","HIV","T_mait",12,4,3,TRUE
9.66519993664825e-14,0.879162243774708,0.120837756225195,"kaiso","HIV","T_mait",12,4,3,TRUE
0.488778638969216,0.511221361030784,0,"klf_sp_1","HIV","T_mait",12,4,3,TRUE
0,0.550410731403267,0.449589268596733,"klf_sp_2","HIV","T_mait",12,4,3,TRUE
0,1,0,"klf_sp_3","HIV","T_mait",12,4,3,TRUE
0.0701388576809587,0.74807500671609,0.181786135602951,"lef1","HIV","T_mait",12,4,3,TRUE
0.0326331265022789,0.967366873497721,0,"lin54","HIV","T_mait",12,4,3,TRUE
0,1,0,"maf","HIV","T_mait",12,4,3,TRUE
0.146937346296862,0.853062653703138,0,"mbd2","HIV","T_mait",12,4,3,TRUE
0,1,0,"mecp2","HIV","T_mait",12,4,3,TRUE
0.349269349384423,0.246381529666086,0.40434912094949,"mef2","HIV","T_mait",12,4,3,TRUE
0.153216622622035,0.846783377377965,0,"mfz1","HIV","T_mait",12,4,3,TRUE
0,1,0,"mies","HIV","T_mait",12,4,3,TRUE
1.2206505323351e-17,1,0,"mtf1","HIV","T_mait",12,4,3,TRUE
2.69801662751907e-17,1,0,"myb_1","HIV","T_mait",12,4,3,TRUE
0,0.5731360027213,0.4268639972787,"myb_2","HIV","T_mait",12,4,3,TRUE
0,1,0,"myb_3","HIV","T_mait",12,4,3,TRUE
0.60668530693844,0.0610742764633387,0.332240416598221,"myb_4","HIV","T_mait",12,4,3,TRUE
0.403608459530393,0.387889617830315,0.208501922639292,"myb_5","HIV","T_mait",12,4,3,TRUE
0,0.984522531626634,0.0154774683733662,"mzf1","HIV","T_mait",12,4,3,TRUE
0,0.893753947921443,0.106246052078557,"nfac_2","HIV","T_mait",12,4,3,TRUE
0,1,0,"nfat_1","HIV","T_mait",12,4,3,TRUE
1.16959053436702e-15,0.661009800678805,0.338990199321194,"nfat_2","HIV","T_mait",12,4,3,TRUE
2.10153939171594e-20,0.960911055904102,0.039088944095898,"nfat_3","HIV","T_mait",12,4,3,TRUE
0,1,0,"nfat_4","HIV","T_mait",12,4,3,TRUE
0.0634391539997725,0.757197382318119,0.179363463682108,"nfi_1","HIV","T_mait",12,4,3,TRUE
0,0.963118710551471,0.0368812894485291,"nfi_2","HIV","T_mait",12,4,3,TRUE
0.22944962566067,0.77055037433933,5.17313562777858e-20,"nfi_3","HIV","T_mait",12,4,3,TRUE
0,1,0,"nfkb_1","HIV","T_mait",12,4,3,TRUE
0,1,0,"nfkb_2","HIV","T_mait",12,4,3,TRUE
0,0.80118777926614,0.19881222073386,"nfkb_3","HIV","T_mait",12,4,3,TRUE
0.266022203197007,0.733977796802992,1.30809295386687e-15,"nfy","HIV","T_mait",12,4,3,TRUE
0,1,0,"nr_1","HIV","T_mait",12,4,3,TRUE
0,1,0,"nr_10","HIV","T_mait",12,4,3,TRUE
4.30630955429826e-11,0.953303653644005,0.0466963463129318,"nr_11","HIV","T_mait",12,4,3,TRUE
0,0.90805374001234,0.0919462599876601,"nr_12","HIV","T_mait",12,4,3,TRUE
0,1,0,"nr_13","HIV","T_mait",12,4,3,TRUE
0.0234272946587387,0.976572705340554,7.0742698522426e-13,"nr_14","HIV","T_mait",12,4,3,TRUE
0,0.780142701114425,0.219857298885575,"nr_15","HIV","T_mait",12,4,3,TRUE
0,0.905004390058764,0.0949956099412364,"nr_16","HIV","T_mait",12,4,3,TRUE
0.13289140989095,0.86710859010905,0,"nr_17","HIV","T_mait",12,4,3,TRUE
0,1,0,"nr_18","HIV","T_mait",12,4,3,TRUE
0.423597586205179,0.392440217574309,0.183962196220512,"nr_19","HIV","T_mait",12,4,3,TRUE
0,1,0,"nr_2","HIV","T_mait",12,4,3,TRUE
0.11557019399339,0.88442980600653,8.02106134178483e-14,"nr_20","HIV","T_mait",12,4,3,TRUE
0.173602503630767,0.826397496369233,0,"nr_3","HIV","T_mait",12,4,3,TRUE
0,1,0,"nr_4","HIV","T_mait",12,4,3,TRUE
0.106592395070781,0.893407604925122,4.09705230106312e-12,"nr_5","HIV","T_mait",12,4,3,TRUE
0,1,0,"nr_6","HIV","T_mait",12,4,3,TRUE
0.00719319613791272,0.992806803862083,4.0485249365691e-15,"nr_7","HIV","T_mait",12,4,3,TRUE
0,1,0,"nr_8","HIV","T_mait",12,4,3,TRUE
0.178659756195364,0.761929999136867,0.0594102446677693,"nr_9","HIV","T_mait",12,4,3,TRUE
0,1,0,"nr2e3","HIV","T_mait",12,4,3,TRUE
0.111785605991205,0.654392768242788,0.233821625766008,"nrf1","HIV","T_mait",12,4,3,TRUE
0,1,0,"oct4sox2","HIV","T_mait",12,4,3,TRUE
0.0689915477686058,0.931008452231389,5.37372528658896e-15,"osr2","HIV","T_mait",12,4,3,TRUE
0,1,0,"ovol1","HIV","T_mait",12,4,3,TRUE
0.126774109826089,0.511166602849315,0.362059287324596,"p53_like_1","HIV","T_mait",12,4,3,TRUE
0,0.905087517930893,0.0949124820691067,"p53_like_2","HIV","T_mait",12,4,3,TRUE
0,1,0,"p53_like_3","HIV","T_mait",12,4,3,TRUE
0,1,0,"pax_halfsite","HIV","T_mait",12,4,3,TRUE
0.525274043263052,0.24072828804375,0.233997668693198,"pax_1","HIV","T_mait",12,4,3,TRUE
0,1,0,"pax_2","HIV","T_mait",12,4,3,TRUE
0,0.938233356067362,0.0617666439326379,"plag1","HIV","T_mait",12,4,3,TRUE
0,0.734087905989692,0.265912094010308,"pou_1","HIV","T_mait",12,4,3,TRUE
0.332364387490748,0.667635612509252,2.42123833900081e-22,"pou_2","HIV","T_mait",12,4,3,TRUE
0,1,0,"pou_3","HIV","T_mait",12,4,3,TRUE
2.62170902885299e-20,0.833511151128143,0.166488848871857,"prdm1","HIV","T_mait",12,4,3,TRUE
0,1,0,"prdm14","HIV","T_mait",12,4,3,TRUE
0.00885426659434236,0.983630416616549,0.00751531678910854,"prdm16","HIV","T_mait",12,4,3,TRUE
0,1,0,"prdm4","HIV","T_mait",12,4,3,TRUE
0.0108908316801455,0.834983171571503,0.154125996748351,"prdm5","HIV","T_mait",12,4,3,TRUE
0.206077477223062,0.786488854610541,0.00743366816639707,"prdm9","HIV","T_mait",12,4,3,TRUE
3.96584662316947e-09,0.619336950748939,0.380663045285215,"prox1","HIV","T_mait",12,4,3,TRUE
0.135169533809537,0.864830466190463,0,"rbpj","HIV","T_mait",12,4,3,TRUE
0,1,0,"rel_halfsite","HIV","T_mait",12,4,3,TRUE
0,1,0,"rest_nrsf","HIV","T_mait",12,4,3,TRUE
0,0.789859240382441,0.210140759617559,"rfx_1","HIV","T_mait",12,4,3,TRUE
0,1,0,"rfx_2","HIV","T_mait",12,4,3,TRUE
0,0.687646913412349,0.312353086587651,"rfx_3","HIV","T_mait",12,4,3,TRUE
0.326719722801204,0.673280277198796,0,"runx_1","HIV","T_mait",12,4,3,TRUE
0.0561911431814337,0.771237151965123,0.172571704853444,"runx_2","HIV","T_mait",12,4,3,TRUE
0,1,0,"scrt1","HIV","T_mait",12,4,3,TRUE
0.438659473574893,0.561340526424706,4.01140114047927e-13,"six_1","HIV","T_mait",12,4,3,TRUE
0,1,0,"six_2","HIV","T_mait",12,4,3,TRUE
0.0866834415637279,0.913316558435361,9.11252440935413e-13,"smad","HIV","T_mait",12,4,3,TRUE
0.37225837009931,0.584825095495227,0.0429165344054635,"smad_1","HIV","T_mait",12,4,3,TRUE
0.408090292756517,0.416010339479788,0.175899367763695,"smad_2","HIV","T_mait",12,4,3,TRUE
0,1,0,"smarca1","HIV","T_mait",12,4,3,TRUE
0.509985452949602,0.42318835040785,0.0668261966425475,"smarca5","HIV","T_mait",12,4,3,TRUE
0.211564175762953,0.788435824236753,2.94616099188569e-13,"snai2","HIV","T_mait",12,4,3,TRUE
0,0.69193781734114,0.30806218265886,"sox_1","HIV","T_mait",12,4,3,TRUE
0,1,0,"sox_2","HIV","T_mait",12,4,3,TRUE
0.346871642042804,0.487020963024527,0.16610739493267,"sox_3","HIV","T_mait",12,4,3,TRUE
0,1,0,"sox_4","HIV","T_mait",12,4,3,TRUE
0,1,0,"sox_5","HIV","T_mait",12,4,3,TRUE
0,1,0,"sox_6","HIV","T_mait",12,4,3,TRUE
0,1,0,"sox_7","HIV","T_mait",12,4,3,TRUE
0.30112618757476,0.462146230880954,0.236727581544286,"sox_8","HIV","T_mait",12,4,3,TRUE
0.191203072208685,0.620302547196135,0.18849438059518,"spdef_1","HIV","T_mait",12,4,3,TRUE
0,1,0,"spdef_2","HIV","T_mait",12,4,3,TRUE
0.26032786359052,0.453904475469404,0.285767660940076,"spi","HIV","T_mait",12,4,3,TRUE
0,0.842468102722451,0.157531897277549,"spz1","HIV","T_mait",12,4,3,TRUE
0.327561544696139,0.672438455303861,0,"srebf1","HIV","T_mait",12,4,3,TRUE
0,1,0,"srf","HIV","T_mait",12,4,3,TRUE
0,0.328436213233799,0.671563786766201,"stat_1","HIV","T_mait",12,4,3,TRUE
0.0428065543099573,0.957193445690043,0,"stat_2","HIV","T_mait",12,4,3,TRUE
0,1,0,"tata","HIV","T_mait",12,4,3,TRUE
0.0192552131623266,0.980744786837673,1.1043795950636e-21,"tbx_1","HIV","T_mait",12,4,3,TRUE
0.716988905977754,0.283011094022246,2.1023465188599e-16,"tbx_2","HIV","T_mait",12,4,3,TRUE
2.79979104417801e-14,0.976787677253772,0.0232123227461995,"tbx_3","HIV","T_mait",12,4,3,TRUE
4.0249204144602e-12,0.91997259626697,0.0800274037290051,"tbx_4","HIV","T_mait",12,4,3,TRUE
0.171033513346179,0.307255972431027,0.521710514222794,"tcf_lef","HIV","T_mait",12,4,3,TRUE
0,0.974813319868473,0.0251866801315268,"tead","HIV","T_mait",12,4,3,TRUE
0.0645510741916712,0.935448925808329,9.36102078852452e-20,"tfap2_1","HIV","T_mait",12,4,3,TRUE
0,1,0,"tfap2_2","HIV","T_mait",12,4,3,TRUE
0,1,0,"tfcp2","HIV","T_mait",12,4,3,TRUE
0,1,0,"thap1","HIV","T_mait",12,4,3,TRUE
0.0224283226537998,0.9775716773462,0,"yy1","HIV","T_mait",12,4,3,TRUE
0.214873241592621,0.785126758407379,2.50684981227007e-19,"zbed1","HIV","T_mait",12,4,3,TRUE
0.0761054103836858,0.75659680934692,0.167297780269394,"zbtb14","HIV","T_mait",12,4,3,TRUE
0.0644717604505306,0.9355282389116,6.37869024906401e-10,"zbtb48","HIV","T_mait",12,4,3,TRUE
0,1,0,"zbtb49","HIV","T_mait",12,4,3,TRUE
0,1,0,"zbtb6","HIV","T_mait",12,4,3,TRUE
1.06114875817187e-12,0.831512415680001,0.168487584318937,"zbtb7a","HIV","T_mait",12,4,3,TRUE
0.0658022649976806,0.934197735002319,0,"zfn121","HIV","T_mait",12,4,3,TRUE
0.131201841757365,0.712106003885384,0.15669215435725,"zfx","HIV","T_mait",12,4,3,TRUE
0.437386197009167,0.520461839122707,0.0421519638681257,"zic","HIV","T_mait",12,4,3,TRUE
0,0.695451494189538,0.304548505810462,"zic_2","HIV","T_mait",12,4,3,TRUE
0,1,0,"zim3","HIV","T_mait",12,4,3,TRUE
0.240790555090563,0.759209444909437,0,"zkscan1","HIV","T_mait",12,4,3,TRUE
0,1,0,"znf134","HIV","T_mait",12,4,3,TRUE
0.095719577220365,0.904280422779635,3.58696626973588e-16,"znf136","HIV","T_mait",12,4,3,TRUE
0,0.836641784591297,0.163358215408703,"znf140","HIV","T_mait",12,4,3,TRUE
0.0586120644664597,0.94138793553354,0,"znf143","HIV","T_mait",12,4,3,TRUE
0,1,9.1771535696702e-17,"znf143_1","HIV","T_mait",12,4,3,TRUE
0,1,0,"znf146","HIV","T_mait",12,4,3,TRUE
0,0.806299367666904,0.193700632333096,"znf232","HIV","T_mait",12,4,3,TRUE
0,1,0,"znf24","HIV","T_mait",12,4,3,TRUE
0,1,0,"znf250","HIV","T_mait",12,4,3,TRUE
5.40744126151397e-15,0.919873709865173,0.0801262901348219,"znf257","HIV","T_mait",12,4,3,TRUE
0,1,0,"znf274","HIV","T_mait",12,4,3,TRUE
0,1,0,"znf28","HIV","T_mait",12,4,3,TRUE
0,1,0,"znf282","HIV","T_mait",12,4,3,TRUE
0,1,0,"znf306","HIV","T_mait",12,4,3,TRUE
2.83575088884489e-09,0.489559261986627,0.510440735177623,"znf317","HIV","T_mait",12,4,3,TRUE
0.166182075812405,0.833817924187595,0,"znf320","HIV","T_mait",12,4,3,TRUE
0.103369078113669,0.668423204674018,0.228207717212313,"znf324","HIV","T_mait",12,4,3,TRUE
0.162817454112987,0.683284912237785,0.153897633649228,"znf329","HIV","T_mait",12,4,3,TRUE
0.021635770760849,0.97836422923915,1.02220744506467e-15,"znf331","HIV","T_mait",12,4,3,TRUE
0,1,0,"znf332","HIV","T_mait",12,4,3,TRUE
0.130067745980342,0.595335456647286,0.274596797372372,"znf335","HIV","T_mait",12,4,3,TRUE
0.37316691699378,0.62683308300622,4.51598135784871e-17,"znf354","HIV","T_mait",12,4,3,TRUE
3.49588729200608e-21,0.690635130014296,0.309364869985704,"znf382","HIV","T_mait",12,4,3,TRUE
1.43582603073472e-12,0.968623067561396,0.0313769324371686,"znf384_1","HIV","T_mait",12,4,3,TRUE
0,1,0,"znf384_2","HIV","T_mait",12,4,3,TRUE
0,1,0,"znf41","HIV","T_mait",12,4,3,TRUE
0.0459852125886238,0.709692262557781,0.244322524853595,"znf410","HIV","T_mait",12,4,3,TRUE
0,0.99001679171141,0.00998320828859029,"znf418","HIV","T_mait",12,4,3,TRUE
0,1,0,"znf423","HIV","T_mait",12,4,3,TRUE
0,1,0,"znf431","HIV","T_mait",12,4,3,TRUE
0,1,0,"znf435","HIV","T_mait",12,4,3,TRUE
0.411464929066299,0.588535070933695,5.79852427379637e-15,"znf436","HIV","T_mait",12,4,3,TRUE
0,1,0,"znf449","HIV","T_mait",12,4,3,TRUE
0.248178317759767,0.674309825652399,0.077511856587834,"znf490","HIV","T_mait",12,4,3,TRUE
0.0820974409567277,0.642238303606093,0.275664255437179,"znf524","HIV","T_mait",12,4,3,TRUE
0,0.832634480362533,0.167365519637467,"znf528","HIV","T_mait",12,4,3,TRUE
0,0.799425394688169,0.200574605311831,"znf53","HIV","T_mait",12,4,3,TRUE
0.0207796732174219,0.979220326782578,1.672516104638e-20,"znf547","HIV","T_mait",12,4,3,TRUE
0.135099128140616,0.467324857006573,0.397576014852811,"znf549","HIV","T_mait",12,4,3,TRUE
6.84791771039938e-13,0.947021163226314,0.0529788367730015,"znf554","HIV","T_mait",12,4,3,TRUE
0.013377419196423,0.704368392761637,0.28225418804194,"znf563","HIV","T_mait",12,4,3,TRUE
0,1,0,"znf57","HIV","T_mait",12,4,3,TRUE
0,0.99705161204648,0.00294838795352048,"znf586","HIV","T_mait",12,4,3,TRUE
0.0421710371528537,0.957828962847146,0,"znf652","HIV","T_mait",12,4,3,TRUE
0,1,0,"znf667","HIV","T_mait",12,4,3,TRUE
0,1,0,"znf680","HIV","T_mait",12,4,3,TRUE
0,0.763338398009125,0.236661601990875,"znf708","HIV","T_mait",12,4,3,TRUE
0,0.77068852054951,0.22931147945049,"znf713","HIV","T_mait",12,4,3,TRUE
0.00629350449269118,0.993706495507292,1.73146466022226e-14,"znf768","HIV","T_mait",12,4,3,TRUE
0.018130115936043,0.981869884063954,3.35591580666712e-15,"znf784","HIV","T_mait",12,4,3,TRUE
0,1,0,"znf85","HIV","T_mait",12,4,3,TRUE
0,1,0,"znf85_1","HIV","T_mait",12,4,3,TRUE
1.63334345820181e-12,0.965796630525231,0.0342033694731353,"zscan3","HIV","T_mait",12,4,3,TRUE
0,1,0,"zscan4","HIV","T_mait",12,4,3,TRUE
0,1,0,"ahr","HIV","T_mem_CD4",12,4,3,TRUE
0,1,0,"aire","HIV","T_mem_CD4",12,4,3,TRUE
0,0.452595740991789,0.547404259008211,"ap1_1","HIV","T_mem_CD4",12,4,3,TRUE
0,0.687886398336719,0.312113601663281,"ap1_2","HIV","T_mem_CD4",12,4,3,TRUE
1.24031418560848e-15,0.976845680285407,0.0231543197145918,"ari5a","HIV","T_mem_CD4",12,4,3,TRUE
0,0.931767711866093,0.0682322881339074,"ari5b","HIV","T_mem_CD4",12,4,3,TRUE
1.9790812684534e-13,0.836838604196264,0.163161395803538,"batf","HIV","T_mem_CD4",12,4,3,TRUE
0,1,0,"bcl6_1","HIV","T_mem_CD4",12,4,3,TRUE
1.32608935642687e-11,0.771518983319565,0.228481016667174,"bcl6_2","HIV","T_mem_CD4",12,4,3,TRUE
4.54210407536991e-15,0.77211277287874,0.227887227121256,"ccaat_cebp","HIV","T_mem_CD4",12,4,3,TRUE
6.18322849021922e-14,0.971216386502352,0.0287836134975863,"cenbp","HIV","T_mem_CD4",12,4,3,TRUE
0,1,0,"cpeb1","HIV","T_mem_CD4",12,4,3,TRUE
0,1,0,"creb_atf_1","HIV","T_mem_CD4",12,4,3,TRUE
1.32889721467262e-14,0.760467530826576,0.239532469173411,"creb_atf_2","HIV","T_mem_CD4",12,4,3,TRUE
0.0483431977787913,0.582909806426653,0.368746995794556,"creb_atf_3","HIV","T_mem_CD4",12,4,3,TRUE
0,0.83706249157449,0.16293750842551,"creb3_xbp1","HIV","T_mem_CD4",12,4,3,TRUE
0,1,0,"ctcf","HIV","T_mem_CD4",12,4,3,TRUE
3.63632405312542e-14,0.934150367348947,0.0658496326510172,"cux_1","HIV","T_mem_CD4",12,4,3,TRUE
0,1,0,"cux_2","HIV","T_mem_CD4",12,4,3,TRUE
0,1,0,"cux_3","HIV","T_mem_CD4",12,4,3,TRUE
0.218047397588729,0.781952602411271,2.25604848946503e-19,"cux_4","HIV","T_mem_CD4",12,4,3,TRUE
0.109275352608891,0.890724647390895,2.13925166315652e-13,"ddit3cebpa","HIV","T_mem_CD4",12,4,3,TRUE
3.45648489398237e-19,0.762074206439238,0.237925793560762,"dmrt1","HIV","T_mem_CD4",12,4,3,TRUE
0,1,0,"dmrt3","HIV","T_mem_CD4",12,4,3,TRUE
0,1,0,"e2f_1","HIV","T_mem_CD4",12,4,3,TRUE
0,1,0,"e2f_2","HIV","T_mem_CD4",12,4,3,TRUE
0.0409840000665259,0.798156010574059,0.160859989359415,"e2f_3","HIV","T_mem_CD4",12,4,3,TRUE
0,1,0,"e2f_4","HIV","T_mem_CD4",12,4,3,TRUE
0,1,0,"ebf1","HIV","T_mem_CD4",12,4,3,TRUE
2.59324455760832e-15,0.974166208773936,0.0258337912260612,"ebox_cacctg","HIV","T_mem_CD4",12,4,3,TRUE
1.69881094478442e-21,0.654532710147521,0.345467289852479,"ebox_cacgtg_1","HIV","T_mem_CD4",12,4,3,TRUE
0.107867806289449,0.540952574429608,0.351179619280944,"ebox_cacgtg_2","HIV","T_mem_CD4",12,4,3,TRUE
0,1,0,"ebox_cagatgg","HIV","T_mem_CD4",12,4,3,TRUE
0.105440708696042,0.894559291303954,4.49188020571567e-15,"ebox_cagctg","HIV","T_mem_CD4",12,4,3,TRUE
8.80721843401432e-14,0.930282251963055,0.0697177480368572,"ebox_catatg","HIV","T_mem_CD4",12,4,3,TRUE
0,1,0,"egr","HIV","T_mem_CD4",12,4,3,TRUE
0,0.909240675613784,0.0907593243862159,"ets_1","HIV","T_mem_CD4",12,4,3,TRUE
0.415318404861188,0.388902195621893,0.195779399516918,"ets_2","HIV","T_mem_CD4",12,4,3,TRUE
0,1,0,"evi1_mecom","HIV","T_mem_CD4",12,4,3,TRUE
0.0047617766343803,0.989914949499454,0.00532327386616608,"ewsr1_fli1","HIV","T_mem_CD4",12,4,3,TRUE
5.04100033581149e-15,0.99987856057393,0.000121439426065088,"fezf1","HIV","T_mem_CD4",12,4,3,TRUE
0,1,0,"fox_1","HIV","T_mem_CD4",12,4,3,TRUE
0.379185088102625,0.551355069010394,0.0694598428869811,"fox_2","HIV","T_mem_CD4",12,4,3,TRUE
0,1,0,"fox_3","HIV","T_mem_CD4",12,4,3,TRUE
0,1,0,"fox_4","HIV","T_mem_CD4",12,4,3,TRUE
0,0.702945590154059,0.297054409845941,"fox_5","HIV","T_mem_CD4",12,4,3,TRUE
0,0.803001230827195,0.196998769172805,"fox_6","HIV","T_mem_CD4",12,4,3,TRUE
0,1,0,"fox_7","HIV","T_mem_CD4",12,4,3,TRUE
0,0.72897908557175,0.27102091442825,"fox_8","HIV","T_mem_CD4",12,4,3,TRUE
0.0599619643779631,0.559163468585776,0.380874567036261,"fox_9","HIV","T_mem_CD4",12,4,3,TRUE
0,1,0,"gata","HIV","T_mem_CD4",12,4,3,TRUE
0.0671734140985251,0.833860957389269,0.0989656285122057,"gc_tract","HIV","T_mem_CD4",12,4,3,TRUE
0,1,0,"gcm","HIV","T_mem_CD4",12,4,3,TRUE
0,0.786631906797911,0.213368093202089,"gfi","HIV","T_mem_CD4",12,4,3,TRUE
0,1,0,"gli","HIV","T_mem_CD4",12,4,3,TRUE
0,0.924307159786645,0.0756928402133548,"glis","HIV","T_mem_CD4",12,4,3,TRUE
0.155103840704056,0.844896159295944,0,"gmeb2_1","HIV","T_mem_CD4",12,4,3,TRUE
0,0.930323594379101,0.0696764056208993,"gmeb2_2","HIV","T_mem_CD4",12,4,3,TRUE
0,1,0,"gmeb2_3","HIV","T_mem_CD4",12,4,3,TRUE
4.58580978830457e-15,0.99148941630006,0.00851058369993526,"grhl","HIV","T_mem_CD4",12,4,3,TRUE
0.0894811038817863,0.910518896118214,0,"hand1","HIV","T_mem_CD4",12,4,3,TRUE
0,0.878617581586327,0.121382418413673,"hd_1","HIV","T_mem_CD4",12,4,3,TRUE
0.235369744224246,0.749316453784379,0.0153138019913752,"hd_10","HIV","T_mem_CD4",12,4,3,TRUE
0,1,0,"hd_11","HIV","T_mem_CD4",12,4,3,TRUE
1.68927296433779e-12,0.999999999611698,3.86612921986982e-10,"hd_12","HIV","T_mem_CD4",12,4,3,TRUE
0.300971386333539,0.60748279211962,0.0915458215468405,"hd_13","HIV","T_mem_CD4",12,4,3,TRUE
0.0244182491824583,0.975581750817542,0,"hd_14","HIV","T_mem_CD4",12,4,3,TRUE
0,0.974074608680931,0.0259253913190694,"hd_15","HIV","T_mem_CD4",12,4,3,TRUE
3.77605988676633e-15,0.689939076759172,0.310060923240824,"hd_16","HIV","T_mem_CD4",12,4,3,TRUE
0,0.776112000290568,0.223887999709432,"hd_17","HIV","T_mem_CD4",12,4,3,TRUE
1.71503621557257e-21,0.784798179168589,0.215201820831411,"hd_18","HIV","T_mem_CD4",12,4,3,TRUE
0.570530187510765,0.429469812489005,2.30119002359039e-13,"hd_19","HIV","T_mem_CD4",12,4,3,TRUE
0.596843779000114,0.403156220999886,0,"hd_2","HIV","T_mem_CD4",12,4,3,TRUE
0.3245850759887,0.18101321754077,0.494401706470531,"hd_20","HIV","T_mem_CD4",12,4,3,TRUE
1.59487085530149e-14,0.944615181696349,0.0553848183036352,"hd_21","HIV","T_mem_CD4",12,4,3,TRUE
0,1,0,"hd_22","HIV","T_mem_CD4",12,4,3,TRUE
2.84867291331213e-15,0.804795440606655,0.195204559393343,"hd_23","HIV","T_mem_CD4",12,4,3,TRUE
0,1,0,"hd_24","HIV","T_mem_CD4",12,4,3,TRUE
0.118662892711843,0.395867569554987,0.485469537733171,"hd_25","HIV","T_mem_CD4",12,4,3,TRUE
0,1,0,"hd_3","HIV","T_mem_CD4",12,4,3,TRUE
0.125587624274781,0.874412375725219,0,"hd_4","HIV","T_mem_CD4",12,4,3,TRUE
0,1,0,"hd_5","HIV","T_mem_CD4",12,4,3,TRUE
0,0.999999999999999,6.54367658992546e-16,"hd_6","HIV","T_mem_CD4",12,4,3,TRUE
0,1,0,"hd_7","HIV","T_mem_CD4",12,4,3,TRUE
2.152553663909e-16,1,0,"hd_8","HIV","T_mem_CD4",12,4,3,TRUE
0,1,0,"hd_9","HIV","T_mem_CD4",12,4,3,TRUE
0.0806671467895057,0.919332853210494,0,"hen1","HIV","T_mem_CD4",12,4,3,TRUE
0,1,0,"hic_1","HIV","T_mem_CD4",12,4,3,TRUE
0,1,0,"hic_2","HIV","T_mem_CD4",12,4,3,TRUE
0.288131466092507,0.711868533907483,9.33966746928019e-15,"hif","HIV","T_mem_CD4",12,4,3,TRUE
0,1,0,"hinfp1_1","HIV","T_mem_CD4",12,4,3,TRUE
0.239173220483265,0.760826779516735,0,"hinfp1_2","HIV","T_mem_CD4",12,4,3,TRUE
0.181907777767331,0.818092222232669,0,"hinfp1_3","HIV","T_mem_CD4",12,4,3,TRUE
0.148543387437092,0.851456612562908,0,"hltf","HIV","T_mem_CD4",12,4,3,TRUE
0,1,0,"homez","HIV","T_mem_CD4",12,4,3,TRUE
0.065001899850437,0.797668319747387,0.137329780402176,"hsf","HIV","T_mem_CD4",12,4,3,TRUE
0,1,0,"hsfy2","HIV","T_mem_CD4",12,4,3,TRUE
0,1,0,"insm1","HIV","T_mem_CD4",12,4,3,TRUE
0.377556850456661,0.301144972119781,0.321298177423558,"irf_1","HIV","T_mem_CD4",12,4,3,TRUE
3.33720233288422e-14,0.686551936862828,0.313448063137138,"irf_2","HIV","T_mem_CD4",12,4,3,TRUE
0.234797316233644,0.765202683766356,5.57889340145803e-17,"irf_3","HIV","T_mem_CD4",12,4,3,TRUE
7.78890681670723e-16,0.855902134803108,0.144097865196891,"irf_4","HIV","T_mem_CD4",12,4,3,TRUE
0,1,0,"kaiso","HIV","T_mem_CD4",12,4,3,TRUE
0,1,0,"klf_sp_1","HIV","T_mem_CD4",12,4,3,TRUE
0,1,0,"klf_sp_2","HIV","T_mem_CD4",12,4,3,TRUE
0,1,0,"klf_sp_3","HIV","T_mem_CD4",12,4,3,TRUE
4.06062296326691e-13,0.862914039623004,0.13708596037659,"lef1","HIV","T_mem_CD4",12,4,3,TRUE
0,0.841111834261696,0.158888165738304,"lin54","HIV","T_mem_CD4",12,4,3,TRUE
0,1,0,"maf","HIV","T_mem_CD4",12,4,3,TRUE
0,0.690427072579983,0.309572927420017,"mbd2","HIV","T_mem_CD4",12,4,3,TRUE
1.78455822378209e-09,0.657065298082719,0.342934700132723,"mecp2","HIV","T_mem_CD4",12,4,3,TRUE
0.305345338832984,0.694654661167003,1.28362165145283e-14,"mef2","HIV","T_mem_CD4",12,4,3,TRUE
4.73090193500542e-21,0.603948632934439,0.39605136706556,"mfz1","HIV","T_mem_CD4",12,4,3,TRUE
0,1,3.76790782547272e-16,"mies","HIV","T_mem_CD4",12,4,3,TRUE
0.126453495730781,0.652228332703831,0.221318171565388,"mtf1","HIV","T_mem_CD4",12,4,3,TRUE
0,1,0,"myb_1","HIV","T_mem_CD4",12,4,3,TRUE
0,1,0,"myb_2","HIV","T_mem_CD4",12,4,3,TRUE
0.0218655029106865,0.978134497034835,5.447859867785e-11,"myb_3","HIV","T_mem_CD4",12,4,3,TRUE
0,1,0,"myb_4","HIV","T_mem_CD4",12,4,3,TRUE
0,1,0,"myb_5","HIV","T_mem_CD4",12,4,3,TRUE
0,1,0,"mzf1","HIV","T_mem_CD4",12,4,3,TRUE
0,1,0,"nfac_2","HIV","T_mem_CD4",12,4,3,TRUE
0,1,0,"nfat_1","HIV","T_mem_CD4",12,4,3,TRUE
0,1,0,"nfat_2","HIV","T_mem_CD4",12,4,3,TRUE
0.218515723595155,0.754987118580082,0.0264971578247632,"nfat_3","HIV","T_mem_CD4",12,4,3,TRUE
3.80059097317409e-16,0.616290022913235,0.383709977086765,"nfat_4","HIV","T_mem_CD4",12,4,3,TRUE
0.150058287837915,0.849941712148179,1.3905372553319e-11,"nfi_1","HIV","T_mem_CD4",12,4,3,TRUE
0,1,0,"nfi_2","HIV","T_mem_CD4",12,4,3,TRUE
0,1,0,"nfi_3","HIV","T_mem_CD4",12,4,3,TRUE
0.0644149677530378,0.255307935094946,0.680277097152016,"nfkb_1","HIV","T_mem_CD4",12,4,3,TRUE
0,1,0,"nfkb_2","HIV","T_mem_CD4",12,4,3,TRUE
0.100209375961175,0.425601155785632,0.474189468253192,"nfkb_3","HIV","T_mem_CD4",12,4,3,TRUE
0,1,0,"nfy","HIV","T_mem_CD4",12,4,3,TRUE
0,1,0,"nr_1","HIV","T_mem_CD4",12,4,3,TRUE
0.0174894557893031,0.917369449607526,0.0651410946031711,"nr_10","HIV","T_mem_CD4",12,4,3,TRUE
0,1,0,"nr_11","HIV","T_mem_CD4",12,4,3,TRUE
0,1,0,"nr_12","HIV","T_mem_CD4",12,4,3,TRUE
0,0.929284776642487,0.0707152233575129,"nr_13","HIV","T_mem_CD4",12,4,3,TRUE
0,1,0,"nr_14","HIV","T_mem_CD4",12,4,3,TRUE
0,1,0,"nr_15","HIV","T_mem_CD4",12,4,3,TRUE
0,1,0,"nr_16","HIV","T_mem_CD4",12,4,3,TRUE
0,1,0,"nr_17","HIV","T_mem_CD4",12,4,3,TRUE
0,1,0,"nr_18","HIV","T_mem_CD4",12,4,3,TRUE
0.182779644985211,0.817220355014789,0,"nr_19","HIV","T_mem_CD4",12,4,3,TRUE
0.121178283343768,0.87882171660779,4.84412334223508e-11,"nr_2","HIV","T_mem_CD4",12,4,3,TRUE
0,1,0,"nr_20","HIV","T_mem_CD4",12,4,3,TRUE
0,1,0,"nr_3","HIV","T_mem_CD4",12,4,3,TRUE
0.123165106357223,0.876834893642776,9.24063428104225e-16,"nr_4","HIV","T_mem_CD4",12,4,3,TRUE
0,1,0,"nr_5","HIV","T_mem_CD4",12,4,3,TRUE
0.238503328838938,0.57725951687551,0.184237154285552,"nr_6","HIV","T_mem_CD4",12,4,3,TRUE
0,1,0,"nr_7","HIV","T_mem_CD4",12,4,3,TRUE
0,0.747700623836189,0.252299376163811,"nr_8","HIV","T_mem_CD4",12,4,3,TRUE
0,0.814960263868413,0.185039736131587,"nr_9","HIV","T_mem_CD4",12,4,3,TRUE
0,0.927647268076601,0.072352731923399,"nr2e3","HIV","T_mem_CD4",12,4,3,TRUE
0,1,0,"nrf1","HIV","T_mem_CD4",12,4,3,TRUE
1.46588070970328e-22,0.848693797720557,0.151306202279443,"oct4sox2","HIV","T_mem_CD4",12,4,3,TRUE
0.0892741343959277,0.910725865603742,3.30677792692434e-13,"osr2","HIV","T_mem_CD4",12,4,3,TRUE
1.21421032168264e-14,0.684231069021071,0.315768930978916,"ovol1","HIV","T_mem_CD4",12,4,3,TRUE
0,1,0,"p53_like_1","HIV","T_mem_CD4",12,4,3,TRUE
0.0348690428182771,0.577181893438726,0.387949063742997,"p53_like_2","HIV","T_mem_CD4",12,4,3,TRUE
7.9182770641875e-14,0.959550682866313,0.0404493171336078,"p53_like_3","HIV","T_mem_CD4",12,4,3,TRUE
0,1,0,"pax_halfsite","HIV","T_mem_CD4",12,4,3,TRUE
0,1,0,"pax_1","HIV","T_mem_CD4",12,4,3,TRUE
0.280555012677106,0.719444987322892,1.63388115741187e-15,"pax_2","HIV","T_mem_CD4",12,4,3,TRUE
0,1,0,"plag1","HIV","T_mem_CD4",12,4,3,TRUE
0,1,0,"pou_1","HIV","T_mem_CD4",12,4,3,TRUE
0.211775409710282,0.755471888736879,0.0327527015528394,"pou_2","HIV","T_mem_CD4",12,4,3,TRUE
0,1,0,"pou_3","HIV","T_mem_CD4",12,4,3,TRUE
0.0742746179647528,0.925725356443312,2.55919354979006e-08,"prdm1","HIV","T_mem_CD4",12,4,3,TRUE
0,1,0,"prdm14","HIV","T_mem_CD4",12,4,3,TRUE
0,1,0,"prdm16","HIV","T_mem_CD4",12,4,3,TRUE
0,1,0,"prdm4","HIV","T_mem_CD4",12,4,3,TRUE
0,1,0,"prdm5","HIV","T_mem_CD4",12,4,3,TRUE
0,1,0,"prdm9","HIV","T_mem_CD4",12,4,3,TRUE
0,1,0,"prox1","HIV","T_mem_CD4",12,4,3,TRUE
0,1,0,"rbpj","HIV","T_mem_CD4",12,4,3,TRUE
0,1,0,"rel_halfsite","HIV","T_mem_CD4",12,4,3,TRUE
0.00387097509401943,0.931409071991949,0.064719952914032,"rest_nrsf","HIV","T_mem_CD4",12,4,3,TRUE
0,0.912461280713773,0.0875387192862268,"rfx_1","HIV","T_mem_CD4",12,4,3,TRUE
0,1,0,"rfx_2","HIV","T_mem_CD4",12,4,3,TRUE
1.91535547792003e-15,0.659676408864408,0.34032359113559,"rfx_3","HIV","T_mem_CD4",12,4,3,TRUE
0,1,0,"runx_1","HIV","T_mem_CD4",12,4,3,TRUE
2.31535873530759e-14,0.584384276156709,0.415615723843268,"runx_2","HIV","T_mem_CD4",12,4,3,TRUE
9.73180352128194e-17,1,0,"scrt1","HIV","T_mem_CD4",12,4,3,TRUE
0.25328670140472,0.746713298595271,8.93245379757041e-15,"six_1","HIV","T_mem_CD4",12,4,3,TRUE
0.307642529212277,0.692357470787723,0,"six_2","HIV","T_mem_CD4",12,4,3,TRUE
0,1,0,"smad","HIV","T_mem_CD4",12,4,3,TRUE
0,1,0,"smad_1","HIV","T_mem_CD4",12,4,3,TRUE
0.32362983022814,0.657799945499327,0.0185702242725336,"smad_2","HIV","T_mem_CD4",12,4,3,TRUE
0,1,0,"smarca1","HIV","T_mem_CD4",12,4,3,TRUE
0.105138722691645,0.838735610604337,0.0561256667040184,"smarca5","HIV","T_mem_CD4",12,4,3,TRUE
7.13943175258738e-17,0.961399151484221,0.0386008485157789,"snai2","HIV","T_mem_CD4",12,4,3,TRUE
0,1,0,"sox_1","HIV","T_mem_CD4",12,4,3,TRUE
0,0.884252434397291,0.115747565602709,"sox_2","HIV","T_mem_CD4",12,4,3,TRUE
0.0112077563677925,0.988792243632207,4.01440201849066e-23,"sox_3","HIV","T_mem_CD4",12,4,3,TRUE
0.311933326384029,0.611892679021342,0.0761739945946291,"sox_4","HIV","T_mem_CD4",12,4,3,TRUE
1.15344748584753e-19,0.757202964849681,0.242797035150319,"sox_5","HIV","T_mem_CD4",12,4,3,TRUE
8.97657213308087e-16,0.999999999999999,0,"sox_6","HIV","T_mem_CD4",12,4,3,TRUE
0,1,0,"sox_7","HIV","T_mem_CD4",12,4,3,TRUE
0,1,0,"sox_8","HIV","T_mem_CD4",12,4,3,TRUE
7.40120121635776e-14,0.839207749588408,0.160792250411517,"spdef_1","HIV","T_mem_CD4",12,4,3,TRUE
0.465924833732246,0.396426434126264,0.137648732141491,"spdef_2","HIV","T_mem_CD4",12,4,3,TRUE
5.43579849462514e-15,0.737391703464852,0.262608296535142,"spi","HIV","T_mem_CD4",12,4,3,TRUE
0,1,0,"spz1","HIV","T_mem_CD4",12,4,3,TRUE
0,1,0,"srebf1","HIV","T_mem_CD4",12,4,3,TRUE
1.09776668739418e-14,0.973824702099618,0.026175297900371,"srf","HIV","T_mem_CD4",12,4,3,TRUE
0.359500950174695,0.640499049825305,6.09874354323594e-21,"stat_1","HIV","T_mem_CD4",12,4,3,TRUE
0,1,0,"stat_2","HIV","T_mem_CD4",12,4,3,TRUE
0,1,0,"tata","HIV","T_mem_CD4",12,4,3,TRUE
0,1,0,"tbx_1","HIV","T_mem_CD4",12,4,3,TRUE
0.103056868766532,0.478694760286321,0.418248370947147,"tbx_2","HIV","T_mem_CD4",12,4,3,TRUE
0,1,0,"tbx_3","HIV","T_mem_CD4",12,4,3,TRUE
0,1,0,"tbx_4","HIV","T_mem_CD4",12,4,3,TRUE
0.19268499682667,0.80731500317333,0,"tcf_lef","HIV","T_mem_CD4",12,4,3,TRUE
0.594015374277649,0.330381300577267,0.0756033251450843,"tead","HIV","T_mem_CD4",12,4,3,TRUE
0,1,0,"tfap2_1","HIV","T_mem_CD4",12,4,3,TRUE
0,1,0,"tfap2_2","HIV","T_mem_CD4",12,4,3,TRUE
0,0.866210928444418,0.133789071555582,"tfcp2","HIV","T_mem_CD4",12,4,3,TRUE
0,1,0,"thap1","HIV","T_mem_CD4",12,4,3,TRUE
0,1,0,"yy1","HIV","T_mem_CD4",12,4,3,TRUE
0,1,0,"zbed1","HIV","T_mem_CD4",12,4,3,TRUE
0,1,0,"zbtb14","HIV","T_mem_CD4",12,4,3,TRUE
0,1,0,"zbtb48","HIV","T_mem_CD4",12,4,3,TRUE
5.14775174681105e-20,0.856111016231636,0.143888983768364,"zbtb49","HIV","T_mem_CD4",12,4,3,TRUE
7.32478845267157e-24,0.972605950405056,0.0273940495949445,"zbtb6","HIV","T_mem_CD4",12,4,3,TRUE
0,0.981486682562779,0.0185133174372212,"zbtb7a","HIV","T_mem_CD4",12,4,3,TRUE
0.33072109841019,0.616849139116533,0.0524297624732765,"zfn121","HIV","T_mem_CD4",12,4,3,TRUE
5.33320762050537e-16,0.971670150911755,0.0283298490882446,"zfx","HIV","T_mem_CD4",12,4,3,TRUE
0,1,0,"zic","HIV","T_mem_CD4",12,4,3,TRUE
0,1,0,"zic_2","HIV","T_mem_CD4",12,4,3,TRUE
0,1,0,"zim3","HIV","T_mem_CD4",12,4,3,TRUE
0,1,0,"zkscan1","HIV","T_mem_CD4",12,4,3,TRUE
1.8312084873001e-22,0.910468005513593,0.0895319944864074,"znf134","HIV","T_mem_CD4",12,4,3,TRUE
3.4792417538062e-15,0.968454367633131,0.0315456323668655,"znf136","HIV","T_mem_CD4",12,4,3,TRUE
8.44545956747142e-12,0.674245120523545,0.32575487946801,"znf140","HIV","T_mem_CD4",12,4,3,TRUE
0,1,0,"znf143","HIV","T_mem_CD4",12,4,3,TRUE
0,1,0,"znf143_1","HIV","T_mem_CD4",12,4,3,TRUE
0,0.67977278702495,0.32022721297505,"znf146","HIV","T_mem_CD4",12,4,3,TRUE
3.11862404654467e-13,0.912893107602848,0.0871068923968403,"znf232","HIV","T_mem_CD4",12,4,3,TRUE
0,1,0,"znf24","HIV","T_mem_CD4",12,4,3,TRUE
0,1,0,"znf250","HIV","T_mem_CD4",12,4,3,TRUE
0,1,0,"znf257","HIV","T_mem_CD4",12,4,3,TRUE
0,1,0,"znf274","HIV","T_mem_CD4",12,4,3,TRUE
0,0.726552121517241,0.273447878482759,"znf28","HIV","T_mem_CD4",12,4,3,TRUE
0,1,0,"znf282","HIV","T_mem_CD4",12,4,3,TRUE
0.239495404131763,0.760504595868235,1.85430266940081e-15,"znf306","HIV","T_mem_CD4",12,4,3,TRUE
0,1,0,"znf317","HIV","T_mem_CD4",12,4,3,TRUE
0,1,0,"znf320","HIV","T_mem_CD4",12,4,3,TRUE
0,1,0,"znf324","HIV","T_mem_CD4",12,4,3,TRUE
0,1,0,"znf329","HIV","T_mem_CD4",12,4,3,TRUE
0,1,0,"znf331","HIV","T_mem_CD4",12,4,3,TRUE
0,1,0,"znf332","HIV","T_mem_CD4",12,4,3,TRUE
0,1,0,"znf335","HIV","T_mem_CD4",12,4,3,TRUE
0,0.823511548234566,0.176488451765434,"znf354","HIV","T_mem_CD4",12,4,3,TRUE
1.170214138687e-11,0.637300501180239,0.362699498808059,"znf382","HIV","T_mem_CD4",12,4,3,TRUE
0,1,0,"znf384_1","HIV","T_mem_CD4",12,4,3,TRUE
4.48214742587393e-17,1,0,"znf384_2","HIV","T_mem_CD4",12,4,3,TRUE
0.108653153267353,0.891346846732647,7.03115365240474e-18,"znf41","HIV","T_mem_CD4",12,4,3,TRUE
0.153505413841124,0.846494586158876,2.82517229365814e-20,"znf410","HIV","T_mem_CD4",12,4,3,TRUE
2.52435097394819e-12,0.919763091385693,0.0802369086117827,"znf418","HIV","T_mem_CD4",12,4,3,TRUE
0,1,0,"znf423","HIV","T_mem_CD4",12,4,3,TRUE
0,1,0,"znf431","HIV","T_mem_CD4",12,4,3,TRUE
0.0718743283417187,0.928125671658281,0,"znf435","HIV","T_mem_CD4",12,4,3,TRUE
0,1,0,"znf436","HIV","T_mem_CD4",12,4,3,TRUE
0,1,0,"znf449","HIV","T_mem_CD4",12,4,3,TRUE
0.0290148716398691,0.970985128360131,0,"znf490","HIV","T_mem_CD4",12,4,3,TRUE
0,0.96984573871844,0.0301542612815601,"znf524","HIV","T_mem_CD4",12,4,3,TRUE
0,1,0,"znf528","HIV","T_mem_CD4",12,4,3,TRUE
0,0.981117288719429,0.0188827112805713,"znf53","HIV","T_mem_CD4",12,4,3,TRUE
0,1,0,"znf547","HIV","T_mem_CD4",12,4,3,TRUE
0,1,0,"znf549","HIV","T_mem_CD4",12,4,3,TRUE
0,1,0,"znf554","HIV","T_mem_CD4",12,4,3,TRUE
0,1,0,"znf563","HIV","T_mem_CD4",12,4,3,TRUE
0,1,1.96451466668978e-16,"znf57","HIV","T_mem_CD4",12,4,3,TRUE
0.169445754624692,0.830554245375308,0,"znf586","HIV","T_mem_CD4",12,4,3,TRUE
0,1,0,"znf652","HIV","T_mem_CD4",12,4,3,TRUE
3.97314268947747e-13,0.862010542118612,0.13798945788099,"znf667","HIV","T_mem_CD4",12,4,3,TRUE
0,1,0,"znf680","HIV","T_mem_CD4",12,4,3,TRUE
0,1,0,"znf708","HIV","T_mem_CD4",12,4,3,TRUE
0,1,0,"znf713","HIV","T_mem_CD4",12,4,3,TRUE
0,1,0,"znf768","HIV","T_mem_CD4",12,4,3,TRUE
6.66206770731677e-17,0.983963675579456,0.0160363244205438,"znf784","HIV","T_mem_CD4",12,4,3,TRUE
0.00352675908199855,0.996473240701233,2.1676830262505e-10,"znf85","HIV","T_mem_CD4",12,4,3,TRUE
0.182649855452093,0.489450327385599,0.327899817162309,"znf85_1","HIV","T_mem_CD4",12,4,3,TRUE
0,1,0,"zscan3","HIV","T_mem_CD4",12,4,3,TRUE
0,1,0,"zscan4","HIV","T_mem_CD4",12,4,3,TRUE
0.00508492817417533,0.994915071825825,0,"ahr","HIV","T_mem_CD8",12,4,3,TRUE
0.209232557091021,0.790767442908979,0,"aire","HIV","T_mem_CD8",12,4,3,TRUE
0.346231665176576,0.236168510675542,0.417599824147882,"ap1_1","HIV","T_mem_CD8",12,4,3,TRUE
1.73442918641194e-12,0.323464686882388,0.676535313115878,"ap1_2","HIV","T_mem_CD8",12,4,3,TRUE
0.316354930194577,0.683645069805423,5.06521917901262e-21,"ari5a","HIV","T_mem_CD8",12,4,3,TRUE
2.44465744363462e-13,0.437685769733929,0.562314230265827,"ari5b","HIV","T_mem_CD8",12,4,3,TRUE
0.179331761542851,0.820668238457149,0,"batf","HIV","T_mem_CD8",12,4,3,TRUE
0.218134085743855,0.749812299876692,0.032053614379453,"bcl6_1","HIV","T_mem_CD8",12,4,3,TRUE
0,0.883429516954047,0.116570483045953,"bcl6_2","HIV","T_mem_CD8",12,4,3,TRUE
0,0.751352623492691,0.248647376507309,"ccaat_cebp","HIV","T_mem_CD8",12,4,3,TRUE
0.0702328095772807,0.92976719042254,1.79132010626115e-13,"cenbp","HIV","T_mem_CD8",12,4,3,TRUE
0,1,0,"cpeb1","HIV","T_mem_CD8",12,4,3,TRUE
0,0.735825427935553,0.264174572064447,"creb_atf_1","HIV","T_mem_CD8",12,4,3,TRUE
0,0.713930364531034,0.286069635468966,"creb_atf_2","HIV","T_mem_CD8",12,4,3,TRUE
2.96774563529835e-21,0.719693594023396,0.280306405976604,"creb_atf_3","HIV","T_mem_CD8",12,4,3,TRUE
0,1,0,"creb3_xbp1","HIV","T_mem_CD8",12,4,3,TRUE
0.0605028813297247,0.657655293752677,0.281841824917598,"ctcf","HIV","T_mem_CD8",12,4,3,TRUE
0,0.520193610512397,0.479806389487603,"cux_1","HIV","T_mem_CD8",12,4,3,TRUE
0.620564893583115,0.295214616734574,0.0842204896823111,"cux_2","HIV","T_mem_CD8",12,4,3,TRUE
0.264026548466447,0.735973444951268,6.58228570498131e-09,"cux_3","HIV","T_mem_CD8",12,4,3,TRUE
0.0960166089460596,0.811123468466315,0.0928599225876255,"cux_4","HIV","T_mem_CD8",12,4,3,TRUE
0,1,0,"ddit3cebpa","HIV","T_mem_CD8",12,4,3,TRUE
0.0466903874814675,0.147095332422747,0.806214280095785,"dmrt1","HIV","T_mem_CD8",12,4,3,TRUE
0.0706339784286577,0.389730903408524,0.539635118162819,"dmrt3","HIV","T_mem_CD8",12,4,3,TRUE
0,1,0,"e2f_1","HIV","T_mem_CD8",12,4,3,TRUE
0.372508538935926,0.62749146106359,4.83344620215643e-13,"e2f_2","HIV","T_mem_CD8",12,4,3,TRUE
9.63085452815854e-15,0.971949946412296,0.0280500535876946,"e2f_3","HIV","T_mem_CD8",12,4,3,TRUE
0.376076326678579,0.623923673321421,0,"e2f_4","HIV","T_mem_CD8",12,4,3,TRUE
0,1,0,"ebf1","HIV","T_mem_CD8",12,4,3,TRUE
0,1,0,"ebox_cacctg","HIV","T_mem_CD8",12,4,3,TRUE
0,0.728349361059765,0.271650638940235,"ebox_cacgtg_1","HIV","T_mem_CD8",12,4,3,TRUE
0.0843518695215113,0.236050027046877,0.679598103431612,"ebox_cacgtg_2","HIV","T_mem_CD8",12,4,3,TRUE
0,1,0,"ebox_cagatgg","HIV","T_mem_CD8",12,4,3,TRUE
0,1,0,"ebox_cagctg","HIV","T_mem_CD8",12,4,3,TRUE
0,1,0,"ebox_catatg","HIV","T_mem_CD8",12,4,3,TRUE
0,1,0,"egr","HIV","T_mem_CD8",12,4,3,TRUE
0,1,0,"ets_1","HIV","T_mem_CD8",12,4,3,TRUE
0.051280815091538,0.254500425521751,0.694218759386711,"ets_2","HIV","T_mem_CD8",12,4,3,TRUE
0.311113259512205,0.416623722784094,0.272263017703701,"evi1_mecom","HIV","T_mem_CD8",12,4,3,TRUE
0.311163202136864,0.665289611437705,0.0235471864254312,"ewsr1_fli1","HIV","T_mem_CD8",12,4,3,TRUE
0.034261118028484,0.221854617644319,0.743884264327197,"fezf1","HIV","T_mem_CD8",12,4,3,TRUE
0,0.791606995183789,0.208393004816211,"fox_1","HIV","T_mem_CD8",12,4,3,TRUE
0,1,0,"fox_2","HIV","T_mem_CD8",12,4,3,TRUE
0.262822983719198,0.737177016280802,0,"fox_3","HIV","T_mem_CD8",12,4,3,TRUE
0.101620156251923,0.898379843556159,1.91918253708104e-10,"fox_4","HIV","T_mem_CD8",12,4,3,TRUE
1.75161444390357e-22,0.739928877971043,0.260071122028957,"fox_5","HIV","T_mem_CD8",12,4,3,TRUE
0.0330439662766163,0.966956033723375,8.26235724942426e-15,"fox_6","HIV","T_mem_CD8",12,4,3,TRUE
0,1,4.47007102545743e-17,"fox_7","HIV","T_mem_CD8",12,4,3,TRUE
0.204896191088007,0.795103808911993,6.24962583432467e-23,"fox_8","HIV","T_mem_CD8",12,4,3,TRUE
0.367964146673377,0.347943544930355,0.284092308396269,"fox_9","HIV","T_mem_CD8",12,4,3,TRUE
1.03965662842387e-17,1,4.67396067969831e-20,"gata","HIV","T_mem_CD8",12,4,3,TRUE
0.174999630064911,0.128708690522007,0.696291679413082,"gc_tract","HIV","T_mem_CD8",12,4,3,TRUE
0,1,0,"gcm","HIV","T_mem_CD8",12,4,3,TRUE
0,0.84849867719311,0.15150132280689,"gfi","HIV","T_mem_CD8",12,4,3,TRUE
0.185762302330302,0.814237697665193,4.5043150932685e-12,"gli","HIV","T_mem_CD8",12,4,3,TRUE
2.8364853809122e-13,0.607865631557084,0.392134368442633,"glis","HIV","T_mem_CD8",12,4,3,TRUE
0,1,0,"gmeb2_1","HIV","T_mem_CD8",12,4,3,TRUE
1.73855689769925e-11,0.937362879752691,0.0626371202299238,"gmeb2_2","HIV","T_mem_CD8",12,4,3,TRUE
0.150999031925907,0.849000968074093,0,"gmeb2_3","HIV","T_mem_CD8",12,4,3,TRUE
0.251775045480333,0.551360765378388,0.196864189141279,"grhl","HIV","T_mem_CD8",12,4,3,TRUE
0,1,0,"hand1","HIV","T_mem_CD8",12,4,3,TRUE
0,1,0,"hd_1","HIV","T_mem_CD8",12,4,3,TRUE
0,0.888418745134971,0.111581254865029,"hd_10","HIV","T_mem_CD8",12,4,3,TRUE
0.144202151492704,0.855797848507296,0,"hd_11","HIV","T_mem_CD8",12,4,3,TRUE
0.233829103981398,0.747295580853243,0.018875315165359,"hd_12","HIV","T_mem_CD8",12,4,3,TRUE
2.91633070343073e-11,0.628887862185651,0.371112137785185,"hd_13","HIV","T_mem_CD8",12,4,3,TRUE
0,1,0,"hd_14","HIV","T_mem_CD8",12,4,3,TRUE
0,1,0,"hd_15","HIV","T_mem_CD8",12,4,3,TRUE
0.169557591188455,0.77563787665739,0.0548045321541547,"hd_16","HIV","T_mem_CD8",12,4,3,TRUE
0,1,0,"hd_17","HIV","T_mem_CD8",12,4,3,TRUE
0,1,0,"hd_18","HIV","T_mem_CD8",12,4,3,TRUE
0.101255904982345,0.669460161509777,0.229283933507878,"hd_19","HIV","T_mem_CD8",12,4,3,TRUE
0,1,0,"hd_2","HIV","T_mem_CD8",12,4,3,TRUE
0.311866517278033,0.156193937078211,0.531939545643756,"hd_20","HIV","T_mem_CD8",12,4,3,TRUE
0.0537788542246599,0.946221145772776,2.56406959673838e-12,"hd_21","HIV","T_mem_CD8",12,4,3,TRUE
0.155087237482611,0.586093194676823,0.258819567840565,"hd_22","HIV","T_mem_CD8",12,4,3,TRUE
0,1,0,"hd_23","HIV","T_mem_CD8",12,4,3,TRUE
0.118153852946898,0.652317149856514,0.229528997196589,"hd_24","HIV","T_mem_CD8",12,4,3,TRUE
0.139255462810076,0.270005652555333,0.59073888463459,"hd_25","HIV","T_mem_CD8",12,4,3,TRUE
0,1,0,"hd_3","HIV","T_mem_CD8",12,4,3,TRUE
0,0.68861298758964,0.31138701241036,"hd_4","HIV","T_mem_CD8",12,4,3,TRUE
0,1,0,"hd_5","HIV","T_mem_CD8",12,4,3,TRUE
0,1,0,"hd_6","HIV","T_mem_CD8",12,4,3,TRUE
0.202552143209079,0.797447856790917,3.68673581816412e-15,"hd_7","HIV","T_mem_CD8",12,4,3,TRUE
0,1,0,"hd_8","HIV","T_mem_CD8",12,4,3,TRUE
0.0171204626202573,0.982879537379743,0,"hd_9","HIV","T_mem_CD8",12,4,3,TRUE
0.18229809585057,0.81770190414943,0,"hen1","HIV","T_mem_CD8",12,4,3,TRUE
4.86976841316708e-17,1,0,"hic_1","HIV","T_mem_CD8",12,4,3,TRUE
0,1,0,"hic_2","HIV","T_mem_CD8",12,4,3,TRUE
2.70208770809033e-14,0.984961326105343,0.01503867389463,"hif","HIV","T_mem_CD8",12,4,3,TRUE
0.210946365652564,0.789053634347255,1.81627319559175e-13,"hinfp1_1","HIV","T_mem_CD8",12,4,3,TRUE
0.0910642096750657,0.303397505535866,0.605538284789068,"hinfp1_2","HIV","T_mem_CD8",12,4,3,TRUE
0.266817884572749,0.733182115427249,2.29280834052531e-15,"hinfp1_3","HIV","T_mem_CD8",12,4,3,TRUE
0.159098674568552,0.840901325431443,5.03787013957292e-15,"hltf","HIV","T_mem_CD8",12,4,3,TRUE
0,0.956762844777846,0.0432371552221538,"homez","HIV","T_mem_CD8",12,4,3,TRUE
0.0350019440036305,0.321894519186864,0.643103536809505,"hsf","HIV","T_mem_CD8",12,4,3,TRUE
0.00562117902689076,0.994378820972795,3.1460387853606e-13,"hsfy2","HIV","T_mem_CD8",12,4,3,TRUE
0,1,0,"insm1","HIV","T_mem_CD8",12,4,3,TRUE
2.2691245369917e-21,0.496664551206471,0.503335448793529,"irf_1","HIV","T_mem_CD8",12,4,3,TRUE
0.0296145262568775,0.970385473736573,6.54970929057646e-12,"irf_2","HIV","T_mem_CD8",12,4,3,TRUE
0,1,0,"irf_3","HIV","T_mem_CD8",12,4,3,TRUE
1.02773018496456e-15,0.999999999999999,6.95607992741156e-18,"irf_4","HIV","T_mem_CD8",12,4,3,TRUE
0.25969802998445,0.740301970015547,2.58864769415077e-15,"kaiso","HIV","T_mem_CD8",12,4,3,TRUE
0,0.932298071753889,0.0677019282461108,"klf_sp_1","HIV","T_mem_CD8",12,4,3,TRUE
0,0.632050359638385,0.367949640361615,"klf_sp_2","HIV","T_mem_CD8",12,4,3,TRUE
0.0542964787530281,0.945703521246972,0,"klf_sp_3","HIV","T_mem_CD8",12,4,3,TRUE
3.54895912764792e-15,0.525203409942114,0.474796590057882,"lef1","HIV","T_mem_CD8",12,4,3,TRUE
0,1,0,"lin54","HIV","T_mem_CD8",12,4,3,TRUE
0,0.688042403000785,0.311957596999215,"maf","HIV","T_mem_CD8",12,4,3,TRUE
0.190293250962072,0.303295216014621,0.506411533023307,"mbd2","HIV","T_mem_CD8",12,4,3,TRUE
0.256651404583143,0.421835212757451,0.321513382659406,"mecp2","HIV","T_mem_CD8",12,4,3,TRUE
0.101219793109543,0.286408691847876,0.61237151504258,"mef2","HIV","T_mem_CD8",12,4,3,TRUE
0.121783003219181,0.878216996780819,2.80620834392698e-19,"mfz1","HIV","T_mem_CD8",12,4,3,TRUE
0.566335870947643,0.433664129052357,0,"mies","HIV","T_mem_CD8",12,4,3,TRUE
0,1,0,"mtf1","HIV","T_mem_CD8",12,4,3,TRUE
0,1,0,"myb_1","HIV","T_mem_CD8",12,4,3,TRUE
8.4016562110849e-14,0.984151504021899,0.0158484959780168,"myb_2","HIV","T_mem_CD8",12,4,3,TRUE
0,1,0,"myb_3","HIV","T_mem_CD8",12,4,3,TRUE
0,1,0,"myb_4","HIV","T_mem_CD8",12,4,3,TRUE
2.94451177194574e-13,0.918636638620533,0.081363361379173,"myb_5","HIV","T_mem_CD8",12,4,3,TRUE
0,1,0,"mzf1","HIV","T_mem_CD8",12,4,3,TRUE
0.304349163514901,0.695650836485091,7.46648127437507e-15,"nfac_2","HIV","T_mem_CD8",12,4,3,TRUE
0.22428155651452,0.775718443485479,0,"nfat_1","HIV","T_mem_CD8",12,4,3,TRUE
0.240416843900113,0.546842395062047,0.212740761037841,"nfat_2","HIV","T_mem_CD8",12,4,3,TRUE
0,1,0,"nfat_3","HIV","T_mem_CD8",12,4,3,TRUE
0,0.790035398246546,0.209964601753454,"nfat_4","HIV","T_mem_CD8",12,4,3,TRUE
0,0.94223495350832,0.0577650464916801,"nfi_1","HIV","T_mem_CD8",12,4,3,TRUE
0,0.838694838547859,0.161305161452141,"nfi_2","HIV","T_mem_CD8",12,4,3,TRUE
0,1,0,"nfi_3","HIV","T_mem_CD8",12,4,3,TRUE
0,0.51655308449158,0.48344691550842,"nfkb_1","HIV","T_mem_CD8",12,4,3,TRUE
0.0756932771989605,0.282439366398697,0.641867356402342,"nfkb_2","HIV","T_mem_CD8",12,4,3,TRUE
0,0.923842057382917,0.0761579426170827,"nfkb_3","HIV","T_mem_CD8",12,4,3,TRUE
0,1,0,"nfy","HIV","T_mem_CD8",12,4,3,TRUE
0,1,0,"nr_1","HIV","T_mem_CD8",12,4,3,TRUE
0,1,0,"nr_10","HIV","T_mem_CD8",12,4,3,TRUE
1.81188066484463e-19,0.996631819504875,0.00336818049512467,"nr_11","HIV","T_mem_CD8",12,4,3,TRUE
0,1,0,"nr_12","HIV","T_mem_CD8",12,4,3,TRUE
5.5778960644141e-17,1,0,"nr_13","HIV","T_mem_CD8",12,4,3,TRUE
0.406274008469734,0.593725991530266,8.12020392945658e-21,"nr_14","HIV","T_mem_CD8",12,4,3,TRUE
0,1,0,"nr_15","HIV","T_mem_CD8",12,4,3,TRUE
0,1,0,"nr_16","HIV","T_mem_CD8",12,4,3,TRUE
0,1,0,"nr_17","HIV","T_mem_CD8",12,4,3,TRUE
0.0733384179297612,0.926661582070239,0,"nr_18","HIV","T_mem_CD8",12,4,3,TRUE
0,1,0,"nr_19","HIV","T_mem_CD8",12,4,3,TRUE
0.400980084282426,0.597108327073479,0.00191158864409466,"nr_2","HIV","T_mem_CD8",12,4,3,TRUE
0,1,0,"nr_20","HIV","T_mem_CD8",12,4,3,TRUE
0,1,0,"nr_3","HIV","T_mem_CD8",12,4,3,TRUE
0,1,0,"nr_4","HIV","T_mem_CD8",12,4,3,TRUE
0.164472603373482,0.806038648239491,0.0294887483870269,"nr_5","HIV","T_mem_CD8",12,4,3,TRUE
3.98712971506109e-13,0.783722359147322,0.216277640852279,"nr_6","HIV","T_mem_CD8",12,4,3,TRUE
0,1,0,"nr_7","HIV","T_mem_CD8",12,4,3,TRUE
0,0.877113071894803,0.122886928105197,"nr_8","HIV","T_mem_CD8",12,4,3,TRUE
0,1,0,"nr_9","HIV","T_mem_CD8",12,4,3,TRUE
0,1,0,"nr2e3","HIV","T_mem_CD8",12,4,3,TRUE
0.0978847129858102,0.90211528701419,0,"nrf1","HIV","T_mem_CD8",12,4,3,TRUE
0.133683973927366,0.866316026072467,1.66459577359606e-13,"oct4sox2","HIV","T_mem_CD8",12,4,3,TRUE
0.10907794784816,0.640288950964478,0.250633101187362,"osr2","HIV","T_mem_CD8",12,4,3,TRUE
0.144308863225725,0.243449799702145,0.612241337072131,"ovol1","HIV","T_mem_CD8",12,4,3,TRUE
0,1,0,"p53_like_1","HIV","T_mem_CD8",12,4,3,TRUE
0.157311329078143,0.778083392624095,0.0646052782977621,"p53_like_2","HIV","T_mem_CD8",12,4,3,TRUE
0.0505641255634262,0.949435874436574,0,"p53_like_3","HIV","T_mem_CD8",12,4,3,TRUE
6.77848866306123e-13,0.856597449758661,0.143402550240661,"pax_halfsite","HIV","T_mem_CD8",12,4,3,TRUE
0.0920168031687734,0.907983196831227,0,"pax_1","HIV","T_mem_CD8",12,4,3,TRUE
0,1,0,"pax_2","HIV","T_mem_CD8",12,4,3,TRUE
0.0873156352582579,0.58173533809073,0.330949026651012,"plag1","HIV","T_mem_CD8",12,4,3,TRUE
0,0.402757972363836,0.597242027636164,"pou_1","HIV","T_mem_CD8",12,4,3,TRUE
0,1,0,"pou_2","HIV","T_mem_CD8",12,4,3,TRUE
0,0.886231531201685,0.113768468798315,"pou_3","HIV","T_mem_CD8",12,4,3,TRUE
0.465028247295917,0.534971752704083,0,"prdm1","HIV","T_mem_CD8",12,4,3,TRUE
0.472823514016159,0.527176485983829,1.16451410823034e-14,"prdm14","HIV","T_mem_CD8",12,4,3,TRUE
0,1,0,"prdm16","HIV","T_mem_CD8",12,4,3,TRUE
3.79644437168385e-15,0.74681145694023,0.253188543059766,"prdm4","HIV","T_mem_CD8",12,4,3,TRUE
0,1,0,"prdm5","HIV","T_mem_CD8",12,4,3,TRUE
0,1,0,"prdm9","HIV","T_mem_CD8",12,4,3,TRUE
9.95654010734257e-15,0.986532454382987,0.0134675456170026,"prox1","HIV","T_mem_CD8",12,4,3,TRUE
0,0.925576104585752,0.0744238954142481,"rbpj","HIV","T_mem_CD8",12,4,3,TRUE
0,1,0,"rel_halfsite","HIV","T_mem_CD8",12,4,3,TRUE
1.96092590246023e-16,0.958653988345311,0.0413460116546884,"rest_nrsf","HIV","T_mem_CD8",12,4,3,TRUE
0.0590821534430512,0.567994799169006,0.372923047387943,"rfx_1","HIV","T_mem_CD8",12,4,3,TRUE
0,0.87479720081606,0.12520279918394,"rfx_2","HIV","T_mem_CD8",12,4,3,TRUE
0,0.395315239487777,0.604684760512223,"rfx_3","HIV","T_mem_CD8",12,4,3,TRUE
0.433741213193483,0.467838183916111,0.0984206028904059,"runx_1","HIV","T_mem_CD8",12,4,3,TRUE
0.0672834596908579,0.823040051337894,0.109676488971248,"runx_2","HIV","T_mem_CD8",12,4,3,TRUE
0,1,0,"scrt1","HIV","T_mem_CD8",12,4,3,TRUE
0,1,0,"six_1","HIV","T_mem_CD8",12,4,3,TRUE
0.0190098894156319,0.372043879224774,0.608946231359594,"six_2","HIV","T_mem_CD8",12,4,3,TRUE
0,1,0,"smad","HIV","T_mem_CD8",12,4,3,TRUE
0,1,0,"smad_1","HIV","T_mem_CD8",12,4,3,TRUE
0.24586952583074,0.75413047416926,0,"smad_2","HIV","T_mem_CD8",12,4,3,TRUE
0.00932191865705822,0.511012528297045,0.479665553045896,"smarca1","HIV","T_mem_CD8",12,4,3,TRUE
0.130996884322892,0.303839870891599,0.565163244785509,"smarca5","HIV","T_mem_CD8",12,4,3,TRUE
0,0.737799255224251,0.262200744775749,"snai2","HIV","T_mem_CD8",12,4,3,TRUE
0,1,0,"sox_1","HIV","T_mem_CD8",12,4,3,TRUE
0,1,0,"sox_2","HIV","T_mem_CD8",12,4,3,TRUE
0.0737077508066209,0.539534498086319,0.38675775110706,"sox_3","HIV","T_mem_CD8",12,4,3,TRUE
0.0516249182439882,0.38274654364845,0.565628538107562,"sox_4","HIV","T_mem_CD8",12,4,3,TRUE
0.0521742723927522,0.686301214964411,0.261524512642836,"sox_5","HIV","T_mem_CD8",12,4,3,TRUE
0,0.648085577705222,0.351914422294778,"sox_6","HIV","T_mem_CD8",12,4,3,TRUE
0.0243954728082045,0.975604527191796,0,"sox_7","HIV","T_mem_CD8",12,4,3,TRUE
0.558580714991161,0.441419285008839,0,"sox_8","HIV","T_mem_CD8",12,4,3,TRUE
0,0.700678032849875,0.299321967150126,"spdef_1","HIV","T_mem_CD8",12,4,3,TRUE
8.84307987164061e-15,0.787783982788892,0.212216017211099,"spdef_2","HIV","T_mem_CD8",12,4,3,TRUE
6.05176523484307e-22,0.714001165543374,0.285998834456626,"spi","HIV","T_mem_CD8",12,4,3,TRUE
7.01129745309516e-08,0.526522306735714,0.473477623151312,"spz1","HIV","T_mem_CD8",12,4,3,TRUE
0,0.866244727500328,0.133755272499672,"srebf1","HIV","T_mem_CD8",12,4,3,TRUE
0,0.351595952651483,0.648404047348518,"srf","HIV","T_mem_CD8",12,4,3,TRUE
0.185715008833878,0.388579683700367,0.425705307465755,"stat_1","HIV","T_mem_CD8",12,4,3,TRUE
0.143160876477863,0.68499342628676,0.171845697235377,"stat_2","HIV","T_mem_CD8",12,4,3,TRUE
0,1,0,"tata","HIV","T_mem_CD8",12,4,3,TRUE
0.143598363404354,0.856401636595646,0,"tbx_1","HIV","T_mem_CD8",12,4,3,TRUE
0.106832721381267,0.235516405989244,0.657650872629488,"tbx_2","HIV","T_mem_CD8",12,4,3,TRUE
0.261312680615937,0.738687319384063,0,"tbx_3","HIV","T_mem_CD8",12,4,3,TRUE
0.21369598427269,0.638567409577233,0.147736606150077,"tbx_4","HIV","T_mem_CD8",12,4,3,TRUE
6.58588638900402e-12,0.635018740394526,0.364981259598888,"tcf_lef","HIV","T_mem_CD8",12,4,3,TRUE
0,1,0,"tead","HIV","T_mem_CD8",12,4,3,TRUE
0,1,0,"tfap2_1","HIV","T_mem_CD8",12,4,3,TRUE
0,1,0,"tfap2_2","HIV","T_mem_CD8",12,4,3,TRUE
0.245223655935125,0.409701246323483,0.345075097741392,"tfcp2","HIV","T_mem_CD8",12,4,3,TRUE
4.02822817018022e-22,0.342644133394189,0.657355866605811,"thap1","HIV","T_mem_CD8",12,4,3,TRUE
0,1,0,"yy1","HIV","T_mem_CD8",12,4,3,TRUE
0.460169831483997,0.539830168516003,0,"zbed1","HIV","T_mem_CD8",12,4,3,TRUE
0.316471561745198,0.683528438254802,7.11068637446218e-18,"zbtb14","HIV","T_mem_CD8",12,4,3,TRUE
0,1,0,"zbtb48","HIV","T_mem_CD8",12,4,3,TRUE
0.213979716643803,0.726543297965381,0.0594769853908166,"zbtb49","HIV","T_mem_CD8",12,4,3,TRUE
1.61754049208493e-09,0.620565080877001,0.379434917505459,"zbtb6","HIV","T_mem_CD8",12,4,3,TRUE
2.37490733124504e-13,0.735679001208015,0.264320998791747,"zbtb7a","HIV","T_mem_CD8",12,4,3,TRUE
0.0636906556214462,0.228188789672185,0.708120554706369,"zfn121","HIV","T_mem_CD8",12,4,3,TRUE
0,0.486000697077278,0.513999302922722,"zfx","HIV","T_mem_CD8",12,4,3,TRUE
0,1,0,"zic","HIV","T_mem_CD8",12,4,3,TRUE
9.62535422480243e-15,0.836334323440573,0.163665676559418,"zic_2","HIV","T_mem_CD8",12,4,3,TRUE
0.110110104050802,0.88988989594897,2.2810599306003e-13,"zim3","HIV","T_mem_CD8",12,4,3,TRUE
0,1,0,"zkscan1","HIV","T_mem_CD8",12,4,3,TRUE
0,1,0,"znf134","HIV","T_mem_CD8",12,4,3,TRUE
0,1,0,"znf136","HIV","T_mem_CD8",12,4,3,TRUE
0,0.31315628916819,0.68684371083181,"znf140","HIV","T_mem_CD8",12,4,3,TRUE
0.294354747044631,0.705645252955369,0,"znf143","HIV","T_mem_CD8",12,4,3,TRUE
0.0167046296131741,0.98329537038677,5.6490541363731e-14,"znf143_1","HIV","T_mem_CD8",12,4,3,TRUE
0,1,0,"znf146","HIV","T_mem_CD8",12,4,3,TRUE
0,0.721109666137613,0.278890333862387,"znf232","HIV","T_mem_CD8",12,4,3,TRUE
0.311804916096999,0.688195083903001,3.85600499772674e-16,"znf24","HIV","T_mem_CD8",12,4,3,TRUE
0,0.249199691717621,0.750800308282379,"znf250","HIV","T_mem_CD8",12,4,3,TRUE
3.80842184691803e-14,0.302268098776671,0.697731901223291,"znf257","HIV","T_mem_CD8",12,4,3,TRUE
0,1,0,"znf274","HIV","T_mem_CD8",12,4,3,TRUE
1.12184595582567e-12,0.970473527157155,0.0295264728417235,"znf28","HIV","T_mem_CD8",12,4,3,TRUE
0.167206855512367,0.722622416518506,0.110170727969127,"znf282","HIV","T_mem_CD8",12,4,3,TRUE
0.28768636234927,0.712313637650583,1.46990391467384e-13,"znf306","HIV","T_mem_CD8",12,4,3,TRUE
0.220138594821542,0.398612199635897,0.381249205542561,"znf317","HIV","T_mem_CD8",12,4,3,TRUE
0,0.930160690053865,0.0698393099461346,"znf320","HIV","T_mem_CD8",12,4,3,TRUE
0,1,0,"znf324","HIV","T_mem_CD8",12,4,3,TRUE
5.0062780998372e-17,0.903216976553963,0.0967830234460369,"znf329","HIV","T_mem_CD8",12,4,3,TRUE
0,1,0,"znf331","HIV","T_mem_CD8",12,4,3,TRUE
0,1,0,"znf332","HIV","T_mem_CD8",12,4,3,TRUE
0,1,0,"znf335","HIV","T_mem_CD8",12,4,3,TRUE
0.52248648997419,0.477513510025808,1.65101470295801e-15,"znf354","HIV","T_mem_CD8",12,4,3,TRUE
0.274826079939828,0.725173920060172,3.83998596621266e-20,"znf382","HIV","T_mem_CD8",12,4,3,TRUE
0.00817773243943969,0.99182226756056,0,"znf384_1","HIV","T_mem_CD8",12,4,3,TRUE
5.58721913735428e-21,0.672128464843199,0.327871535156801,"znf384_2","HIV","T_mem_CD8",12,4,3,TRUE
0,1,0,"znf41","HIV","T_mem_CD8",12,4,3,TRUE
0,0.898905939678471,0.101094060321529,"znf410","HIV","T_mem_CD8",12,4,3,TRUE
0,1,0,"znf418","HIV","T_mem_CD8",12,4,3,TRUE
0,1,0,"znf423","HIV","T_mem_CD8",12,4,3,TRUE
0,0.922943927827132,0.077056072172868,"znf431","HIV","T_mem_CD8",12,4,3,TRUE
0.0120703557651168,0.987929644234883,0,"znf435","HIV","T_mem_CD8",12,4,3,TRUE
0,1,0,"znf436","HIV","T_mem_CD8",12,4,3,TRUE
1.14482567552501e-14,0.862984177013007,0.137015822986981,"znf449","HIV","T_mem_CD8",12,4,3,TRUE
7.92488724583398e-16,0.943674083517951,0.0563259164820486,"znf490","HIV","T_mem_CD8",12,4,3,TRUE
0,0.182541005029573,0.817458994970427,"znf524","HIV","T_mem_CD8",12,4,3,TRUE
0,1,0,"znf528","HIV","T_mem_CD8",12,4,3,TRUE
0,1,0,"znf53","HIV","T_mem_CD8",12,4,3,TRUE
0.000273340946736599,0.651270455965118,0.348456203088145,"znf547","HIV","T_mem_CD8",12,4,3,TRUE
0,1,0,"znf549","HIV","T_mem_CD8",12,4,3,TRUE
0,1,0,"znf554","HIV","T_mem_CD8",12,4,3,TRUE
0.342095523024676,0.327701518701704,0.33020295827362,"znf563","HIV","T_mem_CD8",12,4,3,TRUE
0,0.726894279307206,0.273105720692794,"znf57","HIV","T_mem_CD8",12,4,3,TRUE
0,1,0,"znf586","HIV","T_mem_CD8",12,4,3,TRUE
0,1,0,"znf652","HIV","T_mem_CD8",12,4,3,TRUE
0,0.947574129235188,0.0524258707648116,"znf667","HIV","T_mem_CD8",12,4,3,TRUE
0,0.392104490294985,0.607895509705016,"znf680","HIV","T_mem_CD8",12,4,3,TRUE
0,1,0,"znf708","HIV","T_mem_CD8",12,4,3,TRUE
0,0.609753918192027,0.390246081807974,"znf713","HIV","T_mem_CD8",12,4,3,TRUE
0.0156630904566203,0.98433690954319,1.89620634839963e-13,"znf768","HIV","T_mem_CD8",12,4,3,TRUE
0.227984426755801,0.401079853240125,0.370935720004074,"znf784","HIV","T_mem_CD8",12,4,3,TRUE
0,1,0,"znf85","HIV","T_mem_CD8",12,4,3,TRUE
0,1,0,"znf85_1","HIV","T_mem_CD8",12,4,3,TRUE
0,1,0,"zscan3","HIV","T_mem_CD8",12,4,3,TRUE
0.0782418064189383,0.921758193581062,0,"zscan4","HIV","T_mem_CD8",12,4,3,TRUE
0,1,0,"ahr","HIV","T_mix",12,4,3,TRUE
7.05225516930145e-14,0.978782321263697,0.0212176787362326,"aire","HIV","T_mix",12,4,3,TRUE
0,0.682729616521025,0.317270383478975,"ap1_1","HIV","T_mix",12,4,3,TRUE
0,0.750013039142943,0.249986960857057,"ap1_2","HIV","T_mix",12,4,3,TRUE
0,0.988940113597825,0.0110598864021753,"ari5a","HIV","T_mix",12,4,3,TRUE
0.0178940576958018,0.982105942304198,0,"ari5b","HIV","T_mix",12,4,3,TRUE
0,1,0,"batf","HIV","T_mix",12,4,3,TRUE
0.110849774685547,0.219441331462211,0.669708893852242,"bcl6_1","HIV","T_mix",12,4,3,TRUE
0,1,0,"bcl6_2","HIV","T_mix",12,4,3,TRUE
0.0857182753383917,0.334519329125437,0.579762395536172,"ccaat_cebp","HIV","T_mix",12,4,3,TRUE
0,1,0,"cenbp","HIV","T_mix",12,4,3,TRUE
0,0.836655520036237,0.163344479963763,"cpeb1","HIV","T_mix",12,4,3,TRUE
0,1,0,"creb_atf_1","HIV","T_mix",12,4,3,TRUE
0,1,0,"creb_atf_2","HIV","T_mix",12,4,3,TRUE
0.0678089942652841,0.932191005682472,5.22436274388272e-11,"creb_atf_3","HIV","T_mix",12,4,3,TRUE
0,1,0,"creb3_xbp1","HIV","T_mix",12,4,3,TRUE
3.00285529716271e-15,0.968802139052016,0.0311978609479814,"ctcf","HIV","T_mix",12,4,3,TRUE
0,1,3.0804768667575e-16,"cux_1","HIV","T_mix",12,4,3,TRUE
0,1,0,"cux_2","HIV","T_mix",12,4,3,TRUE
0.0172366426392267,0.92628886281315,0.0564744945476235,"cux_3","HIV","T_mix",12,4,3,TRUE
0,1,0,"cux_4","HIV","T_mix",12,4,3,TRUE
0.192819363803945,0.807180636163177,3.28783552661334e-11,"ddit3cebpa","HIV","T_mix",12,4,3,TRUE
0,1,0,"dmrt1","HIV","T_mix",12,4,3,TRUE
0.103684364462604,0.896315635537396,1.63170962059356e-19,"dmrt3","HIV","T_mix",12,4,3,TRUE
4.36220987128946e-22,0.929362623494351,0.0706373765056487,"e2f_1","HIV","T_mix",12,4,3,TRUE
0,1,0,"e2f_2","HIV","T_mix",12,4,3,TRUE
3.56143005882873e-23,0.970939964827501,0.029060035172499,"e2f_3","HIV","T_mix",12,4,3,TRUE
0,1,0,"e2f_4","HIV","T_mix",12,4,3,TRUE
0,0.965584908294105,0.0344150917058954,"ebf1","HIV","T_mix",12,4,3,TRUE
0,1,0,"ebox_cacctg","HIV","T_mix",12,4,3,TRUE
0,1,0,"ebox_cacgtg_1","HIV","T_mix",12,4,3,TRUE
0,1,0,"ebox_cacgtg_2","HIV","T_mix",12,4,3,TRUE
0,0.862972851099794,0.137027148900206,"ebox_cagatgg","HIV","T_mix",12,4,3,TRUE
0,1,0,"ebox_cagctg","HIV","T_mix",12,4,3,TRUE
0,1,0,"ebox_catatg","HIV","T_mix",12,4,3,TRUE
0,1,0,"egr","HIV","T_mix",12,4,3,TRUE
0,1,0,"ets_1","HIV","T_mix",12,4,3,TRUE
0.103012879613327,0.734507360406955,0.162479759979718,"ets_2","HIV","T_mix",12,4,3,TRUE
0.071118595275885,0.580477265716396,0.34840413900772,"evi1_mecom","HIV","T_mix",12,4,3,TRUE
1.56693437392332e-16,1,0,"ewsr1_fli1","HIV","T_mix",12,4,3,TRUE
0,1,0,"fezf1","HIV","T_mix",12,4,3,TRUE
0,1,0,"fox_1","HIV","T_mix",12,4,3,TRUE
0,0.904376279469486,0.0956237205305139,"fox_2","HIV","T_mix",12,4,3,TRUE
0,1,0,"fox_3","HIV","T_mix",12,4,3,TRUE
0,1,0,"fox_4","HIV","T_mix",12,4,3,TRUE
0,0.385557368329068,0.614442631670932,"fox_5","HIV","T_mix",12,4,3,TRUE
0,0.325209373477937,0.674790626522064,"fox_6","HIV","T_mix",12,4,3,TRUE
6.00315056164936e-14,0.602118014251691,0.397881985748249,"fox_7","HIV","T_mix",12,4,3,TRUE
0.374837222451332,0.625162777548665,3.05219984813115e-15,"fox_8","HIV","T_mix",12,4,3,TRUE
0,1,0,"fox_9","HIV","T_mix",12,4,3,TRUE
0.09617164011763,0.903828359882329,4.07745914048155e-14,"gata","HIV","T_mix",12,4,3,TRUE
0,1,0,"gc_tract","HIV","T_mix",12,4,3,TRUE
0,1,0,"gcm","HIV","T_mix",12,4,3,TRUE
0.355744373352219,0.397265947740886,0.246989678906896,"gfi","HIV","T_mix",12,4,3,TRUE
0,0.879039873073576,0.120960126926424,"gli","HIV","T_mix",12,4,3,TRUE
0,1,0,"glis","HIV","T_mix",12,4,3,TRUE
0,1,0,"gmeb2_1","HIV","T_mix",12,4,3,TRUE
0.052844227440014,0.947155772559986,0,"gmeb2_2","HIV","T_mix",12,4,3,TRUE
0,1,0,"gmeb2_3","HIV","T_mix",12,4,3,TRUE
0,1,0,"grhl","HIV","T_mix",12,4,3,TRUE
0,0.797271800812144,0.202728199187856,"hand1","HIV","T_mix",12,4,3,TRUE
0,1,0,"hd_1","HIV","T_mix",12,4,3,TRUE
0.134015762482013,0.552173442205782,0.313810795312204,"hd_10","HIV","T_mix",12,4,3,TRUE
0,1,0,"hd_11","HIV","T_mix",12,4,3,TRUE
0,1,0,"hd_12","HIV","T_mix",12,4,3,TRUE
0.145912244509654,0.854087755490238,1.08049699575371e-13,"hd_13","HIV","T_mix",12,4,3,TRUE
0.0708253904338931,0.929174609566107,0,"hd_14","HIV","T_mix",12,4,3,TRUE
0,1,0,"hd_15","HIV","T_mix",12,4,3,TRUE
0.390947714534923,0.450259755234836,0.158792530230241,"hd_16","HIV","T_mix",12,4,3,TRUE
0,1,0,"hd_17","HIV","T_mix",12,4,3,TRUE
0,0.721545063496218,0.278454936503782,"hd_18","HIV","T_mix",12,4,3,TRUE
0,1,0,"hd_19","HIV","T_mix",12,4,3,TRUE
0.0152450082102014,0.984754991789799,0,"hd_2","HIV","T_mix",12,4,3,TRUE
0.0375842515237773,0.962415748476223,0,"hd_20","HIV","T_mix",12,4,3,TRUE
3.95275892190393e-13,0.965717073418855,0.0342829265807499,"hd_21","HIV","T_mix",12,4,3,TRUE
0,1,0,"hd_22","HIV","T_mix",12,4,3,TRUE
0.513765212984315,0.351403413250292,0.134831373765393,"hd_23","HIV","T_mix",12,4,3,TRUE
4.28010257226109e-10,0.556861726590246,0.443138272981744,"hd_24","HIV","T_mix",12,4,3,TRUE
0,1,0,"hd_25","HIV","T_mix",12,4,3,TRUE
0,0.721061581704768,0.278938418295233,"hd_3","HIV","T_mix",12,4,3,TRUE
0,1,0,"hd_4","HIV","T_mix",12,4,3,TRUE
0.189104024877504,0.405557783540424,0.405338191582072,"hd_5","HIV","T_mix",12,4,3,TRUE
0,0.443772476625051,0.556227523374949,"hd_6","HIV","T_mix",12,4,3,TRUE
0.0623625264569451,0.937637473233681,3.09373734187879e-10,"hd_7","HIV","T_mix",12,4,3,TRUE
0,1,0,"hd_8","HIV","T_mix",12,4,3,TRUE
0,1,0,"hd_9","HIV","T_mix",12,4,3,TRUE
0.20048001957128,0.79951998042872,0,"hen1","HIV","T_mix",12,4,3,TRUE
0,1,0,"hic_1","HIV","T_mix",12,4,3,TRUE
0,0.937593293722967,0.0624067062770336,"hic_2","HIV","T_mix",12,4,3,TRUE
0,1,0,"hif","HIV","T_mix",12,4,3,TRUE
0,1,0,"hinfp1_1","HIV","T_mix",12,4,3,TRUE
0.163445453655741,0.836554546344259,0,"hinfp1_2","HIV","T_mix",12,4,3,TRUE
0,1,0,"hinfp1_3","HIV","T_mix",12,4,3,TRUE
0,0.579787103230023,0.420212896769977,"hltf","HIV","T_mix",12,4,3,TRUE
6.66100449726125e-21,0.804182791771732,0.195817208228268,"homez","HIV","T_mix",12,4,3,TRUE
0,1,0,"hsf","HIV","T_mix",12,4,3,TRUE
0,1,0,"hsfy2","HIV","T_mix",12,4,3,TRUE
0,1,0,"insm1","HIV","T_mix",12,4,3,TRUE
0,1,0,"irf_1","HIV","T_mix",12,4,3,TRUE
1.29135346846287e-15,0.527326123133373,0.472673876866626,"irf_2","HIV","T_mix",12,4,3,TRUE
0.125137503309004,0.84527363742683,0.0295888592641663,"irf_3","HIV","T_mix",12,4,3,TRUE
0,1,0,"irf_4","HIV","T_mix",12,4,3,TRUE
0.034046795517132,0.965953204482846,2.18305402124977e-14,"kaiso","HIV","T_mix",12,4,3,TRUE
0,1,0,"klf_sp_1","HIV","T_mix",12,4,3,TRUE
0,1,0,"klf_sp_2","HIV","T_mix",12,4,3,TRUE
0,0.945634679881705,0.0543653201182952,"klf_sp_3","HIV","T_mix",12,4,3,TRUE
0.200889687592916,0.799110312407084,0,"lef1","HIV","T_mix",12,4,3,TRUE
0,0.846765428599536,0.153234571400464,"lin54","HIV","T_mix",12,4,3,TRUE
0,1,0,"maf","HIV","T_mix",12,4,3,TRUE
0.115669175500069,0.631611658584795,0.252719165915137,"mbd2","HIV","T_mix",12,4,3,TRUE
0.358385995545112,0.641614004454888,0,"mecp2","HIV","T_mix",12,4,3,TRUE
0.136920420201105,0.86307957979845,4.4483315361444e-13,"mef2","HIV","T_mix",12,4,3,TRUE
0,1,0,"mfz1","HIV","T_mix",12,4,3,TRUE
0,0.91213284099552,0.0878671590044797,"mies","HIV","T_mix",12,4,3,TRUE
0.108762765379089,0.617421437959485,0.273815796661426,"mtf1","HIV","T_mix",12,4,3,TRUE
0.0712681174074471,0.433054821777807,0.495677060814746,"myb_1","HIV","T_mix",12,4,3,TRUE
0.0653727138011096,0.197299297926605,0.737327988272285,"myb_2","HIV","T_mix",12,4,3,TRUE
7.94409193972905e-15,0.719236261710529,0.280763738289464,"myb_3","HIV","T_mix",12,4,3,TRUE
0,1,0,"myb_4","HIV","T_mix",12,4,3,TRUE
0,0.783655121041263,0.216344878958737,"myb_5","HIV","T_mix",12,4,3,TRUE
0,0.986137746119781,0.0138622538802194,"mzf1","HIV","T_mix",12,4,3,TRUE
0,0.9094891436098,0.0905108563902004,"nfac_2","HIV","T_mix",12,4,3,TRUE
0,0.794142097775359,0.205857902224641,"nfat_1","HIV","T_mix",12,4,3,TRUE
0,0.777829488859179,0.222170511140821,"nfat_2","HIV","T_mix",12,4,3,TRUE
0,1,0,"nfat_3","HIV","T_mix",12,4,3,TRUE
0,1,0,"nfat_4","HIV","T_mix",12,4,3,TRUE
0,1,2.94517663862129e-16,"nfi_1","HIV","T_mix",12,4,3,TRUE
0,0.750019046015547,0.249980953984453,"nfi_2","HIV","T_mix",12,4,3,TRUE
0,0.878420173492524,0.121579826507476,"nfi_3","HIV","T_mix",12,4,3,TRUE
7.57876347245946e-20,0.895311518360852,0.104688481639148,"nfkb_1","HIV","T_mix",12,4,3,TRUE
0,1,0,"nfkb_2","HIV","T_mix",12,4,3,TRUE
1.98356386533156e-22,0.964770254808481,0.0352297451915188,"nfkb_3","HIV","T_mix",12,4,3,TRUE
0,1,0,"nfy","HIV","T_mix",12,4,3,TRUE
6.21604297036669e-15,0.831374693312415,0.168625306687579,"nr_1","HIV","T_mix",12,4,3,TRUE
0,1,0,"nr_10","HIV","T_mix",12,4,3,TRUE
0,1,0,"nr_11","HIV","T_mix",12,4,3,TRUE
1.940546066803e-22,0.853978413709706,0.146021586290294,"nr_12","HIV","T_mix",12,4,3,TRUE
0.0748723135704571,0.925127686429543,0,"nr_13","HIV","T_mix",12,4,3,TRUE
0,1,0,"nr_14","HIV","T_mix",12,4,3,TRUE
3.69485981279354e-10,0.921113266796344,0.0788867328341697,"nr_15","HIV","T_mix",12,4,3,TRUE
0,0.846083727903592,0.153916272096408,"nr_16","HIV","T_mix",12,4,3,TRUE
2.67408647482786e-12,0.66204490565854,0.337955094338786,"nr_17","HIV","T_mix",12,4,3,TRUE
0,1,0,"nr_18","HIV","T_mix",12,4,3,TRUE
4.1528246928353e-10,0.459665562819649,0.540334436765069,"nr_19","HIV","T_mix",12,4,3,TRUE
0,0.843883611220221,0.156116388779779,"nr_2","HIV","T_mix",12,4,3,TRUE
0,1,0,"nr_20","HIV","T_mix",12,4,3,TRUE
0,0.705712532211489,0.294287467788511,"nr_3","HIV","T_mix",12,4,3,TRUE
0.173935720014409,0.366099508859439,0.459964771126152,"nr_4","HIV","T_mix",12,4,3,TRUE
0,1,0,"nr_5","HIV","T_mix",12,4,3,TRUE
5.05149120453369e-13,0.929734030551305,0.07026596944819,"nr_6","HIV","T_mix",12,4,3,TRUE
0,1,0,"nr_7","HIV","T_mix",12,4,3,TRUE
0.102200133542215,0.526148837906667,0.371651028551118,"nr_8","HIV","T_mix",12,4,3,TRUE
3.3221094554672e-10,0.407786299953268,0.592213699714521,"nr_9","HIV","T_mix",12,4,3,TRUE
1.15097726296944e-10,0.528132560708756,0.471867439176147,"nr2e3","HIV","T_mix",12,4,3,TRUE
0,1,0,"nrf1","HIV","T_mix",12,4,3,TRUE
0,1,0,"oct4sox2","HIV","T_mix",12,4,3,TRUE
0.0995002878448844,0.900499712155115,4.26741810996007e-19,"osr2","HIV","T_mix",12,4,3,TRUE
0,1,0,"ovol1","HIV","T_mix",12,4,3,TRUE
0,0.799266883125383,0.200733116874617,"p53_like_1","HIV","T_mix",12,4,3,TRUE
0,1,0,"p53_like_2","HIV","T_mix",12,4,3,TRUE
0.210427595145778,0.789572404854181,4.060987924968e-14,"p53_like_3","HIV","T_mix",12,4,3,TRUE
0,1,0,"pax_halfsite","HIV","T_mix",12,4,3,TRUE
0.209458356413122,0.790541643586746,1.32284774261149e-13,"pax_1","HIV","T_mix",12,4,3,TRUE
0.0500922880821393,0.886296094944575,0.0636116169732859,"pax_2","HIV","T_mix",12,4,3,TRUE
0.55461561638504,0.44538438361496,0,"plag1","HIV","T_mix",12,4,3,TRUE
0,1,0,"pou_1","HIV","T_mix",12,4,3,TRUE
0.267570575317069,0.460447881968008,0.271981542714923,"pou_2","HIV","T_mix",12,4,3,TRUE
0,1,0,"pou_3","HIV","T_mix",12,4,3,TRUE
0,0.73845294327191,0.26154705672809,"prdm1","HIV","T_mix",12,4,3,TRUE
0,1,0,"prdm14","HIV","T_mix",12,4,3,TRUE
5.24493361653286e-15,0.564658837899973,0.435341162100022,"prdm16","HIV","T_mix",12,4,3,TRUE
0,1,0,"prdm4","HIV","T_mix",12,4,3,TRUE
0,1,0,"prdm5","HIV","T_mix",12,4,3,TRUE
0,0.865976706777452,0.134023293222548,"prdm9","HIV","T_mix",12,4,3,TRUE
0,1,0,"prox1","HIV","T_mix",12,4,3,TRUE
0,1,0,"rbpj","HIV","T_mix",12,4,3,TRUE
0,1,0,"rel_halfsite","HIV","T_mix",12,4,3,TRUE
0,1,0,"rest_nrsf","HIV","T_mix",12,4,3,TRUE
0,1,0,"rfx_1","HIV","T_mix",12,4,3,TRUE
0,1,0,"rfx_2","HIV","T_mix",12,4,3,TRUE
1.03456965322754e-17,0.701905193120875,0.298094806879125,"rfx_3","HIV","T_mix",12,4,3,TRUE
0,0.753366622103305,0.246633377896695,"runx_1","HIV","T_mix",12,4,3,TRUE
0,1,0,"runx_2","HIV","T_mix",12,4,3,TRUE
4.12622147466942e-20,0.733965540323243,0.266034459676757,"scrt1","HIV","T_mix",12,4,3,TRUE
1.50777859903754e-13,0.926335291153766,0.0736647088460833,"six_1","HIV","T_mix",12,4,3,TRUE
0,1,0,"six_2","HIV","T_mix",12,4,3,TRUE
6.618308180917e-16,0.714637299345476,0.285362700654523,"smad","HIV","T_mix",12,4,3,TRUE
0,1,0,"smad_1","HIV","T_mix",12,4,3,TRUE
0.17792475913444,0.82207524086556,0,"smad_2","HIV","T_mix",12,4,3,TRUE
0.00663353553001653,0.993366464469983,0,"smarca1","HIV","T_mix",12,4,3,TRUE
0,1,0,"smarca5","HIV","T_mix",12,4,3,TRUE
0.276676584802257,0.723323415197743,3.23382607391842e-18,"snai2","HIV","T_mix",12,4,3,TRUE
0,1,3.25008072826743e-17,"sox_1","HIV","T_mix",12,4,3,TRUE
0,1,0,"sox_2","HIV","T_mix",12,4,3,TRUE
1.60034512778426e-12,0.613885157478854,0.386114842519546,"sox_3","HIV","T_mix",12,4,3,TRUE
0,1,0,"sox_4","HIV","T_mix",12,4,3,TRUE
0.143352930878954,0.736691238111595,0.11995583100945,"sox_5","HIV","T_mix",12,4,3,TRUE
0,1,0,"sox_6","HIV","T_mix",12,4,3,TRUE
0.267233307658134,0.394132402501297,0.338634289840569,"sox_7","HIV","T_mix",12,4,3,TRUE
0,1,0,"sox_8","HIV","T_mix",12,4,3,TRUE
0.473153019164686,0.156524978452114,0.3703220023832,"spdef_1","HIV","T_mix",12,4,3,TRUE
0,1,0,"spdef_2","HIV","T_mix",12,4,3,TRUE
0.0724462046322878,0.648099475130631,0.279454320237081,"spi","HIV","T_mix",12,4,3,TRUE
0,1,0,"spz1","HIV","T_mix",12,4,3,TRUE
0.0883763768366239,0.911623623163376,5.59698206947714e-21,"srebf1","HIV","T_mix",12,4,3,TRUE
0.280715793086865,0.719284206913135,5.81011507911872e-16,"srf","HIV","T_mix",12,4,3,TRUE
0.316975014214018,0.223268164173269,0.459756821612713,"stat_1","HIV","T_mix",12,4,3,TRUE
0,0.845098503834553,0.154901496165447,"stat_2","HIV","T_mix",12,4,3,TRUE
0,1,0,"tata","HIV","T_mix",12,4,3,TRUE
0,0.997646999432459,0.00235300056754131,"tbx_1","HIV","T_mix",12,4,3,TRUE
0,1,0,"tbx_2","HIV","T_mix",12,4,3,TRUE
0.237433553569154,0.762566446430843,3.27286807970199e-15,"tbx_3","HIV","T_mix",12,4,3,TRUE
0.1449619989223,0.8550380010777,0,"tbx_4","HIV","T_mix",12,4,3,TRUE
0.111018912983769,0.888981087016231,0,"tcf_lef","HIV","T_mix",12,4,3,TRUE
0,1,0,"tead","HIV","T_mix",12,4,3,TRUE
0,1,0,"tfap2_1","HIV","T_mix",12,4,3,TRUE
0,1,0,"tfap2_2","HIV","T_mix",12,4,3,TRUE
1.22372985794721e-22,0.972366615548683,0.0276333844513172,"tfcp2","HIV","T_mix",12,4,3,TRUE
0.140963175786195,0.468758140054857,0.390278684158948,"thap1","HIV","T_mix",12,4,3,TRUE
6.65413109597805e-22,0.86849641374133,0.13150358625867,"yy1","HIV","T_mix",12,4,3,TRUE
0,1,0,"zbed1","HIV","T_mix",12,4,3,TRUE
0.0321795881312884,0.96782041184329,2.54213611604387e-11,"zbtb14","HIV","T_mix",12,4,3,TRUE
0,1,0,"zbtb48","HIV","T_mix",12,4,3,TRUE
0,1,0,"zbtb49","HIV","T_mix",12,4,3,TRUE
0,0.951014307414095,0.0489856925859051,"zbtb6","HIV","T_mix",12,4,3,TRUE
0,1,0,"zbtb7a","HIV","T_mix",12,4,3,TRUE
0,1,0,"zfn121","HIV","T_mix",12,4,3,TRUE
0,0.898912544908615,0.101087455091385,"zfx","HIV","T_mix",12,4,3,TRUE
0,1,0,"zic","HIV","T_mix",12,4,3,TRUE
0,0.958888401809423,0.0411115981905771,"zic_2","HIV","T_mix",12,4,3,TRUE
4.33892054089536e-16,1,0,"zim3","HIV","T_mix",12,4,3,TRUE
0,1,0,"zkscan1","HIV","T_mix",12,4,3,TRUE
0,1,0,"znf134","HIV","T_mix",12,4,3,TRUE
0.0538738478974927,0.946126152102507,0,"znf136","HIV","T_mix",12,4,3,TRUE
3.37063089473981e-13,0.980239898169645,0.0197601018300182,"znf140","HIV","T_mix",12,4,3,TRUE
0,1,0,"znf143","HIV","T_mix",12,4,3,TRUE
0,1,0,"znf143_1","HIV","T_mix",12,4,3,TRUE
0,1,0,"znf146","HIV","T_mix",12,4,3,TRUE
0.188660424465678,0.811339575533943,3.79000368072105e-13,"znf232","HIV","T_mix",12,4,3,TRUE
0,1,0,"znf24","HIV","T_mix",12,4,3,TRUE
0.0389868335320935,0.961013166467907,0,"znf250","HIV","T_mix",12,4,3,TRUE
0,1,0,"znf257","HIV","T_mix",12,4,3,TRUE
0,1,0,"znf274","HIV","T_mix",12,4,3,TRUE
0,0.941814124959231,0.0581858750407692,"znf28","HIV","T_mix",12,4,3,TRUE
0,1,0,"znf282","HIV","T_mix",12,4,3,TRUE
0,1,0,"znf306","HIV","T_mix",12,4,3,TRUE
1.71825529025206e-13,0.673834318600313,0.326165681399515,"znf317","HIV","T_mix",12,4,3,TRUE
0,1,0,"znf320","HIV","T_mix",12,4,3,TRUE
0,0.875412698521184,0.124587301478816,"znf324","HIV","T_mix",12,4,3,TRUE
0,1,0,"znf329","HIV","T_mix",12,4,3,TRUE
0,0.811681265520751,0.188318734479249,"znf331","HIV","T_mix",12,4,3,TRUE
0,1,0,"znf332","HIV","T_mix",12,4,3,TRUE
0,1,0,"znf335","HIV","T_mix",12,4,3,TRUE
0.164142891259812,0.835857108740188,0,"znf354","HIV","T_mix",12,4,3,TRUE
0.131602287429656,0.868397712564794,5.54920905467084e-12,"znf382","HIV","T_mix",12,4,3,TRUE
0,1,0,"znf384_1","HIV","T_mix",12,4,3,TRUE
0,1,0,"znf384_2","HIV","T_mix",12,4,3,TRUE
0,0.718157112756844,0.281842887243156,"znf41","HIV","T_mix",12,4,3,TRUE
0,1,0,"znf410","HIV","T_mix",12,4,3,TRUE
0,1,0,"znf418","HIV","T_mix",12,4,3,TRUE
0,1,0,"znf423","HIV","T_mix",12,4,3,TRUE
0,1,0,"znf431","HIV","T_mix",12,4,3,TRUE
0,0.309231484663307,0.690768515336693,"znf435","HIV","T_mix",12,4,3,TRUE
0,1,0,"znf436","HIV","T_mix",12,4,3,TRUE
3.50520743927351e-21,0.922132596060733,0.077867403939267,"znf449","HIV","T_mix",12,4,3,TRUE
1.98061509632928e-11,0.875272433808824,0.12472756617137,"znf490","HIV","T_mix",12,4,3,TRUE
0.179200106239497,0.817864080462687,0.00293581329781637,"znf524","HIV","T_mix",12,4,3,TRUE
0.1957398753763,0.342393450138631,0.461866674485069,"znf528","HIV","T_mix",12,4,3,TRUE
0.122695029303662,0.877304970696187,1.51863678979408e-13,"znf53","HIV","T_mix",12,4,3,TRUE
0,1,0,"znf547","HIV","T_mix",12,4,3,TRUE
8.40193507445176e-22,0.572680194705713,0.427319805294287,"znf549","HIV","T_mix",12,4,3,TRUE
3.67991811942062e-11,0.768415688349346,0.231584311613854,"znf554","HIV","T_mix",12,4,3,TRUE
1.92241338471487e-15,0.893706880097277,0.106293119902721,"znf563","HIV","T_mix",12,4,3,TRUE
0,1,0,"znf57","HIV","T_mix",12,4,3,TRUE
0,1,0,"znf586","HIV","T_mix",12,4,3,TRUE
0.175646144979945,0.61433650328964,0.210017351730415,"znf652","HIV","T_mix",12,4,3,TRUE
7.31361219644546e-14,0.682820318399983,0.317179681599944,"znf667","HIV","T_mix",12,4,3,TRUE
0.028375160218366,0.854098025835946,0.117526813945688,"znf680","HIV","T_mix",12,4,3,TRUE
0.197518464412216,0.802481535587784,0,"znf708","HIV","T_mix",12,4,3,TRUE
0,1,0,"znf713","HIV","T_mix",12,4,3,TRUE
0,1,0,"znf768","HIV","T_mix",12,4,3,TRUE
0,1,0,"znf784","HIV","T_mix",12,4,3,TRUE
0,1,0,"znf85","HIV","T_mix",12,4,3,TRUE
0,0.527889342030905,0.472110657969095,"znf85_1","HIV","T_mix",12,4,3,TRUE
0,0.944068271761642,0.0559317282383579,"zscan3","HIV","T_mix",12,4,3,TRUE
0,0.754587157236271,0.245412842763729,"zscan4","HIV","T_mix",12,4,3,TRUE
0,1,0,"ahr","HIV","T_naive",12,4,3,TRUE
0,1,0,"aire","HIV","T_naive",12,4,3,TRUE
0,0.793983369818682,0.206016630181318,"ap1_1","HIV","T_naive",12,4,3,TRUE
0,0.814228706414068,0.185771293585932,"ap1_2","HIV","T_naive",12,4,3,TRUE
0.00542020899566512,0.994579791004333,1.71549051737847e-15,"ari5a","HIV","T_naive",12,4,3,TRUE
0.0729652442129892,0.916192331329938,0.0108424244570726,"ari5b","HIV","T_naive",12,4,3,TRUE
0,1,0,"batf","HIV","T_naive",12,4,3,TRUE
2.49871283197651e-20,0.672561810139846,0.327438189860154,"bcl6_1","HIV","T_naive",12,4,3,TRUE
2.38253206869203e-13,0.84230279114836,0.157697208851401,"bcl6_2","HIV","T_naive",12,4,3,TRUE
0,0.623225119956751,0.376774880043249,"ccaat_cebp","HIV","T_naive",12,4,3,TRUE
6.37479174752722e-19,0.852877113446358,0.147122886553642,"cenbp","HIV","T_naive",12,4,3,TRUE
0,1,0,"cpeb1","HIV","T_naive",12,4,3,TRUE
0,0.825667831175288,0.174332168824713,"creb_atf_1","HIV","T_naive",12,4,3,TRUE
0,0.660569500581314,0.339430499418686,"creb_atf_2","HIV","T_naive",12,4,3,TRUE
0,0.940171489360081,0.0598285106399193,"creb_atf_3","HIV","T_naive",12,4,3,TRUE
0,1,0,"creb3_xbp1","HIV","T_naive",12,4,3,TRUE
0.110281045196721,0.889718954803279,0,"ctcf","HIV","T_naive",12,4,3,TRUE
0,0.855570480632012,0.144429519367988,"cux_1","HIV","T_naive",12,4,3,TRUE
0.07565647146169,0.773511938988533,0.150831589549777,"cux_2","HIV","T_naive",12,4,3,TRUE
0.126710401963846,0.873289598036154,0,"cux_3","HIV","T_naive",12,4,3,TRUE
0,1,0,"cux_4","HIV","T_naive",12,4,3,TRUE
0,1,0,"ddit3cebpa","HIV","T_naive",12,4,3,TRUE
0.0402874666061846,0.892993562588796,0.0667189708050196,"dmrt1","HIV","T_naive",12,4,3,TRUE
0,1,0,"dmrt3","HIV","T_naive",12,4,3,TRUE
0.234103554104814,0.66008767650471,0.105808769390476,"e2f_1","HIV","T_naive",12,4,3,TRUE
0,1,0,"e2f_2","HIV","T_naive",12,4,3,TRUE
0,1,0,"e2f_3","HIV","T_naive",12,4,3,TRUE
0,1,0,"e2f_4","HIV","T_naive",12,4,3,TRUE
0,1,0,"ebf1","HIV","T_naive",12,4,3,TRUE
0.0362603458463556,0.798260324028555,0.16547933012509,"ebox_cacctg","HIV","T_naive",12,4,3,TRUE
0,0.52300871366923,0.47699128633077,"ebox_cacgtg_1","HIV","T_naive",12,4,3,TRUE
0.316295379458833,0.683704620541163,3.91813121803915e-15,"ebox_cacgtg_2","HIV","T_naive",12,4,3,TRUE
0.203956936208329,0.796043063791671,0,"ebox_cagatgg","HIV","T_naive",12,4,3,TRUE
0.0700804285997665,0.929919571400199,3.46377437499342e-14,"ebox_cagctg","HIV","T_naive",12,4,3,TRUE
0.325676995703657,0.636219470844319,0.0381035334520242,"ebox_catatg","HIV","T_naive",12,4,3,TRUE
0,1,0,"egr","HIV","T_naive",12,4,3,TRUE
0,0.857810912207578,0.142189087792422,"ets_1","HIV","T_naive",12,4,3,TRUE
0,1,0,"ets_2","HIV","T_naive",12,4,3,TRUE
0,0.780531472334802,0.219468527665198,"evi1_mecom","HIV","T_naive",12,4,3,TRUE
0.0283279892422804,0.971672010755207,2.51209529641126e-12,"ewsr1_fli1","HIV","T_naive",12,4,3,TRUE
0,1,0,"fezf1","HIV","T_naive",12,4,3,TRUE
0,1,0,"fox_1","HIV","T_naive",12,4,3,TRUE
0,1,0,"fox_2","HIV","T_naive",12,4,3,TRUE
0.0125208331265513,0.186320133813767,0.801159033059682,"fox_3","HIV","T_naive",12,4,3,TRUE
0,1,0,"fox_4","HIV","T_naive",12,4,3,TRUE
0.0452599366403576,0.795120302203943,0.159619761155699,"fox_5","HIV","T_naive",12,4,3,TRUE
0,1,0,"fox_6","HIV","T_naive",12,4,3,TRUE
0,1,0,"fox_7","HIV","T_naive",12,4,3,TRUE
2.56641573262945e-12,0.993043726571925,0.00695627342550877,"fox_8","HIV","T_naive",12,4,3,TRUE
0.0197523888669229,0.980247611133077,0,"fox_9","HIV","T_naive",12,4,3,TRUE
8.03834654330601e-15,0.667158186681687,0.332841813318305,"gata","HIV","T_naive",12,4,3,TRUE
0.14713664414765,0.85286335585235,0,"gc_tract","HIV","T_naive",12,4,3,TRUE
0.0675390595163756,0.932460940483624,7.64762896338714e-16,"gcm","HIV","T_naive",12,4,3,TRUE
0,1,0,"gfi","HIV","T_naive",12,4,3,TRUE
0,1,7.74097870312119e-17,"gli","HIV","T_naive",12,4,3,TRUE
0.0702846597454194,0.929715340254581,0,"glis","HIV","T_naive",12,4,3,TRUE
0,1,0,"gmeb2_1","HIV","T_naive",12,4,3,TRUE
4.69786911428088e-16,0.861452662779922,0.138547337220077,"gmeb2_2","HIV","T_naive",12,4,3,TRUE
0,1,0,"gmeb2_3","HIV","T_naive",12,4,3,TRUE
0,1,0,"grhl","HIV","T_naive",12,4,3,TRUE
0,1,0,"hand1","HIV","T_naive",12,4,3,TRUE
0.0131254214687128,0.986874578531287,0,"hd_1","HIV","T_naive",12,4,3,TRUE
0.0750720027213179,0.924927997278682,3.68623629055802e-22,"hd_10","HIV","T_naive",12,4,3,TRUE
0,1,0,"hd_11","HIV","T_naive",12,4,3,TRUE
0,0.64656514313394,0.35343485686606,"hd_12","HIV","T_naive",12,4,3,TRUE
0.232629828733877,0.76737017126612,3.12769946789975e-15,"hd_13","HIV","T_naive",12,4,3,TRUE
0,0.843849274373648,0.156150725626352,"hd_14","HIV","T_naive",12,4,3,TRUE
0.0299840643076593,0.938630375877232,0.0313855598151083,"hd_15","HIV","T_naive",12,4,3,TRUE
0,1,0,"hd_16","HIV","T_naive",12,4,3,TRUE
0,0.795022384764579,0.204977615235421,"hd_17","HIV","T_naive",12,4,3,TRUE
0,1,0,"hd_18","HIV","T_naive",12,4,3,TRUE
0.0932769563632677,0.741540179090168,0.165182864546564,"hd_19","HIV","T_naive",12,4,3,TRUE
0.380707499747032,0.619292500252968,0,"hd_2","HIV","T_naive",12,4,3,TRUE
0,1,0,"hd_20","HIV","T_naive",12,4,3,TRUE
0,1,0,"hd_21","HIV","T_naive",12,4,3,TRUE
0,1,0,"hd_22","HIV","T_naive",12,4,3,TRUE
0,1,0,"hd_23","HIV","T_naive",12,4,3,TRUE
0,1,0,"hd_24","HIV","T_naive",12,4,3,TRUE
1.88477247349899e-10,0.919154259670019,0.0808457401415036,"hd_25","HIV","T_naive",12,4,3,TRUE
0.292443154817634,0.707556845129553,5.28130627779891e-11,"hd_3","HIV","T_naive",12,4,3,TRUE
0.184319111470015,0.815680888529939,4.6061198043797e-14,"hd_4","HIV","T_naive",12,4,3,TRUE
4.75682518290326e-16,1,0,"hd_5","HIV","T_naive",12,4,3,TRUE
3.39448074306374e-16,0.962396475633759,0.0376035243662411,"hd_6","HIV","T_naive",12,4,3,TRUE
0,1,0,"hd_7","HIV","T_naive",12,4,3,TRUE
0,1,0,"hd_8","HIV","T_naive",12,4,3,TRUE
0,1,0,"hd_9","HIV","T_naive",12,4,3,TRUE
0,1,0,"hen1","HIV","T_naive",12,4,3,TRUE
0.137862670817318,0.69887414902774,0.163263180154941,"hic_1","HIV","T_naive",12,4,3,TRUE
0,1,0,"hic_2","HIV","T_naive",12,4,3,TRUE
0,1,0,"hif","HIV","T_naive",12,4,3,TRUE
0,1,0,"hinfp1_1","HIV","T_naive",12,4,3,TRUE
0,1,0,"hinfp1_2","HIV","T_naive",12,4,3,TRUE
0,1,4.13575630871973e-16,"hinfp1_3","HIV","T_naive",12,4,3,TRUE
2.86446498327674e-11,0.636248591204032,0.363751408767323,"hltf","HIV","T_naive",12,4,3,TRUE
0,1,0,"homez","HIV","T_naive",12,4,3,TRUE
1.78743493633344e-21,0.908423250237209,0.0915767497627908,"hsf","HIV","T_naive",12,4,3,TRUE
0,1,0,"hsfy2","HIV","T_naive",12,4,3,TRUE
0,1,0,"insm1","HIV","T_naive",12,4,3,TRUE
0,1,0,"irf_1","HIV","T_naive",12,4,3,TRUE
0,0.873066491029471,0.126933508970529,"irf_2","HIV","T_naive",12,4,3,TRUE
0,1,0,"irf_3","HIV","T_naive",12,4,3,TRUE
0,0.9658970458898,0.0341029541101997,"irf_4","HIV","T_naive",12,4,3,TRUE
0,0.795779233804768,0.204220766195233,"kaiso","HIV","T_naive",12,4,3,TRUE
7.9480927263383e-23,0.976821905956342,0.0231780940436577,"klf_sp_1","HIV","T_naive",12,4,3,TRUE
0.153924568526118,0.846075431473882,2.43307128984816e-20,"klf_sp_2","HIV","T_naive",12,4,3,TRUE
0,1,0,"klf_sp_3","HIV","T_naive",12,4,3,TRUE
0.00944794751824057,0.990552052481759,1.29933662108824e-22,"lef1","HIV","T_naive",12,4,3,TRUE
0.0487736304537566,0.653370398687981,0.297855970858263,"lin54","HIV","T_naive",12,4,3,TRUE
0.14002044936154,0.859979550317276,3.21183499276436e-10,"maf","HIV","T_naive",12,4,3,TRUE
0,1,0,"mbd2","HIV","T_naive",12,4,3,TRUE
0.0511279252243098,0.948872074775609,8.12462497523584e-14,"mecp2","HIV","T_naive",12,4,3,TRUE
0.0217660633320996,0.829420173858753,0.148813762809147,"mef2","HIV","T_naive",12,4,3,TRUE
0,1,0,"mfz1","HIV","T_naive",12,4,3,TRUE
0,1,0,"mies","HIV","T_naive",12,4,3,TRUE
2.70101122782892e-12,0.770066193619393,0.229933806377906,"mtf1","HIV","T_naive",12,4,3,TRUE
0.0108987451906674,0.989101254807814,1.51829343294109e-12,"myb_1","HIV","T_naive",12,4,3,TRUE
0,1,0,"myb_2","HIV","T_naive",12,4,3,TRUE
0,1,0,"myb_3","HIV","T_naive",12,4,3,TRUE
0,1,0,"myb_4","HIV","T_naive",12,4,3,TRUE
0,0.845508537782826,0.154491462217175,"myb_5","HIV","T_naive",12,4,3,TRUE
8.9115078865715e-12,0.986054618106054,0.0139453818850346,"mzf1","HIV","T_naive",12,4,3,TRUE
0,0.806383132618612,0.193616867381387,"nfac_2","HIV","T_naive",12,4,3,TRUE
0,0.952674092441711,0.0473259075582893,"nfat_1","HIV","T_naive",12,4,3,TRUE
0.0188631568554416,0.801314756823135,0.179822086321424,"nfat_2","HIV","T_naive",12,4,3,TRUE
0.0388459374464574,0.961154062553035,5.07051862997307e-13,"nfat_3","HIV","T_naive",12,4,3,TRUE
1.37892266375342e-13,0.719364058379335,0.280635941620528,"nfat_4","HIV","T_naive",12,4,3,TRUE
0.289246259580992,0.710753740419008,0,"nfi_1","HIV","T_naive",12,4,3,TRUE
0,1,0,"nfi_2","HIV","T_naive",12,4,3,TRUE
0,1,0,"nfi_3","HIV","T_naive",12,4,3,TRUE
0.0428400694735634,0.731316324979945,0.225843605546491,"nfkb_1","HIV","T_naive",12,4,3,TRUE
0,1,0,"nfkb_2","HIV","T_naive",12,4,3,TRUE
0,0.929075123327582,0.0709248766724181,"nfkb_3","HIV","T_naive",12,4,3,TRUE
0.022479058654851,0.89792643352627,0.0795945078188785,"nfy","HIV","T_naive",12,4,3,TRUE
0,1,0,"nr_1","HIV","T_naive",12,4,3,TRUE
0.00451247989844131,0.995487519918849,1.82709450215323e-10,"nr_10","HIV","T_naive",12,4,3,TRUE
0.286800991950809,0.713199008049164,2.64184351213589e-14,"nr_11","HIV","T_naive",12,4,3,TRUE
0,1,0,"nr_12","HIV","T_naive",12,4,3,TRUE
0,1,0,"nr_13","HIV","T_naive",12,4,3,TRUE
0,1,0,"nr_14","HIV","T_naive",12,4,3,TRUE
0,1,0,"nr_15","HIV","T_naive",12,4,3,TRUE
0.234568922195858,0.765431077804142,0,"nr_16","HIV","T_naive",12,4,3,TRUE
0,1,0,"nr_17","HIV","T_naive",12,4,3,TRUE
8.64152343669635e-22,0.967213439571864,0.0327865604281355,"nr_18","HIV","T_naive",12,4,3,TRUE
0,1,0,"nr_19","HIV","T_naive",12,4,3,TRUE
0,1,0,"nr_2","HIV","T_naive",12,4,3,TRUE
0.239320059652215,0.760679940277369,7.04162445404494e-11,"nr_20","HIV","T_naive",12,4,3,TRUE
0,1,0,"nr_3","HIV","T_naive",12,4,3,TRUE
0,0.965106301894603,0.0348936981053973,"nr_4","HIV","T_naive",12,4,3,TRUE
2.56892979920257e-19,0.829712727531946,0.170287272468054,"nr_5","HIV","T_naive",12,4,3,TRUE
3.60919051098493e-13,0.875295692895146,0.124704307104493,"nr_6","HIV","T_naive",12,4,3,TRUE
0,1,0,"nr_7","HIV","T_naive",12,4,3,TRUE
0,1,0,"nr_8","HIV","T_naive",12,4,3,TRUE
0,1,0,"nr_9","HIV","T_naive",12,4,3,TRUE
0.138221535189978,0.782198811809155,0.0795796530008664,"nr2e3","HIV","T_naive",12,4,3,TRUE
7.83343030013022e-22,0.875902859475597,0.124097140524403,"nrf1","HIV","T_naive",12,4,3,TRUE
0.000352862189140375,0.99964713781086,0,"oct4sox2","HIV","T_naive",12,4,3,TRUE
0.220242647503736,0.779757352496264,0,"osr2","HIV","T_naive",12,4,3,TRUE
0.0268191870873598,0.932414151892442,0.0407666610201981,"ovol1","HIV","T_naive",12,4,3,TRUE
0.0623958657347058,0.925372329434707,0.0122318048305874,"p53_like_1","HIV","T_naive",12,4,3,TRUE
0,1,0,"p53_like_2","HIV","T_naive",12,4,3,TRUE
0,1,0,"p53_like_3","HIV","T_naive",12,4,3,TRUE
3.36506446815254e-14,0.400665440578891,0.599334559421076,"pax_halfsite","HIV","T_naive",12,4,3,TRUE
0,1,0,"pax_1","HIV","T_naive",12,4,3,TRUE
0,1,0,"pax_2","HIV","T_naive",12,4,3,TRUE
0,0.962161370585726,0.0378386294142741,"plag1","HIV","T_naive",12,4,3,TRUE
2.32335547029086e-17,0.599678543268126,0.400321456731874,"pou_1","HIV","T_naive",12,4,3,TRUE
0,1,0,"pou_2","HIV","T_naive",12,4,3,TRUE
8.3540426169543e-17,1,0,"pou_3","HIV","T_naive",12,4,3,TRUE
0,1,0,"prdm1","HIV","T_naive",12,4,3,TRUE
0.214901356555584,0.402427146279991,0.382671497164426,"prdm14","HIV","T_naive",12,4,3,TRUE
0,1,0,"prdm16","HIV","T_naive",12,4,3,TRUE
0,1,0,"prdm4","HIV","T_naive",12,4,3,TRUE
9.19838232764775e-12,0.981610434791289,0.0183895651995123,"prdm5","HIV","T_naive",12,4,3,TRUE
0,1,0,"prdm9","HIV","T_naive",12,4,3,TRUE
0,1,0,"prox1","HIV","T_naive",12,4,3,TRUE
0.276113676041282,0.723886323958718,0,"rbpj","HIV","T_naive",12,4,3,TRUE
0,1,0,"rel_halfsite","HIV","T_naive",12,4,3,TRUE
0,0.863372362438813,0.136627637561187,"rest_nrsf","HIV","T_naive",12,4,3,TRUE
0,0.935966512204295,0.0640334877957054,"rfx_1","HIV","T_naive",12,4,3,TRUE
0,1,0,"rfx_2","HIV","T_naive",12,4,3,TRUE
0.303212289432538,0.696787710567447,1.53169678964856e-14,"rfx_3","HIV","T_naive",12,4,3,TRUE
0.222559552538902,0.777440447461097,9.90516390997272e-16,"runx_1","HIV","T_naive",12,4,3,TRUE
0,1,0,"runx_2","HIV","T_naive",12,4,3,TRUE
0,1,0,"scrt1","HIV","T_naive",12,4,3,TRUE
0,0.922703876220799,0.0772961237792007,"six_1","HIV","T_naive",12,4,3,TRUE
0.25193555986978,0.748064440127923,2.29657631180564e-12,"six_2","HIV","T_naive",12,4,3,TRUE
0.304847137258075,0.695152862741908,1.62994086148536e-14,"smad","HIV","T_naive",12,4,3,TRUE
0.0771372186191335,0.922862781380866,0,"smad_1","HIV","T_naive",12,4,3,TRUE
1.86498504219728e-17,1,0,"smad_2","HIV","T_naive",12,4,3,TRUE
4.88710204618856e-16,0.838025839049523,0.161974160950477,"smarca1","HIV","T_naive",12,4,3,TRUE
0,0.999999999999992,8.37028764407066e-15,"smarca5","HIV","T_naive",12,4,3,TRUE
0,0.835533079034883,0.164466920965117,"snai2","HIV","T_naive",12,4,3,TRUE
0.213576596401069,0.695320082982772,0.0911033206161587,"sox_1","HIV","T_naive",12,4,3,TRUE
0,0.798864148241871,0.201135851758129,"sox_2","HIV","T_naive",12,4,3,TRUE
0.021902741406204,0.978097258593796,0,"sox_3","HIV","T_naive",12,4,3,TRUE
0,1,0,"sox_4","HIV","T_naive",12,4,3,TRUE
0,0.709624189864451,0.290375810135549,"sox_5","HIV","T_naive",12,4,3,TRUE
0,0.951813382594033,0.0481866174059668,"sox_6","HIV","T_naive",12,4,3,TRUE
8.73073058325377e-12,0.874786757276261,0.125213242715008,"sox_7","HIV","T_naive",12,4,3,TRUE
1.08557630683672e-10,0.868075221792433,0.13192477809901,"sox_8","HIV","T_naive",12,4,3,TRUE
0,1,0,"spdef_1","HIV","T_naive",12,4,3,TRUE
0.239657602895399,0.72552496051137,0.034817436593231,"spdef_2","HIV","T_naive",12,4,3,TRUE
8.78455377756211e-11,0.664109440550425,0.33589055936173,"spi","HIV","T_naive",12,4,3,TRUE
0,1,0,"spz1","HIV","T_naive",12,4,3,TRUE
0.0447708348157554,0.917909241023223,0.0373199241610216,"srebf1","HIV","T_naive",12,4,3,TRUE
0.0149640063664602,0.976634116560717,0.00840187707282288,"srf","HIV","T_naive",12,4,3,TRUE
7.94734643475525e-15,0.97941297758421,0.0205870224157818,"stat_1","HIV","T_naive",12,4,3,TRUE
0.0319640339375827,0.968035966062417,1.70815882573473e-22,"stat_2","HIV","T_naive",12,4,3,TRUE
0,1,0,"tata","HIV","T_naive",12,4,3,TRUE
0,1,0,"tbx_1","HIV","T_naive",12,4,3,TRUE
0,1,0,"tbx_2","HIV","T_naive",12,4,3,TRUE
0,0.962789641179424,0.0372103588205756,"tbx_3","HIV","T_naive",12,4,3,TRUE
0,1,1.50869021836387e-16,"tbx_4","HIV","T_naive",12,4,3,TRUE
0.255693949355364,0.744306050644635,1.70752398656218e-15,"tcf_lef","HIV","T_naive",12,4,3,TRUE
0,1,0,"tead","HIV","T_naive",12,4,3,TRUE
0.0915780989348075,0.908421901065192,2.25689789004145e-16,"tfap2_1","HIV","T_naive",12,4,3,TRUE
0,1,0,"tfap2_2","HIV","T_naive",12,4,3,TRUE
0,1,0,"tfcp2","HIV","T_naive",12,4,3,TRUE
0,1,0,"thap1","HIV","T_naive",12,4,3,TRUE
0.0308769287784937,0.969123071221506,5.2452854002249e-22,"yy1","HIV","T_naive",12,4,3,TRUE
1.06485934695948e-15,0.978513952627279,0.0214860473727198,"zbed1","HIV","T_naive",12,4,3,TRUE
0,1,0,"zbtb14","HIV","T_naive",12,4,3,TRUE
0,1,0,"zbtb48","HIV","T_naive",12,4,3,TRUE
1.02808467258403e-11,0.990148534076265,0.00985146591345384,"zbtb49","HIV","T_naive",12,4,3,TRUE
0.0433050046981519,0.956694995292092,9.75657154906046e-12,"zbtb6","HIV","T_naive",12,4,3,TRUE
0,1,0,"zbtb7a","HIV","T_naive",12,4,3,TRUE
0.292735332739807,0.707264667260131,6.24333568957238e-14,"zfn121","HIV","T_naive",12,4,3,TRUE
0,1,0,"zfx","HIV","T_naive",12,4,3,TRUE
0.140040377435551,0.859959622564449,0,"zic","HIV","T_naive",12,4,3,TRUE
0.0505872332550557,0.949412766744944,0,"zic_2","HIV","T_naive",12,4,3,TRUE
0.0839769401825358,0.916023059817444,2.03498689914707e-14,"zim3","HIV","T_naive",12,4,3,TRUE
0,1,0,"zkscan1","HIV","T_naive",12,4,3,TRUE
0.0877930507436865,0.817571703847836,0.094635245408477,"znf134","HIV","T_naive",12,4,3,TRUE
0.218548404854023,0.78145159514577,2.07236951653615e-13,"znf136","HIV","T_naive",12,4,3,TRUE
0,1,0,"znf140","HIV","T_naive",12,4,3,TRUE
0,1,0,"znf143","HIV","T_naive",12,4,3,TRUE
0,1,0,"znf143_1","HIV","T_naive",12,4,3,TRUE
0.0154761855486028,0.984523814451397,0,"znf146","HIV","T_naive",12,4,3,TRUE
0,1,0,"znf232","HIV","T_naive",12,4,3,TRUE
4.57705718592034e-16,0.95957655204066,0.0404234479593399,"znf24","HIV","T_naive",12,4,3,TRUE
0,1,0,"znf250","HIV","T_naive",12,4,3,TRUE
0,1,0,"znf257","HIV","T_naive",12,4,3,TRUE
0,1,0,"znf274","HIV","T_naive",12,4,3,TRUE
0,1,0,"znf28","HIV","T_naive",12,4,3,TRUE
0.192492368289848,0.795604331133156,0.0119033005769963,"znf282","HIV","T_naive",12,4,3,TRUE
0.0955547966298202,0.904445203370179,1.20414470994506e-15,"znf306","HIV","T_naive",12,4,3,TRUE
0.222143854050862,0.777856145949138,0,"znf317","HIV","T_naive",12,4,3,TRUE
8.23053257611583e-17,0.958747440686789,0.0412525593132109,"znf320","HIV","T_naive",12,4,3,TRUE
0,1,0,"znf324","HIV","T_naive",12,4,3,TRUE
0,0.855833080193403,0.144166919806597,"znf329","HIV","T_naive",12,4,3,TRUE
0.0722938659717914,0.927706134028209,2.12241414235859e-23,"znf331","HIV","T_naive",12,4,3,TRUE
0.0266882704896367,0.973311729509452,9.11478938405796e-13,"znf332","HIV","T_naive",12,4,3,TRUE
0,0.938280844998922,0.061719155001078,"znf335","HIV","T_naive",12,4,3,TRUE
0,1,0,"znf354","HIV","T_naive",12,4,3,TRUE
1.09817220930892e-19,0.687656784654359,0.312343215345641,"znf382","HIV","T_naive",12,4,3,TRUE
0,1,0,"znf384_1","HIV","T_naive",12,4,3,TRUE
0,1,0,"znf384_2","HIV","T_naive",12,4,3,TRUE
0.0814910319410533,0.918508968058809,1.37419581884277e-13,"znf41","HIV","T_naive",12,4,3,TRUE
0.159070759119064,0.840929240880936,0,"znf410","HIV","T_naive",12,4,3,TRUE
0.165671809669605,0.834328190330395,0,"znf418","HIV","T_naive",12,4,3,TRUE
7.31917914729145e-20,0.849990972038663,0.150009027961337,"znf423","HIV","T_naive",12,4,3,TRUE
0,1,0,"znf431","HIV","T_naive",12,4,3,TRUE
0,1,0,"znf435","HIV","T_naive",12,4,3,TRUE
0,1,0,"znf436","HIV","T_naive",12,4,3,TRUE
0,1,0,"znf449","HIV","T_naive",12,4,3,TRUE
0,1,0,"znf490","HIV","T_naive",12,4,3,TRUE
0,0.923686294251085,0.0763137057489154,"znf524","HIV","T_naive",12,4,3,TRUE
0,1,0,"znf528","HIV","T_naive",12,4,3,TRUE
0.337056496074306,0.662943503925694,0,"znf53","HIV","T_naive",12,4,3,TRUE
0,1,0,"znf547","HIV","T_naive",12,4,3,TRUE
3.01401475501092e-13,0.793670448126942,0.206329551872757,"znf549","HIV","T_naive",12,4,3,TRUE
0.0263887251985485,0.973611274801452,0,"znf554","HIV","T_naive",12,4,3,TRUE
0.0924372874760418,0.907562712523958,4.10724762562221e-17,"znf563","HIV","T_naive",12,4,3,TRUE
0,1,0,"znf57","HIV","T_naive",12,4,3,TRUE
0,1,0,"znf586","HIV","T_naive",12,4,3,TRUE
0.479997412188324,0.520002587811676,2.78009351106077e-16,"znf652","HIV","T_naive",12,4,3,TRUE
0.181112615586804,0.818887384413196,0,"znf667","HIV","T_naive",12,4,3,TRUE
0.0868985003809939,0.86052695002438,0.0525745495946261,"znf680","HIV","T_naive",12,4,3,TRUE
0,1,0,"znf708","HIV","T_naive",12,4,3,TRUE
0.0150873649437341,0.984912635056266,0,"znf713","HIV","T_naive",12,4,3,TRUE
0.272341606331076,0.727658393602393,6.65303133634916e-11,"znf768","HIV","T_naive",12,4,3,TRUE
0.0614504882833186,0.719836613876184,0.218712897840497,"znf784","HIV","T_naive",12,4,3,TRUE
1.44352978075261e-13,0.895349404763535,0.104650595236321,"znf85","HIV","T_naive",12,4,3,TRUE
0,1,0,"znf85_1","HIV","T_naive",12,4,3,TRUE
0,1,4.57012684671528e-17,"zscan3","HIV","T_naive",12,4,3,TRUE
0.233227023229526,0.766772976770474,0,"zscan4","HIV","T_naive",12,4,3,TRUE
0.231524731108438,0.744663613887924,0.0238116550036375,"ahr","Influenza","B_mem",20,5,4,TRUE
0,0.581735269788015,0.418264730211985,"aire","Influenza","B_mem",20,5,4,TRUE
0.0637790442788356,0.376627404080822,0.559593551640342,"ap1_1","Influenza","B_mem",20,5,4,TRUE
0.0543742382786693,0.250852595992361,0.69477316572897,"ap1_2","Influenza","B_mem",20,5,4,TRUE
0.201200214520006,0.580535843245665,0.218263942234329,"ari5a","Influenza","B_mem",20,5,4,TRUE
0.181438070985951,0.818561929013113,9.36253829885294e-13,"ari5b","Influenza","B_mem",20,5,4,TRUE
0.00686312466143154,0.528228570273452,0.464908305065116,"batf","Influenza","B_mem",20,5,4,TRUE
0,0.927825408474622,0.0721745915253781,"bcl6_1","Influenza","B_mem",20,5,4,TRUE
6.22040984481258e-17,0.963804763365041,0.0361952366349591,"bcl6_2","Influenza","B_mem",20,5,4,TRUE
0.0314901841587428,0.111488319694995,0.857021496146262,"ccaat_cebp","Influenza","B_mem",20,5,4,TRUE
2.24221100214834e-12,0.963309414422317,0.0366905855754407,"cenbp","Influenza","B_mem",20,5,4,TRUE
0,0.603280876952581,0.396719123047419,"cpeb1","Influenza","B_mem",20,5,4,TRUE
0,0.241625754844391,0.758374245155609,"creb_atf_1","Influenza","B_mem",20,5,4,TRUE
3.14365720812493e-16,0.187210149482689,0.81278985051731,"creb_atf_2","Influenza","B_mem",20,5,4,TRUE
0.0348380157834614,0.101513815377488,0.863648168839051,"creb_atf_3","Influenza","B_mem",20,5,4,TRUE
0,0.362990008041697,0.637009991958303,"creb3_xbp1","Influenza","B_mem",20,5,4,TRUE
0,0.280871858622054,0.719128141377946,"ctcf","Influenza","B_mem",20,5,4,TRUE
0,1,0,"cux_1","Influenza","B_mem",20,5,4,TRUE
0.111330382223906,0.676890720570272,0.211778897205822,"cux_2","Influenza","B_mem",20,5,4,TRUE
0,0.85876255205444,0.14123744794556,"cux_3","Influenza","B_mem",20,5,4,TRUE
0,1,0,"cux_4","Influenza","B_mem",20,5,4,TRUE
0,0.853518030888862,0.146481969111138,"ddit3cebpa","Influenza","B_mem",20,5,4,TRUE
1.86739792163953e-18,0.658765630779667,0.341234369220333,"dmrt1","Influenza","B_mem",20,5,4,TRUE
6.57500107080313e-13,0.680047574161848,0.319952425837495,"dmrt3","Influenza","B_mem",20,5,4,TRUE
4.12663475883774e-16,0.563902983257044,0.436097016742955,"e2f_1","Influenza","B_mem",20,5,4,TRUE
0,0.303838430177234,0.696161569822766,"e2f_2","Influenza","B_mem",20,5,4,TRUE
0.170360654381264,0.767577933235003,0.0620614123837333,"e2f_3","Influenza","B_mem",20,5,4,TRUE
0,0.638333914683647,0.361666085316353,"e2f_4","Influenza","B_mem",20,5,4,TRUE
0.0329109344095625,0.102214764817078,0.864874300773359,"ebf1","Influenza","B_mem",20,5,4,TRUE
0.0217037823327361,0.0818545215114628,0.896441696155801,"ebox_cacctg","Influenza","B_mem",20,5,4,TRUE
0,0.857372828173862,0.142627171826138,"ebox_cacgtg_1","Influenza","B_mem",20,5,4,TRUE
0,0.685361723297526,0.314638276702474,"ebox_cacgtg_2","Influenza","B_mem",20,5,4,TRUE
0.0597753796633899,0.0822290547345481,0.857995565602062,"ebox_cagatgg","Influenza","B_mem",20,5,4,TRUE
0.0169283378319822,0.0647754667490271,0.918296195418991,"ebox_cagctg","Influenza","B_mem",20,5,4,TRUE
0,0.437769358604429,0.562230641395571,"ebox_catatg","Influenza","B_mem",20,5,4,TRUE
0.0546108477594495,0.821478945010968,0.123910207229582,"egr","Influenza","B_mem",20,5,4,TRUE
0.0277832243269121,0.177511072310938,0.794705703362151,"ets_1","Influenza","B_mem",20,5,4,TRUE
0.048530805612182,0.211375701292626,0.740093493095192,"ets_2","Influenza","B_mem",20,5,4,TRUE
0.0657893038899359,0.503246716550334,0.43096397955973,"evi1_mecom","Influenza","B_mem",20,5,4,TRUE
0.0709510088527063,0.755676692841813,0.173372298305481,"ewsr1_fli1","Influenza","B_mem",20,5,4,TRUE
1.94808817126307e-13,0.978526865396376,0.0214731346034287,"fezf1","Influenza","B_mem",20,5,4,TRUE
5.27978195880783e-12,0.594454792718773,0.405545207275947,"fox_1","Influenza","B_mem",20,5,4,TRUE
2.93157209882365e-20,0.934779244381284,0.0652207556187156,"fox_2","Influenza","B_mem",20,5,4,TRUE
0.0768948052759715,0.923105194724029,1.41783042163595e-18,"fox_3","Influenza","B_mem",20,5,4,TRUE
0.0841030052347411,0.750683057279783,0.165213937485476,"fox_4","Influenza","B_mem",20,5,4,TRUE
0.0266005297893818,0.794812496218018,0.1785869739926,"fox_5","Influenza","B_mem",20,5,4,TRUE
0,0.711331347195965,0.288668652804035,"fox_6","Influenza","B_mem",20,5,4,TRUE
0,0.605911719836219,0.394088280163781,"fox_7","Influenza","B_mem",20,5,4,TRUE
0.0469828842551313,0.953017115738765,6.10341579734736e-12,"fox_8","Influenza","B_mem",20,5,4,TRUE
0.00498295687250431,0.839726930890866,0.155290112236629,"fox_9","Influenza","B_mem",20,5,4,TRUE
0.0117555215826104,0.312350950574492,0.675893527842897,"gata","Influenza","B_mem",20,5,4,TRUE
0.146362688774579,0.70487253912265,0.148764772102772,"gc_tract","Influenza","B_mem",20,5,4,TRUE
0.0491698362030653,0.339208186714804,0.61162197708213,"gcm","Influenza","B_mem",20,5,4,TRUE
1.1890688274323e-18,0.849056702599285,0.150943297400715,"gfi","Influenza","B_mem",20,5,4,TRUE
0,0.69215411598288,0.30784588401712,"gli","Influenza","B_mem",20,5,4,TRUE
0,0.655397522685632,0.344602477314368,"glis","Influenza","B_mem",20,5,4,TRUE
2.19269754398447e-19,0.68012694956672,0.31987305043328,"gmeb2_1","Influenza","B_mem",20,5,4,TRUE
0,0.779741595361508,0.220258404638492,"gmeb2_2","Influenza","B_mem",20,5,4,TRUE
0.0398250033334743,0.395693672243079,0.564481324423447,"gmeb2_3","Influenza","B_mem",20,5,4,TRUE
0.0823008286715934,0.72984078478346,0.187858386544946,"grhl","Influenza","B_mem",20,5,4,TRUE
0.014148720205967,0.431184631407467,0.554666648386566,"hand1","Influenza","B_mem",20,5,4,TRUE
0,0.600430071133184,0.399569928866816,"hd_1","Influenza","B_mem",20,5,4,TRUE
0.0634210528886989,0.936578947111301,0,"hd_10","Influenza","B_mem",20,5,4,TRUE
0.0818518191932194,0.602866072737502,0.315282108069278,"hd_11","Influenza","B_mem",20,5,4,TRUE
0.0143103018015329,0.0803232310827056,0.905366467115762,"hd_12","Influenza","B_mem",20,5,4,TRUE
0,0.782841034253308,0.217158965746692,"hd_13","Influenza","B_mem",20,5,4,TRUE
8.31063132412233e-10,0.808167021622456,0.191832977546481,"hd_14","Influenza","B_mem",20,5,4,TRUE
0.00515484710474915,0.994845152895245,6.03411026441488e-15,"hd_15","Influenza","B_mem",20,5,4,TRUE
0,0.909344138474856,0.0906558615251446,"hd_16","Influenza","B_mem",20,5,4,TRUE
0.0586520004887599,0.473862302098749,0.467485697412491,"hd_17","Influenza","B_mem",20,5,4,TRUE
3.81576005594748e-12,0.590241778031112,0.409758221965072,"hd_18","Influenza","B_mem",20,5,4,TRUE
0.347724764561865,0.545341842961649,0.106933392476486,"hd_19","Influenza","B_mem",20,5,4,TRUE
0,0.56709290733008,0.43290709266992,"hd_2","Influenza","B_mem",20,5,4,TRUE
0.00650172218430878,0.993498277815691,0,"hd_20","Influenza","B_mem",20,5,4,TRUE
0,1,0,"hd_21","Influenza","B_mem",20,5,4,TRUE
0.0504259553783212,0.207762663485564,0.741811381136115,"hd_22","Influenza","B_mem",20,5,4,TRUE
0.0690898509802109,0.930910146872948,2.14684069871105e-09,"hd_23","Influenza","B_mem",20,5,4,TRUE
4.8468082102183e-11,0.497764055020251,0.502235944931281,"hd_24","Influenza","B_mem",20,5,4,TRUE
0.129908746119599,0.605333555534952,0.26475769834545,"hd_25","Influenza","B_mem",20,5,4,TRUE
0,1,0,"hd_3","Influenza","B_mem",20,5,4,TRUE
0.0816645658620714,0.746923032478926,0.171412401659003,"hd_4","Influenza","B_mem",20,5,4,TRUE
0.015430939161486,0.983068350152252,0.00150071068626206,"hd_5","Influenza","B_mem",20,5,4,TRUE
0.0743986343847511,0.493996876200515,0.431604489414734,"hd_6","Influenza","B_mem",20,5,4,TRUE
1.78211208682559e-22,0.749078960789699,0.250921039210301,"hd_7","Influenza","B_mem",20,5,4,TRUE
0,1,0,"hd_8","Influenza","B_mem",20,5,4,TRUE
0.316228939294168,0.611117072909937,0.0726539877958951,"hd_9","Influenza","B_mem",20,5,4,TRUE
0.0351098553022267,0.301302195296753,0.663587949401021,"hen1","Influenza","B_mem",20,5,4,TRUE
0,0.410761308467924,0.589238691532076,"hic_1","Influenza","B_mem",20,5,4,TRUE
1.79183018202893e-19,0.699189387508125,0.300810612491875,"hic_2","Influenza","B_mem",20,5,4,TRUE
0,0.615493129217636,0.384506870782364,"hif","Influenza","B_mem",20,5,4,TRUE
0.100725426923531,0.373017811667293,0.526256761409176,"hinfp1_1","Influenza","B_mem",20,5,4,TRUE
0.159458066623965,0.840541933376035,2.06807181236948e-19,"hinfp1_2","Influenza","B_mem",20,5,4,TRUE
0.11134021325169,0.888659786744989,3.32142201540285e-12,"hinfp1_3","Influenza","B_mem",20,5,4,TRUE
0.0552066785001382,0.944793321497759,2.10290751066082e-12,"hltf","Influenza","B_mem",20,5,4,TRUE
0,1,0,"homez","Influenza","B_mem",20,5,4,TRUE
0.0358927371260517,0.601276416162628,0.36283084671132,"hsf","Influenza","B_mem",20,5,4,TRUE
1.39240947893128e-22,0.590946379605442,0.409053620394558,"hsfy2","Influenza","B_mem",20,5,4,TRUE
0,0.148199906540403,0.851800093459597,"insm1","Influenza","B_mem",20,5,4,TRUE
0.159299939734067,0.840700060265674,2.58822637076007e-13,"irf_1","Influenza","B_mem",20,5,4,TRUE
0.0454857193648873,0.138576820901539,0.815937459733573,"irf_2","Influenza","B_mem",20,5,4,TRUE
0.166034043299707,0.653905917566778,0.180060039133515,"irf_3","Influenza","B_mem",20,5,4,TRUE
0.0295829183287285,0.907279136117904,0.0631379455533674,"irf_4","Influenza","B_mem",20,5,4,TRUE
0.00516357442399052,0.305663535868643,0.689172889707366,"kaiso","Influenza","B_mem",20,5,4,TRUE
9.70603995334963e-15,0.310740614616853,0.689259385383137,"klf_sp_1","Influenza","B_mem",20,5,4,TRUE
0.0662814281277903,0.30556468276668,0.628153889105529,"klf_sp_2","Influenza","B_mem",20,5,4,TRUE
1.12118795398791e-19,0.371257045606247,0.628742954393753,"klf_sp_3","Influenza","B_mem",20,5,4,TRUE
7.01031493395775e-13,0.677125474539594,0.322874525459705,"lef1","Influenza","B_mem",20,5,4,TRUE
0.0921700758384199,0.65399116746899,0.25383875669259,"lin54","Influenza","B_mem",20,5,4,TRUE
0,0.610738582711651,0.389261417288349,"maf","Influenza","B_mem",20,5,4,TRUE
0,0.773650678511732,0.226349321488268,"mbd2","Influenza","B_mem",20,5,4,TRUE
0.0740742455575857,0.393824646265303,0.532101108177111,"mecp2","Influenza","B_mem",20,5,4,TRUE
0.0270804192574443,0.160157186762213,0.812762393980343,"mef2","Influenza","B_mem",20,5,4,TRUE
0,0.513688133950753,0.486311866049248,"mfz1","Influenza","B_mem",20,5,4,TRUE
0,0.85139882225332,0.14860117774668,"mies","Influenza","B_mem",20,5,4,TRUE
0.0125656826496718,0.772195454115467,0.215238863234861,"mtf1","Influenza","B_mem",20,5,4,TRUE
0,0.763644183978691,0.236355816021309,"myb_1","Influenza","B_mem",20,5,4,TRUE
0.195858446814708,0.377449495735888,0.426692057449404,"myb_2","Influenza","B_mem",20,5,4,TRUE
0.0311637761192283,0.263190359737957,0.705645864142814,"myb_3","Influenza","B_mem",20,5,4,TRUE
0.137446161358798,0.284028575841781,0.578525262799421,"myb_4","Influenza","B_mem",20,5,4,TRUE
0,0.109828010829809,0.890171989170191,"myb_5","Influenza","B_mem",20,5,4,TRUE
0.0574497340161269,0.28270177505162,0.659848490932253,"mzf1","Influenza","B_mem",20,5,4,TRUE
0.0764966323463352,0.275684703295574,0.647818664358091,"nfac_2","Influenza","B_mem",20,5,4,TRUE
0.0322395986148615,0.145877017840405,0.821883383544733,"nfat_1","Influenza","B_mem",20,5,4,TRUE
0.0184952623638775,0.20722889371587,0.774275843920252,"nfat_2","Influenza","B_mem",20,5,4,TRUE
0,0.995653485951644,0.00434651404835615,"nfat_3","Influenza","B_mem",20,5,4,TRUE
2.30759366393438e-18,0.650690868823196,0.349309131176804,"nfat_4","Influenza","B_mem",20,5,4,TRUE
0.0256891081749031,0.662125518421492,0.312185373403605,"nfi_1","Influenza","B_mem",20,5,4,TRUE
0.115404660785992,0.482664448828751,0.401930890385256,"nfi_2","Influenza","B_mem",20,5,4,TRUE
0.117453060169186,0.49761300273888,0.384933937091933,"nfi_3","Influenza","B_mem",20,5,4,TRUE
0.0219236957460899,0.127173596790982,0.850902707462928,"nfkb_1","Influenza","B_mem",20,5,4,TRUE
0.026563809706758,0.129933164817808,0.843503025475434,"nfkb_2","Influenza","B_mem",20,5,4,TRUE
0.00495398935054407,0.122381315943268,0.872664694706188,"nfkb_3","Influenza","B_mem",20,5,4,TRUE
0.0118673673546391,0.0641781520588207,0.92395448058654,"nfy","Influenza","B_mem",20,5,4,TRUE
0.212842813349559,0.544602117181658,0.242555069468783,"nr_1","Influenza","B_mem",20,5,4,TRUE
0,0.901836224197056,0.0981637758029442,"nr_10","Influenza","B_mem",20,5,4,TRUE
0.0467184766057582,0.203329115734212,0.74995240766003,"nr_11","Influenza","B_mem",20,5,4,TRUE
0.318969022719947,0.412287837783222,0.268743139496831,"nr_12","Influenza","B_mem",20,5,4,TRUE
0,0.906807252799745,0.0931927472002553,"nr_13","Influenza","B_mem",20,5,4,TRUE
4.61348472485525e-14,0.407437849029746,0.592562150970208,"nr_14","Influenza","B_mem",20,5,4,TRUE
0.000137940841978121,0.774050395891513,0.225811663266509,"nr_15","Influenza","B_mem",20,5,4,TRUE
0,0.302701402522282,0.697298597477718,"nr_16","Influenza","B_mem",20,5,4,TRUE
0.185413293513675,0.239936373804767,0.574650332681557,"nr_17","Influenza","B_mem",20,5,4,TRUE
0.0391350850891683,0.397901532298669,0.562963382612163,"nr_18","Influenza","B_mem",20,5,4,TRUE
0.0779836487367083,0.736281121766198,0.185735229497094,"nr_19","Influenza","B_mem",20,5,4,TRUE
0,1,0,"nr_2","Influenza","B_mem",20,5,4,TRUE
0,1,0,"nr_20","Influenza","B_mem",20,5,4,TRUE
0.105281133311839,0.539704804370409,0.355014062317752,"nr_3","Influenza","B_mem",20,5,4,TRUE
0.0149460365920144,0.816293144698892,0.168760818709093,"nr_4","Influenza","B_mem",20,5,4,TRUE
0,0.845238718824731,0.154761281175269,"nr_5","Influenza","B_mem",20,5,4,TRUE
3.37139815310264e-14,0.552008821235931,0.447991178764035,"nr_6","Influenza","B_mem",20,5,4,TRUE
0,0.71316634786833,0.28683365213167,"nr_7","Influenza","B_mem",20,5,4,TRUE
9.06644131194053e-22,0.977711837161851,0.0222881628381493,"nr_8","Influenza","B_mem",20,5,4,TRUE
0.0828037930429871,0.690440618536343,0.22675558842067,"nr_9","Influenza","B_mem",20,5,4,TRUE
1.32355052050413e-12,0.311151675045071,0.688848324953605,"nr2e3","Influenza","B_mem",20,5,4,TRUE
1.62504749342054e-08,0.834670453953822,0.165329529795703,"nrf1","Influenza","B_mem",20,5,4,TRUE
0.0897863834303833,0.703872891008342,0.206340725561274,"oct4sox2","Influenza","B_mem",20,5,4,TRUE
0,0.422863102239938,0.577136897760062,"osr2","Influenza","B_mem",20,5,4,TRUE
0,0.999936419042484,6.35809575160604e-05,"ovol1","Influenza","B_mem",20,5,4,TRUE
0.0187969832049739,0.487822933630538,0.493380083164488,"p53_like_1","Influenza","B_mem",20,5,4,TRUE
0,0.915267361945796,0.0847326380542039,"p53_like_2","Influenza","B_mem",20,5,4,TRUE
0.171519385700177,0.280130184651031,0.548350429648792,"p53_like_3","Influenza","B_mem",20,5,4,TRUE
0,0.772124686202349,0.227875313797651,"pax_halfsite","Influenza","B_mem",20,5,4,TRUE
0.0540296332667591,0.159117904038397,0.786852462694844,"pax_1","Influenza","B_mem",20,5,4,TRUE
0.054694840039516,0.168817132630798,0.776488027329686,"pax_2","Influenza","B_mem",20,5,4,TRUE
0.0381913483189662,0.281522410364429,0.680286241316605,"plag1","Influenza","B_mem",20,5,4,TRUE
0.0393659946674359,0.121975835009883,0.838658170322681,"pou_1","Influenza","B_mem",20,5,4,TRUE
0.317110921038881,0.682889078688989,2.72130245585914e-10,"pou_2","Influenza","B_mem",20,5,4,TRUE
0,1,0,"pou_3","Influenza","B_mem",20,5,4,TRUE
0.158498908485203,0.530074145887679,0.311426945627118,"prdm1","Influenza","B_mem",20,5,4,TRUE
0,1,0,"prdm14","Influenza","B_mem",20,5,4,TRUE
0.0195257762145513,0.116618733675153,0.863855490110295,"prdm16","Influenza","B_mem",20,5,4,TRUE
0.147352769157936,0.259417823544027,0.593229407298038,"prdm4","Influenza","B_mem",20,5,4,TRUE
0.0519372610360775,0.487563369034928,0.460499369928994,"prdm5","Influenza","B_mem",20,5,4,TRUE
0.11201218259898,0.442216551668192,0.445771265732828,"prdm9","Influenza","B_mem",20,5,4,TRUE
0.0248252678123352,0.48709343976908,0.488081292418585,"prox1","Influenza","B_mem",20,5,4,TRUE
4.32339828820458e-22,0.55569566758261,0.44430433241739,"rbpj","Influenza","B_mem",20,5,4,TRUE
0.024316893495323,0.17785367056541,0.797829435939267,"rel_halfsite","Influenza","B_mem",20,5,4,TRUE
0.0676456633557296,0.900845397442122,0.0315089392021483,"rest_nrsf","Influenza","B_mem",20,5,4,TRUE
0,0.815693076588186,0.184306923411814,"rfx_1","Influenza","B_mem",20,5,4,TRUE
0,1,0,"rfx_2","Influenza","B_mem",20,5,4,TRUE
9.4522194672575e-13,0.828547517536979,0.171452482462076,"rfx_3","Influenza","B_mem",20,5,4,TRUE
0.121111607185899,0.31622181461481,0.562666578199291,"runx_1","Influenza","B_mem",20,5,4,TRUE
0.0976080405769576,0.123619403505022,0.77877255591802,"runx_2","Influenza","B_mem",20,5,4,TRUE
0.0839161336195659,0.275348667802691,0.640735198577743,"scrt1","Influenza","B_mem",20,5,4,TRUE
0,0.842694202049541,0.157305797950459,"six_1","Influenza","B_mem",20,5,4,TRUE
0.0435580175872281,0.531884458230894,0.424557524181878,"six_2","Influenza","B_mem",20,5,4,TRUE
0,0.363691511767813,0.636308488232187,"smad","Influenza","B_mem",20,5,4,TRUE
0.172904960888079,0.423427096376794,0.403667942735127,"smad_1","Influenza","B_mem",20,5,4,TRUE
0.0458414198312784,0.235991315494707,0.718167264674014,"smad_2","Influenza","B_mem",20,5,4,TRUE
5.52758425650416e-12,0.576244239759704,0.423755760234768,"smarca1","Influenza","B_mem",20,5,4,TRUE
0.020080732054301,0.730153628957844,0.249765638987855,"smarca5","Influenza","B_mem",20,5,4,TRUE
0.0462283017456648,0.115546516712304,0.838225181542031,"snai2","Influenza","B_mem",20,5,4,TRUE
2.56186617495516e-12,0.449641611177488,0.55035838881995,"sox_1","Influenza","B_mem",20,5,4,TRUE
0,0.508876420481535,0.491123579518465,"sox_2","Influenza","B_mem",20,5,4,TRUE
9.3800360995654e-10,0.8677250915896,0.132274907472397,"sox_3","Influenza","B_mem",20,5,4,TRUE
4.51554248267125e-20,0.705118540570806,0.294881459429194,"sox_4","Influenza","B_mem",20,5,4,TRUE
1.912871345617e-23,0.845253634948474,0.154746365051525,"sox_5","Influenza","B_mem",20,5,4,TRUE
0.0279890795995241,0.972010920399059,1.41721540195953e-12,"sox_6","Influenza","B_mem",20,5,4,TRUE
0.0559576320500726,0.247934380995667,0.696107986954261,"sox_7","Influenza","B_mem",20,5,4,TRUE
2.01545778859468e-14,0.96491318615123,0.0350868138487495,"sox_8","Influenza","B_mem",20,5,4,TRUE
0.194376519506208,0.457658505938399,0.347964974555393,"spdef_1","Influenza","B_mem",20,5,4,TRUE
0,0.745850502735121,0.254149497264879,"spdef_2","Influenza","B_mem",20,5,4,TRUE
0.0362789309771367,0.152438788740844,0.811282280282019,"spi","Influenza","B_mem",20,5,4,TRUE
0,1,0,"spz1","Influenza","B_mem",20,5,4,TRUE
0.0482236326406178,0.095009951452932,0.85676641590645,"srebf1","Influenza","B_mem",20,5,4,TRUE
0,0.986220653863889,0.0137793461361106,"srf","Influenza","B_mem",20,5,4,TRUE
0,0.715947336467746,0.284052663532254,"stat_1","Influenza","B_mem",20,5,4,TRUE
0,0.243339632787377,0.756660367212623,"stat_2","Influenza","B_mem",20,5,4,TRUE
1.92816482035683e-13,0.662045203301095,0.337954796698713,"tata","Influenza","B_mem",20,5,4,TRUE
0.0580812154669898,0.94191878450933,2.36804881576807e-11,"tbx_1","Influenza","B_mem",20,5,4,TRUE
0.0262944616897225,0.860538005935486,0.113167532374792,"tbx_2","Influenza","B_mem",20,5,4,TRUE
0,0.61240803946351,0.38759196053649,"tbx_3","Influenza","B_mem",20,5,4,TRUE
1.83490915039365e-12,0.577990222668755,0.42200977732941,"tbx_4","Influenza","B_mem",20,5,4,TRUE
3.20255548221209e-09,0.459749158977611,0.540250837819834,"tcf_lef","Influenza","B_mem",20,5,4,TRUE
0,0.7275586679309,0.2724413320691,"tead","Influenza","B_mem",20,5,4,TRUE
0,0.631393592992787,0.368606407007213,"tfap2_1","Influenza","B_mem",20,5,4,TRUE
0.0986630513602494,0.263695666286493,0.637641282353258,"tfap2_2","Influenza","B_mem",20,5,4,TRUE
0,0.965881964592078,0.0341180354079224,"tfcp2","Influenza","B_mem",20,5,4,TRUE
0,0.999999999999999,4.98320374334085e-16,"thap1","Influenza","B_mem",20,5,4,TRUE
0.0103814610891195,0.0719753983630116,0.917643140547869,"yy1","Influenza","B_mem",20,5,4,TRUE
0.182016421109647,0.312133245627716,0.505850333262637,"zbed1","Influenza","B_mem",20,5,4,TRUE
2.37517630599014e-19,0.679370335164963,0.320629664835037,"zbtb14","Influenza","B_mem",20,5,4,TRUE
0.047956570002155,0.952043429926555,7.12904186958842e-11,"zbtb48","Influenza","B_mem",20,5,4,TRUE
0,1,0,"zbtb49","Influenza","B_mem",20,5,4,TRUE
0,0.584332707761922,0.415667292238078,"zbtb6","Influenza","B_mem",20,5,4,TRUE
0.0383707441170912,0.19864025934334,0.762988996539569,"zbtb7a","Influenza","B_mem",20,5,4,TRUE
0.0550342622010998,0.162853779707783,0.782111958091117,"zfn121","Influenza","B_mem",20,5,4,TRUE
3.49307382847384e-13,0.764403737413419,0.235596262586231,"zfx","Influenza","B_mem",20,5,4,TRUE
0,0.384237574953622,0.615762425046378,"zic","Influenza","B_mem",20,5,4,TRUE
0,0.348846130249123,0.651153869750877,"zic_2","Influenza","B_mem",20,5,4,TRUE
0.0880031108362103,0.483525479988322,0.428471409175468,"zim3","Influenza","B_mem",20,5,4,TRUE
2.47664215545783e-10,0.812959283507938,0.187040716244397,"zkscan1","Influenza","B_mem",20,5,4,TRUE
0.0278952599960053,0.493648230142975,0.47845650986102,"znf134","Influenza","B_mem",20,5,4,TRUE
0.107466529079073,0.736727113202148,0.155806357718778,"znf136","Influenza","B_mem",20,5,4,TRUE
0,0.856022642133654,0.143977357866346,"znf140","Influenza","B_mem",20,5,4,TRUE
0.0822373908426507,0.318527750579772,0.599234858577578,"znf143","Influenza","B_mem",20,5,4,TRUE
0.0395723892233238,0.104490126559052,0.855937484217624,"znf143_1","Influenza","B_mem",20,5,4,TRUE
0.0145026893743561,0.67594028860693,0.309557022018714,"znf146","Influenza","B_mem",20,5,4,TRUE
0,0.861495391126997,0.138504608873003,"znf232","Influenza","B_mem",20,5,4,TRUE
0.0244401256327077,0.438172444376698,0.537387429990595,"znf24","Influenza","B_mem",20,5,4,TRUE
0.17250196957097,0.462146036758584,0.365351993670446,"znf250","Influenza","B_mem",20,5,4,TRUE
0,0.416357146565698,0.583642853434302,"znf257","Influenza","B_mem",20,5,4,TRUE
0,0.687515572485391,0.312484427514609,"znf274","Influenza","B_mem",20,5,4,TRUE
0,0.349990413251645,0.650009586748355,"znf28","Influenza","B_mem",20,5,4,TRUE
0.183308650839383,0.583143412527602,0.233547936633015,"znf282","Influenza","B_mem",20,5,4,TRUE
7.78831314403396e-12,0.629909587489146,0.370090412503065,"znf306","Influenza","B_mem",20,5,4,TRUE
0.0125997198990679,0.46652389780446,0.520876382296472,"znf317","Influenza","B_mem",20,5,4,TRUE
0,0.304042893760402,0.695957106239598,"znf320","Influenza","B_mem",20,5,4,TRUE
2.51435767527971e-09,0.87258594292814,0.127414054557503,"znf324","Influenza","B_mem",20,5,4,TRUE
0,0.789950842553295,0.210049157446705,"znf329","Influenza","B_mem",20,5,4,TRUE
0.0267694564164458,0.355418714578728,0.617811829004826,"znf331","Influenza","B_mem",20,5,4,TRUE
0.103532159134765,0.236873232740762,0.659594608124473,"znf332","Influenza","B_mem",20,5,4,TRUE
0.0794211843237754,0.324481884138116,0.596096931538108,"znf335","Influenza","B_mem",20,5,4,TRUE
0.0424863653555758,0.579962435900373,0.377551198744051,"znf354","Influenza","B_mem",20,5,4,TRUE
0.0283613420755008,0.659578245055156,0.312060412869344,"znf382","Influenza","B_mem",20,5,4,TRUE
0.0913939718455014,0.545174794682137,0.363431233472361,"znf384_1","Influenza","B_mem",20,5,4,TRUE
0.0199134039774888,0.354959134439672,0.625127461582839,"znf384_2","Influenza","B_mem",20,5,4,TRUE
2.99370324108362e-21,0.96208239883075,0.0379176011692498,"znf41","Influenza","B_mem",20,5,4,TRUE
0.00799012554832684,0.808190283458017,0.183819590993656,"znf410","Influenza","B_mem",20,5,4,TRUE
0,1,0,"znf418","Influenza","B_mem",20,5,4,TRUE
0.0124405965445624,0.382914316713632,0.604645086741806,"znf423","Influenza","B_mem",20,5,4,TRUE
0.0683167638740266,0.931683236125973,0,"znf431","Influenza","B_mem",20,5,4,TRUE
0,0.474044002697994,0.525955997302005,"znf435","Influenza","B_mem",20,5,4,TRUE
0.0275864018403336,0.972413598159536,1.30058536989062e-13,"znf436","Influenza","B_mem",20,5,4,TRUE
0,0.905468561087346,0.0945314389126542,"znf449","Influenza","B_mem",20,5,4,TRUE
2.70483002213581e-22,0.621675562514219,0.378324437485781,"znf490","Influenza","B_mem",20,5,4,TRUE
0.00757854603855728,0.29413627706423,0.698285176897212,"znf524","Influenza","B_mem",20,5,4,TRUE
0,1,0,"znf528","Influenza","B_mem",20,5,4,TRUE
0,1,0,"znf53","Influenza","B_mem",20,5,4,TRUE
3.39708070081301e-09,0.876920282074208,0.123079714528711,"znf547","Influenza","B_mem",20,5,4,TRUE
0,0.507038643219607,0.492961356780393,"znf549","Influenza","B_mem",20,5,4,TRUE
0.0186998577874877,0.866767765918059,0.114532376294453,"znf554","Influenza","B_mem",20,5,4,TRUE
0,0.718861289390836,0.281138710609164,"znf563","Influenza","B_mem",20,5,4,TRUE
0.0545219355685522,0.583352437901718,0.36212562652973,"znf57","Influenza","B_mem",20,5,4,TRUE
0,1,0,"znf586","Influenza","B_mem",20,5,4,TRUE
2.64652879445886e-20,0.886234140965379,0.113765859034621,"znf652","Influenza","B_mem",20,5,4,TRUE
6.33243176548162e-13,0.645124445667417,0.35487555433195,"znf667","Influenza","B_mem",20,5,4,TRUE
0,1,0,"znf680","Influenza","B_mem",20,5,4,TRUE
0,1,0,"znf708","Influenza","B_mem",20,5,4,TRUE
0,0.963660605847995,0.0363393941520056,"znf713","Influenza","B_mem",20,5,4,TRUE
0.00902315044678831,0.33588253995811,0.655094309595102,"znf768","Influenza","B_mem",20,5,4,TRUE
0,0.900089471569214,0.0999105284307863,"znf784","Influenza","B_mem",20,5,4,TRUE
4.48094291524133e-12,0.531700640573883,0.468299359421636,"znf85","Influenza","B_mem",20,5,4,TRUE
0.0752772191804444,0.271490370002713,0.653232410816842,"znf85_1","Influenza","B_mem",20,5,4,TRUE
0,0.414945170251841,0.585054829748159,"zscan3","Influenza","B_mem",20,5,4,TRUE
2.80200725344249e-12,0.98485424672297,0.0151457532742278,"zscan4","Influenza","B_mem",20,5,4,TRUE
0,0.795387990866492,0.204612009133507,"ahr","Influenza","B_naive",20,5,4,TRUE
0,1,0,"aire","Influenza","B_naive",20,5,4,TRUE
0.0465581980112379,0.200648217278777,0.752793584709985,"ap1_1","Influenza","B_naive",20,5,4,TRUE
0.0386847904130416,0.159920200879086,0.801395008707873,"ap1_2","Influenza","B_naive",20,5,4,TRUE
2.73958235917056e-25,0.75630535507143,0.24369464492857,"ari5a","Influenza","B_naive",20,5,4,TRUE
1.03324838552513e-11,0.884127924647181,0.115872075342487,"ari5b","Influenza","B_naive",20,5,4,TRUE
0,0.682844318477282,0.317155681522718,"batf","Influenza","B_naive",20,5,4,TRUE
0.0643852366486662,0.647439261700588,0.288175501650745,"bcl6_1","Influenza","B_naive",20,5,4,TRUE
1.71103198222261e-21,0.946792706080211,0.0532072939197887,"bcl6_2","Influenza","B_naive",20,5,4,TRUE
0.0185961831146738,0.0593272420960969,0.922076574789229,"ccaat_cebp","Influenza","B_naive",20,5,4,TRUE
1.97933390744645e-13,0.662955720464114,0.337044279535688,"cenbp","Influenza","B_naive",20,5,4,TRUE
0,0.444715061934195,0.555284938065805,"cpeb1","Influenza","B_naive",20,5,4,TRUE
0.13690216171017,0.351011265545584,0.512086572744247,"creb_atf_1","Influenza","B_naive",20,5,4,TRUE
0.0209932085919983,0.13694281945367,0.842063971954332,"creb_atf_2","Influenza","B_naive",20,5,4,TRUE
0.0179660290804335,0.06271229994736,0.919321670972207,"creb_atf_3","Influenza","B_naive",20,5,4,TRUE
2.18235500241762e-12,0.517507683930689,0.482492316067128,"creb3_xbp1","Influenza","B_naive",20,5,4,TRUE
0,0.2373937654869,0.7626062345131,"ctcf","Influenza","B_naive",20,5,4,TRUE
0.335203826359816,0.633660513961676,0.0311356596785082,"cux_1","Influenza","B_naive",20,5,4,TRUE
0,1,0,"cux_2","Influenza","B_naive",20,5,4,TRUE
0,0.776665367485567,0.223334632514433,"cux_3","Influenza","B_naive",20,5,4,TRUE
0,1,0,"cux_4","Influenza","B_naive",20,5,4,TRUE
0,0.513570571085373,0.486429428914628,"ddit3cebpa","Influenza","B_naive",20,5,4,TRUE
0.030750662212557,0.332269919189327,0.636979418598116,"dmrt1","Influenza","B_naive",20,5,4,TRUE
1.99236035132073e-09,0.40383263826688,0.596167359740759,"dmrt3","Influenza","B_naive",20,5,4,TRUE
0.30341304151408,0.654194224457339,0.0423927340285811,"e2f_1","Influenza","B_naive",20,5,4,TRUE
0.157538005734954,0.634099143203723,0.208362851061323,"e2f_2","Influenza","B_naive",20,5,4,TRUE
0.0740305615624431,0.925969438437557,0,"e2f_3","Influenza","B_naive",20,5,4,TRUE
0.0822364852799843,0.78696536207787,0.130798152642146,"e2f_4","Influenza","B_naive",20,5,4,TRUE
0.0365010067900082,0.0688081967774315,0.89469079643256,"ebf1","Influenza","B_naive",20,5,4,TRUE
0.0289972851005426,0.0916084185017711,0.879394296397686,"ebox_cacctg","Influenza","B_naive",20,5,4,TRUE
0.0078751256209071,0.584503164204708,0.407621710174384,"ebox_cacgtg_1","Influenza","B_naive",20,5,4,TRUE
0.0581008086843405,0.941899191275914,3.97453858696595e-11,"ebox_cacgtg_2","Influenza","B_naive",20,5,4,TRUE
9.650054014165e-13,0.144506641066977,0.855493358932058,"ebox_cagatgg","Influenza","B_naive",20,5,4,TRUE
0.0351580160170036,0.0603134849704583,0.904528499012538,"ebox_cagctg","Influenza","B_naive",20,5,4,TRUE
0.0820674022257541,0.917932597774246,0,"ebox_catatg","Influenza","B_naive",20,5,4,TRUE
0,1,0,"egr","Influenza","B_naive",20,5,4,TRUE
0.114759178567934,0.34676315358014,0.538477667851925,"ets_1","Influenza","B_naive",20,5,4,TRUE
0.0884202210643923,0.861372062232078,0.0502077167035294,"ets_2","Influenza","B_naive",20,5,4,TRUE
0,1,0,"evi1_mecom","Influenza","B_naive",20,5,4,TRUE
2.18430169307746e-11,0.877459802233047,0.12254019774511,"ewsr1_fli1","Influenza","B_naive",20,5,4,TRUE
0.0465880528329698,0.862424956297639,0.0909869908693911,"fezf1","Influenza","B_naive",20,5,4,TRUE
0,0.73752288586284,0.26247711413716,"fox_1","Influenza","B_naive",20,5,4,TRUE
0,0.854718714248399,0.145281285751601,"fox_2","Influenza","B_naive",20,5,4,TRUE
0,1,0,"fox_3","Influenza","B_naive",20,5,4,TRUE
0.0488221403500036,0.251568794521455,0.699609065128542,"fox_4","Influenza","B_naive",20,5,4,TRUE
0,0.632415656122388,0.367584343877612,"fox_5","Influenza","B_naive",20,5,4,TRUE
1.63771026980057e-11,0.94565113408991,0.054348865893713,"fox_6","Influenza","B_naive",20,5,4,TRUE
0.0378002831613696,0.76484121800508,0.197358498833551,"fox_7","Influenza","B_naive",20,5,4,TRUE
0,1,0,"fox_8","Influenza","B_naive",20,5,4,TRUE
0.0776634195242296,0.922336580475655,1.15380554516985e-13,"fox_9","Influenza","B_naive",20,5,4,TRUE
0.0186130752460203,0.289818560061414,0.691568364692565,"gata","Influenza","B_naive",20,5,4,TRUE
0,1,0,"gc_tract","Influenza","B_naive",20,5,4,TRUE
0,1,0,"gcm","Influenza","B_naive",20,5,4,TRUE
0,0.903343023259101,0.0966569767408991,"gfi","Influenza","B_naive",20,5,4,TRUE
0,0.778790436660608,0.221209563339392,"gli","Influenza","B_naive",20,5,4,TRUE
2.41493360511372e-10,0.500403379869768,0.499596619888739,"glis","Influenza","B_naive",20,5,4,TRUE
0,0.734191026726927,0.265808973273073,"gmeb2_1","Influenza","B_naive",20,5,4,TRUE
0.156461794499384,0.607299897829647,0.236238307670969,"gmeb2_2","Influenza","B_naive",20,5,4,TRUE
8.79165277843913e-12,0.80494446416326,0.195055535827948,"gmeb2_3","Influenza","B_naive",20,5,4,TRUE
0.045489731631977,0.954510268368023,0,"grhl","Influenza","B_naive",20,5,4,TRUE
0.0398855957049327,0.712909537725988,0.247204866569079,"hand1","Influenza","B_naive",20,5,4,TRUE
0,1,0,"hd_1","Influenza","B_naive",20,5,4,TRUE
0.143004662280461,0.690695634661824,0.166299703057715,"hd_10","Influenza","B_naive",20,5,4,TRUE
0.0707683875315806,0.62901316292573,0.30021844954269,"hd_11","Influenza","B_naive",20,5,4,TRUE
0.007757205253807,0.171343831853507,0.820898962892686,"hd_12","Influenza","B_naive",20,5,4,TRUE
0.100493453197309,0.890332100557571,0.00917444624512026,"hd_13","Influenza","B_naive",20,5,4,TRUE
0,1,0,"hd_14","Influenza","B_naive",20,5,4,TRUE
4.12024491532628e-12,0.577125810567454,0.422874189428425,"hd_15","Influenza","B_naive",20,5,4,TRUE
0.00688729032989544,0.905839324524578,0.0872733851455263,"hd_16","Influenza","B_naive",20,5,4,TRUE
1.65291918930742e-13,0.661495851015269,0.338504148984566,"hd_17","Influenza","B_naive",20,5,4,TRUE
0,1,0,"hd_18","Influenza","B_naive",20,5,4,TRUE
0.0381916445440437,0.961808355455946,1.00011714954666e-14,"hd_19","Influenza","B_naive",20,5,4,TRUE
3.81625041362654e-12,0.534109772704912,0.465890227291272,"hd_2","Influenza","B_naive",20,5,4,TRUE
0.0447052181861844,0.76985620570395,0.185438576109866,"hd_20","Influenza","B_naive",20,5,4,TRUE
0.0374555595743462,0.767519280731177,0.195025159694477,"hd_21","Influenza","B_naive",20,5,4,TRUE
0,0.742202484113368,0.257797515886632,"hd_22","Influenza","B_naive",20,5,4,TRUE
9.01451187594235e-13,0.645938444853175,0.354061555145923,"hd_23","Influenza","B_naive",20,5,4,TRUE
1.89350932746761e-20,0.716296123920181,0.283703876079819,"hd_24","Influenza","B_naive",20,5,4,TRUE
0.283819444286082,0.44506446350234,0.271116092211579,"hd_25","Influenza","B_naive",20,5,4,TRUE
0,0.84776428849068,0.15223571150932,"hd_3","Influenza","B_naive",20,5,4,TRUE
0.0173878063257345,0.716004837594163,0.266607356080102,"hd_4","Influenza","B_naive",20,5,4,TRUE
0,0.747607955411258,0.252392044588742,"hd_5","Influenza","B_naive",20,5,4,TRUE
2.75994080290591e-15,0.988242692907242,0.0117573070927552,"hd_6","Influenza","B_naive",20,5,4,TRUE
6.31763947535977e-10,0.257163902405372,0.742836096962864,"hd_7","Influenza","B_naive",20,5,4,TRUE
0,0.780461171708152,0.219538828291848,"hd_8","Influenza","B_naive",20,5,4,TRUE
0.159855452267876,0.840144547732124,1.94724660503128e-20,"hd_9","Influenza","B_naive",20,5,4,TRUE
0.0636795827595831,0.179822608138906,0.75649780910151,"hen1","Influenza","B_naive",20,5,4,TRUE
0.147975443113918,0.449521826529173,0.402502730356908,"hic_1","Influenza","B_naive",20,5,4,TRUE
0.219053803808117,0.780946196191883,3.51749447037909e-20,"hic_2","Influenza","B_naive",20,5,4,TRUE
0,1,0,"hif","Influenza","B_naive",20,5,4,TRUE
0.11695188594096,0.595867050399858,0.287181063659182,"hinfp1_1","Influenza","B_naive",20,5,4,TRUE
0,1,0,"hinfp1_2","Influenza","B_naive",20,5,4,TRUE
0.160323296379597,0.735325798952184,0.104350904668219,"hinfp1_3","Influenza","B_naive",20,5,4,TRUE
0,0.90524941032177,0.0947505896782298,"hltf","Influenza","B_naive",20,5,4,TRUE
0,1,0,"homez","Influenza","B_naive",20,5,4,TRUE
0.0184065716509402,0.153465937737545,0.828127490611515,"hsf","Influenza","B_naive",20,5,4,TRUE
0.0596725334070373,0.391570322805735,0.548757143787227,"hsfy2","Influenza","B_naive",20,5,4,TRUE
0,0.456885645331875,0.543114354668125,"insm1","Influenza","B_naive",20,5,4,TRUE
0.217064485630694,0.671500130003607,0.111435384365699,"irf_1","Influenza","B_naive",20,5,4,TRUE
0.0285296599487003,0.0705503083590868,0.900920031692213,"irf_2","Influenza","B_naive",20,5,4,TRUE
0.0871721416385022,0.526852698278301,0.385975160083197,"irf_3","Influenza","B_naive",20,5,4,TRUE
0,0.650499781932692,0.349500218067308,"irf_4","Influenza","B_naive",20,5,4,TRUE
5.18712425938988e-15,0.997595715999411,0.00240428400058339,"kaiso","Influenza","B_naive",20,5,4,TRUE
4.76547792176742e-16,0.265375155935521,0.734624844064478,"klf_sp_1","Influenza","B_naive",20,5,4,TRUE
0,0.735643242727365,0.264356757272635,"klf_sp_2","Influenza","B_naive",20,5,4,TRUE
0.0799332175266536,0.61773592006961,0.302330862403737,"klf_sp_3","Influenza","B_naive",20,5,4,TRUE
0,1,5.70286724944727e-17,"lef1","Influenza","B_naive",20,5,4,TRUE
0,0.964081052082835,0.0359189479171648,"lin54","Influenza","B_naive",20,5,4,TRUE
3.15738632334801e-10,0.560197726804584,0.439802272879677,"maf","Influenza","B_naive",20,5,4,TRUE
0.148943621892417,0.65686073548769,0.194195642619892,"mbd2","Influenza","B_naive",20,5,4,TRUE
0.102384241197452,0.642367255702881,0.255248503099667,"mecp2","Influenza","B_naive",20,5,4,TRUE
0.047294454145725,0.0832417757779928,0.869463770076282,"mef2","Influenza","B_naive",20,5,4,TRUE
2.70916681968191e-12,0.643552768815981,0.356447231181309,"mfz1","Influenza","B_naive",20,5,4,TRUE
0.0463156036090974,0.886130918635416,0.0675534777554861,"mies","Influenza","B_naive",20,5,4,TRUE
0,1,0,"mtf1","Influenza","B_naive",20,5,4,TRUE
0,1,4.47052186158737e-17,"myb_1","Influenza","B_naive",20,5,4,TRUE
0,1,0,"myb_2","Influenza","B_naive",20,5,4,TRUE
0.0933063727554524,0.239152967138711,0.667540660105836,"myb_3","Influenza","B_naive",20,5,4,TRUE
0.232332983436247,0.164358948768535,0.603308067795219,"myb_4","Influenza","B_naive",20,5,4,TRUE
0.192710873783447,0.294676411514995,0.512612714701558,"myb_5","Influenza","B_naive",20,5,4,TRUE
0.0712887486145837,0.399902336908132,0.528808914477285,"mzf1","Influenza","B_naive",20,5,4,TRUE
0.0716614282140633,0.848680139769487,0.0796584320164497,"nfac_2","Influenza","B_naive",20,5,4,TRUE
0,0.242999019317461,0.757000980682539,"nfat_1","Influenza","B_naive",20,5,4,TRUE
0,0.297246979285911,0.702753020714089,"nfat_2","Influenza","B_naive",20,5,4,TRUE
0,1,0,"nfat_3","Influenza","B_naive",20,5,4,TRUE
0.353828111238599,0.257974033689574,0.388197855071827,"nfat_4","Influenza","B_naive",20,5,4,TRUE
0,0.796149395504214,0.203850604495786,"nfi_1","Influenza","B_naive",20,5,4,TRUE
0.153917522044201,0.846082477954708,1.09085492791379e-12,"nfi_2","Influenza","B_naive",20,5,4,TRUE
0,1,0,"nfi_3","Influenza","B_naive",20,5,4,TRUE
0.0493167469771033,0.106663049854633,0.844020203168263,"nfkb_1","Influenza","B_naive",20,5,4,TRUE
0.0191837715273482,0.235968224423263,0.744848004049389,"nfkb_2","Influenza","B_naive",20,5,4,TRUE
0.0722956630020484,0.213022912315746,0.714681424682205,"nfkb_3","Influenza","B_naive",20,5,4,TRUE
0.00695242021881186,0.0662158817057998,0.926831698075388,"nfy","Influenza","B_naive",20,5,4,TRUE
0.0586010037720175,0.484523182575686,0.456875813652296,"nr_1","Influenza","B_naive",20,5,4,TRUE
0,1,0,"nr_10","Influenza","B_naive",20,5,4,TRUE
0.212342407423375,0.32804935611469,0.459608236461935,"nr_11","Influenza","B_naive",20,5,4,TRUE
0.0969520419155956,0.837591302263271,0.0654566558211338,"nr_12","Influenza","B_naive",20,5,4,TRUE
0.230271155196814,0.571226686679866,0.19850215812332,"nr_13","Influenza","B_naive",20,5,4,TRUE
0,0.477256852750909,0.522743147249091,"nr_14","Influenza","B_naive",20,5,4,TRUE
8.8757674997788e-11,0.680586839998884,0.319413159912358,"nr_15","Influenza","B_naive",20,5,4,TRUE
0.156258591307024,0.65261205476453,0.191129353928446,"nr_16","Influenza","B_naive",20,5,4,TRUE
1.69485391689532e-18,0.90806134503978,0.0919386549602203,"nr_17","Influenza","B_naive",20,5,4,TRUE
0,0.492778029816291,0.507221970183709,"nr_18","Influenza","B_naive",20,5,4,TRUE
0.0606134417750408,0.750848952165002,0.188537606059958,"nr_19","Influenza","B_naive",20,5,4,TRUE
0,0.911060442283522,0.0889395577164776,"nr_2","Influenza","B_naive",20,5,4,TRUE
0.124623119656804,0.591126435014304,0.284250445328892,"nr_20","Influenza","B_naive",20,5,4,TRUE
0.0216035484491278,0.666416224255734,0.311980227295138,"nr_3","Influenza","B_naive",20,5,4,TRUE
0,1,0,"nr_4","Influenza","B_naive",20,5,4,TRUE
0,0.959468202962868,0.0405317970371316,"nr_5","Influenza","B_naive",20,5,4,TRUE
0.0594989256353255,0.940501074349415,1.52599076425277e-11,"nr_6","Influenza","B_naive",20,5,4,TRUE
0.113562705374977,0.746178900597746,0.140258394027277,"nr_7","Influenza","B_naive",20,5,4,TRUE
0,1,0,"nr_8","Influenza","B_naive",20,5,4,TRUE
1.45013448083584e-20,0.85238857937367,0.14761142062633,"nr_9","Influenza","B_naive",20,5,4,TRUE
2.21965685275373e-12,0.922175728668981,0.0778242713287993,"nr2e3","Influenza","B_naive",20,5,4,TRUE
0,1,0,"nrf1","Influenza","B_naive",20,5,4,TRUE
0,1,0,"oct4sox2","Influenza","B_naive",20,5,4,TRUE
1.14728226039157e-11,0.430178805869174,0.569821194119353,"osr2","Influenza","B_naive",20,5,4,TRUE
0,0.709190086999657,0.290809913000343,"ovol1","Influenza","B_naive",20,5,4,TRUE
0,1,0,"p53_like_1","Influenza","B_naive",20,5,4,TRUE
0,0.499657379016668,0.500342620983332,"p53_like_2","Influenza","B_naive",20,5,4,TRUE
8.11161717493861e-11,0.814528996772064,0.18547100314682,"p53_like_3","Influenza","B_naive",20,5,4,TRUE
0.307945368997044,0.280657250416324,0.411397380586632,"pax_halfsite","Influenza","B_naive",20,5,4,TRUE
0,0.192190253111436,0.807809746888564,"pax_1","Influenza","B_naive",20,5,4,TRUE
0.0293890016272392,0.0894380926154639,0.881172905757297,"pax_2","Influenza","B_naive",20,5,4,TRUE
0.173208211626383,0.13346662117135,0.693325167202267,"plag1","Influenza","B_naive",20,5,4,TRUE
0.0123731276394248,0.187983882059064,0.799642990301511,"pou_1","Influenza","B_naive",20,5,4,TRUE
0.314901842887875,0.498767996690415,0.18633016042171,"pou_2","Influenza","B_naive",20,5,4,TRUE
0.128845396659262,0.567973258508447,0.30318134483229,"pou_3","Influenza","B_naive",20,5,4,TRUE
0.0856855724448369,0.473898386367009,0.440416041188154,"prdm1","Influenza","B_naive",20,5,4,TRUE
0,0.669825591052749,0.330174408947251,"prdm14","Influenza","B_naive",20,5,4,TRUE
0.0530261113294587,0.285404749567992,0.66156913910255,"prdm16","Influenza","B_naive",20,5,4,TRUE
8.67965720532498e-08,0.881388454872025,0.118611458331403,"prdm4","Influenza","B_naive",20,5,4,TRUE
0,0.557612853859707,0.442387146140293,"prdm5","Influenza","B_naive",20,5,4,TRUE
0.140984494398797,0.204504320496915,0.654511185104288,"prdm9","Influenza","B_naive",20,5,4,TRUE
0,0.903133987145814,0.0968660128541865,"prox1","Influenza","B_naive",20,5,4,TRUE
0.0479304922859162,0.740774428024772,0.211295079689312,"rbpj","Influenza","B_naive",20,5,4,TRUE
0.149363536392109,0.216685390225216,0.633951073382674,"rel_halfsite","Influenza","B_naive",20,5,4,TRUE
2.90335180091623e-22,0.726805184940955,0.273194815059045,"rest_nrsf","Influenza","B_naive",20,5,4,TRUE
0.0516096957652422,0.757028601059414,0.191361703175343,"rfx_1","Influenza","B_naive",20,5,4,TRUE
0.0680309175484392,0.839210419984098,0.0927586624674629,"rfx_2","Influenza","B_naive",20,5,4,TRUE
0,0.944232295213844,0.0557677047861557,"rfx_3","Influenza","B_naive",20,5,4,TRUE
0.128197945577596,0.255584113237828,0.616217941184576,"runx_1","Influenza","B_naive",20,5,4,TRUE
8.70710128526418e-11,0.421617688612142,0.578382311300787,"runx_2","Influenza","B_naive",20,5,4,TRUE
0.0986350433718664,0.320846740694507,0.580518215933627,"scrt1","Influenza","B_naive",20,5,4,TRUE
6.70439260900998e-13,0.972827776277467,0.027172223721863,"six_1","Influenza","B_naive",20,5,4,TRUE
0.0467152431841238,0.444847823325385,0.508436933490492,"six_2","Influenza","B_naive",20,5,4,TRUE
7.43684673395104e-08,0.879845416486463,0.12015450914507,"smad","Influenza","B_naive",20,5,4,TRUE
0,0.936382715717961,0.0636172842820388,"smad_1","Influenza","B_naive",20,5,4,TRUE
0,0.471680444088331,0.528319555911669,"smad_2","Influenza","B_naive",20,5,4,TRUE
0,0.774649159461805,0.225350840538195,"smarca1","Influenza","B_naive",20,5,4,TRUE
0,0.956522142567682,0.0434778574323182,"smarca5","Influenza","B_naive",20,5,4,TRUE
0.047360663119987,0.23522179444503,0.717417542434982,"snai2","Influenza","B_naive",20,5,4,TRUE
0,1,0,"sox_1","Influenza","B_naive",20,5,4,TRUE
0.0701722580405465,0.729186156096749,0.200641585862705,"sox_2","Influenza","B_naive",20,5,4,TRUE
0.0111087312954308,0.52098015481605,0.467911113888519,"sox_3","Influenza","B_naive",20,5,4,TRUE
0,1,0,"sox_4","Influenza","B_naive",20,5,4,TRUE
0.157154061902662,0.842845938097321,1.72158606628247e-14,"sox_5","Influenza","B_naive",20,5,4,TRUE
5.35459277428888e-12,0.895375316773393,0.104624683221253,"sox_6","Influenza","B_naive",20,5,4,TRUE
0.037947359030656,0.382472866575036,0.579579774394308,"sox_7","Influenza","B_naive",20,5,4,TRUE
0.0672118323469245,0.932788167653075,2.99414822204595e-21,"sox_8","Influenza","B_naive",20,5,4,TRUE
0,1,0,"spdef_1","Influenza","B_naive",20,5,4,TRUE
0.048880756820646,0.774366980960742,0.176752262218612,"spdef_2","Influenza","B_naive",20,5,4,TRUE
0.0376484979621815,0.0821332671190251,0.880218234918793,"spi","Influenza","B_naive",20,5,4,TRUE
0.148567710453415,0.608400284483234,0.243032005063351,"spz1","Influenza","B_naive",20,5,4,TRUE
0.00198912546765601,0.264419240270219,0.733591634262125,"srebf1","Influenza","B_naive",20,5,4,TRUE
0,1,0,"srf","Influenza","B_naive",20,5,4,TRUE
0,0.931491760822687,0.0685082391773131,"stat_1","Influenza","B_naive",20,5,4,TRUE
0,0.360612212515246,0.639387787484754,"stat_2","Influenza","B_naive",20,5,4,TRUE
0,0.766243252995491,0.233756747004509,"tata","Influenza","B_naive",20,5,4,TRUE
0,1,0,"tbx_1","Influenza","B_naive",20,5,4,TRUE
5.29161187802498e-14,0.747332075609082,0.252667924390865,"tbx_2","Influenza","B_naive",20,5,4,TRUE
0,0.7862804268516,0.2137195731484,"tbx_3","Influenza","B_naive",20,5,4,TRUE
3.17413621786471e-10,0.678053049983029,0.321946949699558,"tbx_4","Influenza","B_naive",20,5,4,TRUE
0.0160511955308339,0.132745361333459,0.851203443135707,"tcf_lef","Influenza","B_naive",20,5,4,TRUE
0.0615687673915427,0.776671593875386,0.161759638733071,"tead","Influenza","B_naive",20,5,4,TRUE
0.0283237361607308,0.431449756684275,0.540226507154994,"tfap2_1","Influenza","B_naive",20,5,4,TRUE
0.0773220555382456,0.613328453754009,0.309349490707745,"tfap2_2","Influenza","B_naive",20,5,4,TRUE
0.136258506770116,0.709716973816377,0.154024519413507,"tfcp2","Influenza","B_naive",20,5,4,TRUE
0,1,0,"thap1","Influenza","B_naive",20,5,4,TRUE
0.0401621976512407,0.0558639566647788,0.903973845683981,"yy1","Influenza","B_naive",20,5,4,TRUE
6.9771164717289e-10,0.669948478793279,0.330051520509009,"zbed1","Influenza","B_naive",20,5,4,TRUE
0,0.967873689372653,0.0321263106273472,"zbtb14","Influenza","B_naive",20,5,4,TRUE
0,0.725819117283496,0.274180882716504,"zbtb48","Influenza","B_naive",20,5,4,TRUE
0.323870159014496,0.631689678288077,0.0444401626974271,"zbtb49","Influenza","B_naive",20,5,4,TRUE
1.95272881835369e-11,0.470992483337033,0.529007516643439,"zbtb6","Influenza","B_naive",20,5,4,TRUE
0.0017206215017516,0.151460272737226,0.846819105761022,"zbtb7a","Influenza","B_naive",20,5,4,TRUE
0.0833932214378328,0.180943974648331,0.735662803913836,"zfn121","Influenza","B_naive",20,5,4,TRUE
0,0.833823893677974,0.166176106322026,"zfx","Influenza","B_naive",20,5,4,TRUE
0.0892513093065151,0.245702829254395,0.66504586143909,"zic","Influenza","B_naive",20,5,4,TRUE
0.0323153991413142,0.225821663450437,0.741862937408249,"zic_2","Influenza","B_naive",20,5,4,TRUE
0,0.421125290637942,0.578874709362059,"zim3","Influenza","B_naive",20,5,4,TRUE
0.144266797246285,0.741329252823979,0.114403949929736,"zkscan1","Influenza","B_naive",20,5,4,TRUE
0.276137889258518,0.564970479574788,0.158891631166694,"znf134","Influenza","B_naive",20,5,4,TRUE
0,1,0,"znf136","Influenza","B_naive",20,5,4,TRUE
0,0.563436246043698,0.436563753956302,"znf140","Influenza","B_naive",20,5,4,TRUE
0.0507372687903193,0.540519624540029,0.408743106669652,"znf143","Influenza","B_naive",20,5,4,TRUE
0.0623875847854747,0.136280520643892,0.801331894570633,"znf143_1","Influenza","B_naive",20,5,4,TRUE
0.0231388966625778,0.44358244181048,0.533278661526943,"znf146","Influenza","B_naive",20,5,4,TRUE
0,0.759454301353288,0.240545698646712,"znf232","Influenza","B_naive",20,5,4,TRUE
0.0120401011781763,0.34545556765421,0.642504331167614,"znf24","Influenza","B_naive",20,5,4,TRUE
0.0568268744344103,0.612102207376315,0.331070918189274,"znf250","Influenza","B_naive",20,5,4,TRUE
0,0.927677175864862,0.0723228241351376,"znf257","Influenza","B_naive",20,5,4,TRUE
0.00408833955948751,0.434652041564278,0.561259618876234,"znf274","Influenza","B_naive",20,5,4,TRUE
0.208399132787459,0.234047646651057,0.557553220561485,"znf28","Influenza","B_naive",20,5,4,TRUE
0,0.900367868256224,0.0996321317437761,"znf282","Influenza","B_naive",20,5,4,TRUE
0,0.696377741333767,0.303622258666233,"znf306","Influenza","B_naive",20,5,4,TRUE
6.5270766230564e-11,0.826918925486146,0.173081074448583,"znf317","Influenza","B_naive",20,5,4,TRUE
0.0553608507227355,0.539347993954314,0.40529115532295,"znf320","Influenza","B_naive",20,5,4,TRUE
0,1,0,"znf324","Influenza","B_naive",20,5,4,TRUE
0,0.753627176799932,0.246372823200068,"znf329","Influenza","B_naive",20,5,4,TRUE
0,0.786301665612389,0.213698334387611,"znf331","Influenza","B_naive",20,5,4,TRUE
0,0.999999999999998,1.51955097677092e-15,"znf332","Influenza","B_naive",20,5,4,TRUE
0.290816507402664,0.39951677508599,0.309666717511346,"znf335","Influenza","B_naive",20,5,4,TRUE
0.0280398417068385,0.608355903263433,0.363604255029729,"znf354","Influenza","B_naive",20,5,4,TRUE
0,1,0,"znf382","Influenza","B_naive",20,5,4,TRUE
0,0.904473636600847,0.0955263633991531,"znf384_1","Influenza","B_naive",20,5,4,TRUE
0.00956517824353541,0.307158411212199,0.683276410544266,"znf384_2","Influenza","B_naive",20,5,4,TRUE
0.00474513022420589,0.995254869775794,0,"znf41","Influenza","B_naive",20,5,4,TRUE
0,1,0,"znf410","Influenza","B_naive",20,5,4,TRUE
0,0.945388576778461,0.0546114232215394,"znf418","Influenza","B_naive",20,5,4,TRUE
0.119377236102522,0.67948578799808,0.201136975899398,"znf423","Influenza","B_naive",20,5,4,TRUE
0,1,0,"znf431","Influenza","B_naive",20,5,4,TRUE
0.160718681499159,0.839281318500768,7.2436815655616e-14,"znf435","Influenza","B_naive",20,5,4,TRUE
0.116606041471429,0.696600948535491,0.18679300999308,"znf436","Influenza","B_naive",20,5,4,TRUE
0,1,0,"znf449","Influenza","B_naive",20,5,4,TRUE
0.29576641031829,0.536176058903544,0.168057530778166,"znf490","Influenza","B_naive",20,5,4,TRUE
0.0133435547090447,0.281489887453058,0.705166557837898,"znf524","Influenza","B_naive",20,5,4,TRUE
0.112156672683269,0.68163942790637,0.206203899410361,"znf528","Influenza","B_naive",20,5,4,TRUE
0,1,0,"znf53","Influenza","B_naive",20,5,4,TRUE
0.0858607970877712,0.505011482171344,0.409127720740885,"znf547","Influenza","B_naive",20,5,4,TRUE
0.03549401323376,0.302107929519363,0.662398057246877,"znf549","Influenza","B_naive",20,5,4,TRUE
0.305154005991331,0.67848651922091,0.0163594747877585,"znf554","Influenza","B_naive",20,5,4,TRUE
0,1,0,"znf563","Influenza","B_naive",20,5,4,TRUE
0,0.87666703491164,0.12333296508836,"znf57","Influenza","B_naive",20,5,4,TRUE
0,1,0,"znf586","Influenza","B_naive",20,5,4,TRUE
0.102433059297298,0.665255438687291,0.232311502015411,"znf652","Influenza","B_naive",20,5,4,TRUE
0,1,0,"znf667","Influenza","B_naive",20,5,4,TRUE
0,0.945310596608559,0.0546894033914406,"znf680","Influenza","B_naive",20,5,4,TRUE
7.19047844675102e-11,0.803323916007876,0.196676083920219,"znf708","Influenza","B_naive",20,5,4,TRUE
1.54968642821004e-23,0.985097314258738,0.0149026857412624,"znf713","Influenza","B_naive",20,5,4,TRUE
0,1,0,"znf768","Influenza","B_naive",20,5,4,TRUE
0,1,0,"znf784","Influenza","B_naive",20,5,4,TRUE
0.0308001409351784,0.476175748456787,0.493024110608035,"znf85","Influenza","B_naive",20,5,4,TRUE
0,0.727288160754982,0.272711839245018,"znf85_1","Influenza","B_naive",20,5,4,TRUE
0.145504486134795,0.38209829241699,0.472397221448215,"zscan3","Influenza","B_naive",20,5,4,TRUE
6.35301254253926e-09,0.884792865710153,0.115207127936834,"zscan4","Influenza","B_naive",20,5,4,TRUE
0.085856240205153,0.914143759794847,0,"ahr","Influenza","DC",20,5,4,TRUE
0.0164282849811195,0.98357171501888,9.94007360000006e-23,"aire","Influenza","DC",20,5,4,TRUE
0.0185530089524102,0.218788500623806,0.762658490423784,"ap1_1","Influenza","DC",20,5,4,TRUE
0.00552678090215764,0.251409602707436,0.743063616390407,"ap1_2","Influenza","DC",20,5,4,TRUE
0.190978300909894,0.635501906812978,0.173519792277128,"ari5a","Influenza","DC",20,5,4,TRUE
0.103107505984642,0.327903194003689,0.56898930001167,"ari5b","Influenza","DC",20,5,4,TRUE
0.0421445761385103,0.3236862997255,0.63416912413599,"batf","Influenza","DC",20,5,4,TRUE
0,1,0,"bcl6_1","Influenza","DC",20,5,4,TRUE
3.01472464751807e-19,0.372424619302456,0.627575380697544,"bcl6_2","Influenza","DC",20,5,4,TRUE
0.0406212872408813,0.959378712759086,3.243957859378e-14,"ccaat_cebp","Influenza","DC",20,5,4,TRUE
2.14218692350646e-16,0.715563765915942,0.284436234084057,"cenbp","Influenza","DC",20,5,4,TRUE
3.89528926086281e-22,0.476799260592703,0.523200739407297,"cpeb1","Influenza","DC",20,5,4,TRUE
0.0219969603160446,0.134722399809865,0.843280639874091,"creb_atf_1","Influenza","DC",20,5,4,TRUE
0,0.93395484818066,0.0660451518193405,"creb_atf_2","Influenza","DC",20,5,4,TRUE
0,0.543190693301976,0.456809306698024,"creb_atf_3","Influenza","DC",20,5,4,TRUE
0,1,0,"creb3_xbp1","Influenza","DC",20,5,4,TRUE
0.0775386150753287,0.662188264819994,0.260273120104677,"ctcf","Influenza","DC",20,5,4,TRUE
0.0279147809834698,0.459294469977935,0.512790749038595,"cux_1","Influenza","DC",20,5,4,TRUE
0.0154607972503742,0.869210415802195,0.115328786947431,"cux_2","Influenza","DC",20,5,4,TRUE
0.122554537725549,0.532847363342904,0.344598098931547,"cux_3","Influenza","DC",20,5,4,TRUE
0.0735495360127323,0.65853316587017,0.267917298117098,"cux_4","Influenza","DC",20,5,4,TRUE
0,1,0,"ddit3cebpa","Influenza","DC",20,5,4,TRUE
5.52664401368723e-10,0.83007027267656,0.169929726770775,"dmrt1","Influenza","DC",20,5,4,TRUE
0.229439922548079,0.677447989093399,0.093112088358523,"dmrt3","Influenza","DC",20,5,4,TRUE
0,0.254285524499995,0.745714475500005,"e2f_1","Influenza","DC",20,5,4,TRUE
0,0.243238060540333,0.756761939459667,"e2f_2","Influenza","DC",20,5,4,TRUE
0.0746966859074961,0.701578816557963,0.223724497534541,"e2f_3","Influenza","DC",20,5,4,TRUE
0.0126699912710598,0.234484658870991,0.752845349857949,"e2f_4","Influenza","DC",20,5,4,TRUE
0.0149047471840674,0.19538601618787,0.789709236628062,"ebf1","Influenza","DC",20,5,4,TRUE
0,1,0,"ebox_cacctg","Influenza","DC",20,5,4,TRUE
0,0.825420928440169,0.174579071559831,"ebox_cacgtg_1","Influenza","DC",20,5,4,TRUE
0,0.951078742401073,0.0489212575989274,"ebox_cacgtg_2","Influenza","DC",20,5,4,TRUE
0,0.190550157606555,0.809449842393444,"ebox_cagatgg","Influenza","DC",20,5,4,TRUE
0,0.37820446763183,0.62179553236817,"ebox_cagctg","Influenza","DC",20,5,4,TRUE
0.0800266813990926,0.472424028037838,0.44754929056307,"ebox_catatg","Influenza","DC",20,5,4,TRUE
1.02409674730827e-08,0.352984381442923,0.647015608316109,"egr","Influenza","DC",20,5,4,TRUE
0.0131921330972449,0.167629433977647,0.819178432925108,"ets_1","Influenza","DC",20,5,4,TRUE
0.0201410264145657,0.0679665604394792,0.911892413145955,"ets_2","Influenza","DC",20,5,4,TRUE
0,0.683991527054512,0.316008472945488,"evi1_mecom","Influenza","DC",20,5,4,TRUE
0,1,0,"ewsr1_fli1","Influenza","DC",20,5,4,TRUE
0,1,0,"fezf1","Influenza","DC",20,5,4,TRUE
0.00322204329982357,0.469340924704785,0.527437031995392,"fox_1","Influenza","DC",20,5,4,TRUE
0.152019643193304,0.847980356803983,2.71349607213906e-12,"fox_2","Influenza","DC",20,5,4,TRUE
0,0.715788829922075,0.284211170077925,"fox_3","Influenza","DC",20,5,4,TRUE
0.0221401272044896,0.933633332730639,0.0442265400648715,"fox_4","Influenza","DC",20,5,4,TRUE
0,0.102096376714445,0.897903623285555,"fox_5","Influenza","DC",20,5,4,TRUE
1.10030110482455e-12,0.776463281692391,0.223536718306509,"fox_6","Influenza","DC",20,5,4,TRUE
0.0108528153742265,0.188346503130169,0.800800681495604,"fox_7","Influenza","DC",20,5,4,TRUE
0,0.743497166727978,0.256502833272022,"fox_8","Influenza","DC",20,5,4,TRUE
0,0.504399112952619,0.495600887047381,"fox_9","Influenza","DC",20,5,4,TRUE
0.0737078898547269,0.419831631721846,0.506460478423427,"gata","Influenza","DC",20,5,4,TRUE
0.0736371127713695,0.788006180807133,0.138356706421498,"gc_tract","Influenza","DC",20,5,4,TRUE
0,0.968835298879694,0.031164701120306,"gcm","Influenza","DC",20,5,4,TRUE
0,1,0,"gfi","Influenza","DC",20,5,4,TRUE
0.0750823430380493,0.533758335817201,0.391159321144749,"gli","Influenza","DC",20,5,4,TRUE
0,1,0,"glis","Influenza","DC",20,5,4,TRUE
2.05701301528368e-11,0.365046783032231,0.634953216947199,"gmeb2_1","Influenza","DC",20,5,4,TRUE
4.66374354045021e-20,0.410611840436785,0.589388159563215,"gmeb2_2","Influenza","DC",20,5,4,TRUE
0,0.326321265262032,0.673678734737968,"gmeb2_3","Influenza","DC",20,5,4,TRUE
0.0293944113653803,0.502955041695846,0.467650546938774,"grhl","Influenza","DC",20,5,4,TRUE
1.04508196954599e-13,0.108780674315226,0.89121932568467,"hand1","Influenza","DC",20,5,4,TRUE
0.00912460967892333,0.99087539030083,2.02461606651266e-11,"hd_1","Influenza","DC",20,5,4,TRUE
0,0.663518177040549,0.336481822959451,"hd_10","Influenza","DC",20,5,4,TRUE
0.0996405167574373,0.833933396567209,0.0664260866753534,"hd_11","Influenza","DC",20,5,4,TRUE
0.120519275039956,0.555726337067502,0.323754387892543,"hd_12","Influenza","DC",20,5,4,TRUE
0.0769629482624989,0.92303705172795,9.55126571254254e-12,"hd_13","Influenza","DC",20,5,4,TRUE
0,0.891653755708632,0.108346244291367,"hd_14","Influenza","DC",20,5,4,TRUE
0.10376762785024,0.353315855335079,0.542916516814681,"hd_15","Influenza","DC",20,5,4,TRUE
1.47373752456524e-22,1,3.47804273479465e-17,"hd_16","Influenza","DC",20,5,4,TRUE
1.56671003635962e-13,0.23458918086369,0.765410819136154,"hd_17","Influenza","DC",20,5,4,TRUE
0.0449444218040003,0.237067942566906,0.717987635629094,"hd_18","Influenza","DC",20,5,4,TRUE
0.105462789110782,0.753311829896044,0.141225380993174,"hd_19","Influenza","DC",20,5,4,TRUE
0,0.209925604893297,0.790074395106704,"hd_2","Influenza","DC",20,5,4,TRUE
0,1,0,"hd_20","Influenza","DC",20,5,4,TRUE
0,1,1.26432297425905e-16,"hd_21","Influenza","DC",20,5,4,TRUE
0.225082635698134,0.582167060719451,0.192750303582415,"hd_22","Influenza","DC",20,5,4,TRUE
0,1,0,"hd_23","Influenza","DC",20,5,4,TRUE
0.0143853710521318,0.209030692674662,0.776583936273206,"hd_24","Influenza","DC",20,5,4,TRUE
0.0790510006970278,0.212033937123374,0.708915062179598,"hd_25","Influenza","DC",20,5,4,TRUE
0,1,0,"hd_3","Influenza","DC",20,5,4,TRUE
0.0113647564893726,0.358722108064576,0.629913135446051,"hd_4","Influenza","DC",20,5,4,TRUE
0.354084202698244,0.645915797296284,5.47196245361832e-12,"hd_5","Influenza","DC",20,5,4,TRUE
3.6501895986927e-15,0.312792865426174,0.687207134573823,"hd_6","Influenza","DC",20,5,4,TRUE
0,1,0,"hd_7","Influenza","DC",20,5,4,TRUE
0.0341959624810301,0.90329781030974,0.0625062272092297,"hd_8","Influenza","DC",20,5,4,TRUE
0,1,0,"hd_9","Influenza","DC",20,5,4,TRUE
1.19717504013188e-16,0.524233646253821,0.475766353746179,"hen1","Influenza","DC",20,5,4,TRUE
0.104928647706581,0.322059579870812,0.573011772422607,"hic_1","Influenza","DC",20,5,4,TRUE
0.211570683012552,0.254083390137297,0.534345926850151,"hic_2","Influenza","DC",20,5,4,TRUE
0,0.86478504959846,0.13521495040154,"hif","Influenza","DC",20,5,4,TRUE
0.219073546969904,0.227381262404897,0.553545190625199,"hinfp1_1","Influenza","DC",20,5,4,TRUE
0.257387664326857,0.6422201873162,0.100392148356943,"hinfp1_2","Influenza","DC",20,5,4,TRUE
0.0679783347184322,0.932021665281568,1.74120721695404e-20,"hinfp1_3","Influenza","DC",20,5,4,TRUE
0,1,0,"hltf","Influenza","DC",20,5,4,TRUE
0.0355241183932083,0.316366545304923,0.648109336301868,"homez","Influenza","DC",20,5,4,TRUE
0.142043535036562,0.688673643395892,0.169282821567546,"hsf","Influenza","DC",20,5,4,TRUE
0.0821105635720143,0.195331490216077,0.722557946211908,"hsfy2","Influenza","DC",20,5,4,TRUE
2.29090364625079e-10,0.323450221087826,0.676549778683084,"insm1","Influenza","DC",20,5,4,TRUE
0,0.280692796952633,0.719307203047367,"irf_1","Influenza","DC",20,5,4,TRUE
0.0816446122186777,0.184207576093559,0.734147811687763,"irf_2","Influenza","DC",20,5,4,TRUE
0.0530252445632263,0.150228178786264,0.79674657665051,"irf_3","Influenza","DC",20,5,4,TRUE
0.0562007892057917,0.614533822089524,0.329265388704684,"irf_4","Influenza","DC",20,5,4,TRUE
0.0169383476878706,0.1804490918312,0.802612560480929,"kaiso","Influenza","DC",20,5,4,TRUE
0,0.389301378545592,0.610698621454408,"klf_sp_1","Influenza","DC",20,5,4,TRUE
0.19600910084419,0.599052333252599,0.204938565903212,"klf_sp_2","Influenza","DC",20,5,4,TRUE
0,0.433508418384857,0.566491581615143,"klf_sp_3","Influenza","DC",20,5,4,TRUE
0.195394123015868,0.790372480040454,0.0142333969436781,"lef1","Influenza","DC",20,5,4,TRUE
0,0.400145824455308,0.599854175544692,"lin54","Influenza","DC",20,5,4,TRUE
0,0.442146724126963,0.557853275873036,"maf","Influenza","DC",20,5,4,TRUE
0.174548089198932,0.432641672445025,0.392810238356043,"mbd2","Influenza","DC",20,5,4,TRUE
3.82831333772455e-15,0.668202004461906,0.331797995538091,"mecp2","Influenza","DC",20,5,4,TRUE
0,1,0,"mef2","Influenza","DC",20,5,4,TRUE
0,0.871524941819561,0.128475058180438,"mfz1","Influenza","DC",20,5,4,TRUE
0.0669842258898591,0.93301577409368,1.64612131108013e-11,"mies","Influenza","DC",20,5,4,TRUE
0,0.803510160659499,0.196489839340501,"mtf1","Influenza","DC",20,5,4,TRUE
0.0278345936386387,0.236536161997285,0.735629244364076,"myb_1","Influenza","DC",20,5,4,TRUE
0,0.374618859007805,0.625381140992195,"myb_2","Influenza","DC",20,5,4,TRUE
0,0.313423194163192,0.686576805836808,"myb_3","Influenza","DC",20,5,4,TRUE
9.99892799078046e-22,0.256630909225321,0.743369090774679,"myb_4","Influenza","DC",20,5,4,TRUE
0,0.337034316168088,0.662965683831912,"myb_5","Influenza","DC",20,5,4,TRUE
3.9924159130606e-17,0.21454136611256,0.78545863388744,"mzf1","Influenza","DC",20,5,4,TRUE
0,0.302408516888717,0.697591483111283,"nfac_2","Influenza","DC",20,5,4,TRUE
0.0178169623192184,0.68478558190505,0.297397455775731,"nfat_1","Influenza","DC",20,5,4,TRUE
0,0.505236857479863,0.494763142520137,"nfat_2","Influenza","DC",20,5,4,TRUE
0.324127572725355,0.64288037617746,0.0329920510971855,"nfat_3","Influenza","DC",20,5,4,TRUE
0,0.95853181118556,0.0414681888144402,"nfat_4","Influenza","DC",20,5,4,TRUE
0.0108054167451927,0.267522050628979,0.721672532625828,"nfi_1","Influenza","DC",20,5,4,TRUE
0.0154694365948602,0.17230562801921,0.81222493538593,"nfi_2","Influenza","DC",20,5,4,TRUE
0.00126692143950072,0.207306197153196,0.791426881407304,"nfi_3","Influenza","DC",20,5,4,TRUE
0.119421805386217,0.374084909562547,0.506493285051236,"nfkb_1","Influenza","DC",20,5,4,TRUE
4.54194703618193e-14,0.395180657511157,0.604819342488798,"nfkb_2","Influenza","DC",20,5,4,TRUE
0.00707313279635187,0.296864915928415,0.696061951275233,"nfkb_3","Influenza","DC",20,5,4,TRUE
0,0.148931480769017,0.851068519230982,"nfy","Influenza","DC",20,5,4,TRUE
0.0604407100171722,0.69359485151517,0.245964438467658,"nr_1","Influenza","DC",20,5,4,TRUE
0,0.982943444682553,0.0170565553174471,"nr_10","Influenza","DC",20,5,4,TRUE
0.149750384322219,0.246698320864599,0.603551294813183,"nr_11","Influenza","DC",20,5,4,TRUE
0.0859119965267166,0.212826289924506,0.701261713548778,"nr_12","Influenza","DC",20,5,4,TRUE
0,0.968675406498518,0.0313245935014817,"nr_13","Influenza","DC",20,5,4,TRUE
1.43480962079804e-19,0.992422497749826,0.00757750225017439,"nr_14","Influenza","DC",20,5,4,TRUE
6.9421509432646e-22,0.723775336775016,0.276224663224984,"nr_15","Influenza","DC",20,5,4,TRUE
0.0376641476511249,0.185550594741079,0.776785257607796,"nr_16","Influenza","DC",20,5,4,TRUE
7.19827933427345e-13,0.347928561770951,0.652071438228329,"nr_17","Influenza","DC",20,5,4,TRUE
0,0.462896693862148,0.537103306137852,"nr_18","Influenza","DC",20,5,4,TRUE
1.56418765955195e-14,0.314697092170571,0.685302907829413,"nr_19","Influenza","DC",20,5,4,TRUE
0,1,0,"nr_2","Influenza","DC",20,5,4,TRUE
0,0.511466188489726,0.488533811510274,"nr_20","Influenza","DC",20,5,4,TRUE
0,0.246539157289277,0.753460842710723,"nr_3","Influenza","DC",20,5,4,TRUE
0.252114124853439,0.603415175833518,0.144470699313043,"nr_4","Influenza","DC",20,5,4,TRUE
0.0356255794993576,0.587381347945339,0.376993072555304,"nr_5","Influenza","DC",20,5,4,TRUE
0,1,0,"nr_6","Influenza","DC",20,5,4,TRUE
0.0694063864808746,0.239844702293178,0.690748911225947,"nr_7","Influenza","DC",20,5,4,TRUE
0,0.753842184379451,0.246157815620549,"nr_8","Influenza","DC",20,5,4,TRUE
1.70821725137827e-12,0.782688216128671,0.21731178386962,"nr_9","Influenza","DC",20,5,4,TRUE
0,1,0,"nr2e3","Influenza","DC",20,5,4,TRUE
0,0.292669326161812,0.707330673838188,"nrf1","Influenza","DC",20,5,4,TRUE
8.57719204908786e-14,0.82811074758026,0.171889252419654,"oct4sox2","Influenza","DC",20,5,4,TRUE
0.199673040136689,0.517107061864355,0.283219897998956,"osr2","Influenza","DC",20,5,4,TRUE
0,1,0,"ovol1","Influenza","DC",20,5,4,TRUE
0.0122419292318912,0.286091240266516,0.701666830501593,"p53_like_1","Influenza","DC",20,5,4,TRUE
0,1,0,"p53_like_2","Influenza","DC",20,5,4,TRUE
0.196117762894046,0.669791214601837,0.134091022504118,"p53_like_3","Influenza","DC",20,5,4,TRUE
3.05453748354534e-12,0.923869301329842,0.0761306986671035,"pax_halfsite","Influenza","DC",20,5,4,TRUE
0,0.46037370376289,0.539626296237109,"pax_1","Influenza","DC",20,5,4,TRUE
0.0505925947270761,0.263933535536628,0.685473869736296,"pax_2","Influenza","DC",20,5,4,TRUE
0.0324201254664869,0.463257224384692,0.504322650148821,"plag1","Influenza","DC",20,5,4,TRUE
0,0.21104892868532,0.78895107131468,"pou_1","Influenza","DC",20,5,4,TRUE
0.0133491290883909,0.313757614644652,0.672893256266957,"pou_2","Influenza","DC",20,5,4,TRUE
0.113466240498032,0.886533759501784,1.84820235266576e-13,"pou_3","Influenza","DC",20,5,4,TRUE
0,0.502529672188788,0.497470327811212,"prdm1","Influenza","DC",20,5,4,TRUE
0.163355813055009,0.358339461976719,0.478304724968272,"prdm14","Influenza","DC",20,5,4,TRUE
0,0.144906287860078,0.855093712139921,"prdm16","Influenza","DC",20,5,4,TRUE
0,0.971869361091066,0.0281306389089339,"prdm4","Influenza","DC",20,5,4,TRUE
0.0117881486201273,0.507945127389155,0.480266723990717,"prdm5","Influenza","DC",20,5,4,TRUE
0.148731460028507,0.435895116415479,0.415373423556014,"prdm9","Influenza","DC",20,5,4,TRUE
0.00166818175201778,0.630820077822722,0.36751174042526,"prox1","Influenza","DC",20,5,4,TRUE
8.39482694250788e-12,0.242907641794381,0.757092358197224,"rbpj","Influenza","DC",20,5,4,TRUE
0,0.152958748021341,0.847041251978659,"rel_halfsite","Influenza","DC",20,5,4,TRUE
0,0.301580731584292,0.698419268415708,"rest_nrsf","Influenza","DC",20,5,4,TRUE
1.07458604909368e-21,0.923650818989685,0.0763491810103148,"rfx_1","Influenza","DC",20,5,4,TRUE
0,0.251722067112665,0.748277932887335,"rfx_2","Influenza","DC",20,5,4,TRUE
0.00781267525379887,0.972629534611199,0.0195577901350018,"rfx_3","Influenza","DC",20,5,4,TRUE
0.0276442196784039,0.752358374351898,0.219997405969698,"runx_1","Influenza","DC",20,5,4,TRUE
0.159527192382112,0.465369783254584,0.375103024363304,"runx_2","Influenza","DC",20,5,4,TRUE
3.82348915970372e-19,0.728012264690872,0.271987735309127,"scrt1","Influenza","DC",20,5,4,TRUE
4.26284844234589e-21,0.906729164526118,0.0932708354738816,"six_1","Influenza","DC",20,5,4,TRUE
0.169814896123374,0.66153545468955,0.168649649187076,"six_2","Influenza","DC",20,5,4,TRUE
0,0.358224667836277,0.641775332163723,"smad","Influenza","DC",20,5,4,TRUE
5.00403838994092e-13,0.395915928427829,0.604084071571671,"smad_1","Influenza","DC",20,5,4,TRUE
0.122317548690144,0.788530234666748,0.0891522166431083,"smad_2","Influenza","DC",20,5,4,TRUE
0,0.969546193713896,0.0304538062861039,"smarca1","Influenza","DC",20,5,4,TRUE
3.4391735261359e-09,0.985948204062864,0.0140517924979622,"smarca5","Influenza","DC",20,5,4,TRUE
0.0948788089091732,0.789322863476944,0.115798327613882,"snai2","Influenza","DC",20,5,4,TRUE
0.0409301539070652,0.200821588975271,0.758248257117664,"sox_1","Influenza","DC",20,5,4,TRUE
0,0.462298175363166,0.537701824636834,"sox_2","Influenza","DC",20,5,4,TRUE
0.119904421244162,0.82396677248757,0.0561288062682678,"sox_3","Influenza","DC",20,5,4,TRUE
8.87292696229682e-13,0.915878977324998,0.0841210226741144,"sox_4","Influenza","DC",20,5,4,TRUE
0,0.922849212810268,0.0771507871897317,"sox_5","Influenza","DC",20,5,4,TRUE
0.113295267969502,0.882007925817617,0.00469680621288077,"sox_6","Influenza","DC",20,5,4,TRUE
2.24757235853676e-10,0.97167807303427,0.0283219267409729,"sox_7","Influenza","DC",20,5,4,TRUE
0,1,0,"sox_8","Influenza","DC",20,5,4,TRUE
1.45995262680983e-14,0.571582318240266,0.428417681759719,"spdef_1","Influenza","DC",20,5,4,TRUE
0,1,0,"spdef_2","Influenza","DC",20,5,4,TRUE
0.0224498849057129,0.101135116636768,0.876414998457519,"spi","Influenza","DC",20,5,4,TRUE
0.134720361211779,0.865279638788218,2.35264052538118e-15,"spz1","Influenza","DC",20,5,4,TRUE
0.0813471963589267,0.778685157927037,0.139967645714036,"srebf1","Influenza","DC",20,5,4,TRUE
6.67403303758632e-16,0.208137936251512,0.791862063748487,"srf","Influenza","DC",20,5,4,TRUE
0.11758783365363,0.480559379990759,0.401852786355611,"stat_1","Influenza","DC",20,5,4,TRUE
0.0535529821410123,0.517571073053146,0.428875944805842,"stat_2","Influenza","DC",20,5,4,TRUE
0,0.298811480089497,0.701188519910503,"tata","Influenza","DC",20,5,4,TRUE
0,0.70774835396189,0.29225164603811,"tbx_1","Influenza","DC",20,5,4,TRUE
0,0.439056697498289,0.560943302501711,"tbx_2","Influenza","DC",20,5,4,TRUE
0.277551353854233,0.683099071325608,0.0393495748201588,"tbx_3","Influenza","DC",20,5,4,TRUE
0.00157088802110159,0.229002517259104,0.769426594719794,"tbx_4","Influenza","DC",20,5,4,TRUE
0.0916992427219205,0.394927898149775,0.513372859128304,"tcf_lef","Influenza","DC",20,5,4,TRUE
0,0.348892888626036,0.651107111373964,"tead","Influenza","DC",20,5,4,TRUE
0.0934433983647005,0.184400256240754,0.722156345394546,"tfap2_1","Influenza","DC",20,5,4,TRUE
0,0.342755373538585,0.657244626461415,"tfap2_2","Influenza","DC",20,5,4,TRUE
1.47720962854268e-09,0.874208112745206,0.125791885777584,"tfcp2","Influenza","DC",20,5,4,TRUE
0,0.765690144775604,0.234309855224396,"thap1","Influenza","DC",20,5,4,TRUE
0,0.188273056421914,0.811726943578086,"yy1","Influenza","DC",20,5,4,TRUE
0,0.793959101901019,0.206040898098981,"zbed1","Influenza","DC",20,5,4,TRUE
0.0694544769458627,0.508076276487878,0.42246924656626,"zbtb14","Influenza","DC",20,5,4,TRUE
0,0.849604096878701,0.150395903121299,"zbtb48","Influenza","DC",20,5,4,TRUE
0.0571620874742319,0.699967202543317,0.242870709982451,"zbtb49","Influenza","DC",20,5,4,TRUE
0,1,0,"zbtb6","Influenza","DC",20,5,4,TRUE
9.44033375184557e-11,0.879346220507607,0.120653779397989,"zbtb7a","Influenza","DC",20,5,4,TRUE
0.247159740526892,0.575119832208829,0.177720427264279,"zfn121","Influenza","DC",20,5,4,TRUE
0,0.581227412224524,0.418772587775476,"zfx","Influenza","DC",20,5,4,TRUE
0.0158147588776295,0.225583017187541,0.758602223934829,"zic","Influenza","DC",20,5,4,TRUE
5.64541582855832e-19,0.661964128164125,0.338035871835875,"zic_2","Influenza","DC",20,5,4,TRUE
0.0286751856038934,0.955041550294795,0.0162832641013118,"zim3","Influenza","DC",20,5,4,TRUE
0.0463052527468239,0.326467536249107,0.627227211004069,"zkscan1","Influenza","DC",20,5,4,TRUE
6.28773154317702e-12,0.694091017630018,0.305908982363694,"znf134","Influenza","DC",20,5,4,TRUE
0,1,0,"znf136","Influenza","DC",20,5,4,TRUE
8.40407961292986e-14,0.684017300649665,0.315982699350251,"znf140","Influenza","DC",20,5,4,TRUE
0,0.755164133627843,0.244835866372157,"znf143","Influenza","DC",20,5,4,TRUE
0.0191999904106335,0.0636903527653813,0.917109656823985,"znf143_1","Influenza","DC",20,5,4,TRUE
0.0388112439471915,0.961187886014579,8.70038229557297e-07,"znf146","Influenza","DC",20,5,4,TRUE
0.0928565696919583,0.907143430305416,2.625195336823e-12,"znf232","Influenza","DC",20,5,4,TRUE
0.0268445665484636,0.722434406462014,0.250721026989523,"znf24","Influenza","DC",20,5,4,TRUE
0.036098121234399,0.694489390419201,0.2694124883464,"znf250","Influenza","DC",20,5,4,TRUE
1.10971507023816e-19,0.770826734682778,0.229173265317222,"znf257","Influenza","DC",20,5,4,TRUE
0.0137662231127919,0.611740701406329,0.374493075480879,"znf274","Influenza","DC",20,5,4,TRUE
0,0.866547306786626,0.133452693213374,"znf28","Influenza","DC",20,5,4,TRUE
1.01971349792481e-23,0.982671209453106,0.0173287905468939,"znf282","Influenza","DC",20,5,4,TRUE
0.145023677336267,0.612033211376223,0.24294311128751,"znf306","Influenza","DC",20,5,4,TRUE
0,0.811478351788201,0.188521648211799,"znf317","Influenza","DC",20,5,4,TRUE
0.047377260335945,0.0947939713921985,0.857828768271857,"znf320","Influenza","DC",20,5,4,TRUE
0.0337596838123315,0.376704151289912,0.589536164897757,"znf324","Influenza","DC",20,5,4,TRUE
0.0452497643293363,0.410650966499186,0.544099269171478,"znf329","Influenza","DC",20,5,4,TRUE
3.80768838323933e-15,0.36208798783621,0.637912012163786,"znf331","Influenza","DC",20,5,4,TRUE
0,0.594120710751934,0.405879289248066,"znf332","Influenza","DC",20,5,4,TRUE
2.35294437852532e-16,0.242676157591016,0.757323842408984,"znf335","Influenza","DC",20,5,4,TRUE
0.334445584481814,0.408435026913117,0.257119388605069,"znf354","Influenza","DC",20,5,4,TRUE
0.0865891274681869,0.879460857666034,0.0339500148657797,"znf382","Influenza","DC",20,5,4,TRUE
0.00475362143393934,0.426938439780977,0.568307938785084,"znf384_1","Influenza","DC",20,5,4,TRUE
0,0.146952642769679,0.853047357230321,"znf384_2","Influenza","DC",20,5,4,TRUE
0.107312952756922,0.155957852051923,0.736729195191155,"znf41","Influenza","DC",20,5,4,TRUE
1.67412493400173e-21,0.935470252625293,0.0645297473747068,"znf410","Influenza","DC",20,5,4,TRUE
0,0.701736182950231,0.298263817049769,"znf418","Influenza","DC",20,5,4,TRUE
0.0695913727472874,0.435363343371789,0.495045283880924,"znf423","Influenza","DC",20,5,4,TRUE
0.148961465055559,0.204566865631508,0.646471669312934,"znf431","Influenza","DC",20,5,4,TRUE
7.24184881971575e-20,0.693166258592326,0.306833741407674,"znf435","Influenza","DC",20,5,4,TRUE
0,0.25599590577945,0.74400409422055,"znf436","Influenza","DC",20,5,4,TRUE
9.38523018787211e-10,0.3249344728605,0.675065526200977,"znf449","Influenza","DC",20,5,4,TRUE
0,1,0,"znf490","Influenza","DC",20,5,4,TRUE
0.0614882299463827,0.769990563119473,0.168521206934144,"znf524","Influenza","DC",20,5,4,TRUE
3.58517433197103e-21,0.39103284939995,0.60896715060005,"znf528","Influenza","DC",20,5,4,TRUE
0,0.393566839704102,0.606433160295898,"znf53","Influenza","DC",20,5,4,TRUE
0,1,0,"znf547","Influenza","DC",20,5,4,TRUE
6.7611674265178e-13,0.415586181411617,0.584413818587707,"znf549","Influenza","DC",20,5,4,TRUE
0.0717701362604642,0.3516531445991,0.576576719140435,"znf554","Influenza","DC",20,5,4,TRUE
8.81521234242756e-07,0.435644026454346,0.564355092024419,"znf563","Influenza","DC",20,5,4,TRUE
9.26816884946258e-13,0.577127835450576,0.422872164548497,"znf57","Influenza","DC",20,5,4,TRUE
0,0.664944857948138,0.335055142051862,"znf586","Influenza","DC",20,5,4,TRUE
0,1,4.76134214917424e-17,"znf652","Influenza","DC",20,5,4,TRUE
0.067151090590368,0.885877382102316,0.0469715273073158,"znf667","Influenza","DC",20,5,4,TRUE
0.263851117043487,0.689450937927,0.0466979450295132,"znf680","Influenza","DC",20,5,4,TRUE
0.0150475650743196,0.550756226986146,0.434196207939534,"znf708","Influenza","DC",20,5,4,TRUE
6.7927600668295e-07,0.690011436885661,0.309987883838333,"znf713","Influenza","DC",20,5,4,TRUE
0.00272663676378029,0.263037905015055,0.734235458221164,"znf768","Influenza","DC",20,5,4,TRUE
0.0690770126494044,0.302001645190813,0.628921342159783,"znf784","Influenza","DC",20,5,4,TRUE
0.203345648926117,0.796654351073498,3.84737306028874e-13,"znf85","Influenza","DC",20,5,4,TRUE
0.127859735834703,0.709564269689322,0.162575994475976,"znf85_1","Influenza","DC",20,5,4,TRUE
0,0.48210408013851,0.51789591986149,"zscan3","Influenza","DC",20,5,4,TRUE
0,1,0,"zscan4","Influenza","DC",20,5,4,TRUE
0.025161780630148,0.340221144871492,0.63461707449836,"ahr","Influenza","Mono_CD14",20,5,4,TRUE
0.063613228173217,0.906885966925368,0.0295008049014144,"aire","Influenza","Mono_CD14",20,5,4,TRUE
0.126100335932434,0.293094742584145,0.580804921483421,"ap1_1","Influenza","Mono_CD14",20,5,4,TRUE
0.106727479367071,0.252073364905181,0.641199155727749,"ap1_2","Influenza","Mono_CD14",20,5,4,TRUE
0.114731072305608,0.768181613235621,0.117087314458771,"ari5a","Influenza","Mono_CD14",20,5,4,TRUE
0.103326157024454,0.103950803968598,0.792723039006949,"ari5b","Influenza","Mono_CD14",20,5,4,TRUE
0.168667428253455,0.345053742930415,0.486278828816129,"batf","Influenza","Mono_CD14",20,5,4,TRUE
3.45863332640824e-15,0.689682564406959,0.310317435593037,"bcl6_1","Influenza","Mono_CD14",20,5,4,TRUE
0.0650520862056917,0.282245689905147,0.652702223889161,"bcl6_2","Influenza","Mono_CD14",20,5,4,TRUE
0.0630724459594681,0.215126733591938,0.721800820448594,"ccaat_cebp","Influenza","Mono_CD14",20,5,4,TRUE
0.0521746543187557,0.199617257775926,0.748208087905319,"cenbp","Influenza","Mono_CD14",20,5,4,TRUE
0.074853523578592,0.249162076928081,0.675984399493327,"cpeb1","Influenza","Mono_CD14",20,5,4,TRUE
0.060760039224445,0.219556332420308,0.719683628355247,"creb_atf_1","Influenza","Mono_CD14",20,5,4,TRUE
0.206550006224426,0.532295583923828,0.261154409851746,"creb_atf_2","Influenza","Mono_CD14",20,5,4,TRUE
0.0823688943835525,0.19942789143704,0.718203214179407,"creb_atf_3","Influenza","Mono_CD14",20,5,4,TRUE
0.0334400981146823,0.864840966644709,0.101718935240609,"creb3_xbp1","Influenza","Mono_CD14",20,5,4,TRUE
0.0592090070526337,0.235812206130355,0.704978786817011,"ctcf","Influenza","Mono_CD14",20,5,4,TRUE
0.0741174227145488,0.179925426743498,0.745957150541953,"cux_1","Influenza","Mono_CD14",20,5,4,TRUE
0.0911751375291471,0.303240809815887,0.605584052654966,"cux_2","Influenza","Mono_CD14",20,5,4,TRUE
0.119421681995758,0.151735703893036,0.728842614111206,"cux_3","Influenza","Mono_CD14",20,5,4,TRUE
0.0489262458728033,0.165198114576409,0.785875639550788,"cux_4","Influenza","Mono_CD14",20,5,4,TRUE
0.0531595017145323,0.420682765693815,0.526157732591653,"ddit3cebpa","Influenza","Mono_CD14",20,5,4,TRUE
0.146937376638415,0.582163399680954,0.270899223680631,"dmrt1","Influenza","Mono_CD14",20,5,4,TRUE
0,0.960088947725606,0.0399110522743942,"dmrt3","Influenza","Mono_CD14",20,5,4,TRUE
0.0413607520719649,0.150844480137003,0.807794767791032,"e2f_1","Influenza","Mono_CD14",20,5,4,TRUE
0.0498136898423591,0.160642898835763,0.789543411321878,"e2f_2","Influenza","Mono_CD14",20,5,4,TRUE
0.0457776268711092,0.267871382075612,0.686350991053278,"e2f_3","Influenza","Mono_CD14",20,5,4,TRUE
0.075958228892361,0.194484498518268,0.729557272589371,"e2f_4","Influenza","Mono_CD14",20,5,4,TRUE
0.0264489459141598,0.146736570060297,0.826814484025543,"ebf1","Influenza","Mono_CD14",20,5,4,TRUE
0.266496572474681,0.256634849365929,0.47686857815939,"ebox_cacctg","Influenza","Mono_CD14",20,5,4,TRUE
0.146013630752141,0.454342351223041,0.399644018024817,"ebox_cacgtg_1","Influenza","Mono_CD14",20,5,4,TRUE
0,0.876526345034835,0.123473654965165,"ebox_cacgtg_2","Influenza","Mono_CD14",20,5,4,TRUE
0.0569895725700925,0.192226862314737,0.75078356511517,"ebox_cagatgg","Influenza","Mono_CD14",20,5,4,TRUE
0.0963746391732695,0.190114579726803,0.713510781099927,"ebox_cagctg","Influenza","Mono_CD14",20,5,4,TRUE
0.0411613540787727,0.165768477452894,0.793070168468333,"ebox_catatg","Influenza","Mono_CD14",20,5,4,TRUE
0.0128459995020255,0.122597643252465,0.86455635724551,"egr","Influenza","Mono_CD14",20,5,4,TRUE
0.0365534378900314,0.155728449687714,0.807718112422255,"ets_1","Influenza","Mono_CD14",20,5,4,TRUE
0.103194837887041,0.235667046252375,0.661138115860584,"ets_2","Influenza","Mono_CD14",20,5,4,TRUE
0.0470879272229965,0.349677742471004,0.603234330306,"evi1_mecom","Influenza","Mono_CD14",20,5,4,TRUE
1.20020710626298e-16,0.203929799341143,0.796070200658857,"ewsr1_fli1","Influenza","Mono_CD14",20,5,4,TRUE
0.129050061319254,0.306616917310741,0.564333021370005,"fezf1","Influenza","Mono_CD14",20,5,4,TRUE
0.142239471237299,0.726769739884749,0.130990788877952,"fox_1","Influenza","Mono_CD14",20,5,4,TRUE
0.041751440851849,0.181568030185051,0.7766805289631,"fox_2","Influenza","Mono_CD14",20,5,4,TRUE
0.122219222378132,0.3442262365206,0.533554541101268,"fox_3","Influenza","Mono_CD14",20,5,4,TRUE
0.257682998434153,0.613706039449067,0.12861096211678,"fox_4","Influenza","Mono_CD14",20,5,4,TRUE
0.0724874414416536,0.192306666418004,0.735205892140342,"fox_5","Influenza","Mono_CD14",20,5,4,TRUE
0.0900742541501485,0.0568481201693138,0.853077625680538,"fox_6","Influenza","Mono_CD14",20,5,4,TRUE
0.0400716167289786,0.126840615061944,0.833087768209077,"fox_7","Influenza","Mono_CD14",20,5,4,TRUE
0.0414418491669163,0.188030430498808,0.770527720334275,"fox_8","Influenza","Mono_CD14",20,5,4,TRUE
0.104043499212772,0.279735011917037,0.616221488870191,"fox_9","Influenza","Mono_CD14",20,5,4,TRUE
0.0686331325709095,0.15056224384693,0.780804623582161,"gata","Influenza","Mono_CD14",20,5,4,TRUE
0.195194859025262,0.804805140974698,3.9776968918774e-14,"gc_tract","Influenza","Mono_CD14",20,5,4,TRUE
0.199765872525958,0.473885073714655,0.326349053759387,"gcm","Influenza","Mono_CD14",20,5,4,TRUE
0,0.520181916486444,0.479818083513556,"gfi","Influenza","Mono_CD14",20,5,4,TRUE
0.177018096535571,0.199082994552446,0.623898908911983,"gli","Influenza","Mono_CD14",20,5,4,TRUE
7.33970330657999e-11,0.578213879179997,0.421786120746606,"glis","Influenza","Mono_CD14",20,5,4,TRUE
0.0438967501728461,0.161807522850132,0.794295726977022,"gmeb2_1","Influenza","Mono_CD14",20,5,4,TRUE
0.00670893526589078,0.171985353691574,0.821305711042535,"gmeb2_2","Influenza","Mono_CD14",20,5,4,TRUE
0.0899858157854086,0.228781452731983,0.681232731482609,"gmeb2_3","Influenza","Mono_CD14",20,5,4,TRUE
0.052682809427999,0.461073470952471,0.48624371961953,"grhl","Influenza","Mono_CD14",20,5,4,TRUE
0.0542832290485944,0.141512227780345,0.804204543171061,"hand1","Influenza","Mono_CD14",20,5,4,TRUE
0,0.335183540854845,0.664816459145155,"hd_1","Influenza","Mono_CD14",20,5,4,TRUE
0.152041028267094,0.140970873452475,0.70698809828043,"hd_10","Influenza","Mono_CD14",20,5,4,TRUE
0.167605796496786,0.533279727271303,0.299114476231911,"hd_11","Influenza","Mono_CD14",20,5,4,TRUE
0.207754108269071,0.770274265911192,0.0219716258197368,"hd_12","Influenza","Mono_CD14",20,5,4,TRUE
0.193819078706225,0.566306848848128,0.239874072445648,"hd_13","Influenza","Mono_CD14",20,5,4,TRUE
0.105683898382101,0.327304917994298,0.567011183623601,"hd_14","Influenza","Mono_CD14",20,5,4,TRUE
0.0828760539103738,0.33291030524115,0.584213640848476,"hd_15","Influenza","Mono_CD14",20,5,4,TRUE
0,0.264790251593097,0.735209748406903,"hd_16","Influenza","Mono_CD14",20,5,4,TRUE
0.0338722642882579,0.121385451698284,0.844742284013458,"hd_17","Influenza","Mono_CD14",20,5,4,TRUE
0.0207645244009569,0.134568708392579,0.844666767206464,"hd_18","Influenza","Mono_CD14",20,5,4,TRUE
0.0374996063243942,0.15134462853195,0.811155765143656,"hd_19","Influenza","Mono_CD14",20,5,4,TRUE
0.0629781444916632,0.133186897341644,0.803834958166693,"hd_2","Influenza","Mono_CD14",20,5,4,TRUE
0.0400169914542315,0.502963405488331,0.457019603057437,"hd_20","Influenza","Mono_CD14",20,5,4,TRUE
0.0971829075153401,0.251996194590231,0.650820897894429,"hd_21","Influenza","Mono_CD14",20,5,4,TRUE
0.101841549412961,0.347963988831792,0.550194461755247,"hd_22","Influenza","Mono_CD14",20,5,4,TRUE
0.0648675496206255,0.287657904011217,0.647474546368158,"hd_23","Influenza","Mono_CD14",20,5,4,TRUE
0.0436601486042387,0.091847991191185,0.864491860204576,"hd_24","Influenza","Mono_CD14",20,5,4,TRUE
0.0427374613172984,0.106328130951943,0.850934407730758,"hd_25","Influenza","Mono_CD14",20,5,4,TRUE
0,0.933320777111496,0.0666792228885046,"hd_3","Influenza","Mono_CD14",20,5,4,TRUE
0.0508036520845597,0.200499713585489,0.748696634329951,"hd_4","Influenza","Mono_CD14",20,5,4,TRUE
0.0643243366557617,0.0755658165974851,0.860109846746753,"hd_5","Influenza","Mono_CD14",20,5,4,TRUE
0.0558463859489556,0.182489658416728,0.761663955634316,"hd_6","Influenza","Mono_CD14",20,5,4,TRUE
0.214126318946914,0.341786297991699,0.444087383061387,"hd_7","Influenza","Mono_CD14",20,5,4,TRUE
0.207408533769683,0.518890581894575,0.273700884335741,"hd_8","Influenza","Mono_CD14",20,5,4,TRUE
0.128847033732816,0.114522030888263,0.756630935378921,"hd_9","Influenza","Mono_CD14",20,5,4,TRUE
0.168401907664964,0.831598092207876,1.27160046962904e-10,"hen1","Influenza","Mono_CD14",20,5,4,TRUE
0.0228432908587992,0.180005838568348,0.797150870572853,"hic_1","Influenza","Mono_CD14",20,5,4,TRUE
0.0382946640302231,0.0496532340257739,0.912052101944003,"hic_2","Influenza","Mono_CD14",20,5,4,TRUE
0.0215009030166454,0.226784433384199,0.751714663599155,"hif","Influenza","Mono_CD14",20,5,4,TRUE
0.0442228077764422,0.243578062188011,0.712199130035547,"hinfp1_1","Influenza","Mono_CD14",20,5,4,TRUE
0,1,0,"hinfp1_2","Influenza","Mono_CD14",20,5,4,TRUE
0.285300621122545,0.213278914370752,0.501420464506703,"hinfp1_3","Influenza","Mono_CD14",20,5,4,TRUE
0,1,0,"hltf","Influenza","Mono_CD14",20,5,4,TRUE
0.0573277169230835,0.193256536622854,0.749415746454062,"homez","Influenza","Mono_CD14",20,5,4,TRUE
4.52427345510693e-09,0.564688439496634,0.435311555979092,"hsf","Influenza","Mono_CD14",20,5,4,TRUE
0.0476504537512407,0.183906151953984,0.768443394294775,"hsfy2","Influenza","Mono_CD14",20,5,4,TRUE
0.0235491189720608,0.142726987467849,0.83372389356009,"insm1","Influenza","Mono_CD14",20,5,4,TRUE
0.0834656234428487,0.218278291725103,0.698256084832049,"irf_1","Influenza","Mono_CD14",20,5,4,TRUE
0.379621534015229,0.451320308268229,0.169058157716542,"irf_2","Influenza","Mono_CD14",20,5,4,TRUE
0.0526572810725678,0.217709791685921,0.729632927241511,"irf_3","Influenza","Mono_CD14",20,5,4,TRUE
0.125482172984615,0.282181685455191,0.592336141560194,"irf_4","Influenza","Mono_CD14",20,5,4,TRUE
0.072552807612427,0.183271095655006,0.744176096732567,"kaiso","Influenza","Mono_CD14",20,5,4,TRUE
0.00166042698285324,0.173241544401852,0.825098028615295,"klf_sp_1","Influenza","Mono_CD14",20,5,4,TRUE
0.00486565435018533,0.165439680593634,0.829694665056181,"klf_sp_2","Influenza","Mono_CD14",20,5,4,TRUE
0.02384790424203,0.274094745865078,0.702057349892892,"klf_sp_3","Influenza","Mono_CD14",20,5,4,TRUE
0.0735681778502108,0.460136408236149,0.46629541391364,"lef1","Influenza","Mono_CD14",20,5,4,TRUE
0.0488595150366376,0.138279486906185,0.812860998057177,"lin54","Influenza","Mono_CD14",20,5,4,TRUE
0.0447574054418267,0.181810492725253,0.77343210183292,"maf","Influenza","Mono_CD14",20,5,4,TRUE
0.0575630325594174,0.557551105074261,0.384885862366322,"mbd2","Influenza","Mono_CD14",20,5,4,TRUE
0.141322708205921,0.378413606180025,0.480263685614055,"mecp2","Influenza","Mono_CD14",20,5,4,TRUE
0.153695811858472,0.342760234549775,0.503543953591753,"mef2","Influenza","Mono_CD14",20,5,4,TRUE
0.0901547947113972,0.197069771503001,0.712775433785602,"mfz1","Influenza","Mono_CD14",20,5,4,TRUE
0.19177336863791,0.454280250265313,0.353946381096777,"mies","Influenza","Mono_CD14",20,5,4,TRUE
0.0807427035501212,0.185083740556141,0.734173555893738,"mtf1","Influenza","Mono_CD14",20,5,4,TRUE
0.0443373832508041,0.112976445372474,0.842686171376722,"myb_1","Influenza","Mono_CD14",20,5,4,TRUE
0.0789252344014788,0.231993774400265,0.689080991198256,"myb_2","Influenza","Mono_CD14",20,5,4,TRUE
0.0493429125718294,0.187156018778088,0.763501068650083,"myb_3","Influenza","Mono_CD14",20,5,4,TRUE
0.0572838185595054,0.203650543202533,0.739065638237962,"myb_4","Influenza","Mono_CD14",20,5,4,TRUE
0.00394244237479234,0.0981119505919877,0.89794560703322,"myb_5","Influenza","Mono_CD14",20,5,4,TRUE
0.0175463615892313,0.129735101143023,0.852718537267746,"mzf1","Influenza","Mono_CD14",20,5,4,TRUE
0.0198765134657246,0.172900895613479,0.807222590920796,"nfac_2","Influenza","Mono_CD14",20,5,4,TRUE
0.0126610728098226,0.152329117111647,0.83500981007853,"nfat_1","Influenza","Mono_CD14",20,5,4,TRUE
0.0297185060780684,0.152652436900079,0.817629057021853,"nfat_2","Influenza","Mono_CD14",20,5,4,TRUE
0.0149136948935311,0.462091708788419,0.52299459631805,"nfat_3","Influenza","Mono_CD14",20,5,4,TRUE
0.0308462707303579,0.854588270969386,0.114565458300256,"nfat_4","Influenza","Mono_CD14",20,5,4,TRUE
0.0728506337657116,0.15451062318376,0.772638743050529,"nfi_1","Influenza","Mono_CD14",20,5,4,TRUE
0.0707697644708847,0.201204073188148,0.728026162340967,"nfi_2","Influenza","Mono_CD14",20,5,4,TRUE
0.0592256850074089,0.146016948497938,0.794757366494654,"nfi_3","Influenza","Mono_CD14",20,5,4,TRUE
0,0.18486877628711,0.81513122371289,"nfkb_1","Influenza","Mono_CD14",20,5,4,TRUE
0.0244063978343524,0.814765154622952,0.160828447542695,"nfkb_2","Influenza","Mono_CD14",20,5,4,TRUE
0.046631243951247,0.113667727953729,0.839701028095023,"nfkb_3","Influenza","Mono_CD14",20,5,4,TRUE
0.0357190109919742,0.101252149665818,0.863028839342208,"nfy","Influenza","Mono_CD14",20,5,4,TRUE
0.0320293492228648,0.203714716575361,0.764255934201775,"nr_1","Influenza","Mono_CD14",20,5,4,TRUE
0.00553390292997222,0.220791440230528,0.7736746568395,"nr_10","Influenza","Mono_CD14",20,5,4,TRUE
0.0269695064764623,0.149787112988075,0.823243380535462,"nr_11","Influenza","Mono_CD14",20,5,4,TRUE
0.0316957448192245,0.163876488863787,0.804427766316989,"nr_12","Influenza","Mono_CD14",20,5,4,TRUE
0.0472811552093817,0.175417921827363,0.777300922963256,"nr_13","Influenza","Mono_CD14",20,5,4,TRUE
0.190261873383952,0.784201018073214,0.0255371085428343,"nr_14","Influenza","Mono_CD14",20,5,4,TRUE
0.00855698273017522,0.117562677348788,0.873880339921037,"nr_15","Influenza","Mono_CD14",20,5,4,TRUE
0.0373971892025697,0.150099114081997,0.812503696715433,"nr_16","Influenza","Mono_CD14",20,5,4,TRUE
0.0271926268622892,0.148109182253709,0.824698190884002,"nr_17","Influenza","Mono_CD14",20,5,4,TRUE
0.0283050403967734,0.214696041599592,0.756998918003635,"nr_18","Influenza","Mono_CD14",20,5,4,TRUE
0.0698296968817402,0.201852737042499,0.728317566075761,"nr_19","Influenza","Mono_CD14",20,5,4,TRUE
0.152728719405908,0.294700208214107,0.552571072379984,"nr_2","Influenza","Mono_CD14",20,5,4,TRUE
0.0536437335921444,0.166303825248568,0.780052441159288,"nr_20","Influenza","Mono_CD14",20,5,4,TRUE
0.0338055391297585,0.143115448935048,0.823079011935194,"nr_3","Influenza","Mono_CD14",20,5,4,TRUE
0.00105379917011314,0.428211075201162,0.570735125628725,"nr_4","Influenza","Mono_CD14",20,5,4,TRUE
0.0710598135015113,0.354910728250077,0.574029458248411,"nr_5","Influenza","Mono_CD14",20,5,4,TRUE
1.83027424334137e-11,0.294067611558838,0.705932388422859,"nr_6","Influenza","Mono_CD14",20,5,4,TRUE
0.0278129303632499,0.226485757691919,0.745701311944831,"nr_7","Influenza","Mono_CD14",20,5,4,TRUE
0.0166071507286033,0.103339597861777,0.880053251409619,"nr_8","Influenza","Mono_CD14",20,5,4,TRUE
0.0303162272611173,0.316733402092597,0.652950370646285,"nr_9","Influenza","Mono_CD14",20,5,4,TRUE
0.104336220140368,0.197333402066328,0.698330377793304,"nr2e3","Influenza","Mono_CD14",20,5,4,TRUE
0.0352497646160118,0.38848636771626,0.576263867667728,"nrf1","Influenza","Mono_CD14",20,5,4,TRUE
0.0172370037993746,0.147299460800318,0.835463535400308,"oct4sox2","Influenza","Mono_CD14",20,5,4,TRUE
0.204501348521579,0.686265730930803,0.109232920547618,"osr2","Influenza","Mono_CD14",20,5,4,TRUE
0.141412443881692,0.54304356192948,0.315543994188829,"ovol1","Influenza","Mono_CD14",20,5,4,TRUE
0.0305988007292704,0.144023032976673,0.825378166294057,"p53_like_1","Influenza","Mono_CD14",20,5,4,TRUE
0,0.521167897393813,0.478832102606187,"p53_like_2","Influenza","Mono_CD14",20,5,4,TRUE
0.0430441293807763,0.245972379614089,0.710983491005135,"p53_like_3","Influenza","Mono_CD14",20,5,4,TRUE
1.16274079282486e-15,0.255930025100505,0.744069974899494,"pax_halfsite","Influenza","Mono_CD14",20,5,4,TRUE
0.0336996511915969,0.218514140467105,0.747786208341298,"pax_1","Influenza","Mono_CD14",20,5,4,TRUE
0.131233941867866,0.343385909766053,0.525380148366081,"pax_2","Influenza","Mono_CD14",20,5,4,TRUE
0.0193424825076921,0.0846464102331796,0.896011107259128,"plag1","Influenza","Mono_CD14",20,5,4,TRUE
0,0.0983867755681557,0.901613224431844,"pou_1","Influenza","Mono_CD14",20,5,4,TRUE
0.0339470745246076,0.222331802235116,0.743721123240276,"pou_2","Influenza","Mono_CD14",20,5,4,TRUE
0.143256662135127,0.621099503746211,0.235643834118662,"pou_3","Influenza","Mono_CD14",20,5,4,TRUE
0.0944183619822723,0.291457363612478,0.61412427440525,"prdm1","Influenza","Mono_CD14",20,5,4,TRUE
0.095670087845484,0.560383036025645,0.343946876128872,"prdm14","Influenza","Mono_CD14",20,5,4,TRUE
0.0356071925571332,0.182580440052564,0.781812367390303,"prdm16","Influenza","Mono_CD14",20,5,4,TRUE
0.0158491221273361,0.961995662439282,0.0221552154333821,"prdm4","Influenza","Mono_CD14",20,5,4,TRUE
0.0206805839396724,0.0964112401017971,0.882908175958531,"prdm5","Influenza","Mono_CD14",20,5,4,TRUE
0.158716345045451,0.333760301402879,0.50752335355167,"prdm9","Influenza","Mono_CD14",20,5,4,TRUE
0.0379951245847177,0.189622612742139,0.772382262673143,"prox1","Influenza","Mono_CD14",20,5,4,TRUE
0.0487966035593569,0.231847827784508,0.719355568656135,"rbpj","Influenza","Mono_CD14",20,5,4,TRUE
0.00260588090492305,0.1247287109535,0.872665408141577,"rel_halfsite","Influenza","Mono_CD14",20,5,4,TRUE
0.0646243040672972,0.210637021858815,0.724738674073888,"rest_nrsf","Influenza","Mono_CD14",20,5,4,TRUE
0,0.427294617133145,0.572705382866855,"rfx_1","Influenza","Mono_CD14",20,5,4,TRUE
0.046491096976642,0.158975592172644,0.794533310850714,"rfx_2","Influenza","Mono_CD14",20,5,4,TRUE
0.100330091343369,0.534030299093653,0.365639609562979,"rfx_3","Influenza","Mono_CD14",20,5,4,TRUE
0.113117122145172,0.415602057224933,0.471280820629895,"runx_1","Influenza","Mono_CD14",20,5,4,TRUE
0.022513860422335,0.182318426918756,0.795167712658909,"runx_2","Influenza","Mono_CD14",20,5,4,TRUE
0.0766325996396415,0.532593548719316,0.390773851641043,"scrt1","Influenza","Mono_CD14",20,5,4,TRUE
0.0537804625859924,0.84383519342729,0.102384343986718,"six_1","Influenza","Mono_CD14",20,5,4,TRUE
0.0651121210264729,0.120366111370936,0.814521767602591,"six_2","Influenza","Mono_CD14",20,5,4,TRUE
0.0596600159588912,0.219019873435299,0.72132011060581,"smad","Influenza","Mono_CD14",20,5,4,TRUE
0.108925603379303,0.264011603255397,0.6270627933653,"smad_1","Influenza","Mono_CD14",20,5,4,TRUE
0.00346207991919743,0.3264323201002,0.670105599980603,"smad_2","Influenza","Mono_CD14",20,5,4,TRUE
0.0768312118795708,0.242300154297221,0.680868633823209,"smarca1","Influenza","Mono_CD14",20,5,4,TRUE
0.0787699082236841,0.529167459489502,0.392062632286813,"smarca5","Influenza","Mono_CD14",20,5,4,TRUE
0.213007601108053,0.187128416693389,0.599863982198558,"snai2","Influenza","Mono_CD14",20,5,4,TRUE
0.122858563734192,0.243422732860846,0.633718703404961,"sox_1","Influenza","Mono_CD14",20,5,4,TRUE
0.0557420298441619,0.106041720610324,0.838216249545514,"sox_2","Influenza","Mono_CD14",20,5,4,TRUE
0.191517269045481,0.290650443930682,0.517832287023837,"sox_3","Influenza","Mono_CD14",20,5,4,TRUE
0,0.429970615963714,0.570029384036286,"sox_4","Influenza","Mono_CD14",20,5,4,TRUE
0,0.514731443348866,0.485268556651134,"sox_5","Influenza","Mono_CD14",20,5,4,TRUE
0.0944622799770204,0.905537720000246,2.27337079203375e-11,"sox_6","Influenza","Mono_CD14",20,5,4,TRUE
0.0824217629260069,0.368557910923768,0.549020326150225,"sox_7","Influenza","Mono_CD14",20,5,4,TRUE
0.221453251103124,0.206782024015002,0.571764724881874,"sox_8","Influenza","Mono_CD14",20,5,4,TRUE
3.69157641363535e-10,0.216226999012523,0.783773000618319,"spdef_1","Influenza","Mono_CD14",20,5,4,TRUE
3.79989104789225e-11,0.628782555889952,0.371217444072049,"spdef_2","Influenza","Mono_CD14",20,5,4,TRUE
0.0394195077468967,0.127469285078212,0.833111207174891,"spi","Influenza","Mono_CD14",20,5,4,TRUE
0.112331918149089,0.510714940128974,0.376953141721937,"spz1","Influenza","Mono_CD14",20,5,4,TRUE
0.0825615831305982,0.341515692077391,0.575922724792011,"srebf1","Influenza","Mono_CD14",20,5,4,TRUE
0.115742965012162,0.201542082625231,0.682714952362606,"srf","Influenza","Mono_CD14",20,5,4,TRUE
0.165450519406453,0.358809350831535,0.475740129762012,"stat_1","Influenza","Mono_CD14",20,5,4,TRUE
0.361564886000277,0.430338769869082,0.208096344130641,"stat_2","Influenza","Mono_CD14",20,5,4,TRUE
0.0344711922406904,0.181893518339254,0.783635289420056,"tata","Influenza","Mono_CD14",20,5,4,TRUE
0.179494385987534,0.352066256715287,0.468439357297178,"tbx_1","Influenza","Mono_CD14",20,5,4,TRUE
0.191594784067787,0.342555568068697,0.465849647863516,"tbx_2","Influenza","Mono_CD14",20,5,4,TRUE
0.246476457404643,0.541269636570631,0.212253906024726,"tbx_3","Influenza","Mono_CD14",20,5,4,TRUE
0.0553522375732618,0.120831141328613,0.823816621098125,"tbx_4","Influenza","Mono_CD14",20,5,4,TRUE
0.036594135787648,0.214428207666189,0.748977656546163,"tcf_lef","Influenza","Mono_CD14",20,5,4,TRUE
0.0569410861238364,0.161855481095354,0.78120343278081,"tead","Influenza","Mono_CD14",20,5,4,TRUE
0.0543527447056231,0.217905514886995,0.727741740407382,"tfap2_1","Influenza","Mono_CD14",20,5,4,TRUE
0.048901000005116,0.196763014724774,0.75433598527011,"tfap2_2","Influenza","Mono_CD14",20,5,4,TRUE
0,0.326141225381748,0.673858774618252,"tfcp2","Influenza","Mono_CD14",20,5,4,TRUE
0.184844759477802,0.469710372368908,0.34544486815329,"thap1","Influenza","Mono_CD14",20,5,4,TRUE
0.060299323014585,0.153804059919971,0.785896617065444,"yy1","Influenza","Mono_CD14",20,5,4,TRUE
0.0264416853467035,0.0484769405154236,0.925081374137873,"zbed1","Influenza","Mono_CD14",20,5,4,TRUE
0.0575679002262765,0.346924949875434,0.595507149898289,"zbtb14","Influenza","Mono_CD14",20,5,4,TRUE
0.211319772257749,0.382962374466346,0.405717853275905,"zbtb48","Influenza","Mono_CD14",20,5,4,TRUE
0.0690374612322927,0.442420684814332,0.488541853953376,"zbtb49","Influenza","Mono_CD14",20,5,4,TRUE
1.5998487840668e-11,0.430800377896798,0.569199622087204,"zbtb6","Influenza","Mono_CD14",20,5,4,TRUE
0.149159610246634,0.410850559845014,0.439989829908352,"zbtb7a","Influenza","Mono_CD14",20,5,4,TRUE
0.146230710512275,0.378352279390267,0.475417010097458,"zfn121","Influenza","Mono_CD14",20,5,4,TRUE
0.00627086512816345,0.188819860876164,0.804909273995672,"zfx","Influenza","Mono_CD14",20,5,4,TRUE
0.0723123103607758,0.21092596546566,0.716761724173564,"zic","Influenza","Mono_CD14",20,5,4,TRUE
0.0254249388459698,0.106182166100826,0.868392895053204,"zic_2","Influenza","Mono_CD14",20,5,4,TRUE
0.0768436516288147,0.500479346082138,0.422677002289048,"zim3","Influenza","Mono_CD14",20,5,4,TRUE
0.0169195301054138,0.169539814821125,0.813540655073461,"zkscan1","Influenza","Mono_CD14",20,5,4,TRUE
0.0436605169875729,0.337007554843391,0.619331928169037,"znf134","Influenza","Mono_CD14",20,5,4,TRUE
0,0.927092463193898,0.0729075368061019,"znf136","Influenza","Mono_CD14",20,5,4,TRUE
0.0170743184392841,0.445583530469225,0.537342151091491,"znf140","Influenza","Mono_CD14",20,5,4,TRUE
0.10232780101294,0.141160033277098,0.756512165709962,"znf143","Influenza","Mono_CD14",20,5,4,TRUE
0.0497599682010109,0.131667227853913,0.818572803945077,"znf143_1","Influenza","Mono_CD14",20,5,4,TRUE
0.0449757829418697,0.187090460975571,0.767933756082559,"znf146","Influenza","Mono_CD14",20,5,4,TRUE
0.046747354941138,0.209130592070435,0.744122052988427,"znf232","Influenza","Mono_CD14",20,5,4,TRUE
0.188507428297389,0.767663842628329,0.0438287290742818,"znf24","Influenza","Mono_CD14",20,5,4,TRUE
0.308786604351913,0.554180662182586,0.137032733465501,"znf250","Influenza","Mono_CD14",20,5,4,TRUE
0.0561721768578597,0.277387507672139,0.666440315470001,"znf257","Influenza","Mono_CD14",20,5,4,TRUE
0.051731289523395,0.805520001075853,0.142748709400752,"znf274","Influenza","Mono_CD14",20,5,4,TRUE
0.089684463709551,0.343844247566325,0.566471288724124,"znf28","Influenza","Mono_CD14",20,5,4,TRUE
0.181927746711318,0.485626051339419,0.332446201949263,"znf282","Influenza","Mono_CD14",20,5,4,TRUE
0.0496582673420154,0.0681503667783559,0.882191365879629,"znf306","Influenza","Mono_CD14",20,5,4,TRUE
0.353058096955923,0.485162369301182,0.161779533742895,"znf317","Influenza","Mono_CD14",20,5,4,TRUE
0.0175160915318739,0.0941201674207184,0.888363741047408,"znf320","Influenza","Mono_CD14",20,5,4,TRUE
0.056935511181581,0.200326260795975,0.742738228022444,"znf324","Influenza","Mono_CD14",20,5,4,TRUE
0.0196866185839421,0.146894111807352,0.833419269608705,"znf329","Influenza","Mono_CD14",20,5,4,TRUE
0.0954601498949666,0.204847739718845,0.699692110386189,"znf331","Influenza","Mono_CD14",20,5,4,TRUE
0.0520058505802959,0.142882613513301,0.805111535906403,"znf332","Influenza","Mono_CD14",20,5,4,TRUE
0.103053749563544,0.215813303702887,0.681132946733568,"znf335","Influenza","Mono_CD14",20,5,4,TRUE
7.74713719475684e-13,0.574167098517989,0.425832901481237,"znf354","Influenza","Mono_CD14",20,5,4,TRUE
0.0407966194384246,0.39556042932932,0.563642951232256,"znf382","Influenza","Mono_CD14",20,5,4,TRUE
0.0769201662862336,0.206274413727204,0.716805419986563,"znf384_1","Influenza","Mono_CD14",20,5,4,TRUE
0.10093327463568,0.320080508315415,0.578986217048904,"znf384_2","Influenza","Mono_CD14",20,5,4,TRUE
0.0514051193347548,0.156726668293185,0.79186821237206,"znf41","Influenza","Mono_CD14",20,5,4,TRUE
2.84667698562748e-18,0.909877161078605,0.090122838921395,"znf410","Influenza","Mono_CD14",20,5,4,TRUE
0.151674686603996,0.147996120043599,0.700329193352405,"znf418","Influenza","Mono_CD14",20,5,4,TRUE
0.0178229610300465,0.0637885436463878,0.918388495323566,"znf423","Influenza","Mono_CD14",20,5,4,TRUE
0.0180365735087223,0.177384466460681,0.804578960030597,"znf431","Influenza","Mono_CD14",20,5,4,TRUE
0.232659297864771,0.643941759774018,0.123398942361211,"znf435","Influenza","Mono_CD14",20,5,4,TRUE
0.0553502671444491,0.130794352066186,0.813855380789365,"znf436","Influenza","Mono_CD14",20,5,4,TRUE
0.0399892828644026,0.164189491961182,0.795821225174415,"znf449","Influenza","Mono_CD14",20,5,4,TRUE
0,1,0,"znf490","Influenza","Mono_CD14",20,5,4,TRUE
0.208543582259531,0.438964384527708,0.35249203321276,"znf524","Influenza","Mono_CD14",20,5,4,TRUE
0.020883001498174,0.188578336172471,0.790538662329355,"znf528","Influenza","Mono_CD14",20,5,4,TRUE
0.0702357622692817,0.113422764157991,0.816341473572727,"znf53","Influenza","Mono_CD14",20,5,4,TRUE
0.0870872861387518,0.476597833123521,0.436314880737728,"znf547","Influenza","Mono_CD14",20,5,4,TRUE
0.0574962012477434,0.185135408856427,0.75736838989583,"znf549","Influenza","Mono_CD14",20,5,4,TRUE
0.0539245964475757,0.147093165964506,0.798982237587919,"znf554","Influenza","Mono_CD14",20,5,4,TRUE
0.0906751447632997,0.332799688343057,0.576525166893643,"znf563","Influenza","Mono_CD14",20,5,4,TRUE
0.0389242610675985,0.226286494665274,0.734789244267128,"znf57","Influenza","Mono_CD14",20,5,4,TRUE
0.000925435966569301,0.240662844121912,0.758411719911518,"znf586","Influenza","Mono_CD14",20,5,4,TRUE
0.152128342745071,0.258333961753196,0.589537695501733,"znf652","Influenza","Mono_CD14",20,5,4,TRUE
0.202889747479157,0.784800208270988,0.0123100442498542,"znf667","Influenza","Mono_CD14",20,5,4,TRUE
0.0329825759818754,0.429608151721742,0.537409272296382,"znf680","Influenza","Mono_CD14",20,5,4,TRUE
0.112947647880684,0.248669994171627,0.638382357947689,"znf708","Influenza","Mono_CD14",20,5,4,TRUE
0.125862702461245,0.65884170790793,0.215295589630825,"znf713","Influenza","Mono_CD14",20,5,4,TRUE
0.0358741007774733,0.181432099320013,0.782693799902514,"znf768","Influenza","Mono_CD14",20,5,4,TRUE
0.0972736845581103,0.143855770049384,0.758870545392506,"znf784","Influenza","Mono_CD14",20,5,4,TRUE
0.0477174386832656,0.435481462753892,0.516801098562843,"znf85","Influenza","Mono_CD14",20,5,4,TRUE
0.0764966657941363,0.251390896605999,0.672112437599865,"znf85_1","Influenza","Mono_CD14",20,5,4,TRUE
0.0464912919586166,0.140278596848842,0.813230111192541,"zscan3","Influenza","Mono_CD14",20,5,4,TRUE
0.279188628682585,0.629431404690366,0.0913799666270493,"zscan4","Influenza","Mono_CD14",20,5,4,TRUE
0.14209572772376,0.518613831732945,0.339290440543295,"ahr","Influenza","Mono_CD16",19,5,4,TRUE
0,1,0,"aire","Influenza","Mono_CD16",19,5,4,TRUE
0,0.261225557586011,0.738774442413989,"ap1_1","Influenza","Mono_CD16",19,5,4,TRUE
4.59781825715921e-14,0.288917201393245,0.711082798606709,"ap1_2","Influenza","Mono_CD16",19,5,4,TRUE
0,0.651529924866192,0.348470075133808,"ari5a","Influenza","Mono_CD16",19,5,4,TRUE
0.209863431206288,0.604922510216973,0.185214058576739,"ari5b","Influenza","Mono_CD16",19,5,4,TRUE
0,1,0,"batf","Influenza","Mono_CD16",19,5,4,TRUE
0.0398973220211951,0.88391627169105,0.0761864062877546,"bcl6_1","Influenza","Mono_CD16",19,5,4,TRUE
3.91726668277361e-12,0.803705186426882,0.1962948135692,"bcl6_2","Influenza","Mono_CD16",19,5,4,TRUE
0,0.185647381286023,0.814352618713977,"ccaat_cebp","Influenza","Mono_CD16",19,5,4,TRUE
0.053967834327863,0.517807731833766,0.428224433838371,"cenbp","Influenza","Mono_CD16",19,5,4,TRUE
0.0121469767606815,0.235185137551124,0.752667885688194,"cpeb1","Influenza","Mono_CD16",19,5,4,TRUE
0.200824688288709,0.564845486675138,0.234329825036153,"creb_atf_1","Influenza","Mono_CD16",19,5,4,TRUE
0.356471794977356,0.643528205022644,4.44355749976303e-19,"creb_atf_2","Influenza","Mono_CD16",19,5,4,TRUE
0,0.246659178834214,0.753340821165786,"creb_atf_3","Influenza","Mono_CD16",19,5,4,TRUE
0.0647471589075536,0.935252841092446,0,"creb3_xbp1","Influenza","Mono_CD16",19,5,4,TRUE
0.0495731747661692,0.516380366835377,0.434046458398454,"ctcf","Influenza","Mono_CD16",19,5,4,TRUE
0,0.20443383483087,0.79556616516913,"cux_1","Influenza","Mono_CD16",19,5,4,TRUE
0,1,0,"cux_2","Influenza","Mono_CD16",19,5,4,TRUE
2.29667819947575e-11,0.879548282962442,0.120451717014592,"cux_3","Influenza","Mono_CD16",19,5,4,TRUE
0,0.593835201543565,0.406164798456435,"cux_4","Influenza","Mono_CD16",19,5,4,TRUE
0,1,0,"ddit3cebpa","Influenza","Mono_CD16",19,5,4,TRUE
0,0.500282742549414,0.499717257450586,"dmrt1","Influenza","Mono_CD16",19,5,4,TRUE
0,1,0,"dmrt3","Influenza","Mono_CD16",19,5,4,TRUE
0.00473627732618222,0.203340046540157,0.79192367613366,"e2f_1","Influenza","Mono_CD16",19,5,4,TRUE
0.0465209776720751,0.254447035290271,0.699031987037654,"e2f_2","Influenza","Mono_CD16",19,5,4,TRUE
0.134431222227686,0.281831680752446,0.583737097019868,"e2f_3","Influenza","Mono_CD16",19,5,4,TRUE
0,0.740448457869116,0.259551542130885,"e2f_4","Influenza","Mono_CD16",19,5,4,TRUE
0,0.0629456360715087,0.937054363928491,"ebf1","Influenza","Mono_CD16",19,5,4,TRUE
0.200689443371618,0.210432625951066,0.588877930677316,"ebox_cacctg","Influenza","Mono_CD16",19,5,4,TRUE
0.241926428156109,0.353294998730537,0.404778573113354,"ebox_cacgtg_1","Influenza","Mono_CD16",19,5,4,TRUE
0,1,0,"ebox_cacgtg_2","Influenza","Mono_CD16",19,5,4,TRUE
0.00344345733819558,0.154231962689087,0.842324579972718,"ebox_cagatgg","Influenza","Mono_CD16",19,5,4,TRUE
4.21873725944247e-21,0.547106476425112,0.452893523574888,"ebox_cagctg","Influenza","Mono_CD16",19,5,4,TRUE
0.0611389062665265,0.198445677674067,0.740415416059407,"ebox_catatg","Influenza","Mono_CD16",19,5,4,TRUE
6.93129850757441e-12,0.499681610769112,0.500318389223957,"egr","Influenza","Mono_CD16",19,5,4,TRUE
0.0145228788865058,0.204140119016106,0.781337002097388,"ets_1","Influenza","Mono_CD16",19,5,4,TRUE
0.0575454394624455,0.212711646313474,0.729742914224081,"ets_2","Influenza","Mono_CD16",19,5,4,TRUE
0.0296596543385678,0.603952748553879,0.366387597107553,"evi1_mecom","Influenza","Mono_CD16",19,5,4,TRUE
0,1,0,"ewsr1_fli1","Influenza","Mono_CD16",19,5,4,TRUE
0.00391330133917255,0.996086698660828,0,"fezf1","Influenza","Mono_CD16",19,5,4,TRUE
0,1,0,"fox_1","Influenza","Mono_CD16",19,5,4,TRUE
0,1,0,"fox_2","Influenza","Mono_CD16",19,5,4,TRUE
0,1,0,"fox_3","Influenza","Mono_CD16",19,5,4,TRUE
0.20513758443662,0.794862415563153,2.26707914233406e-13,"fox_4","Influenza","Mono_CD16",19,5,4,TRUE
0.0578736036188146,0.110255655821876,0.831870740559309,"fox_5","Influenza","Mono_CD16",19,5,4,TRUE
8.38443913085708e-23,0.402889866208457,0.597110133791542,"fox_6","Influenza","Mono_CD16",19,5,4,TRUE
0,0.254871312200585,0.745128687799415,"fox_7","Influenza","Mono_CD16",19,5,4,TRUE
0.067719805671854,0.341861333693115,0.590418860635031,"fox_8","Influenza","Mono_CD16",19,5,4,TRUE
4.48501905005654e-11,0.605517228029532,0.394482771925618,"fox_9","Influenza","Mono_CD16",19,5,4,TRUE
0.00142335715840719,0.254092873889311,0.744483768952282,"gata","Influenza","Mono_CD16",19,5,4,TRUE
3.77260865195685e-18,0.936680281841531,0.0633197181584692,"gc_tract","Influenza","Mono_CD16",19,5,4,TRUE
4.55396742823231e-16,0.999999999999999,0,"gcm","Influenza","Mono_CD16",19,5,4,TRUE
0.061036182578735,0.682740213491604,0.256223603929661,"gfi","Influenza","Mono_CD16",19,5,4,TRUE
0.173577296855205,0.621368287175927,0.205054415968868,"gli","Influenza","Mono_CD16",19,5,4,TRUE
0,0.602450863426439,0.397549136573561,"glis","Influenza","Mono_CD16",19,5,4,TRUE
3.2700625323094e-15,0.370123152415896,0.629876847584101,"gmeb2_1","Influenza","Mono_CD16",19,5,4,TRUE
0,0.899519328609988,0.100480671390013,"gmeb2_2","Influenza","Mono_CD16",19,5,4,TRUE
0,1,0,"gmeb2_3","Influenza","Mono_CD16",19,5,4,TRUE
0,1,0,"grhl","Influenza","Mono_CD16",19,5,4,TRUE
2.94283843911874e-12,0.142957865796652,0.857042134200405,"hand1","Influenza","Mono_CD16",19,5,4,TRUE
5.23728930367067e-09,0.582477372900679,0.417522621862032,"hd_1","Influenza","Mono_CD16",19,5,4,TRUE
0,0.634682782915707,0.365317217084293,"hd_10","Influenza","Mono_CD16",19,5,4,TRUE
0.0258775106335932,0.974122489362223,4.18347968979282e-12,"hd_11","Influenza","Mono_CD16",19,5,4,TRUE
0,0.762843179164304,0.237156820835696,"hd_12","Influenza","Mono_CD16",19,5,4,TRUE
2.94790832907041e-22,0.748375482305025,0.251624517694975,"hd_13","Influenza","Mono_CD16",19,5,4,TRUE
0.250814337803701,0.749185662196298,5.31130419428697e-19,"hd_14","Influenza","Mono_CD16",19,5,4,TRUE
0.0301565008159222,0.750880409185793,0.218963089998284,"hd_15","Influenza","Mono_CD16",19,5,4,TRUE
0,1,0,"hd_16","Influenza","Mono_CD16",19,5,4,TRUE
3.43088124210983e-13,0.29087023320543,0.709129766794227,"hd_17","Influenza","Mono_CD16",19,5,4,TRUE
0.00744571430280951,0.313757360021648,0.678796925675543,"hd_18","Influenza","Mono_CD16",19,5,4,TRUE
0.0418211289144208,0.19549421129229,0.762684659793289,"hd_19","Influenza","Mono_CD16",19,5,4,TRUE
0,0.864796627560601,0.135203372439399,"hd_2","Influenza","Mono_CD16",19,5,4,TRUE
0.0297754846877336,0.683121437074627,0.28710307823764,"hd_20","Influenza","Mono_CD16",19,5,4,TRUE
0,1,0,"hd_21","Influenza","Mono_CD16",19,5,4,TRUE
0,1,0,"hd_22","Influenza","Mono_CD16",19,5,4,TRUE
0,1,0,"hd_23","Influenza","Mono_CD16",19,5,4,TRUE
0.0444318633945411,0.401741625802095,0.553826510803364,"hd_24","Influenza","Mono_CD16",19,5,4,TRUE
0.0586620745666884,0.495651193692891,0.445686731740421,"hd_25","Influenza","Mono_CD16",19,5,4,TRUE
0,1,0,"hd_3","Influenza","Mono_CD16",19,5,4,TRUE
0,0.361274241568107,0.638725758431893,"hd_4","Influenza","Mono_CD16",19,5,4,TRUE
0.0645361568375971,0.527619565857483,0.40784427730492,"hd_5","Influenza","Mono_CD16",19,5,4,TRUE
0.0774639610579132,0.447125492040695,0.475410546901392,"hd_6","Influenza","Mono_CD16",19,5,4,TRUE
0.23878506515375,0.761214891513693,4.33325565264614e-08,"hd_7","Influenza","Mono_CD16",19,5,4,TRUE
0.168116237831284,0.831883762166063,2.65320968657889e-12,"hd_8","Influenza","Mono_CD16",19,5,4,TRUE
9.33887817893215e-14,0.998705395340015,0.00129460465989126,"hd_9","Influenza","Mono_CD16",19,5,4,TRUE
0,1,0,"hen1","Influenza","Mono_CD16",19,5,4,TRUE
0,0.788786431033023,0.211213568966977,"hic_1","Influenza","Mono_CD16",19,5,4,TRUE
0,0.298434253460957,0.701565746539043,"hic_2","Influenza","Mono_CD16",19,5,4,TRUE
0.0388662699909105,0.285229427005249,0.675904303003841,"hif","Influenza","Mono_CD16",19,5,4,TRUE
1.08210431829677e-12,0.752719115376258,0.24728088462266,"hinfp1_1","Influenza","Mono_CD16",19,5,4,TRUE
0,1,0,"hinfp1_2","Influenza","Mono_CD16",19,5,4,TRUE
0,1,0,"hinfp1_3","Influenza","Mono_CD16",19,5,4,TRUE
0,1,0,"hltf","Influenza","Mono_CD16",19,5,4,TRUE
0,0.383059241523096,0.616940758476904,"homez","Influenza","Mono_CD16",19,5,4,TRUE
0.00927099317007009,0.99072900682993,0,"hsf","Influenza","Mono_CD16",19,5,4,TRUE
0.00685131890450434,0.178854402979456,0.814294278116039,"hsfy2","Influenza","Mono_CD16",19,5,4,TRUE
0,0.572866232612435,0.427133767387565,"insm1","Influenza","Mono_CD16",19,5,4,TRUE
0,0.54603771650073,0.45396228349927,"irf_1","Influenza","Mono_CD16",19,5,4,TRUE
0.344257566642176,0.65574243108736,2.27046398758401e-09,"irf_2","Influenza","Mono_CD16",19,5,4,TRUE
0.0267313370588984,0.402870749823464,0.570397913117638,"irf_3","Influenza","Mono_CD16",19,5,4,TRUE
0.0224749695737778,0.738386199505474,0.239138830920748,"irf_4","Influenza","Mono_CD16",19,5,4,TRUE
0,0.572035772153543,0.427964227846457,"kaiso","Influenza","Mono_CD16",19,5,4,TRUE
0,0.771131420443433,0.228868579556567,"klf_sp_1","Influenza","Mono_CD16",19,5,4,TRUE
0.0727614113167529,0.25020691810904,0.677031670574207,"klf_sp_2","Influenza","Mono_CD16",19,5,4,TRUE
4.10038762020737e-13,0.350188711880391,0.649811288119199,"klf_sp_3","Influenza","Mono_CD16",19,5,4,TRUE
1.45423211447076e-12,0.687604332048018,0.312395667950527,"lef1","Influenza","Mono_CD16",19,5,4,TRUE
0,0.590397440658029,0.409602559341971,"lin54","Influenza","Mono_CD16",19,5,4,TRUE
0,0.447981051563196,0.552018948436804,"maf","Influenza","Mono_CD16",19,5,4,TRUE
0.0737664077923766,0.926233592207623,3.85058970750456e-21,"mbd2","Influenza","Mono_CD16",19,5,4,TRUE
0,0.732724599094262,0.267275400905738,"mecp2","Influenza","Mono_CD16",19,5,4,TRUE
0.0757075650125938,0.443798143302349,0.480494291685057,"mef2","Influenza","Mono_CD16",19,5,4,TRUE
0.103185303107092,0.896814696892908,8.64209325952028e-22,"mfz1","Influenza","Mono_CD16",19,5,4,TRUE
0,1,0,"mies","Influenza","Mono_CD16",19,5,4,TRUE
0,1,0,"mtf1","Influenza","Mono_CD16",19,5,4,TRUE
3.5899201635708e-14,0.463383656181717,0.536616343818247,"myb_1","Influenza","Mono_CD16",19,5,4,TRUE
0.0095823020257869,0.308279048765029,0.682138649209184,"myb_2","Influenza","Mono_CD16",19,5,4,TRUE
0,0.198274419587036,0.801725580412964,"myb_3","Influenza","Mono_CD16",19,5,4,TRUE
1.5798836275328e-20,0.366083010189696,0.633916989810305,"myb_4","Influenza","Mono_CD16",19,5,4,TRUE
0.0689312890347095,0.286107574813227,0.644961136152063,"myb_5","Influenza","Mono_CD16",19,5,4,TRUE
1.30590415155561e-12,0.418407234867874,0.58159276513082,"mzf1","Influenza","Mono_CD16",19,5,4,TRUE
1.76494267987019e-15,0.34576227802569,0.654237721974308,"nfac_2","Influenza","Mono_CD16",19,5,4,TRUE
0.0148059484468026,0.222685843814032,0.762508207739165,"nfat_1","Influenza","Mono_CD16",19,5,4,TRUE
0,0.477856557451503,0.522143442548497,"nfat_2","Influenza","Mono_CD16",19,5,4,TRUE
0,0.438073008498737,0.561926991501262,"nfat_3","Influenza","Mono_CD16",19,5,4,TRUE
0,1,0,"nfat_4","Influenza","Mono_CD16",19,5,4,TRUE
5.40122627855457e-15,0.129580836274572,0.870419163725423,"nfi_1","Influenza","Mono_CD16",19,5,4,TRUE
0,0.516763686659805,0.483236313340195,"nfi_2","Influenza","Mono_CD16",19,5,4,TRUE
0,0.114036578716449,0.885963421283551,"nfi_3","Influenza","Mono_CD16",19,5,4,TRUE
0.106782418431773,0.442302831367005,0.450914750201221,"nfkb_1","Influenza","Mono_CD16",19,5,4,TRUE
0.196276028753779,0.803723971246221,0,"nfkb_2","Influenza","Mono_CD16",19,5,4,TRUE
0.0205027550228923,0.341763305939837,0.637733939037271,"nfkb_3","Influenza","Mono_CD16",19,5,4,TRUE
0.00508321004028515,0.0983437067175421,0.896573083242173,"nfy","Influenza","Mono_CD16",19,5,4,TRUE
0,0.136592913975559,0.863407086024441,"nr_1","Influenza","Mono_CD16",19,5,4,TRUE
0,0.749192654687975,0.250807345312025,"nr_10","Influenza","Mono_CD16",19,5,4,TRUE
0,0.13794563954506,0.86205436045494,"nr_11","Influenza","Mono_CD16",19,5,4,TRUE
0.0066295189298832,0.121685172342102,0.871685308728015,"nr_12","Influenza","Mono_CD16",19,5,4,TRUE
1.49223829487716e-14,0.33250486065025,0.667495139349735,"nr_13","Influenza","Mono_CD16",19,5,4,TRUE
0.126619466310392,0.712310367278826,0.161070166410781,"nr_14","Influenza","Mono_CD16",19,5,4,TRUE
0.0205161980538157,0.291801066284245,0.687682735661939,"nr_15","Influenza","Mono_CD16",19,5,4,TRUE
0,0.150114355877875,0.849885644122125,"nr_16","Influenza","Mono_CD16",19,5,4,TRUE
1.09786312237986e-12,0.283655253902065,0.716344746096838,"nr_17","Influenza","Mono_CD16",19,5,4,TRUE
0.0209559023113609,0.469737495567826,0.509306602120813,"nr_18","Influenza","Mono_CD16",19,5,4,TRUE
0,0.314889291277346,0.685110708722654,"nr_19","Influenza","Mono_CD16",19,5,4,TRUE
0,1,0,"nr_2","Influenza","Mono_CD16",19,5,4,TRUE
0,1,0,"nr_20","Influenza","Mono_CD16",19,5,4,TRUE
0.0152811075960963,0.0826790371164829,0.902039855287421,"nr_3","Influenza","Mono_CD16",19,5,4,TRUE
0.0281035707649916,0.971896429234904,1.04592942498804e-13,"nr_4","Influenza","Mono_CD16",19,5,4,TRUE
0.0301526170342788,0.435794766519557,0.534052616446165,"nr_5","Influenza","Mono_CD16",19,5,4,TRUE
0.0580972634745314,0.581889973901012,0.360012762624456,"nr_6","Influenza","Mono_CD16",19,5,4,TRUE
0.0694991926396995,0.254291380178711,0.67620942718159,"nr_7","Influenza","Mono_CD16",19,5,4,TRUE
0.0385874336907678,0.961412566273395,3.58374488012548e-11,"nr_8","Influenza","Mono_CD16",19,5,4,TRUE
0,1,0,"nr_9","Influenza","Mono_CD16",19,5,4,TRUE
0,1,0,"nr2e3","Influenza","Mono_CD16",19,5,4,TRUE
4.6087827386683e-14,0.754967967934454,0.2450320320655,"nrf1","Influenza","Mono_CD16",19,5,4,TRUE
0.256860724006588,0.549027309899473,0.19411196609394,"oct4sox2","Influenza","Mono_CD16",19,5,4,TRUE
1.5724539668238e-18,0.881878646862906,0.118121353137094,"osr2","Influenza","Mono_CD16",19,5,4,TRUE
0.0674032805884826,0.932596719404471,7.04662666417673e-12,"ovol1","Influenza","Mono_CD16",19,5,4,TRUE
0,0.16562744509151,0.83437255490849,"p53_like_1","Influenza","Mono_CD16",19,5,4,TRUE
0.151607750079814,0.595753170684383,0.252639079235803,"p53_like_2","Influenza","Mono_CD16",19,5,4,TRUE
0,1,0,"p53_like_3","Influenza","Mono_CD16",19,5,4,TRUE
0,1,0,"pax_halfsite","Influenza","Mono_CD16",19,5,4,TRUE
0.0407348092981838,0.637017014645517,0.322248176056299,"pax_1","Influenza","Mono_CD16",19,5,4,TRUE
0,0.698438830495627,0.301561169504373,"pax_2","Influenza","Mono_CD16",19,5,4,TRUE
0.170581921486305,0.344758728739131,0.484659349774564,"plag1","Influenza","Mono_CD16",19,5,4,TRUE
0.172270601310007,0.827729398689993,6.31593899000687e-20,"pou_1","Influenza","Mono_CD16",19,5,4,TRUE
0.0724706022265506,0.476270305949763,0.451259091823687,"pou_2","Influenza","Mono_CD16",19,5,4,TRUE
0,1,0,"pou_3","Influenza","Mono_CD16",19,5,4,TRUE
0.0391053253471988,0.609731384794905,0.351163289857896,"prdm1","Influenza","Mono_CD16",19,5,4,TRUE
7.3201128035249e-21,0.764794402601874,0.235205597398126,"prdm14","Influenza","Mono_CD16",19,5,4,TRUE
2.64569098625444e-23,0.13449569877982,0.86550430122018,"prdm16","Influenza","Mono_CD16",19,5,4,TRUE
0,1,0,"prdm4","Influenza","Mono_CD16",19,5,4,TRUE
6.46257938550372e-11,0.652306822548338,0.347693177387037,"prdm5","Influenza","Mono_CD16",19,5,4,TRUE
1.17862410841592e-23,0.971972645282361,0.0280273547176394,"prdm9","Influenza","Mono_CD16",19,5,4,TRUE
0,0.621375911797911,0.378624088202089,"prox1","Influenza","Mono_CD16",19,5,4,TRUE
0.0462983998481988,0.953701585199863,1.49519378917558e-08,"rbpj","Influenza","Mono_CD16",19,5,4,TRUE
0,0.480860594910493,0.519139405089507,"rel_halfsite","Influenza","Mono_CD16",19,5,4,TRUE
6.97670455007585e-16,0.983276175128509,0.0167238248714899,"rest_nrsf","Influenza","Mono_CD16",19,5,4,TRUE
0.0858775195606012,0.562179596675588,0.351942883763811,"rfx_1","Influenza","Mono_CD16",19,5,4,TRUE
0,0.742132759992197,0.257867240007803,"rfx_2","Influenza","Mono_CD16",19,5,4,TRUE
0.108466291774086,0.891533707503711,7.22203670963667e-10,"rfx_3","Influenza","Mono_CD16",19,5,4,TRUE
0,0.702504423121272,0.297495576878728,"runx_1","Influenza","Mono_CD16",19,5,4,TRUE
0,0.196730301135462,0.803269698864538,"runx_2","Influenza","Mono_CD16",19,5,4,TRUE
0,1,0,"scrt1","Influenza","Mono_CD16",19,5,4,TRUE
0,0.702400510519092,0.297599489480908,"six_1","Influenza","Mono_CD16",19,5,4,TRUE
0.0286359299394442,0.752301936151601,0.219062133908955,"six_2","Influenza","Mono_CD16",19,5,4,TRUE
0.0246329815159926,0.0979142375632888,0.877452780920718,"smad","Influenza","Mono_CD16",19,5,4,TRUE
0.141618978754246,0.675702667344477,0.182678353901277,"smad_1","Influenza","Mono_CD16",19,5,4,TRUE
0,1,0,"smad_2","Influenza","Mono_CD16",19,5,4,TRUE
0,0.756764251587931,0.243235748412069,"smarca1","Influenza","Mono_CD16",19,5,4,TRUE
0,1,0,"smarca5","Influenza","Mono_CD16",19,5,4,TRUE
0.0114398690726881,0.837360453887952,0.15119967703936,"snai2","Influenza","Mono_CD16",19,5,4,TRUE
0,1,0,"sox_1","Influenza","Mono_CD16",19,5,4,TRUE
0.0865898670263062,0.452956083394632,0.460454049579062,"sox_2","Influenza","Mono_CD16",19,5,4,TRUE
0.12228228416889,0.877717715829718,1.39189892784845e-12,"sox_3","Influenza","Mono_CD16",19,5,4,TRUE
0.0468240357805782,0.953175964219422,7.67640609573169e-22,"sox_4","Influenza","Mono_CD16",19,5,4,TRUE
0,0.685341775297019,0.314658224702981,"sox_5","Influenza","Mono_CD16",19,5,4,TRUE
5.00613104376818e-12,0.774404844549092,0.225595155445902,"sox_6","Influenza","Mono_CD16",19,5,4,TRUE
0,1,0,"sox_7","Influenza","Mono_CD16",19,5,4,TRUE
0,1,0,"sox_8","Influenza","Mono_CD16",19,5,4,TRUE
0.0682138154004045,0.93178618459948,1.15844545546587e-13,"spdef_1","Influenza","Mono_CD16",19,5,4,TRUE
0,0.943236722917652,0.0567632770823477,"spdef_2","Influenza","Mono_CD16",19,5,4,TRUE
0.0216199945386607,0.108179606542263,0.870200398919076,"spi","Influenza","Mono_CD16",19,5,4,TRUE
0,0.88458394010455,0.11541605989545,"spz1","Influenza","Mono_CD16",19,5,4,TRUE
0,0.518599272141635,0.481400727858365,"srebf1","Influenza","Mono_CD16",19,5,4,TRUE
0,1,0,"srf","Influenza","Mono_CD16",19,5,4,TRUE
0,1,0,"stat_1","Influenza","Mono_CD16",19,5,4,TRUE
0,1,0,"stat_2","Influenza","Mono_CD16",19,5,4,TRUE
0,0.486713636401414,0.513286363598586,"tata","Influenza","Mono_CD16",19,5,4,TRUE
0,0.946732742847805,0.0532672571521951,"tbx_1","Influenza","Mono_CD16",19,5,4,TRUE
0,0.373726477162457,0.626273522837543,"tbx_2","Influenza","Mono_CD16",19,5,4,TRUE
0.0184131822830632,0.598386154317691,0.383200663399245,"tbx_3","Influenza","Mono_CD16",19,5,4,TRUE
0.0317157388672201,0.147257074387115,0.821027186745664,"tbx_4","Influenza","Mono_CD16",19,5,4,TRUE
0,0.409979138432094,0.590020861567906,"tcf_lef","Influenza","Mono_CD16",19,5,4,TRUE
0.0125769875905557,0.98742301238279,2.66541000682419e-11,"tead","Influenza","Mono_CD16",19,5,4,TRUE
0.110298793928289,0.437822574776167,0.451878631295545,"tfap2_1","Influenza","Mono_CD16",19,5,4,TRUE
0,0.875071269757114,0.124928730242886,"tfap2_2","Influenza","Mono_CD16",19,5,4,TRUE
1.23104131354808e-22,1,3.52458089680586e-17,"tfcp2","Influenza","Mono_CD16",19,5,4,TRUE
0.00928949669396317,0.990710503306037,0,"thap1","Influenza","Mono_CD16",19,5,4,TRUE
0,0.257716275798673,0.742283724201327,"yy1","Influenza","Mono_CD16",19,5,4,TRUE
0.00880797741878763,0.633985395141449,0.357206627439764,"zbed1","Influenza","Mono_CD16",19,5,4,TRUE
7.47870790273769e-12,0.954959795043532,0.045040204948989,"zbtb14","Influenza","Mono_CD16",19,5,4,TRUE
3.29895538130166e-16,1,0,"zbtb48","Influenza","Mono_CD16",19,5,4,TRUE
0,1,0,"zbtb49","Influenza","Mono_CD16",19,5,4,TRUE
0,1,0,"zbtb6","Influenza","Mono_CD16",19,5,4,TRUE
0.172260257798472,0.827739742200606,9.22308622933118e-13,"zbtb7a","Influenza","Mono_CD16",19,5,4,TRUE
0.00550518107277354,0.218235891298495,0.776258927628732,"zfn121","Influenza","Mono_CD16",19,5,4,TRUE
1.84395071846982e-16,0.661329000376406,0.338670999623593,"zfx","Influenza","Mono_CD16",19,5,4,TRUE
0.00811619105080362,0.264657927013008,0.727225881936188,"zic","Influenza","Mono_CD16",19,5,4,TRUE
4.02021333025153e-17,1,0,"zic_2","Influenza","Mono_CD16",19,5,4,TRUE
0.0289431144288091,0.600395123193791,0.3706617623774,"zim3","Influenza","Mono_CD16",19,5,4,TRUE
9.5185536642338e-11,0.778324405097182,0.221675594807632,"zkscan1","Influenza","Mono_CD16",19,5,4,TRUE
0,1,0,"znf134","Influenza","Mono_CD16",19,5,4,TRUE
0,0.685644092087715,0.314355907912285,"znf136","Influenza","Mono_CD16",19,5,4,TRUE
6.95115333427876e-14,0.580545035662803,0.419454964337127,"znf140","Influenza","Mono_CD16",19,5,4,TRUE
4.47199555302869e-20,0.737853523541295,0.262146476458705,"znf143","Influenza","Mono_CD16",19,5,4,TRUE
0,0.0563129745837077,0.943687025416292,"znf143_1","Influenza","Mono_CD16",19,5,4,TRUE
0,0.337270806995501,0.662729193004499,"znf146","Influenza","Mono_CD16",19,5,4,TRUE
0,1,0,"znf232","Influenza","Mono_CD16",19,5,4,TRUE
3.74614946933534e-09,0.819980221855775,0.180019774398076,"znf24","Influenza","Mono_CD16",19,5,4,TRUE
0.0376468214839251,0.919126377359947,0.043226801156128,"znf250","Influenza","Mono_CD16",19,5,4,TRUE
0.0614504522215642,0.86131768339025,0.0772318643881858,"znf257","Influenza","Mono_CD16",19,5,4,TRUE
0,1,0,"znf274","Influenza","Mono_CD16",19,5,4,TRUE
0.0520067639300045,0.790683313946389,0.157309922123606,"znf28","Influenza","Mono_CD16",19,5,4,TRUE
4.03944015564422e-20,0.718717740675157,0.281282259324843,"znf282","Influenza","Mono_CD16",19,5,4,TRUE
0.00339920840460643,0.705993083466372,0.290607708129021,"znf306","Influenza","Mono_CD16",19,5,4,TRUE
0,1,0,"znf317","Influenza","Mono_CD16",19,5,4,TRUE
0.019484807564862,0.133472697159821,0.847042495275317,"znf320","Influenza","Mono_CD16",19,5,4,TRUE
0,0.802329808192687,0.197670191807313,"znf324","Influenza","Mono_CD16",19,5,4,TRUE
1.24208819086546e-12,0.511293059456947,0.488706940541811,"znf329","Influenza","Mono_CD16",19,5,4,TRUE
0.110529841267353,0.445849295691738,0.443620863040909,"znf331","Influenza","Mono_CD16",19,5,4,TRUE
0.00104109653213122,0.292674216407002,0.706284687060866,"znf332","Influenza","Mono_CD16",19,5,4,TRUE
0.0387793056603205,0.243952739272004,0.717267955067675,"znf335","Influenza","Mono_CD16",19,5,4,TRUE
0.00243552802600107,0.746813047416322,0.250751424557677,"znf354","Influenza","Mono_CD16",19,5,4,TRUE
0,1,0,"znf382","Influenza","Mono_CD16",19,5,4,TRUE
0,0.228398225215963,0.771601774784036,"znf384_1","Influenza","Mono_CD16",19,5,4,TRUE
0.0796259191109075,0.269096077092972,0.651278003796121,"znf384_2","Influenza","Mono_CD16",19,5,4,TRUE
0,0.582699678582837,0.417300321417163,"znf41","Influenza","Mono_CD16",19,5,4,TRUE
0.217881783875042,0.518403985435995,0.263714230688963,"znf410","Influenza","Mono_CD16",19,5,4,TRUE
0,0.756971920236221,0.243028079763779,"znf418","Influenza","Mono_CD16",19,5,4,TRUE
0,0.860577114695858,0.139422885304142,"znf423","Influenza","Mono_CD16",19,5,4,TRUE
2.68599345161741e-21,0.915242666784238,0.0847573332157622,"znf431","Influenza","Mono_CD16",19,5,4,TRUE
0.0283097713849011,0.971690228615099,0,"znf435","Influenza","Mono_CD16",19,5,4,TRUE
0.0353180444885155,0.473809541243038,0.490872414268446,"znf436","Influenza","Mono_CD16",19,5,4,TRUE
1.83800510405966e-12,0.244263099655687,0.755736900342475,"znf449","Influenza","Mono_CD16",19,5,4,TRUE
0,0.607814164136679,0.392185835863322,"znf490","Influenza","Mono_CD16",19,5,4,TRUE
0,0.33387478182277,0.66612521817723,"znf524","Influenza","Mono_CD16",19,5,4,TRUE
0.101704391361658,0.38669131416531,0.511604294473032,"znf528","Influenza","Mono_CD16",19,5,4,TRUE
0,1,0,"znf53","Influenza","Mono_CD16",19,5,4,TRUE
0,1,0,"znf547","Influenza","Mono_CD16",19,5,4,TRUE
0,0.632726701262285,0.367273298737715,"znf549","Influenza","Mono_CD16",19,5,4,TRUE
1.71232244585791e-24,0.401481761677649,0.598518238322351,"znf554","Influenza","Mono_CD16",19,5,4,TRUE
0.0350390787359252,0.67878718554699,0.286173735717085,"znf563","Influenza","Mono_CD16",19,5,4,TRUE
0,0.3327361402222,0.6672638597778,"znf57","Influenza","Mono_CD16",19,5,4,TRUE
1.57408296155418e-08,0.9329925928557,0.0670073914034704,"znf586","Influenza","Mono_CD16",19,5,4,TRUE
0.0631241154867462,0.331908571976084,0.60496731253717,"znf652","Influenza","Mono_CD16",19,5,4,TRUE
2.22201138758779e-10,0.716899292800391,0.283100706977408,"znf667","Influenza","Mono_CD16",19,5,4,TRUE
0.0462258896054253,0.694962896232516,0.258811214162059,"znf680","Influenza","Mono_CD16",19,5,4,TRUE
0.00481347805088453,0.7654528855441,0.229733636405015,"znf708","Influenza","Mono_CD16",19,5,4,TRUE
0,1,0,"znf713","Influenza","Mono_CD16",19,5,4,TRUE
0,0.22640069490915,0.77359930509085,"znf768","Influenza","Mono_CD16",19,5,4,TRUE
0.0271143219699295,0.372686551608873,0.600199126421198,"znf784","Influenza","Mono_CD16",19,5,4,TRUE
0.0102079540989964,0.989792045901004,4.52278431735112e-22,"znf85","Influenza","Mono_CD16",19,5,4,TRUE
0,0.957258650236828,0.0427413497631719,"znf85_1","Influenza","Mono_CD16",19,5,4,TRUE
0,0.714552103718343,0.285447896281657,"zscan3","Influenza","Mono_CD16",19,5,4,TRUE
0.353000723480542,0.646999276519458,0,"zscan4","Influenza","Mono_CD16",19,5,4,TRUE
0,0.802410171249034,0.197589828750966,"ahr","Influenza","NK_CD16",20,5,4,TRUE
0,0.871239362635567,0.128760637364433,"aire","Influenza","NK_CD16",20,5,4,TRUE
0,0.246955178748741,0.753044821251259,"ap1_1","Influenza","NK_CD16",20,5,4,TRUE
0.0302586981953944,0.208936135686175,0.760805166118431,"ap1_2","Influenza","NK_CD16",20,5,4,TRUE
0.006027676966524,0.582317575134383,0.411654747899093,"ari5a","Influenza","NK_CD16",20,5,4,TRUE
5.81413430732905e-12,0.283023294284957,0.716976705709229,"ari5b","Influenza","NK_CD16",20,5,4,TRUE
0.00239602955399781,0.111613621620352,0.88599034882565,"batf","Influenza","NK_CD16",20,5,4,TRUE
0,0.586972639488751,0.413027360511249,"bcl6_1","Influenza","NK_CD16",20,5,4,TRUE
2.12029258371367e-15,0.258019590267804,0.741980409732194,"bcl6_2","Influenza","NK_CD16",20,5,4,TRUE
0.0155261042700908,0.0906686899497884,0.893805205780121,"ccaat_cebp","Influenza","NK_CD16",20,5,4,TRUE
0.151867007286053,0.588986052312769,0.259146940401177,"cenbp","Influenza","NK_CD16",20,5,4,TRUE
0,0.425028988231805,0.574971011768195,"cpeb1","Influenza","NK_CD16",20,5,4,TRUE
0.0335147965837925,0.79848996517447,0.167995238241737,"creb_atf_1","Influenza","NK_CD16",20,5,4,TRUE
0.0200228904954906,0.453564144715903,0.526412964788606,"creb_atf_2","Influenza","NK_CD16",20,5,4,TRUE
0.0379307373319339,0.106924993252156,0.85514426941591,"creb_atf_3","Influenza","NK_CD16",20,5,4,TRUE
0.0354886852287626,0.310558668223961,0.653952646547276,"creb3_xbp1","Influenza","NK_CD16",20,5,4,TRUE
0.0350655439443716,0.435523790329587,0.529410665726041,"ctcf","Influenza","NK_CD16",20,5,4,TRUE
0.0509947302174167,0.335915969482263,0.61308930030032,"cux_1","Influenza","NK_CD16",20,5,4,TRUE
0,1,0,"cux_2","Influenza","NK_CD16",20,5,4,TRUE
0.210619403353475,0.433196164714553,0.356184431931972,"cux_3","Influenza","NK_CD16",20,5,4,TRUE
0,1,0,"cux_4","Influenza","NK_CD16",20,5,4,TRUE
0.0741232355545021,0.293622785850268,0.63225397859523,"ddit3cebpa","Influenza","NK_CD16",20,5,4,TRUE
0,0.315427547952238,0.684572452047762,"dmrt1","Influenza","NK_CD16",20,5,4,TRUE
2.65119209518749e-13,0.355468467385147,0.644531532614588,"dmrt3","Influenza","NK_CD16",20,5,4,TRUE
0.175344831884743,0.762615858789007,0.0620393093262499,"e2f_1","Influenza","NK_CD16",20,5,4,TRUE
0.0493929616711632,0.566296947428563,0.384310090900274,"e2f_2","Influenza","NK_CD16",20,5,4,TRUE
0,1,0,"e2f_3","Influenza","NK_CD16",20,5,4,TRUE
0,1,0,"e2f_4","Influenza","NK_CD16",20,5,4,TRUE
0.127898691112381,0.448429521218318,0.4236717876693,"ebf1","Influenza","NK_CD16",20,5,4,TRUE
3.90306998379883e-20,0.930870412045364,0.0691295879546358,"ebox_cacctg","Influenza","NK_CD16",20,5,4,TRUE
0,0.74814245665022,0.25185754334978,"ebox_cacgtg_1","Influenza","NK_CD16",20,5,4,TRUE
0,0.361330142758467,0.638669857241533,"ebox_cacgtg_2","Influenza","NK_CD16",20,5,4,TRUE
0.0174413370730935,0.70151179738708,0.281046865539826,"ebox_cagatgg","Influenza","NK_CD16",20,5,4,TRUE
4.28103638864509e-16,1,0,"ebox_cagctg","Influenza","NK_CD16",20,5,4,TRUE
0.0189003938782758,0.981099606077336,4.43884253358177e-11,"ebox_catatg","Influenza","NK_CD16",20,5,4,TRUE
7.79375743266166e-21,0.94830446846309,0.0516955315369103,"egr","Influenza","NK_CD16",20,5,4,TRUE
0.00258231508942849,0.997417684751585,1.58986215367864e-10,"ets_1","Influenza","NK_CD16",20,5,4,TRUE
0.00811248962345468,0.473895635984846,0.5179918743917,"ets_2","Influenza","NK_CD16",20,5,4,TRUE
0.170147372441292,0.260790888802479,0.569061738756229,"evi1_mecom","Influenza","NK_CD16",20,5,4,TRUE
0,0.258684105110042,0.741315894889958,"ewsr1_fli1","Influenza","NK_CD16",20,5,4,TRUE
7.94269275212521e-13,0.643721835378806,0.3562781646204,"fezf1","Influenza","NK_CD16",20,5,4,TRUE
0.289552694308246,0.215658193518283,0.494789112173471,"fox_1","Influenza","NK_CD16",20,5,4,TRUE
0,0.856726655984679,0.143273344015321,"fox_2","Influenza","NK_CD16",20,5,4,TRUE
0.0467501638604114,0.132326015331171,0.820923820808417,"fox_3","Influenza","NK_CD16",20,5,4,TRUE
0.0490467460834408,0.267502502305842,0.683450751610718,"fox_4","Influenza","NK_CD16",20,5,4,TRUE
0.12476990295962,0.22525573797282,0.64997435906756,"fox_5","Influenza","NK_CD16",20,5,4,TRUE
0.0748212054878387,0.356220589070656,0.568958205441505,"fox_6","Influenza","NK_CD16",20,5,4,TRUE
0.0794927063190942,0.712645549970655,0.207861743710251,"fox_7","Influenza","NK_CD16",20,5,4,TRUE
0,1,0,"fox_8","Influenza","NK_CD16",20,5,4,TRUE
0,1,0,"fox_9","Influenza","NK_CD16",20,5,4,TRUE
3.1341076660528e-23,0.462257489661603,0.537742510338397,"gata","Influenza","NK_CD16",20,5,4,TRUE
7.91011350261045e-16,0.349383698445921,0.650616301554078,"gc_tract","Influenza","NK_CD16",20,5,4,TRUE
0,0.368136678393617,0.631863321606383,"gcm","Influenza","NK_CD16",20,5,4,TRUE
3.4340186278021e-14,0.595764658062057,0.404235341937908,"gfi","Influenza","NK_CD16",20,5,4,TRUE
4.64582398989378e-12,0.157104375584887,0.842895624410467,"gli","Influenza","NK_CD16",20,5,4,TRUE
2.26221215266237e-13,0.284174649064505,0.715825350935269,"glis","Influenza","NK_CD16",20,5,4,TRUE
0.012258429476484,0.892530434811772,0.0952111357117443,"gmeb2_1","Influenza","NK_CD16",20,5,4,TRUE
0.0450943782415402,0.643494894644211,0.311410727114248,"gmeb2_2","Influenza","NK_CD16",20,5,4,TRUE
0.0087795646041698,0.747740333891114,0.243480101504716,"gmeb2_3","Influenza","NK_CD16",20,5,4,TRUE
0,0.630493624059554,0.369506375940446,"grhl","Influenza","NK_CD16",20,5,4,TRUE
0,0.937896327225839,0.0621036727741606,"hand1","Influenza","NK_CD16",20,5,4,TRUE
0.129314801722453,0.626002429171119,0.244682769106428,"hd_1","Influenza","NK_CD16",20,5,4,TRUE
0.0284551755398797,0.533434373749051,0.43811045071107,"hd_10","Influenza","NK_CD16",20,5,4,TRUE
0.0249613067271319,0.6255326649824,0.349506028290468,"hd_11","Influenza","NK_CD16",20,5,4,TRUE
0,0.253051947804356,0.746948052195644,"hd_12","Influenza","NK_CD16",20,5,4,TRUE
1.23685081094289e-20,0.989811546158878,0.0101884538411224,"hd_13","Influenza","NK_CD16",20,5,4,TRUE
0.0460405533878386,0.139754141585931,0.81420530502623,"hd_14","Influenza","NK_CD16",20,5,4,TRUE
0.132144932943781,0.729353168999342,0.138501898056877,"hd_15","Influenza","NK_CD16",20,5,4,TRUE
0.00701830038958626,0.713535151784894,0.279446547825519,"hd_16","Influenza","NK_CD16",20,5,4,TRUE
0.0274962354215489,0.389151037934769,0.583352726643682,"hd_17","Influenza","NK_CD16",20,5,4,TRUE
0.122196579357077,0.269619183676984,0.608184236965939,"hd_18","Influenza","NK_CD16",20,5,4,TRUE
0.038218640275845,0.279218172053443,0.682563187670712,"hd_19","Influenza","NK_CD16",20,5,4,TRUE
0.0118565076971969,0.681895358364105,0.306248133938698,"hd_2","Influenza","NK_CD16",20,5,4,TRUE
0.0551133839540175,0.297630746887671,0.647255869158311,"hd_20","Influenza","NK_CD16",20,5,4,TRUE
1.08917997968363e-21,1,3.01648174062905e-17,"hd_21","Influenza","NK_CD16",20,5,4,TRUE
0,1,0,"hd_22","Influenza","NK_CD16",20,5,4,TRUE
0,0.8610047846404,0.1389952153596,"hd_23","Influenza","NK_CD16",20,5,4,TRUE
3.08719874451072e-14,0.256251301821612,0.743748698178357,"hd_24","Influenza","NK_CD16",20,5,4,TRUE
0.182076581048799,0.661407539803492,0.156515879147709,"hd_25","Influenza","NK_CD16",20,5,4,TRUE
0.0211764298355423,0.824905606385784,0.153917963778673,"hd_3","Influenza","NK_CD16",20,5,4,TRUE
0.0128876298875806,0.450590248369725,0.536522121742694,"hd_4","Influenza","NK_CD16",20,5,4,TRUE
0.0665033036169015,0.542595261114303,0.390901435268796,"hd_5","Influenza","NK_CD16",20,5,4,TRUE
0,0.901612999996406,0.0983870000035937,"hd_6","Influenza","NK_CD16",20,5,4,TRUE
6.80970368298222e-14,0.472686757496317,0.527313242503615,"hd_7","Influenza","NK_CD16",20,5,4,TRUE
0,1,0,"hd_8","Influenza","NK_CD16",20,5,4,TRUE
0.0307303674326385,0.833752523128884,0.135517109438477,"hd_9","Influenza","NK_CD16",20,5,4,TRUE
0.0784702267081808,0.502870477848602,0.418659295443217,"hen1","Influenza","NK_CD16",20,5,4,TRUE
1.38883351963194e-18,0.971137502817763,0.0288624971822366,"hic_1","Influenza","NK_CD16",20,5,4,TRUE
0.142046126123696,0.587974216096509,0.269979657779795,"hic_2","Influenza","NK_CD16",20,5,4,TRUE
0,0.531473042760561,0.468526957239439,"hif","Influenza","NK_CD16",20,5,4,TRUE
0.0093919766692348,0.407179891145806,0.583428132184959,"hinfp1_1","Influenza","NK_CD16",20,5,4,TRUE
0,0.347052450101071,0.652947549898929,"hinfp1_2","Influenza","NK_CD16",20,5,4,TRUE
0.211966408954682,0.696570277075928,0.0914633139693907,"hinfp1_3","Influenza","NK_CD16",20,5,4,TRUE
9.27182164037381e-10,0.804655962324864,0.195344036747954,"hltf","Influenza","NK_CD16",20,5,4,TRUE
0.0348905669182933,0.568883891991604,0.396225541090103,"homez","Influenza","NK_CD16",20,5,4,TRUE
0.0442006417145332,0.160747837822275,0.795051520463191,"hsf","Influenza","NK_CD16",20,5,4,TRUE
0.0705768032184386,0.929423196780642,9.19497081014767e-13,"hsfy2","Influenza","NK_CD16",20,5,4,TRUE
5.26097115546786e-21,0.864062001473092,0.135937998526908,"insm1","Influenza","NK_CD16",20,5,4,TRUE
0.102513342954426,0.349916343065144,0.54757031398043,"irf_1","Influenza","NK_CD16",20,5,4,TRUE
0,0.248361875800916,0.751638124199084,"irf_2","Influenza","NK_CD16",20,5,4,TRUE
0.13991388845041,0.471476731167782,0.388609380381808,"irf_3","Influenza","NK_CD16",20,5,4,TRUE
6.30233994042564e-09,0.4705533569222,0.52944663677546,"irf_4","Influenza","NK_CD16",20,5,4,TRUE
0,1,0,"kaiso","Influenza","NK_CD16",20,5,4,TRUE
0,0.845855368255623,0.154144631744377,"klf_sp_1","Influenza","NK_CD16",20,5,4,TRUE
0.0302834921996485,0.969716507800351,5.80538840608131e-18,"klf_sp_2","Influenza","NK_CD16",20,5,4,TRUE
0.025417557409794,0.290022363499106,0.6845600790911,"klf_sp_3","Influenza","NK_CD16",20,5,4,TRUE
5.59448905538843e-12,0.889158089358168,0.110841910636237,"lef1","Influenza","NK_CD16",20,5,4,TRUE
3.13635883739194e-10,0.866140306640839,0.133859693045525,"lin54","Influenza","NK_CD16",20,5,4,TRUE
0,0.349651244587155,0.650348755412845,"maf","Influenza","NK_CD16",20,5,4,TRUE
0.0602549429744208,0.592279193279239,0.347465863746341,"mbd2","Influenza","NK_CD16",20,5,4,TRUE
0.0543939066585541,0.9456060933399,1.54621378953145e-12,"mecp2","Influenza","NK_CD16",20,5,4,TRUE
0.0342096045101784,0.858889894899271,0.10690050059055,"mef2","Influenza","NK_CD16",20,5,4,TRUE
0.0217795035156727,0.398119520194361,0.580100976289966,"mfz1","Influenza","NK_CD16",20,5,4,TRUE
0.0182358332642082,0.103093851239962,0.87867031549583,"mies","Influenza","NK_CD16",20,5,4,TRUE
0,0.43718022259646,0.56281977740354,"mtf1","Influenza","NK_CD16",20,5,4,TRUE
0.216633686886916,0.422913113471038,0.360453199642046,"myb_1","Influenza","NK_CD16",20,5,4,TRUE
3.38937851645435e-08,0.617149176366697,0.382850789739518,"myb_2","Influenza","NK_CD16",20,5,4,TRUE
0,0.863280447978126,0.136719552021874,"myb_3","Influenza","NK_CD16",20,5,4,TRUE
0.0555119419853503,0.566466470053941,0.378021587960709,"myb_4","Influenza","NK_CD16",20,5,4,TRUE
0.00328305776082429,0.996716941054635,1.18454112514742e-09,"myb_5","Influenza","NK_CD16",20,5,4,TRUE
0.0416864926086127,0.693067833202387,0.265245674189,"mzf1","Influenza","NK_CD16",20,5,4,TRUE
0.250290893125069,0.552150952525381,0.19755815434955,"nfac_2","Influenza","NK_CD16",20,5,4,TRUE
8.34823887617568e-22,0.947583674499224,0.0524163255007764,"nfat_1","Influenza","NK_CD16",20,5,4,TRUE
0,1,0,"nfat_2","Influenza","NK_CD16",20,5,4,TRUE
0.12342746625345,0.87657253374655,1.46864749902131e-16,"nfat_3","Influenza","NK_CD16",20,5,4,TRUE
0,0.860233614093865,0.139766385906135,"nfat_4","Influenza","NK_CD16",20,5,4,TRUE
0.0251984642895152,0.568094105906917,0.406707429803568,"nfi_1","Influenza","NK_CD16",20,5,4,TRUE
0.023317501566509,0.50033635661249,0.476346141821001,"nfi_2","Influenza","NK_CD16",20,5,4,TRUE
0.126339573527313,0.642612513288317,0.23104791318437,"nfi_3","Influenza","NK_CD16",20,5,4,TRUE
0,1,0,"nfkb_1","Influenza","NK_CD16",20,5,4,TRUE
0,0.921928515340292,0.0780714846597076,"nfkb_2","Influenza","NK_CD16",20,5,4,TRUE
0,0.360647684059572,0.639352315940428,"nfkb_3","Influenza","NK_CD16",20,5,4,TRUE
0,0.382389144355932,0.617610855644068,"nfy","Influenza","NK_CD16",20,5,4,TRUE
0.272979499762956,0.474602299115029,0.252418201122015,"nr_1","Influenza","NK_CD16",20,5,4,TRUE
0,0.846407245646742,0.153592754353258,"nr_10","Influenza","NK_CD16",20,5,4,TRUE
0.0108734617738256,0.989126538226175,1.75568257558461e-23,"nr_11","Influenza","NK_CD16",20,5,4,TRUE
0.0882307378516477,0.575280730670537,0.336488531477816,"nr_12","Influenza","NK_CD16",20,5,4,TRUE
2.99466338015965e-19,0.879345419562399,0.120654580437601,"nr_13","Influenza","NK_CD16",20,5,4,TRUE
1.18755708616765e-11,0.809316422813648,0.190683577174477,"nr_14","Influenza","NK_CD16",20,5,4,TRUE
0,0.743148659297482,0.256851340702518,"nr_15","Influenza","NK_CD16",20,5,4,TRUE
0.0867655817540896,0.742008753804824,0.171225664441086,"nr_16","Influenza","NK_CD16",20,5,4,TRUE
0.0240973183172995,0.280351579760571,0.695551101922129,"nr_17","Influenza","NK_CD16",20,5,4,TRUE
8.56726438069762e-11,0.692346504704239,0.307653495210088,"nr_18","Influenza","NK_CD16",20,5,4,TRUE
0.114473681393357,0.59430013968468,0.291226178921964,"nr_19","Influenza","NK_CD16",20,5,4,TRUE
0.0132370842220689,0.506978882523133,0.479784033254799,"nr_2","Influenza","NK_CD16",20,5,4,TRUE
1.72391696957676e-10,0.942731266826987,0.0572687330006214,"nr_20","Influenza","NK_CD16",20,5,4,TRUE
5.82445516304975e-13,0.976313487039031,0.0236865129603865,"nr_3","Influenza","NK_CD16",20,5,4,TRUE
0.0780730235364826,0.602861545855134,0.319065430608383,"nr_4","Influenza","NK_CD16",20,5,4,TRUE
0.312661152556983,0.15558029036381,0.531758557079207,"nr_5","Influenza","NK_CD16",20,5,4,TRUE
0.033480092874313,0.260411521346186,0.706108385779501,"nr_6","Influenza","NK_CD16",20,5,4,TRUE
0.122293723129777,0.583098946453498,0.294607330416725,"nr_7","Influenza","NK_CD16",20,5,4,TRUE
1.46867736301507e-13,0.927363790786747,0.0726362092131061,"nr_8","Influenza","NK_CD16",20,5,4,TRUE
5.30829251942267e-16,0.813159749834354,0.186840250165645,"nr_9","Influenza","NK_CD16",20,5,4,TRUE
0.209330547575908,0.530877942957721,0.259791509466371,"nr2e3","Influenza","NK_CD16",20,5,4,TRUE
0.0249023885635547,0.975097611436438,7.31545740530843e-15,"nrf1","Influenza","NK_CD16",20,5,4,TRUE
0.0298757506385613,0.758296533216675,0.211827716144764,"oct4sox2","Influenza","NK_CD16",20,5,4,TRUE
0,1,0,"osr2","Influenza","NK_CD16",20,5,4,TRUE
0,0.605486726225172,0.394513273774828,"ovol1","Influenza","NK_CD16",20,5,4,TRUE
0,1,0,"p53_like_1","Influenza","NK_CD16",20,5,4,TRUE
0.0849364290360699,0.783865029695205,0.131198541268725,"p53_like_2","Influenza","NK_CD16",20,5,4,TRUE
0.313209520818202,0.559293116034069,0.127497363147729,"p53_like_3","Influenza","NK_CD16",20,5,4,TRUE
0.160860256674086,0.597429234137147,0.241710509188767,"pax_halfsite","Influenza","NK_CD16",20,5,4,TRUE
0,0.748388279418611,0.251611720581389,"pax_1","Influenza","NK_CD16",20,5,4,TRUE
0.00238126847691825,0.88308378965257,0.114534941870512,"pax_2","Influenza","NK_CD16",20,5,4,TRUE
6.59425797693913e-21,0.420443111751277,0.579556888248723,"plag1","Influenza","NK_CD16",20,5,4,TRUE
0.00457615464592073,0.207253483173961,0.788170362180118,"pou_1","Influenza","NK_CD16",20,5,4,TRUE
0,1,0,"pou_2","Influenza","NK_CD16",20,5,4,TRUE
0.0192736450820731,0.259226219140182,0.721500135777745,"pou_3","Influenza","NK_CD16",20,5,4,TRUE
0.0981307474461306,0.688384597749624,0.213484654804245,"prdm1","Influenza","NK_CD16",20,5,4,TRUE
0.0383391487743068,0.731924682001887,0.229736169223806,"prdm14","Influenza","NK_CD16",20,5,4,TRUE
0.0811815735379278,0.659346461121253,0.259471965340819,"prdm16","Influenza","NK_CD16",20,5,4,TRUE
3.17494311895901e-12,0.805660238938984,0.194339761057841,"prdm4","Influenza","NK_CD16",20,5,4,TRUE
0.0257860278971142,0.824048251025989,0.150165721076897,"prdm5","Influenza","NK_CD16",20,5,4,TRUE
0.0481330843109078,0.837473460813998,0.114393454875094,"prdm9","Influenza","NK_CD16",20,5,4,TRUE
0.154060157841021,0.524048630694603,0.321891211464376,"prox1","Influenza","NK_CD16",20,5,4,TRUE
0.19061989031481,0.725351588594221,0.0840285210909684,"rbpj","Influenza","NK_CD16",20,5,4,TRUE
0.0494642852976633,0.807118247338233,0.143417467364104,"rel_halfsite","Influenza","NK_CD16",20,5,4,TRUE
0.00609890007585785,0.386262076028875,0.607639023895267,"rest_nrsf","Influenza","NK_CD16",20,5,4,TRUE
7.3834650533357e-14,0.585569735215558,0.414430264784369,"rfx_1","Influenza","NK_CD16",20,5,4,TRUE
1.35890709281871e-10,0.869703165578506,0.130296834285603,"rfx_2","Influenza","NK_CD16",20,5,4,TRUE
0.181336853684267,0.499235638579387,0.319427507736346,"rfx_3","Influenza","NK_CD16",20,5,4,TRUE
0.000243220154378235,0.148416735167394,0.851340044678228,"runx_1","Influenza","NK_CD16",20,5,4,TRUE
0,0.16248218024942,0.83751781975058,"runx_2","Influenza","NK_CD16",20,5,4,TRUE
0,0.491537146771345,0.508462853228655,"scrt1","Influenza","NK_CD16",20,5,4,TRUE
0,0.626855184518375,0.373144815481625,"six_1","Influenza","NK_CD16",20,5,4,TRUE
4.38424293545202e-09,0.9707190786979,0.0292809169178576,"six_2","Influenza","NK_CD16",20,5,4,TRUE
0,1,0,"smad","Influenza","NK_CD16",20,5,4,TRUE
0.0539255453906962,0.290809931554117,0.655264523055187,"smad_1","Influenza","NK_CD16",20,5,4,TRUE
0.0397924945113347,0.344271570154969,0.615935935333697,"smad_2","Influenza","NK_CD16",20,5,4,TRUE
2.3559983717199e-13,0.300143807510214,0.69985619248955,"smarca1","Influenza","NK_CD16",20,5,4,TRUE
0.0458890969863591,0.178775526364763,0.775335376648878,"smarca5","Influenza","NK_CD16",20,5,4,TRUE
0.0445751156583918,0.616292615716063,0.339132268625545,"snai2","Influenza","NK_CD16",20,5,4,TRUE
0.0619231294503729,0.938076870549627,0,"sox_1","Influenza","NK_CD16",20,5,4,TRUE
0.0672514822132678,0.293279637020089,0.639468880766644,"sox_2","Influenza","NK_CD16",20,5,4,TRUE
0.0389477460372356,0.953319027132066,0.00773322683069847,"sox_3","Influenza","NK_CD16",20,5,4,TRUE
0,1,0,"sox_4","Influenza","NK_CD16",20,5,4,TRUE
0.0265567864244209,0.640457998320159,0.33298521525542,"sox_5","Influenza","NK_CD16",20,5,4,TRUE
0,0.536432660850788,0.463567339149212,"sox_6","Influenza","NK_CD16",20,5,4,TRUE
0.0870875012011791,0.361173321484525,0.551739177314296,"sox_7","Influenza","NK_CD16",20,5,4,TRUE
5.87713633090108e-12,0.72174266026604,0.278257339728083,"sox_8","Influenza","NK_CD16",20,5,4,TRUE
0.370892150799801,0.550430780742127,0.078677068458072,"spdef_1","Influenza","NK_CD16",20,5,4,TRUE
0.0233207400120946,0.495324065233684,0.481355194754222,"spdef_2","Influenza","NK_CD16",20,5,4,TRUE
0.0195062880972457,0.145974073534535,0.83451963836822,"spi","Influenza","NK_CD16",20,5,4,TRUE
0.0572485629619153,0.472501892264026,0.470249544774059,"spz1","Influenza","NK_CD16",20,5,4,TRUE
4.79975970174523e-13,0.435519031644218,0.564480968355302,"srebf1","Influenza","NK_CD16",20,5,4,TRUE
0.0884495680747592,0.141871377591539,0.769679054333702,"srf","Influenza","NK_CD16",20,5,4,TRUE
0.0150472809126295,0.121779914031339,0.863172805056032,"stat_1","Influenza","NK_CD16",20,5,4,TRUE
7.21485622039179e-15,0.380294324180709,0.619705675819284,"stat_2","Influenza","NK_CD16",20,5,4,TRUE
1.20551721662259e-10,0.932786713072559,0.0672132868068895,"tata","Influenza","NK_CD16",20,5,4,TRUE
1.71675561559686e-11,0.232204906870561,0.767795093112272,"tbx_1","Influenza","NK_CD16",20,5,4,TRUE
0.0284578977279218,0.163750652043117,0.807791450228961,"tbx_2","Influenza","NK_CD16",20,5,4,TRUE
0.0295412638379001,0.201100856172566,0.769357879989534,"tbx_3","Influenza","NK_CD16",20,5,4,TRUE
5.88572368796583e-14,0.13136999860654,0.868630001393401,"tbx_4","Influenza","NK_CD16",20,5,4,TRUE
0.238639391565245,0.632357005343378,0.129003603091376,"tcf_lef","Influenza","NK_CD16",20,5,4,TRUE
0.0176029507681526,0.408448528262943,0.573948520968905,"tead","Influenza","NK_CD16",20,5,4,TRUE
0,1,0,"tfap2_1","Influenza","NK_CD16",20,5,4,TRUE
0.140825041111749,0.580931707044742,0.278243251843509,"tfap2_2","Influenza","NK_CD16",20,5,4,TRUE
0,0.972761797899499,0.0272382021005008,"tfcp2","Influenza","NK_CD16",20,5,4,TRUE
0.0260996793517971,0.973900320570874,7.73290909041914e-11,"thap1","Influenza","NK_CD16",20,5,4,TRUE
6.54613093457197e-08,0.871954871505593,0.128045063033098,"yy1","Influenza","NK_CD16",20,5,4,TRUE
1.37080950684832e-12,0.844924283648642,0.155075716349988,"zbed1","Influenza","NK_CD16",20,5,4,TRUE
5.97462037470437e-24,0.982078575967105,0.017921424032895,"zbtb14","Influenza","NK_CD16",20,5,4,TRUE
0.0904875156959091,0.485648591992344,0.423863892311746,"zbtb48","Influenza","NK_CD16",20,5,4,TRUE
0.03993277898086,0.370423508545944,0.589643712473196,"zbtb49","Influenza","NK_CD16",20,5,4,TRUE
0.146959389629974,0.640054773379696,0.21298583699033,"zbtb6","Influenza","NK_CD16",20,5,4,TRUE
0,0.651286685439186,0.348713314560814,"zbtb7a","Influenza","NK_CD16",20,5,4,TRUE
0.104003990201452,0.895996009798548,1.56838739383865e-20,"zfn121","Influenza","NK_CD16",20,5,4,TRUE
0,0.586517479881559,0.413482520118441,"zfx","Influenza","NK_CD16",20,5,4,TRUE
1.05708323937134e-12,0.958309285123702,0.0416907148752409,"zic","Influenza","NK_CD16",20,5,4,TRUE
0.00630531295570737,0.242639768226552,0.751054918817741,"zic_2","Influenza","NK_CD16",20,5,4,TRUE
0.189088073088563,0.810911926911407,3.07015948455586e-14,"zim3","Influenza","NK_CD16",20,5,4,TRUE
0.0348621611505229,0.965137838849477,0,"zkscan1","Influenza","NK_CD16",20,5,4,TRUE
3.23860145293356e-10,0.869011459806984,0.130988539869155,"znf134","Influenza","NK_CD16",20,5,4,TRUE
0,0.843541588909468,0.156458411090532,"znf136","Influenza","NK_CD16",20,5,4,TRUE
0.00171549429614769,0.533626378036897,0.464658127666956,"znf140","Influenza","NK_CD16",20,5,4,TRUE
0.178694881525629,0.400792690823962,0.420512427650409,"znf143","Influenza","NK_CD16",20,5,4,TRUE
9.83568779294397e-13,0.289736202001489,0.710263797997527,"znf143_1","Influenza","NK_CD16",20,5,4,TRUE
6.85266600250161e-20,0.747818598064369,0.252181401935631,"znf146","Influenza","NK_CD16",20,5,4,TRUE
0.164353502597565,0.835646497402431,3.17378996390555e-15,"znf232","Influenza","NK_CD16",20,5,4,TRUE
0,1,0,"znf24","Influenza","NK_CD16",20,5,4,TRUE
0,0.792913585914135,0.207086414085865,"znf250","Influenza","NK_CD16",20,5,4,TRUE
0.0122479697424339,0.347963075348948,0.639788954908618,"znf257","Influenza","NK_CD16",20,5,4,TRUE
0.0071905045434796,0.153735936655282,0.839073558801238,"znf274","Influenza","NK_CD16",20,5,4,TRUE
0.0182401151713669,0.333342693068038,0.648417191760596,"znf28","Influenza","NK_CD16",20,5,4,TRUE
0.0706021480997693,0.398921343017834,0.530476508882397,"znf282","Influenza","NK_CD16",20,5,4,TRUE
0.0314791213225492,0.968520878677451,0,"znf306","Influenza","NK_CD16",20,5,4,TRUE
0.11073262090889,0.600334630808197,0.288932748282913,"znf317","Influenza","NK_CD16",20,5,4,TRUE
7.87182523765459e-21,0.370123411585231,0.629876588414769,"znf320","Influenza","NK_CD16",20,5,4,TRUE
0.313208042888072,0.428397962176713,0.258393994935215,"znf324","Influenza","NK_CD16",20,5,4,TRUE
0,0.856232723667096,0.143767276332904,"znf329","Influenza","NK_CD16",20,5,4,TRUE
0.0331054415392847,0.937945292177886,0.0289492662828293,"znf331","Influenza","NK_CD16",20,5,4,TRUE
0,1,0,"znf332","Influenza","NK_CD16",20,5,4,TRUE
0.10099571774229,0.598767697553862,0.300236584703849,"znf335","Influenza","NK_CD16",20,5,4,TRUE
2.93796302221875e-11,0.333072705243166,0.666927294727455,"znf354","Influenza","NK_CD16",20,5,4,TRUE
0,0.802126556424215,0.197873443575785,"znf382","Influenza","NK_CD16",20,5,4,TRUE
0.101713646923143,0.879813999157555,0.0184723539193017,"znf384_1","Influenza","NK_CD16",20,5,4,TRUE
0.093911471009696,0.383361456532926,0.522727072457378,"znf384_2","Influenza","NK_CD16",20,5,4,TRUE
0.0645945673493098,0.555591829294076,0.379813603356614,"znf41","Influenza","NK_CD16",20,5,4,TRUE
0,1,0,"znf410","Influenza","NK_CD16",20,5,4,TRUE
0.00435062222233502,0.73357773563053,0.262071642147135,"znf418","Influenza","NK_CD16",20,5,4,TRUE
0.337446499690024,0.632099530594968,0.030453969715007,"znf423","Influenza","NK_CD16",20,5,4,TRUE
0.260717081773735,0.739282918226193,7.26535084832142e-14,"znf431","Influenza","NK_CD16",20,5,4,TRUE
0.00438960982329881,0.995610390176701,0,"znf435","Influenza","NK_CD16",20,5,4,TRUE
1.76543187762339e-10,0.874079082628107,0.12592091719535,"znf436","Influenza","NK_CD16",20,5,4,TRUE
0.0177079879864031,0.763631339328358,0.218660672685239,"znf449","Influenza","NK_CD16",20,5,4,TRUE
0,0.737538949286388,0.262461050713612,"znf490","Influenza","NK_CD16",20,5,4,TRUE
0.0716705167006422,0.256844592641649,0.671484890657709,"znf524","Influenza","NK_CD16",20,5,4,TRUE
0.016164360785513,0.324349289023463,0.659486350191023,"znf528","Influenza","NK_CD16",20,5,4,TRUE
0,1,0,"znf53","Influenza","NK_CD16",20,5,4,TRUE
0,0.841158522592106,0.158841477407894,"znf547","Influenza","NK_CD16",20,5,4,TRUE
0.212412350463062,0.38061458158598,0.406973067950958,"znf549","Influenza","NK_CD16",20,5,4,TRUE
0.00595628819799334,0.994043711802006,1.01781734061374e-15,"znf554","Influenza","NK_CD16",20,5,4,TRUE
0,0.439910302691722,0.560089697308278,"znf563","Influenza","NK_CD16",20,5,4,TRUE
0.0218902084727839,0.418883886793426,0.55922590473379,"znf57","Influenza","NK_CD16",20,5,4,TRUE
0.0597671444507844,0.320335491764726,0.61989736378449,"znf586","Influenza","NK_CD16",20,5,4,TRUE
0.0835515880750257,0.281605803472998,0.634842608451976,"znf652","Influenza","NK_CD16",20,5,4,TRUE
4.83527585988816e-13,0.541780985594861,0.458219014404655,"znf667","Influenza","NK_CD16",20,5,4,TRUE
0.214607240471653,0.659931410473608,0.125461349054739,"znf680","Influenza","NK_CD16",20,5,4,TRUE
0,0.864088519976388,0.135911480023612,"znf708","Influenza","NK_CD16",20,5,4,TRUE
0.142013067279276,0.455025293992633,0.402961638728091,"znf713","Influenza","NK_CD16",20,5,4,TRUE
0.245987561286508,0.747194771723738,0.00681766698975416,"znf768","Influenza","NK_CD16",20,5,4,TRUE
0.031120730901108,0.743077453998834,0.225801815100058,"znf784","Influenza","NK_CD16",20,5,4,TRUE
0.0202586653993457,0.566972005336393,0.412769329264261,"znf85","Influenza","NK_CD16",20,5,4,TRUE
0,0.455262007063292,0.544737992936708,"znf85_1","Influenza","NK_CD16",20,5,4,TRUE
0,1,0,"zscan3","Influenza","NK_CD16",20,5,4,TRUE
0,0.298556850961989,0.701443149038011,"zscan4","Influenza","NK_CD16",20,5,4,TRUE
0.35821035930494,0.64178964068632,8.73934434473575e-12,"ahr","Influenza","Plasma",11,4,4,TRUE
0,1,0,"aire","Influenza","Plasma",11,4,4,TRUE
0,1,0,"ap1_1","Influenza","Plasma",11,4,4,TRUE
0,1,0,"ap1_2","Influenza","Plasma",11,4,4,TRUE
0.201723665256169,0.363358938528431,0.434917396215401,"ari5a","Influenza","Plasma",11,4,4,TRUE
0.0221281995621572,0.97787180042916,8.68313124753188e-12,"ari5b","Influenza","Plasma",11,4,4,TRUE
0.194407166972915,0.279894938905066,0.525697894122019,"batf","Influenza","Plasma",11,4,4,TRUE
0.0766501408889704,0.92334985911103,4.2079546753183e-22,"bcl6_1","Influenza","Plasma",11,4,4,TRUE
0,1,0,"bcl6_2","Influenza","Plasma",11,4,4,TRUE
0.23873569769216,0.203928746641281,0.557335555666559,"ccaat_cebp","Influenza","Plasma",11,4,4,TRUE
3.21758096272823e-14,0.976758508796839,0.0232414912031287,"cenbp","Influenza","Plasma",11,4,4,TRUE
7.84258276131194e-14,0.599664785394459,0.400335214605462,"cpeb1","Influenza","Plasma",11,4,4,TRUE
0,0.284560095038251,0.715439904961749,"creb_atf_1","Influenza","Plasma",11,4,4,TRUE
0,0.502905893341618,0.497094106658382,"creb_atf_2","Influenza","Plasma",11,4,4,TRUE
0.0679519645423339,0.932048035457666,0,"creb_atf_3","Influenza","Plasma",11,4,4,TRUE
0.80775056608455,0.19224943391545,0,"creb3_xbp1","Influenza","Plasma",11,4,4,TRUE
0,0.52942207033716,0.47057792966284,"ctcf","Influenza","Plasma",11,4,4,TRUE
0,1,0,"cux_1","Influenza","Plasma",11,4,4,TRUE
2.65281019296036e-21,0.965360218887105,0.0346397811128953,"cux_2","Influenza","Plasma",11,4,4,TRUE
0,0.97117624861248,0.0288237513875196,"cux_3","Influenza","Plasma",11,4,4,TRUE
0.15132556885743,0.84867443114257,0,"cux_4","Influenza","Plasma",11,4,4,TRUE
9.92600422186443e-16,0.723434019933303,0.276565980066696,"ddit3cebpa","Influenza","Plasma",11,4,4,TRUE
0.186683618032482,0.813316381967516,2.81581571641228e-15,"dmrt1","Influenza","Plasma",11,4,4,TRUE
0.260380414278382,0.516472517701051,0.223147068020566,"dmrt3","Influenza","Plasma",11,4,4,TRUE
0,0.791486972509765,0.208513027490235,"e2f_1","Influenza","Plasma",11,4,4,TRUE
4.4439200226807e-18,0.83077519252569,0.16922480747431,"e2f_2","Influenza","Plasma",11,4,4,TRUE
0,1,3.73014115587527e-24,"e2f_3","Influenza","Plasma",11,4,4,TRUE
0,1,0,"e2f_4","Influenza","Plasma",11,4,4,TRUE
0,0.440200862220491,0.559799137779509,"ebf1","Influenza","Plasma",11,4,4,TRUE
0.163653098912071,0.255149457187199,0.58119744390073,"ebox_cacctg","Influenza","Plasma",11,4,4,TRUE
0.16890677156577,0.831093228005934,4.28295681014996e-10,"ebox_cacgtg_1","Influenza","Plasma",11,4,4,TRUE
0.435097557483644,0.564902442516356,0,"ebox_cacgtg_2","Influenza","Plasma",11,4,4,TRUE
0.12545048688209,0.491650410678703,0.382899102439207,"ebox_cagatgg","Influenza","Plasma",11,4,4,TRUE
0.425011008503298,0.152666899927885,0.422322091568817,"ebox_cagctg","Influenza","Plasma",11,4,4,TRUE
0,0.943073109995919,0.0569268900040807,"ebox_catatg","Influenza","Plasma",11,4,4,TRUE
0.244586569850923,0.0458580685792178,0.70955536156986,"egr","Influenza","Plasma",11,4,4,TRUE
0.00878094118082785,0.30926569358107,0.681953365238102,"ets_1","Influenza","Plasma",11,4,4,TRUE
0,0.546088283187367,0.453911716812633,"ets_2","Influenza","Plasma",11,4,4,TRUE
0.0423157964247103,0.226399022366496,0.731285181208794,"evi1_mecom","Influenza","Plasma",11,4,4,TRUE
0,1,0,"ewsr1_fli1","Influenza","Plasma",11,4,4,TRUE
0,0.456980354442688,0.543019645557312,"fezf1","Influenza","Plasma",11,4,4,TRUE
0,1,0,"fox_1","Influenza","Plasma",11,4,4,TRUE
0.447342792740675,0.552657207259325,0,"fox_2","Influenza","Plasma",11,4,4,TRUE
0.215234008578302,0.784765991304671,1.17026959188544e-10,"fox_3","Influenza","Plasma",11,4,4,TRUE
0.257975513930695,0.625825615539229,0.116198870530076,"fox_4","Influenza","Plasma",11,4,4,TRUE
0,0.593545065063361,0.406454934936639,"fox_5","Influenza","Plasma",11,4,4,TRUE
0,1,0,"fox_6","Influenza","Plasma",11,4,4,TRUE
0,1,0,"fox_7","Influenza","Plasma",11,4,4,TRUE
0.0850636564994564,0.914936343500032,5.11541490143978e-13,"fox_8","Influenza","Plasma",11,4,4,TRUE
0.124072950053225,0.875927049946695,8.05182583514201e-14,"fox_9","Influenza","Plasma",11,4,4,TRUE
0,0.893486213024527,0.106513786975473,"gata","Influenza","Plasma",11,4,4,TRUE
0.466989373230695,0.291223136378691,0.241787490390614,"gc_tract","Influenza","Plasma",11,4,4,TRUE
0,0.642817461062458,0.357182538937542,"gcm","Influenza","Plasma",11,4,4,TRUE
0,1,0,"gfi","Influenza","Plasma",11,4,4,TRUE
0,1,0,"gli","Influenza","Plasma",11,4,4,TRUE
0,1,0,"glis","Influenza","Plasma",11,4,4,TRUE
0,0.516973961646724,0.483026038353276,"gmeb2_1","Influenza","Plasma",11,4,4,TRUE
0.265822251040793,0.734177748959167,3.95555702056467e-14,"gmeb2_2","Influenza","Plasma",11,4,4,TRUE
1.31474396578527e-15,0.967751619884284,0.0322483801157148,"gmeb2_3","Influenza","Plasma",11,4,4,TRUE
0.263995597780441,0.601088106339939,0.13491629587962,"grhl","Influenza","Plasma",11,4,4,TRUE
0,0.844348806888042,0.155651193111958,"hand1","Influenza","Plasma",11,4,4,TRUE
0,1,2.90567043445009e-16,"hd_1","Influenza","Plasma",11,4,4,TRUE
0,1,0,"hd_10","Influenza","Plasma",11,4,4,TRUE
1.04537447571949e-15,0.999999999999999,0,"hd_11","Influenza","Plasma",11,4,4,TRUE
0.595433469332904,0.0246690832129228,0.379897447454173,"hd_12","Influenza","Plasma",11,4,4,TRUE
0.0951568806162721,0.904843119382255,1.47292703195818e-12,"hd_13","Influenza","Plasma",11,4,4,TRUE
0,1,0,"hd_14","Influenza","Plasma",11,4,4,TRUE
0,1,0,"hd_15","Influenza","Plasma",11,4,4,TRUE
0.269511813246015,0.262056756684321,0.468431430069664,"hd_16","Influenza","Plasma",11,4,4,TRUE
0.218450317326684,0.781549682673314,1.55133088775087e-15,"hd_17","Influenza","Plasma",11,4,4,TRUE
0,1,0,"hd_18","Influenza","Plasma",11,4,4,TRUE
0.0520247177698863,0.357044642403376,0.590930639826738,"hd_19","Influenza","Plasma",11,4,4,TRUE
0.420837216071729,0.579162783928271,0,"hd_2","Influenza","Plasma",11,4,4,TRUE
0,1,0,"hd_20","Influenza","Plasma",11,4,4,TRUE
0.0613085624945709,0.938691436943499,5.61930446358672e-10,"hd_21","Influenza","Plasma",11,4,4,TRUE
0,1,0,"hd_22","Influenza","Plasma",11,4,4,TRUE
0,1,0,"hd_23","Influenza","Plasma",11,4,4,TRUE
0.190882911922204,0.809117088077796,0,"hd_24","Influenza","Plasma",11,4,4,TRUE
0.43774366620412,0.305469988293225,0.256786345502655,"hd_25","Influenza","Plasma",11,4,4,TRUE
7.16676126994535e-14,0.74506788261576,0.254932117384168,"hd_3","Influenza","Plasma",11,4,4,TRUE
0.0959580391921234,0.904041960807877,0,"hd_4","Influenza","Plasma",11,4,4,TRUE
0,0.616890016408301,0.383109983591699,"hd_5","Influenza","Plasma",11,4,4,TRUE
0,1,0,"hd_6","Influenza","Plasma",11,4,4,TRUE
0,1,0,"hd_7","Influenza","Plasma",11,4,4,TRUE
0,1,0,"hd_8","Influenza","Plasma",11,4,4,TRUE
0.619424794946151,0.380575205053801,4.84954814036807e-14,"hd_9","Influenza","Plasma",11,4,4,TRUE
0.502531750892407,0.483694908053747,0.0137733410538463,"hen1","Influenza","Plasma",11,4,4,TRUE
0,1,0,"hic_1","Influenza","Plasma",11,4,4,TRUE
0.152103774295733,0.500542115738727,0.34735410996554,"hic_2","Influenza","Plasma",11,4,4,TRUE
0,0.902865654186369,0.0971343458136309,"hif","Influenza","Plasma",11,4,4,TRUE
0,0.718254406449625,0.281745593550375,"hinfp1_1","Influenza","Plasma",11,4,4,TRUE
0.446886547480766,0.528097502998428,0.0250159495208065,"hinfp1_2","Influenza","Plasma",11,4,4,TRUE
0,1,0,"hinfp1_3","Influenza","Plasma",11,4,4,TRUE
0,1,0,"hltf","Influenza","Plasma",11,4,4,TRUE
0,1,0,"homez","Influenza","Plasma",11,4,4,TRUE
0.574989226425324,0.18010743873005,0.244903334844627,"hsf","Influenza","Plasma",11,4,4,TRUE
0.742480378507859,0.127371542473193,0.130148079018948,"hsfy2","Influenza","Plasma",11,4,4,TRUE
0,1,0,"insm1","Influenza","Plasma",11,4,4,TRUE
9.2122110173448e-14,0.870099159824148,0.12990084017576,"irf_1","Influenza","Plasma",11,4,4,TRUE
0.321728319937021,0.303158209670202,0.375113470392777,"irf_2","Influenza","Plasma",11,4,4,TRUE
3.9841557071319e-16,1,0,"irf_3","Influenza","Plasma",11,4,4,TRUE
0.176849500375179,0.82315049962482,3.52233757256568e-16,"irf_4","Influenza","Plasma",11,4,4,TRUE
0,1,0,"kaiso","Influenza","Plasma",11,4,4,TRUE
0.209533431237426,0.0143357364813293,0.776130832281245,"klf_sp_1","Influenza","Plasma",11,4,4,TRUE
0,0.430399990133841,0.569600009866159,"klf_sp_2","Influenza","Plasma",11,4,4,TRUE
0,1,4.05782057890048e-17,"klf_sp_3","Influenza","Plasma",11,4,4,TRUE
0.528812709001095,0.327422385503656,0.143764905495249,"lef1","Influenza","Plasma",11,4,4,TRUE
0.494883646529697,0.381410097612122,0.123706255858181,"lin54","Influenza","Plasma",11,4,4,TRUE
0,1,0,"maf","Influenza","Plasma",11,4,4,TRUE
0.0949985589209713,0.905001441079029,8.70310708907361e-19,"mbd2","Influenza","Plasma",11,4,4,TRUE
0.0370510883746096,0.96294891162539,0,"mecp2","Influenza","Plasma",11,4,4,TRUE
0,0.306454758435589,0.693545241564411,"mef2","Influenza","Plasma",11,4,4,TRUE
0.251653919245827,0.748346080753766,4.06964099156561e-13,"mfz1","Influenza","Plasma",11,4,4,TRUE
0,1,0,"mies","Influenza","Plasma",11,4,4,TRUE
0.198353605137391,0.801646394862569,4.01976649952489e-14,"mtf1","Influenza","Plasma",11,4,4,TRUE
0,1,0,"myb_1","Influenza","Plasma",11,4,4,TRUE
2.61042933210135e-11,0.969713955184436,0.03028604478946,"myb_2","Influenza","Plasma",11,4,4,TRUE
0.00882067520697126,0.748482298895008,0.242697025898021,"myb_3","Influenza","Plasma",11,4,4,TRUE
0,1,0,"myb_4","Influenza","Plasma",11,4,4,TRUE
0.0975396214495442,0.902460377870194,6.80261754434974e-10,"myb_5","Influenza","Plasma",11,4,4,TRUE
0.642032217305774,0.332847031957407,0.0251207507368191,"mzf1","Influenza","Plasma",11,4,4,TRUE
0.0758485114085773,0.124592572278427,0.799558916312996,"nfac_2","Influenza","Plasma",11,4,4,TRUE
2.95367111353553e-12,0.5265139095893,0.473486090407747,"nfat_1","Influenza","Plasma",11,4,4,TRUE
0.10989082121794,0.89010917878206,0,"nfat_2","Influenza","Plasma",11,4,4,TRUE
0.427720621332389,0.572279378667611,0,"nfat_3","Influenza","Plasma",11,4,4,TRUE
0.371624552291819,0.62837544770805,1.30162461127324e-13,"nfat_4","Influenza","Plasma",11,4,4,TRUE
0,1,0,"nfi_1","Influenza","Plasma",11,4,4,TRUE
0.184889181726389,0.815110818273611,0,"nfi_2","Influenza","Plasma",11,4,4,TRUE
0.259975175713725,0.740024824286275,0,"nfi_3","Influenza","Plasma",11,4,4,TRUE
0.120283403061325,0.661341776220596,0.218374820718079,"nfkb_1","Influenza","Plasma",11,4,4,TRUE
0,1,0,"nfkb_2","Influenza","Plasma",11,4,4,TRUE
0.18002715402725,0.819972845972751,6.07521467891097e-19,"nfkb_3","Influenza","Plasma",11,4,4,TRUE
0.134992884389239,0.167068925795902,0.697938189814859,"nfy","Influenza","Plasma",11,4,4,TRUE
0.209397046428039,0.409357135937028,0.381245817634933,"nr_1","Influenza","Plasma",11,4,4,TRUE
0,0.922121510905847,0.077878489094153,"nr_10","Influenza","Plasma",11,4,4,TRUE
0,1,0,"nr_11","Influenza","Plasma",11,4,4,TRUE
0,1,0,"nr_12","Influenza","Plasma",11,4,4,TRUE
9.33634057723446e-14,0.47424669675337,0.525753303246537,"nr_13","Influenza","Plasma",11,4,4,TRUE
1.73825700905847e-10,0.97104270927045,0.0289572905557242,"nr_14","Influenza","Plasma",11,4,4,TRUE
0.199356057163936,0.464511252454751,0.336132690381314,"nr_15","Influenza","Plasma",11,4,4,TRUE
0.0108478715676455,0.369740983961924,0.61941114447043,"nr_16","Influenza","Plasma",11,4,4,TRUE
3.67722345530837e-13,0.659471609200646,0.340528390798987,"nr_17","Influenza","Plasma",11,4,4,TRUE
0,1,0,"nr_18","Influenza","Plasma",11,4,4,TRUE
0.739366650316706,0.260633349683294,0,"nr_19","Influenza","Plasma",11,4,4,TRUE
4.374390961773e-15,0.778433463168395,0.2215665368316,"nr_2","Influenza","Plasma",11,4,4,TRUE
0.691896978713599,0.150430228363303,0.157672792923098,"nr_20","Influenza","Plasma",11,4,4,TRUE
1.89593883694731e-14,0.92665670757726,0.0733432924227209,"nr_3","Influenza","Plasma",11,4,4,TRUE
0.257911404738313,0.74208859526155,1.365489871199e-13,"nr_4","Influenza","Plasma",11,4,4,TRUE
0,0.486755520582908,0.513244479417092,"nr_5","Influenza","Plasma",11,4,4,TRUE
5.94153942267099e-20,0.831453325907348,0.168546674092652,"nr_6","Influenza","Plasma",11,4,4,TRUE
0.244081477316217,0.226956659104906,0.528961863578877,"nr_7","Influenza","Plasma",11,4,4,TRUE
0.335608943102193,0.664391056897807,0,"nr_8","Influenza","Plasma",11,4,4,TRUE
0.0605247706072612,0.939475229392541,1.97425870044719e-13,"nr_9","Influenza","Plasma",11,4,4,TRUE
0,1,0,"nr2e3","Influenza","Plasma",11,4,4,TRUE
0,0.942089684123837,0.0579103158761632,"nrf1","Influenza","Plasma",11,4,4,TRUE
0.0157143187528817,0.98428568124692,1.98003793115788e-13,"oct4sox2","Influenza","Plasma",11,4,4,TRUE
0,1,0,"osr2","Influenza","Plasma",11,4,4,TRUE
0.173191475969843,0.238361659444918,0.588446864585239,"ovol1","Influenza","Plasma",11,4,4,TRUE
0,1,0,"p53_like_1","Influenza","Plasma",11,4,4,TRUE
0,1,0,"p53_like_2","Influenza","Plasma",11,4,4,TRUE
0.621922817608075,0.170529586188157,0.207547596203768,"p53_like_3","Influenza","Plasma",11,4,4,TRUE
0,1,0,"pax_halfsite","Influenza","Plasma",11,4,4,TRUE
0,1,0,"pax_1","Influenza","Plasma",11,4,4,TRUE
0.0572781712063156,0.908513257546183,0.0342085712475015,"pax_2","Influenza","Plasma",11,4,4,TRUE
6.64158563275632e-12,0.899119556435987,0.100880443557371,"plag1","Influenza","Plasma",11,4,4,TRUE
0.173864460887077,0.466378151013127,0.359757388099796,"pou_1","Influenza","Plasma",11,4,4,TRUE
0,1,0,"pou_2","Influenza","Plasma",11,4,4,TRUE
0,1,0,"pou_3","Influenza","Plasma",11,4,4,TRUE
0.0764566441514852,0.923543355848515,0,"prdm1","Influenza","Plasma",11,4,4,TRUE
0,1,0,"prdm14","Influenza","Plasma",11,4,4,TRUE
0,1,0,"prdm16","Influenza","Plasma",11,4,4,TRUE
0.276151797107795,0.247026504188494,0.476821698703711,"prdm4","Influenza","Plasma",11,4,4,TRUE
5.3014739063674e-14,0.394317685941862,0.605682314058085,"prdm5","Influenza","Plasma",11,4,4,TRUE
3.3326988257083e-13,0.883821696965395,0.116178303034271,"prdm9","Influenza","Plasma",11,4,4,TRUE
6.39112318719516e-09,0.850242457854258,0.149757535754619,"prox1","Influenza","Plasma",11,4,4,TRUE
0,0.996911487618473,0.00308851238152708,"rbpj","Influenza","Plasma",11,4,4,TRUE
0,1,0,"rel_halfsite","Influenza","Plasma",11,4,4,TRUE
1.30059975728308e-12,0.852640158962796,0.147359841035903,"rest_nrsf","Influenza","Plasma",11,4,4,TRUE
2.98559404877914e-11,0.894457444518973,0.105542555451171,"rfx_1","Influenza","Plasma",11,4,4,TRUE
0.522404232414816,0.477595767585184,0,"rfx_2","Influenza","Plasma",11,4,4,TRUE
0.143059868674129,0.759642703973014,0.0972974273528577,"rfx_3","Influenza","Plasma",11,4,4,TRUE
0.601140524433842,0.219938020931209,0.178921454634948,"runx_1","Influenza","Plasma",11,4,4,TRUE
0.413789986856207,0.586210013143793,0,"runx_2","Influenza","Plasma",11,4,4,TRUE
8.05910388574712e-13,0.760580682512517,0.239419317486677,"scrt1","Influenza","Plasma",11,4,4,TRUE
0,1,0,"six_1","Influenza","Plasma",11,4,4,TRUE
0.025110786333545,0.677974152653519,0.296915061012936,"six_2","Influenza","Plasma",11,4,4,TRUE
0.3075468880082,0.584689484840136,0.107763627151664,"smad","Influenza","Plasma",11,4,4,TRUE
0.04448270034102,0.95551729965898,0,"smad_1","Influenza","Plasma",11,4,4,TRUE
0,0.697341591671292,0.302658408328708,"smad_2","Influenza","Plasma",11,4,4,TRUE
0,1,0,"smarca1","Influenza","Plasma",11,4,4,TRUE
0.158211517297014,0.841788482700002,2.98442527098820e-12,"smarca5","Influenza","Plasma",11,4,4,TRUE
0.243733600068985,0.756266399931014,0,"snai2","Influenza","Plasma",11,4,4,TRUE
0,0.94251947510574,0.0574805248942596,"sox_1","Influenza","Plasma",11,4,4,TRUE
0.0444294684997549,0.638769163537962,0.316801367962283,"sox_2","Influenza","Plasma",11,4,4,TRUE
0,1,0,"sox_3","Influenza","Plasma",11,4,4,TRUE
0,1,0,"sox_4","Influenza","Plasma",11,4,4,TRUE
0,1,0,"sox_5","Influenza","Plasma",11,4,4,TRUE
0,1,0,"sox_6","Influenza","Plasma",11,4,4,TRUE
0,0.799621797720184,0.200378202279816,"sox_7","Influenza","Plasma",11,4,4,TRUE
0,0.839976025968523,0.160023974031477,"sox_8","Influenza","Plasma",11,4,4,TRUE
0,0.40628225757525,0.59371774242475,"spdef_1","Influenza","Plasma",11,4,4,TRUE
4.89114424115548e-17,1,0,"spdef_2","Influenza","Plasma",11,4,4,TRUE
0,1,0,"spi","Influenza","Plasma",11,4,4,TRUE
0.31745935771648,0.305041450767621,0.377499191515899,"spz1","Influenza","Plasma",11,4,4,TRUE
2.56088073235198e-22,0.894254662049012,0.105745337950988,"srebf1","Influenza","Plasma",11,4,4,TRUE
0.020156808167897,0.979843191831317,7.86482374168827e-13,"srf","Influenza","Plasma",11,4,4,TRUE
0,0.884758985004101,0.115241014995899,"stat_1","Influenza","Plasma",11,4,4,TRUE
0,0.995555730082252,0.00444426991774803,"stat_2","Influenza","Plasma",11,4,4,TRUE
0,1,0,"tata","Influenza","Plasma",11,4,4,TRUE
1.28750127473667e-18,0.754667460243034,0.245332539756966,"tbx_1","Influenza","Plasma",11,4,4,TRUE
0,1,0,"tbx_2","Influenza","Plasma",11,4,4,TRUE
0,1,0,"tbx_3","Influenza","Plasma",11,4,4,TRUE
0,1,0,"tbx_4","Influenza","Plasma",11,4,4,TRUE
1.007058432018e-14,0.895651344973776,0.104348655026213,"tcf_lef","Influenza","Plasma",11,4,4,TRUE
0,1,0,"tead","Influenza","Plasma",11,4,4,TRUE
0,0.813907205383151,0.186092794616849,"tfap2_1","Influenza","Plasma",11,4,4,TRUE
0.0373615509022448,0.47421238703852,0.488426062059235,"tfap2_2","Influenza","Plasma",11,4,4,TRUE
0,1,0,"tfcp2","Influenza","Plasma",11,4,4,TRUE
0,0.568066964681417,0.431933035318583,"thap1","Influenza","Plasma",11,4,4,TRUE
0,0.457911286550966,0.542088713449034,"yy1","Influenza","Plasma",11,4,4,TRUE
0,1,0,"zbed1","Influenza","Plasma",11,4,4,TRUE
0,1,0,"zbtb14","Influenza","Plasma",11,4,4,TRUE
0,1,0,"zbtb48","Influenza","Plasma",11,4,4,TRUE
0,1,0,"zbtb49","Influenza","Plasma",11,4,4,TRUE
0.0139803557979926,0.786125250563798,0.19989439363821,"zbtb6","Influenza","Plasma",11,4,4,TRUE
0,0.770111296745236,0.229888703254764,"zbtb7a","Influenza","Plasma",11,4,4,TRUE
0,0.408827669267907,0.591172330732093,"zfn121","Influenza","Plasma",11,4,4,TRUE
0.36961992681319,0.555465064729434,0.0749150084573762,"zfx","Influenza","Plasma",11,4,4,TRUE
0,0.947187244160557,0.0528127558394429,"zic","Influenza","Plasma",11,4,4,TRUE
0.151652938702274,0.848347061295504,2.22222932813665e-12,"zic_2","Influenza","Plasma",11,4,4,TRUE
0.106623316178476,0.323569439227945,0.569807244593579,"zim3","Influenza","Plasma",11,4,4,TRUE
0,1,0,"zkscan1","Influenza","Plasma",11,4,4,TRUE
0,0.929518179095121,0.0704818209048794,"znf134","Influenza","Plasma",11,4,4,TRUE
0,0.82289095663786,0.17710904336214,"znf136","Influenza","Plasma",11,4,4,TRUE
0.288155275782364,0.337502936817049,0.374341787400588,"znf140","Influenza","Plasma",11,4,4,TRUE
0.0500722446987631,0.824596039413571,0.125331715887666,"znf143","Influenza","Plasma",11,4,4,TRUE
2.55993540906724e-19,0.813035776401809,0.186964223598191,"znf143_1","Influenza","Plasma",11,4,4,TRUE
0,1,0,"znf146","Influenza","Plasma",11,4,4,TRUE
0,1,0,"znf232","Influenza","Plasma",11,4,4,TRUE
0,1,0,"znf24","Influenza","Plasma",11,4,4,TRUE
1.80463893302934e-06,0.399600898831471,0.600397296529596,"znf250","Influenza","Plasma",11,4,4,TRUE
0.562675982708537,0.130127710596392,0.307196306695071,"znf257","Influenza","Plasma",11,4,4,TRUE
0.122089926347544,0.877910073652455,0,"znf274","Influenza","Plasma",11,4,4,TRUE
0,1,0,"znf28","Influenza","Plasma",11,4,4,TRUE
0,1,0,"znf282","Influenza","Plasma",11,4,4,TRUE
0,1,0,"znf306","Influenza","Plasma",11,4,4,TRUE
0.519080717026757,0.275271294553602,0.205647988419641,"znf317","Influenza","Plasma",11,4,4,TRUE
0,0.733236585008755,0.266763414991245,"znf320","Influenza","Plasma",11,4,4,TRUE
0,1,0,"znf324","Influenza","Plasma",11,4,4,TRUE
5.30591800573499e-23,0.499863754145501,0.500136245854499,"znf329","Influenza","Plasma",11,4,4,TRUE
0.436003020150261,0.563996979849739,0,"znf331","Influenza","Plasma",11,4,4,TRUE
0.145822114852276,0.289079638016943,0.565098247130781,"znf332","Influenza","Plasma",11,4,4,TRUE
0,1,0,"znf335","Influenza","Plasma",11,4,4,TRUE
6.70790638063481e-22,0.86555280399315,0.13444719600685,"znf354","Influenza","Plasma",11,4,4,TRUE
0,1,0,"znf382","Influenza","Plasma",11,4,4,TRUE
0.000435369884464721,0.999564630033226,8.23087792371358e-11,"znf384_1","Influenza","Plasma",11,4,4,TRUE
0,0.975901988472671,0.0240980115273293,"znf384_2","Influenza","Plasma",11,4,4,TRUE
0,1,0,"znf41","Influenza","Plasma",11,4,4,TRUE
0.113754397334751,0.596312546015343,0.289933056649906,"znf410","Influenza","Plasma",11,4,4,TRUE
0,1,0,"znf418","Influenza","Plasma",11,4,4,TRUE
0,1,0,"znf423","Influenza","Plasma",11,4,4,TRUE
0.312019862044164,0.687980137955836,4.00867399003613e-17,"znf431","Influenza","Plasma",11,4,4,TRUE
7.63430974784931e-11,0.585232114353239,0.414767885570418,"znf435","Influenza","Plasma",11,4,4,TRUE
0,1,0,"znf436","Influenza","Plasma",11,4,4,TRUE
0,1,0,"znf449","Influenza","Plasma",11,4,4,TRUE
0.404604622740556,0.229901942129983,0.365493435129462,"znf490","Influenza","Plasma",11,4,4,TRUE
0,0.627631748723249,0.372368251276751,"znf524","Influenza","Plasma",11,4,4,TRUE
0,1,1.12219963190359e-16,"znf528","Influenza","Plasma",11,4,4,TRUE
8.90467159261e-16,0.787562985563667,0.212437014436332,"znf53","Influenza","Plasma",11,4,4,TRUE
0.534610337830214,0.465389660611304,1.55848197054748e-09,"znf547","Influenza","Plasma",11,4,4,TRUE
0.0482625546451118,0.951737445354888,2.99030498769135e-19,"znf549","Influenza","Plasma",11,4,4,TRUE
0.253258661155744,0.43467397364401,0.312067365200245,"znf554","Influenza","Plasma",11,4,4,TRUE
0,1,0,"znf563","Influenza","Plasma",11,4,4,TRUE
0,1,0,"znf57","Influenza","Plasma",11,4,4,TRUE
0.422659940711771,0.577340059287541,6.88085247105826e-13,"znf586","Influenza","Plasma",11,4,4,TRUE
0,1,0,"znf652","Influenza","Plasma",11,4,4,TRUE
5.00444939015232e-13,0.9999999999995,1.21320481533653e-18,"znf667","Influenza","Plasma",11,4,4,TRUE
0.252510220155457,0.411454537297392,0.33603524254715,"znf680","Influenza","Plasma",11,4,4,TRUE
0,1,0,"znf708","Influenza","Plasma",11,4,4,TRUE
0,1,0,"znf713","Influenza","Plasma",11,4,4,TRUE
0,0.317302919907328,0.682697080092672,"znf768","Influenza","Plasma",11,4,4,TRUE
0.274224487056714,0.725775512943286,0,"znf784","Influenza","Plasma",11,4,4,TRUE
0.00183939811693577,0.406563391698713,0.591597210184351,"znf85","Influenza","Plasma",11,4,4,TRUE
0,0.900122252292068,0.0998777477079323,"znf85_1","Influenza","Plasma",11,4,4,TRUE
0,0.899367954264686,0.100632045735314,"zscan3","Influenza","Plasma",11,4,4,TRUE
0.130062421422933,0.549821804239665,0.320115774337402,"zscan4","Influenza","Plasma",11,4,4,TRUE
0,0.922722134395421,0.0772778656045788,"ahr","Influenza","T_mait",20,5,4,TRUE
0.108211585984537,0.891788414015463,2.49423043358657e-20,"aire","Influenza","T_mait",20,5,4,TRUE
0,0.520084582320471,0.479915417679529,"ap1_1","Influenza","T_mait",20,5,4,TRUE
0.0892655481855474,0.277064112664993,0.63367033914946,"ap1_2","Influenza","T_mait",20,5,4,TRUE
0,1,0,"ari5a","Influenza","T_mait",20,5,4,TRUE
0,0.676280840134336,0.323719159865664,"ari5b","Influenza","T_mait",20,5,4,TRUE
0.0505614832566421,0.949438516743275,8.32162729441972e-14,"batf","Influenza","T_mait",20,5,4,TRUE
0.0669594116677695,0.790287657432821,0.142752930899409,"bcl6_1","Influenza","T_mait",20,5,4,TRUE
0,0.962767131695654,0.0372328683043462,"bcl6_2","Influenza","T_mait",20,5,4,TRUE
0.063246324348728,0.55572010859241,0.381033567058862,"ccaat_cebp","Influenza","T_mait",20,5,4,TRUE
0,1,0,"cenbp","Influenza","T_mait",20,5,4,TRUE
0.33031671861084,0.565210779067308,0.104472502321852,"cpeb1","Influenza","T_mait",20,5,4,TRUE
0.289833134551283,0.665941347577854,0.0442255178708627,"creb_atf_1","Influenza","T_mait",20,5,4,TRUE
1.97703899298641e-07,0.879721677393153,0.120278124902948,"creb_atf_2","Influenza","T_mait",20,5,4,TRUE
0,0.347526570248816,0.652473429751184,"creb_atf_3","Influenza","T_mait",20,5,4,TRUE
0,1,0,"creb3_xbp1","Influenza","T_mait",20,5,4,TRUE
0.26747789221557,0.534470135548292,0.198051972236138,"ctcf","Influenza","T_mait",20,5,4,TRUE
0,0.481462026179862,0.518537973820138,"cux_1","Influenza","T_mait",20,5,4,TRUE
2.54136049010141e-10,0.951835999387482,0.0481640003583823,"cux_2","Influenza","T_mait",20,5,4,TRUE
0,1,0,"cux_3","Influenza","T_mait",20,5,4,TRUE
0.0494727313331601,0.862845522472119,0.0876817461947207,"cux_4","Influenza","T_mait",20,5,4,TRUE
0.179634480319405,0.820365519680595,0,"ddit3cebpa","Influenza","T_mait",20,5,4,TRUE
0,1,0,"dmrt1","Influenza","T_mait",20,5,4,TRUE
0,1,0,"dmrt3","Influenza","T_mait",20,5,4,TRUE
0,1,0,"e2f_1","Influenza","T_mait",20,5,4,TRUE
0.0077013391559582,0.992298660844042,0,"e2f_2","Influenza","T_mait",20,5,4,TRUE
0.253239316394188,0.746760683605791,2.12527955877064e-14,"e2f_3","Influenza","T_mait",20,5,4,TRUE
0.327607484037794,0.37848419451401,0.293908321448196,"e2f_4","Influenza","T_mait",20,5,4,TRUE
3.00178004981926e-11,0.623439583302586,0.376560416667397,"ebf1","Influenza","T_mait",20,5,4,TRUE
2.38986732838712e-11,0.697620629105118,0.302379370870984,"ebox_cacctg","Influenza","T_mait",20,5,4,TRUE
0,1,0,"ebox_cacgtg_1","Influenza","T_mait",20,5,4,TRUE
2.14775637443786e-19,0.978556595617531,0.0214434043824691,"ebox_cacgtg_2","Influenza","T_mait",20,5,4,TRUE
0.159098475222551,0.408226493186631,0.432675031590818,"ebox_cagatgg","Influenza","T_mait",20,5,4,TRUE
0,0.893367511524605,0.106632488475395,"ebox_cagctg","Influenza","T_mait",20,5,4,TRUE
0.253509062473262,0.306632347793068,0.439858589733669,"ebox_catatg","Influenza","T_mait",20,5,4,TRUE
0.106477320098448,0.682861208062771,0.210661471838781,"egr","Influenza","T_mait",20,5,4,TRUE
0,0.923511066189095,0.076488933810905,"ets_1","Influenza","T_mait",20,5,4,TRUE
1.21592555703451e-12,0.679199350209654,0.32080064978913,"ets_2","Influenza","T_mait",20,5,4,TRUE
0.100910998851642,0.899089001147605,7.53570234608253e-13,"evi1_mecom","Influenza","T_mait",20,5,4,TRUE
1.16646393076196e-18,0.831885588559214,0.168114411440786,"ewsr1_fli1","Influenza","T_mait",20,5,4,TRUE
0.10452618260129,0.895473692588998,1.24809711993113e-07,"fezf1","Influenza","T_mait",20,5,4,TRUE
0.150340058432977,0.849659941567019,3.97770170168811e-15,"fox_1","Influenza","T_mait",20,5,4,TRUE
0,0.904627200734755,0.0953727992652451,"fox_2","Influenza","T_mait",20,5,4,TRUE
2.20792720698878e-22,0.61521588474396,0.38478411525604,"fox_3","Influenza","T_mait",20,5,4,TRUE
1.25877533489104e-08,0.832804503500387,0.16719548391186,"fox_4","Influenza","T_mait",20,5,4,TRUE
0.0151506429907479,0.38761591211214,0.597233444897111,"fox_5","Influenza","T_mait",20,5,4,TRUE
1.44878000826318e-11,0.889401529845792,0.11059847013972,"fox_6","Influenza","T_mait",20,5,4,TRUE
0,0.980139946161546,0.0198600538384535,"fox_7","Influenza","T_mait",20,5,4,TRUE
0.0526377626991068,0.829090097858544,0.118272139442349,"fox_8","Influenza","T_mait",20,5,4,TRUE
0,0.839279487235124,0.160720512764876,"fox_9","Influenza","T_mait",20,5,4,TRUE
0,1,0,"gata","Influenza","T_mait",20,5,4,TRUE
0.249491951021844,0.516531867461307,0.233976181516849,"gc_tract","Influenza","T_mait",20,5,4,TRUE
0,0.987235937184965,0.0127640628150354,"gcm","Influenza","T_mait",20,5,4,TRUE
0,1,0,"gfi","Influenza","T_mait",20,5,4,TRUE
0.0409642708051561,0.615711693027914,0.34332403616693,"gli","Influenza","T_mait",20,5,4,TRUE
0,1,0,"glis","Influenza","T_mait",20,5,4,TRUE
0.032402704616013,0.666327271959616,0.301270023424371,"gmeb2_1","Influenza","T_mait",20,5,4,TRUE
0,1,0,"gmeb2_2","Influenza","T_mait",20,5,4,TRUE
0,1,0,"gmeb2_3","Influenza","T_mait",20,5,4,TRUE
1.10761001846458e-11,0.76369469426621,0.236305305722714,"grhl","Influenza","T_mait",20,5,4,TRUE
4.45158775605658e-24,0.4552382990959,0.5447617009041,"hand1","Influenza","T_mait",20,5,4,TRUE
0,0.938052511522628,0.0619474884773725,"hd_1","Influenza","T_mait",20,5,4,TRUE
0.295302721685801,0.704697278314199,0,"hd_10","Influenza","T_mait",20,5,4,TRUE
1.52012208355684e-14,0.96222195502616,0.0377780449738252,"hd_11","Influenza","T_mait",20,5,4,TRUE
0,0.348787016278603,0.651212983721397,"hd_12","Influenza","T_mait",20,5,4,TRUE
0.0203942284306983,0.979605771569302,0,"hd_13","Influenza","T_mait",20,5,4,TRUE
0.0231225901535762,0.976877409228725,6.17698298338852e-10,"hd_14","Influenza","T_mait",20,5,4,TRUE
0,1,0,"hd_15","Influenza","T_mait",20,5,4,TRUE
5.00395753039173e-11,0.884618101754963,0.115381898194997,"hd_16","Influenza","T_mait",20,5,4,TRUE
6.94135140985748e-20,0.7277120968022,0.2722879031978,"hd_17","Influenza","T_mait",20,5,4,TRUE
0.243202936909034,0.637162617941273,0.119634445149693,"hd_18","Influenza","T_mait",20,5,4,TRUE
0,1,0,"hd_19","Influenza","T_mait",20,5,4,TRUE
0,1,0,"hd_2","Influenza","T_mait",20,5,4,TRUE
0.186372460619287,0.617804131727422,0.195823407653291,"hd_20","Influenza","T_mait",20,5,4,TRUE
0,1,0,"hd_21","Influenza","T_mait",20,5,4,TRUE
1.05747138610459e-16,0.946870403196873,0.0531295968031267,"hd_22","Influenza","T_mait",20,5,4,TRUE
7.12260131414435e-16,0.851553896160324,0.148446103839676,"hd_23","Influenza","T_mait",20,5,4,TRUE
0.314588452074579,0.672517647075686,0.0128939008497351,"hd_24","Influenza","T_mait",20,5,4,TRUE
0,1,0,"hd_25","Influenza","T_mait",20,5,4,TRUE
0,1,0,"hd_3","Influenza","T_mait",20,5,4,TRUE
0.00868235559294096,0.960920741532408,0.0303969028746512,"hd_4","Influenza","T_mait",20,5,4,TRUE
0,1,0,"hd_5","Influenza","T_mait",20,5,4,TRUE
1.31694984611643e-13,0.896052108811614,0.103947891188255,"hd_6","Influenza","T_mait",20,5,4,TRUE
0,0.748178167239512,0.251821832760488,"hd_7","Influenza","T_mait",20,5,4,TRUE
0,1,0,"hd_8","Influenza","T_mait",20,5,4,TRUE
0,1,0,"hd_9","Influenza","T_mait",20,5,4,TRUE
0.0512915884465815,0.697267122255615,0.251441289297803,"hen1","Influenza","T_mait",20,5,4,TRUE
5.52325770085877e-13,0.777065793003829,0.222934206995618,"hic_1","Influenza","T_mait",20,5,4,TRUE
9.79406165271426e-23,0.983760742387503,0.0162392576124971,"hic_2","Influenza","T_mait",20,5,4,TRUE
0.126818488940945,0.759572366349146,0.113609144709909,"hif","Influenza","T_mait",20,5,4,TRUE
0,0.726358983067289,0.273641016932711,"hinfp1_1","Influenza","T_mait",20,5,4,TRUE
0.258795043080092,0.741204956919908,0,"hinfp1_2","Influenza","T_mait",20,5,4,TRUE
0,1,0,"hinfp1_3","Influenza","T_mait",20,5,4,TRUE
0,0.896805885427667,0.103194114572333,"hltf","Influenza","T_mait",20,5,4,TRUE
0,0.776317774921769,0.223682225078231,"homez","Influenza","T_mait",20,5,4,TRUE
0.135433508147108,0.713871609906614,0.150694881946278,"hsf","Influenza","T_mait",20,5,4,TRUE
0,0.951102439779175,0.0488975602208255,"hsfy2","Influenza","T_mait",20,5,4,TRUE
0.0324798579028353,0.941023505395391,0.0264966367017738,"insm1","Influenza","T_mait",20,5,4,TRUE
0,0.643070464599673,0.356929535400327,"irf_1","Influenza","T_mait",20,5,4,TRUE
0,0.386532268502803,0.613467731497197,"irf_2","Influenza","T_mait",20,5,4,TRUE
0,0.790502993482781,0.209497006517219,"irf_3","Influenza","T_mait",20,5,4,TRUE
0,1,0,"irf_4","Influenza","T_mait",20,5,4,TRUE
0.0690547256796302,0.93094527432037,0,"kaiso","Influenza","T_mait",20,5,4,TRUE
0,1,0,"klf_sp_1","Influenza","T_mait",20,5,4,TRUE
0,1,0,"klf_sp_2","Influenza","T_mait",20,5,4,TRUE
0,1,0,"klf_sp_3","Influenza","T_mait",20,5,4,TRUE
0.16586072582033,0.642880087534425,0.191259186645244,"lef1","Influenza","T_mait",20,5,4,TRUE
0.211026351037642,0.788973648954853,7.50532575410044e-12,"lin54","Influenza","T_mait",20,5,4,TRUE
0.154366177019427,0.54198799596954,0.303645827011033,"maf","Influenza","T_mait",20,5,4,TRUE
0.135262390634983,0.864737609365017,0,"mbd2","Influenza","T_mait",20,5,4,TRUE
0,1,0,"mecp2","Influenza","T_mait",20,5,4,TRUE
0.0643985944069993,0.756630758401372,0.178970647191628,"mef2","Influenza","T_mait",20,5,4,TRUE
0.0560251263867143,0.943974873483276,1.30009975738352e-10,"mfz1","Influenza","T_mait",20,5,4,TRUE
0.103595006434801,0.89640499356519,9.19321662712647e-15,"mies","Influenza","T_mait",20,5,4,TRUE
0,0.790718912236284,0.209281087763716,"mtf1","Influenza","T_mait",20,5,4,TRUE
0.434473437159709,0.489253247791772,0.0762733150485189,"myb_1","Influenza","T_mait",20,5,4,TRUE
0,0.954206544454879,0.045793455545121,"myb_2","Influenza","T_mait",20,5,4,TRUE
0.0415082750174182,0.831519098115005,0.126972626867577,"myb_3","Influenza","T_mait",20,5,4,TRUE
0,0.852949330867613,0.147050669132387,"myb_4","Influenza","T_mait",20,5,4,TRUE
0,0.857766148402691,0.142233851597309,"myb_5","Influenza","T_mait",20,5,4,TRUE
0,1,0,"mzf1","Influenza","T_mait",20,5,4,TRUE
0,0.734977007030641,0.265022992969359,"nfac_2","Influenza","T_mait",20,5,4,TRUE
0,1,0,"nfat_1","Influenza","T_mait",20,5,4,TRUE
0.148276332414115,0.732518707443321,0.119204960142563,"nfat_2","Influenza","T_mait",20,5,4,TRUE
1.23049331242076e-17,0.850894309483223,0.149105690516777,"nfat_3","Influenza","T_mait",20,5,4,TRUE
0.00349683229817115,0.996503167609308,9.25206948681382e-11,"nfat_4","Influenza","T_mait",20,5,4,TRUE
0.00219691155665044,0.640083713347635,0.357719375095715,"nfi_1","Influenza","T_mait",20,5,4,TRUE
0,1,0,"nfi_2","Influenza","T_mait",20,5,4,TRUE
0.0995322879711712,0.900467709917375,2.11145380937213e-09,"nfi_3","Influenza","T_mait",20,5,4,TRUE
8.91207440198535e-14,0.518296928854603,0.481703071145308,"nfkb_1","Influenza","T_mait",20,5,4,TRUE
0.0510624871787277,0.321442990248254,0.627494522573018,"nfkb_2","Influenza","T_mait",20,5,4,TRUE
0,0.555083206036618,0.444916793963382,"nfkb_3","Influenza","T_mait",20,5,4,TRUE
0,0.825945876308729,0.174054123691271,"nfy","Influenza","T_mait",20,5,4,TRUE
0,0.675133117843194,0.324866882156806,"nr_1","Influenza","T_mait",20,5,4,TRUE
0.0537457702388445,0.946254229557154,2.04001160690548e-10,"nr_10","Influenza","T_mait",20,5,4,TRUE
0.0427264210410507,0.957273578958949,5.6910402885435e-19,"nr_11","Influenza","T_mait",20,5,4,TRUE
0,0.984362386005805,0.0156376139941947,"nr_12","Influenza","T_mait",20,5,4,TRUE
9.40201286457625e-23,0.639632509026069,0.360367490973931,"nr_13","Influenza","T_mait",20,5,4,TRUE
0.186321876308676,0.612232562594697,0.201445561096626,"nr_14","Influenza","T_mait",20,5,4,TRUE
0.0140691873099015,0.985930812690099,0,"nr_15","Influenza","T_mait",20,5,4,TRUE
0.00773649573993533,0.992263504260065,0,"nr_16","Influenza","T_mait",20,5,4,TRUE
0.0238146416781691,0.63015065593258,0.346034702389251,"nr_17","Influenza","T_mait",20,5,4,TRUE
0.164828910163116,0.83517108983636,5.23635405445942e-13,"nr_18","Influenza","T_mait",20,5,4,TRUE
0,0.618750437672688,0.381249562327312,"nr_19","Influenza","T_mait",20,5,4,TRUE
0,1,0,"nr_2","Influenza","T_mait",20,5,4,TRUE
0.0168466027989653,0.983153397185541,1.54933843026671e-11,"nr_20","Influenza","T_mait",20,5,4,TRUE
0.0134424972705468,0.986557502457383,2.72070480090879e-10,"nr_3","Influenza","T_mait",20,5,4,TRUE
0.0536026945631965,0.946397305415759,2.10441685724722e-11,"nr_4","Influenza","T_mait",20,5,4,TRUE
0,1,4.78040463681947e-17,"nr_5","Influenza","T_mait",20,5,4,TRUE
0,1,0,"nr_6","Influenza","T_mait",20,5,4,TRUE
0,1,0,"nr_7","Influenza","T_mait",20,5,4,TRUE
0,1,0,"nr_8","Influenza","T_mait",20,5,4,TRUE
2.61220594860003e-13,0.918008926027279,0.08199107397246,"nr_9","Influenza","T_mait",20,5,4,TRUE
0.226233959059018,0.466672003206193,0.307094037734789,"nr2e3","Influenza","T_mait",20,5,4,TRUE
0.0681643157608875,0.65692023442602,0.274915449813093,"nrf1","Influenza","T_mait",20,5,4,TRUE
0.172535890936768,0.795791610346551,0.0316724987166802,"oct4sox2","Influenza","T_mait",20,5,4,TRUE
0,0.689916957758067,0.310083042241933,"osr2","Influenza","T_mait",20,5,4,TRUE
0.0366379247117058,0.963362075251176,3.71185728380206e-11,"ovol1","Influenza","T_mait",20,5,4,TRUE
3.55336422256745e-12,0.884824126493317,0.11517587350313,"p53_like_1","Influenza","T_mait",20,5,4,TRUE
0.0988642028004016,0.787336277313062,0.113799519886536,"p53_like_2","Influenza","T_mait",20,5,4,TRUE
0,1,0,"p53_like_3","Influenza","T_mait",20,5,4,TRUE
0.00782223687949709,0.992177763120503,0,"pax_halfsite","Influenza","T_mait",20,5,4,TRUE
0.0147998186699783,0.985200181330022,0,"pax_1","Influenza","T_mait",20,5,4,TRUE
3.00448764390097e-12,0.668559590678739,0.331440409318256,"pax_2","Influenza","T_mait",20,5,4,TRUE
0,1,0,"plag1","Influenza","T_mait",20,5,4,TRUE
0,1,0,"pou_1","Influenza","T_mait",20,5,4,TRUE
1.59011015119546e-20,0.880584910820184,0.119415089179816,"pou_2","Influenza","T_mait",20,5,4,TRUE
0.0378812131861253,0.782010913601761,0.180107873212114,"pou_3","Influenza","T_mait",20,5,4,TRUE
0.186087986102997,0.813912013894827,2.1767946998212e-12,"prdm1","Influenza","T_mait",20,5,4,TRUE
0.267739680177035,0.429507142303476,0.302753177519488,"prdm14","Influenza","T_mait",20,5,4,TRUE
0.123004923472898,0.498158002433465,0.378837074093637,"prdm16","Influenza","T_mait",20,5,4,TRUE
0.120282333927495,0.879717666072505,0,"prdm4","Influenza","T_mait",20,5,4,TRUE
0,1,0,"prdm5","Influenza","T_mait",20,5,4,TRUE
0.092472327456275,0.804807631646972,0.102720040896753,"prdm9","Influenza","T_mait",20,5,4,TRUE
0.00478241827819681,0.995217581721789,1.47516944874185e-14,"prox1","Influenza","T_mait",20,5,4,TRUE
0,1,0,"rbpj","Influenza","T_mait",20,5,4,TRUE
4.46282858949246e-23,0.996266552038861,0.00373344796113935,"rel_halfsite","Influenza","T_mait",20,5,4,TRUE
0,1,0,"rest_nrsf","Influenza","T_mait",20,5,4,TRUE
7.22583745191786e-15,0.817595360885811,0.182404639114182,"rfx_1","Influenza","T_mait",20,5,4,TRUE
0,1,0,"rfx_2","Influenza","T_mait",20,5,4,TRUE
0,1,0,"rfx_3","Influenza","T_mait",20,5,4,TRUE
3.44014057607312e-13,0.50988737087445,0.490112629125206,"runx_1","Influenza","T_mait",20,5,4,TRUE
0,0.463655785425451,0.536344214574549,"runx_2","Influenza","T_mait",20,5,4,TRUE
0,0.80805181824564,0.19194818175436,"scrt1","Influenza","T_mait",20,5,4,TRUE
0.0678498247083464,0.824641302084348,0.107508873207306,"six_1","Influenza","T_mait",20,5,4,TRUE
0.0530513354728968,0.749549664687065,0.197398999840039,"six_2","Influenza","T_mait",20,5,4,TRUE
0,1,0,"smad","Influenza","T_mait",20,5,4,TRUE
0.00562259249780263,0.400583352171975,0.593794055330222,"smad_1","Influenza","T_mait",20,5,4,TRUE
0.104535979530842,0.424378862612072,0.471085157857086,"smad_2","Influenza","T_mait",20,5,4,TRUE
0.0486368003007058,0.951363199699294,1.08530297112754e-18,"smarca1","Influenza","T_mait",20,5,4,TRUE
0.256288117303546,0.417897485576802,0.325814397119652,"smarca5","Influenza","T_mait",20,5,4,TRUE
0,0.86603847960246,0.13396152039754,"snai2","Influenza","T_mait",20,5,4,TRUE
0.247827412766805,0.752172587233195,0,"sox_1","Influenza","T_mait",20,5,4,TRUE
0,0.713694334289275,0.286305665710725,"sox_2","Influenza","T_mait",20,5,4,TRUE
0,1,0,"sox_3","Influenza","T_mait",20,5,4,TRUE
1.43450053476114e-20,0.935282478274805,0.0647175217251948,"sox_4","Influenza","T_mait",20,5,4,TRUE
3.72536080659398e-21,0.730841822795397,0.269158177204603,"sox_5","Influenza","T_mait",20,5,4,TRUE
0.115286909545276,0.661772481386856,0.222940609067868,"sox_6","Influenza","T_mait",20,5,4,TRUE
0.0914973761078248,0.908502623892175,0,"sox_7","Influenza","T_mait",20,5,4,TRUE
9.03006010815342e-10,0.861040327635191,0.138959671461803,"sox_8","Influenza","T_mait",20,5,4,TRUE
0,1,0,"spdef_1","Influenza","T_mait",20,5,4,TRUE
2.93951032393495e-19,0.832993100460708,0.167006899539292,"spdef_2","Influenza","T_mait",20,5,4,TRUE
0.0162297068028127,0.294952264745304,0.688818028451883,"spi","Influenza","T_mait",20,5,4,TRUE
0.237525825625769,0.762474174374231,0,"spz1","Influenza","T_mait",20,5,4,TRUE
0,1,0,"srebf1","Influenza","T_mait",20,5,4,TRUE
0,1,0,"srf","Influenza","T_mait",20,5,4,TRUE
0.323366295376924,0.296436523277502,0.380197181345573,"stat_1","Influenza","T_mait",20,5,4,TRUE
0,1,0,"stat_2","Influenza","T_mait",20,5,4,TRUE
0.233894042985824,0.508105114068794,0.258000842945382,"tata","Influenza","T_mait",20,5,4,TRUE
0,0.656663703185358,0.343336296814642,"tbx_1","Influenza","T_mait",20,5,4,TRUE
0,0.935641460249859,0.0643585397501412,"tbx_2","Influenza","T_mait",20,5,4,TRUE
0,0.942668260088912,0.057331739911088,"tbx_3","Influenza","T_mait",20,5,4,TRUE
0,0.672445210357765,0.327554789642235,"tbx_4","Influenza","T_mait",20,5,4,TRUE
0.0760237786207936,0.923976221357532,2.16740502028937e-11,"tcf_lef","Influenza","T_mait",20,5,4,TRUE
0.0646428910489025,0.760565664340811,0.174791444610287,"tead","Influenza","T_mait",20,5,4,TRUE
0.0171364018092385,0.388492884461816,0.594370713728946,"tfap2_1","Influenza","T_mait",20,5,4,TRUE
0,1,0,"tfap2_2","Influenza","T_mait",20,5,4,TRUE
0,1,0,"tfcp2","Influenza","T_mait",20,5,4,TRUE
0,0.873262620164675,0.126737379835325,"thap1","Influenza","T_mait",20,5,4,TRUE
0.196645728465481,0.803354271534519,0,"yy1","Influenza","T_mait",20,5,4,TRUE
0,0.964770062261215,0.0352299377387854,"zbed1","Influenza","T_mait",20,5,4,TRUE
0,1,0,"zbtb14","Influenza","T_mait",20,5,4,TRUE
0,1,0,"zbtb48","Influenza","T_mait",20,5,4,TRUE
0,1,0,"zbtb49","Influenza","T_mait",20,5,4,TRUE
0,1,0,"zbtb6","Influenza","T_mait",20,5,4,TRUE
0,0.860351947419057,0.139648052580943,"zbtb7a","Influenza","T_mait",20,5,4,TRUE
0.0812698419016529,0.918730158098337,1.02568189735079e-14,"zfn121","Influenza","T_mait",20,5,4,TRUE
0,0.731740843688521,0.268259156311479,"zfx","Influenza","T_mait",20,5,4,TRUE
0,1,0,"zic","Influenza","T_mait",20,5,4,TRUE
0.13628239232091,0.540876888843577,0.322840718835514,"zic_2","Influenza","T_mait",20,5,4,TRUE
0,1,0,"zim3","Influenza","T_mait",20,5,4,TRUE
0,1,0,"zkscan1","Influenza","T_mait",20,5,4,TRUE
0.0873883315716129,0.912611668428387,5.31187343194756e-20,"znf134","Influenza","T_mait",20,5,4,TRUE
0.00898884711625221,0.991011152883748,0,"znf136","Influenza","T_mait",20,5,4,TRUE
0.187478014544226,0.629905633532853,0.18261635192292,"znf140","Influenza","T_mait",20,5,4,TRUE
0,1,0,"znf143","Influenza","T_mait",20,5,4,TRUE
0,1,0,"znf143_1","Influenza","T_mait",20,5,4,TRUE
0.025067249948731,0.533570738031376,0.441362012019893,"znf146","Influenza","T_mait",20,5,4,TRUE
1.09441808728035e-16,1,0,"znf232","Influenza","T_mait",20,5,4,TRUE
0,1,0,"znf24","Influenza","T_mait",20,5,4,TRUE
0.0711804111817184,0.79854529637997,0.130274292438312,"znf250","Influenza","T_mait",20,5,4,TRUE
0,0.932042592838381,0.0679574071616187,"znf257","Influenza","T_mait",20,5,4,TRUE
0.0449968663602436,0.955003133636251,3.50574170282397e-12,"znf274","Influenza","T_mait",20,5,4,TRUE
0,1,0,"znf28","Influenza","T_mait",20,5,4,TRUE
0,0.958628228063001,0.0413717719369988,"znf282","Influenza","T_mait",20,5,4,TRUE
0,1,0,"znf306","Influenza","T_mait",20,5,4,TRUE
0,0.975712981780512,0.0242870182194884,"znf317","Influenza","T_mait",20,5,4,TRUE
6.30319759467056e-22,1,3.39343765599674e-17,"znf320","Influenza","T_mait",20,5,4,TRUE
0.123483724569566,0.484247781239207,0.392268494191227,"znf324","Influenza","T_mait",20,5,4,TRUE
0.0524079738291856,0.622603491033071,0.324988535137743,"znf329","Influenza","T_mait",20,5,4,TRUE
1.28691958445219e-11,0.949288720071388,0.0507112799157431,"znf331","Influenza","T_mait",20,5,4,TRUE
6.24271244855529e-24,0.85235231878724,0.14764768121276,"znf332","Influenza","T_mait",20,5,4,TRUE
0.20905205000057,0.79094794999943,0,"znf335","Influenza","T_mait",20,5,4,TRUE
0.0277408234914613,0.972259176508539,0,"znf354","Influenza","T_mait",20,5,4,TRUE
0,0.96541490103154,0.0345850989684595,"znf382","Influenza","T_mait",20,5,4,TRUE
0,0.440703584371142,0.559296415628858,"znf384_1","Influenza","T_mait",20,5,4,TRUE
1.78193202607064e-13,0.28868930248354,0.711310697516282,"znf384_2","Influenza","T_mait",20,5,4,TRUE
3.57248394778347e-10,0.830992399443241,0.169007600199511,"znf41","Influenza","T_mait",20,5,4,TRUE
0,1,0,"znf410","Influenza","T_mait",20,5,4,TRUE
4.30548518807307e-21,0.717087701026581,0.282912298973419,"znf418","Influenza","T_mait",20,5,4,TRUE
0.0567026892474279,0.838184511466549,0.105112799286023,"znf423","Influenza","T_mait",20,5,4,TRUE
6.6934654927105e-20,0.828046425334534,0.171953574665466,"znf431","Influenza","T_mait",20,5,4,TRUE
0,1,0,"znf435","Influenza","T_mait",20,5,4,TRUE
0,1,0,"znf436","Influenza","T_mait",20,5,4,TRUE
0.0403127681700879,0.359315749991046,0.600371481838867,"znf449","Influenza","T_mait",20,5,4,TRUE
0,1,0,"znf490","Influenza","T_mait",20,5,4,TRUE
0,0.964589463344677,0.0354105366553228,"znf524","Influenza","T_mait",20,5,4,TRUE
0.0446600615851987,0.553136792525467,0.402203145889334,"znf528","Influenza","T_mait",20,5,4,TRUE
3.54685637253188e-16,1,0,"znf53","Influenza","T_mait",20,5,4,TRUE
0,1,0,"znf547","Influenza","T_mait",20,5,4,TRUE
0.256174360193867,0.5570059800503,0.186819659755834,"znf549","Influenza","T_mait",20,5,4,TRUE
0,1,0,"znf554","Influenza","T_mait",20,5,4,TRUE
0.0445182416501381,0.955481758349862,0,"znf563","Influenza","T_mait",20,5,4,TRUE
0,1,0,"znf57","Influenza","T_mait",20,5,4,TRUE
0,1,0,"znf586","Influenza","T_mait",20,5,4,TRUE
0.089866990764881,0.572055713845287,0.338077295389832,"znf652","Influenza","T_mait",20,5,4,TRUE
0.0228534379478651,0.977146562052135,0,"znf667","Influenza","T_mait",20,5,4,TRUE
0.0595466350616298,0.809368582851829,0.131084782086542,"znf680","Influenza","T_mait",20,5,4,TRUE
4.202549229982e-11,0.858524942579135,0.14147505737884,"znf708","Influenza","T_mait",20,5,4,TRUE
0.0900054647638876,0.789943084184555,0.120051451051557,"znf713","Influenza","T_mait",20,5,4,TRUE
0,1,0,"znf768","Influenza","T_mait",20,5,4,TRUE
0,0.92591062029768,0.0740893797023197,"znf784","Influenza","T_mait",20,5,4,TRUE
0,0.973529397578125,0.026470602421875,"znf85","Influenza","T_mait",20,5,4,TRUE
0.0601376581645858,0.604102719143104,0.33575962269231,"znf85_1","Influenza","T_mait",20,5,4,TRUE
4.69782824865926e-19,0.85730308793115,0.14269691206885,"zscan3","Influenza","T_mait",20,5,4,TRUE
3.42366846821346e-13,0.887195865935787,0.11280413406387,"zscan4","Influenza","T_mait",20,5,4,TRUE
0.0107229788294119,0.469411991679385,0.519865029491203,"ahr","Influenza","T_mem_CD4",20,5,4,TRUE
0.0288512887178829,0.567909535438539,0.403239175843578,"aire","Influenza","T_mem_CD4",20,5,4,TRUE
0.133651417650455,0.383692487482878,0.482656094866667,"ap1_1","Influenza","T_mem_CD4",20,5,4,TRUE
0.075363269161886,0.366345017039057,0.558291713799057,"ap1_2","Influenza","T_mem_CD4",20,5,4,TRUE
2.86157231546092e-20,0.845061479058196,0.154938520941805,"ari5a","Influenza","T_mem_CD4",20,5,4,TRUE
0.0895481724967478,0.910451827502935,3.169451409614e-13,"ari5b","Influenza","T_mem_CD4",20,5,4,TRUE
0.0144839268453268,0.474160167554582,0.511355905600091,"batf","Influenza","T_mem_CD4",20,5,4,TRUE
0.0857244711149844,0.798660588533595,0.11561494035142,"bcl6_1","Influenza","T_mem_CD4",20,5,4,TRUE
0,1,0,"bcl6_2","Influenza","T_mem_CD4",20,5,4,TRUE
0.0345445400450313,0.258994798510463,0.706460661444506,"ccaat_cebp","Influenza","T_mem_CD4",20,5,4,TRUE
0.133376221546866,0.415495677939435,0.451128100513699,"cenbp","Influenza","T_mem_CD4",20,5,4,TRUE
0.0738767724068046,0.274703413136789,0.651419814456406,"cpeb1","Influenza","T_mem_CD4",20,5,4,TRUE
0,1,0,"creb_atf_1","Influenza","T_mem_CD4",20,5,4,TRUE
0,0.616784841768468,0.383215158231532,"creb_atf_2","Influenza","T_mem_CD4",20,5,4,TRUE
0.0458446603694441,0.222833064787626,0.73132227484293,"creb_atf_3","Influenza","T_mem_CD4",20,5,4,TRUE
0.000450505404835531,0.999549494595164,1.53731387762704e-19,"creb3_xbp1","Influenza","T_mem_CD4",20,5,4,TRUE
0.0248239322115089,0.253353825550665,0.721822242237827,"ctcf","Influenza","T_mem_CD4",20,5,4,TRUE
0,0.426169195015537,0.573830804984463,"cux_1","Influenza","T_mem_CD4",20,5,4,TRUE
0,0.70309151885808,0.29690848114192,"cux_2","Influenza","T_mem_CD4",20,5,4,TRUE
6.54872105874313e-20,0.620504680710898,0.379495319289102,"cux_3","Influenza","T_mem_CD4",20,5,4,TRUE
8.78456074417144e-21,0.387524086264121,0.612475913735879,"cux_4","Influenza","T_mem_CD4",20,5,4,TRUE
0,0.808184305291592,0.191815694708407,"ddit3cebpa","Influenza","T_mem_CD4",20,5,4,TRUE
0.226606775511206,0.773393213509335,1.09794594344006e-08,"dmrt1","Influenza","T_mem_CD4",20,5,4,TRUE
0.0390306358345615,0.960969364165439,0,"dmrt3","Influenza","T_mem_CD4",20,5,4,TRUE
6.86860722337931e-22,0.639666004231931,0.360333995768069,"e2f_1","Influenza","T_mem_CD4",20,5,4,TRUE
6.55904082189821e-10,0.895186880640376,0.10481311870372,"e2f_2","Influenza","T_mem_CD4",20,5,4,TRUE
0.060625884851165,0.459995480897958,0.479378634250877,"e2f_3","Influenza","T_mem_CD4",20,5,4,TRUE
0.058294111473603,0.599672389481669,0.342033499044728,"e2f_4","Influenza","T_mem_CD4",20,5,4,TRUE
0,1,0,"ebf1","Influenza","T_mem_CD4",20,5,4,TRUE
0,0.557018409446227,0.442981590553773,"ebox_cacctg","Influenza","T_mem_CD4",20,5,4,TRUE
0.0556464978034771,0.651444204158346,0.292909298038177,"ebox_cacgtg_1","Influenza","T_mem_CD4",20,5,4,TRUE
0.156847630369771,0.232142979163667,0.611009390466562,"ebox_cacgtg_2","Influenza","T_mem_CD4",20,5,4,TRUE
3.28202318239685e-21,0.715994243655129,0.284005756344871,"ebox_cagatgg","Influenza","T_mem_CD4",20,5,4,TRUE
6.06140734327348e-22,0.91530267327088,0.08469732672912,"ebox_cagctg","Influenza","T_mem_CD4",20,5,4,TRUE
0.0406528329652315,0.36638366539531,0.592963501639458,"ebox_catatg","Influenza","T_mem_CD4",20,5,4,TRUE
0.0783821188974979,0.687506990303166,0.234110890799336,"egr","Influenza","T_mem_CD4",20,5,4,TRUE
0,1,0,"ets_1","Influenza","T_mem_CD4",20,5,4,TRUE
6.38779571609315e-27,0.372956508428533,0.627043491571468,"ets_2","Influenza","T_mem_CD4",20,5,4,TRUE
0.178180226509215,0.264929691060082,0.556890082430704,"evi1_mecom","Influenza","T_mem_CD4",20,5,4,TRUE
0,0.607057018980728,0.392942981019273,"ewsr1_fli1","Influenza","T_mem_CD4",20,5,4,TRUE
0.0271666955318748,0.564595483245543,0.408237821222583,"fezf1","Influenza","T_mem_CD4",20,5,4,TRUE
0,1,0,"fox_1","Influenza","T_mem_CD4",20,5,4,TRUE
0,0.782102735524439,0.217897264475561,"fox_2","Influenza","T_mem_CD4",20,5,4,TRUE
0.004001052254328,0.347925323064634,0.648073624681038,"fox_3","Influenza","T_mem_CD4",20,5,4,TRUE
0.100884421075766,0.576387519608647,0.322728059315586,"fox_4","Influenza","T_mem_CD4",20,5,4,TRUE
0.00207750658171423,0.340127546677526,0.65779494674076,"fox_5","Influenza","T_mem_CD4",20,5,4,TRUE
5.22026467060818e-15,0.280535004856624,0.719464995143371,"fox_6","Influenza","T_mem_CD4",20,5,4,TRUE
0.0713638811251246,0.848559534856896,0.0800765840179797,"fox_7","Influenza","T_mem_CD4",20,5,4,TRUE
0.0326228233069781,0.682336125576483,0.285041051116539,"fox_8","Influenza","T_mem_CD4",20,5,4,TRUE
0.0969646710871395,0.425666217119925,0.477369111792935,"fox_9","Influenza","T_mem_CD4",20,5,4,TRUE
0.00435591018920176,0.70590871679955,0.289735373011248,"gata","Influenza","T_mem_CD4",20,5,4,TRUE
0.206300982358809,0.793699017641191,0,"gc_tract","Influenza","T_mem_CD4",20,5,4,TRUE
0,0.511990767258838,0.488009232741162,"gcm","Influenza","T_mem_CD4",20,5,4,TRUE
1.62972803574188e-19,0.625339684639378,0.374660315360622,"gfi","Influenza","T_mem_CD4",20,5,4,TRUE
0,1,0,"gli","Influenza","T_mem_CD4",20,5,4,TRUE
1.74287582791235e-14,0.534515047852716,0.465484952147267,"glis","Influenza","T_mem_CD4",20,5,4,TRUE
4.22806794377657e-13,0.772763238676808,0.227236761322769,"gmeb2_1","Influenza","T_mem_CD4",20,5,4,TRUE
0.0147727747120155,0.985227225287983,1.54195275771439e-15,"gmeb2_2","Influenza","T_mem_CD4",20,5,4,TRUE
0.276941920814741,0.535020429445932,0.188037649739327,"gmeb2_3","Influenza","T_mem_CD4",20,5,4,TRUE
0.00818982168534312,0.377595884621987,0.61421429369267,"grhl","Influenza","T_mem_CD4",20,5,4,TRUE
0,0.848910650854537,0.151089349145463,"hand1","Influenza","T_mem_CD4",20,5,4,TRUE
0.116258360501085,0.397434333423541,0.486307306075373,"hd_1","Influenza","T_mem_CD4",20,5,4,TRUE
2.63176288946435e-23,0.138578176772116,0.861421823227884,"hd_10","Influenza","T_mem_CD4",20,5,4,TRUE
0.116367245656677,0.655152975974245,0.228479778369078,"hd_11","Influenza","T_mem_CD4",20,5,4,TRUE
0.0155239291943598,0.172894506954463,0.811581563851178,"hd_12","Influenza","T_mem_CD4",20,5,4,TRUE
0,0.539503300103915,0.460496699896085,"hd_13","Influenza","T_mem_CD4",20,5,4,TRUE
0.111143447409939,0.888856552590061,0,"hd_14","Influenza","T_mem_CD4",20,5,4,TRUE
5.09875068112363e-22,0.849578717947488,0.150421282052512,"hd_15","Influenza","T_mem_CD4",20,5,4,TRUE
0,1,0,"hd_16","Influenza","T_mem_CD4",20,5,4,TRUE
0,0.365642610617631,0.634357389382369,"hd_17","Influenza","T_mem_CD4",20,5,4,TRUE
2.43486669739867e-12,0.393871145895535,0.60612885410203,"hd_18","Influenza","T_mem_CD4",20,5,4,TRUE
0,0.689046070429946,0.310953929570054,"hd_19","Influenza","T_mem_CD4",20,5,4,TRUE
0,0.874127762047005,0.125872237952995,"hd_2","Influenza","T_mem_CD4",20,5,4,TRUE
0.128934626884438,0.871065373115562,2.20081501679819e-17,"hd_20","Influenza","T_mem_CD4",20,5,4,TRUE
0,1,0,"hd_21","Influenza","T_mem_CD4",20,5,4,TRUE
0,1,0,"hd_22","Influenza","T_mem_CD4",20,5,4,TRUE
0.207377645893378,0.696972623762082,0.0956497303445396,"hd_23","Influenza","T_mem_CD4",20,5,4,TRUE
9.32372469635645e-21,0.470200538376517,0.529799461623483,"hd_24","Influenza","T_mem_CD4",20,5,4,TRUE
2.67642713751051e-12,0.858834669864016,0.141165330133307,"hd_25","Influenza","T_mem_CD4",20,5,4,TRUE
0,0.66407083294475,0.33592916705525,"hd_3","Influenza","T_mem_CD4",20,5,4,TRUE
0,0.748767681239703,0.251232318760297,"hd_4","Influenza","T_mem_CD4",20,5,4,TRUE
0.089594994078367,0.407672631222559,0.502732374699074,"hd_5","Influenza","T_mem_CD4",20,5,4,TRUE
0.015950756736269,0.411330793372783,0.572718449890948,"hd_6","Influenza","T_mem_CD4",20,5,4,TRUE
1.41584418411643e-13,0.283494612424537,0.716505387575321,"hd_7","Influenza","T_mem_CD4",20,5,4,TRUE
0,1,0,"hd_8","Influenza","T_mem_CD4",20,5,4,TRUE
0,0.479077503292065,0.520922496707935,"hd_9","Influenza","T_mem_CD4",20,5,4,TRUE
0.0707126516169837,0.506414655236817,0.422872693146199,"hen1","Influenza","T_mem_CD4",20,5,4,TRUE
0,1,0,"hic_1","Influenza","T_mem_CD4",20,5,4,TRUE
1.91648726259231e-12,0.773973328457139,0.226026671540945,"hic_2","Influenza","T_mem_CD4",20,5,4,TRUE
0.0340488234203023,0.254132537156594,0.711818639423104,"hif","Influenza","T_mem_CD4",20,5,4,TRUE
0.0395840849326459,0.495586999807347,0.464828915260007,"hinfp1_1","Influenza","T_mem_CD4",20,5,4,TRUE
0,0.797056534830062,0.202943465169938,"hinfp1_2","Influenza","T_mem_CD4",20,5,4,TRUE
2.94071938908277e-11,0.629652070985995,0.370347928984598,"hinfp1_3","Influenza","T_mem_CD4",20,5,4,TRUE
0,1,0,"hltf","Influenza","T_mem_CD4",20,5,4,TRUE
1.53816187798734e-14,0.229502943555092,0.770497056444893,"homez","Influenza","T_mem_CD4",20,5,4,TRUE
3.6974933312283e-12,0.775285489134671,0.224714510861631,"hsf","Influenza","T_mem_CD4",20,5,4,TRUE
8.53166118181342e-13,0.848195205676941,0.151804794322206,"hsfy2","Influenza","T_mem_CD4",20,5,4,TRUE
0.181236342763338,0.774558206045902,0.0442054511907599,"insm1","Influenza","T_mem_CD4",20,5,4,TRUE
0.0918436645911284,0.495678498975301,0.41247783643357,"irf_1","Influenza","T_mem_CD4",20,5,4,TRUE
0,0.253046701973802,0.746953298026198,"irf_2","Influenza","T_mem_CD4",20,5,4,TRUE
0,0.390292390468396,0.609707609531604,"irf_3","Influenza","T_mem_CD4",20,5,4,TRUE
0.0517958627725773,0.206903808696041,0.741300328531382,"irf_4","Influenza","T_mem_CD4",20,5,4,TRUE
0,1,0,"kaiso","Influenza","T_mem_CD4",20,5,4,TRUE
0,0.302265476111029,0.697734523888971,"klf_sp_1","Influenza","T_mem_CD4",20,5,4,TRUE
0.0864210333411332,0.541057484446416,0.37252148221245,"klf_sp_2","Influenza","T_mem_CD4",20,5,4,TRUE
0.0193585086080889,0.980641491390705,1.20642438684371e-12,"klf_sp_3","Influenza","T_mem_CD4",20,5,4,TRUE
0.0236705098519221,0.390740123916918,0.58558936623116,"lef1","Influenza","T_mem_CD4",20,5,4,TRUE
6.82367012111494e-11,0.67531897306674,0.324681026865024,"lin54","Influenza","T_mem_CD4",20,5,4,TRUE
0,0.668673659194853,0.331326340805147,"maf","Influenza","T_mem_CD4",20,5,4,TRUE
0.0403485836187948,0.887923016693378,0.0717283996878267,"mbd2","Influenza","T_mem_CD4",20,5,4,TRUE
0.0520903172687513,0.319145324736535,0.628764357994714,"mecp2","Influenza","T_mem_CD4",20,5,4,TRUE
0.0959303995364025,0.786499960444924,0.117569640018673,"mef2","Influenza","T_mem_CD4",20,5,4,TRUE
0,0.651626489658556,0.348373510341444,"mfz1","Influenza","T_mem_CD4",20,5,4,TRUE
0,0.957807804156106,0.0421921958438943,"mies","Influenza","T_mem_CD4",20,5,4,TRUE
0,0.314666528562038,0.685333471437962,"mtf1","Influenza","T_mem_CD4",20,5,4,TRUE
5.63578768806765e-13,0.53050335344192,0.469496646557516,"myb_1","Influenza","T_mem_CD4",20,5,4,TRUE
2.16374760975577e-14,0.446936043889116,0.553063956110863,"myb_2","Influenza","T_mem_CD4",20,5,4,TRUE
0,0.780194207509667,0.219805792490333,"myb_3","Influenza","T_mem_CD4",20,5,4,TRUE
0.00999152479588969,0.531924072692182,0.458084402511928,"myb_4","Influenza","T_mem_CD4",20,5,4,TRUE
0,0.688825549211874,0.311174450788126,"myb_5","Influenza","T_mem_CD4",20,5,4,TRUE
0.0544419668380283,0.945558033153529,8.44283018738202e-12,"mzf1","Influenza","T_mem_CD4",20,5,4,TRUE
0.0642091774733869,0.268992317483164,0.666798505043449,"nfac_2","Influenza","T_mem_CD4",20,5,4,TRUE
0,0.631808623509145,0.368191376490855,"nfat_1","Influenza","T_mem_CD4",20,5,4,TRUE
0,0.650719066300061,0.349280933699939,"nfat_2","Influenza","T_mem_CD4",20,5,4,TRUE
0,0.904293895058734,0.0957061049412657,"nfat_3","Influenza","T_mem_CD4",20,5,4,TRUE
0,1,0,"nfat_4","Influenza","T_mem_CD4",20,5,4,TRUE
0,0.792121918724092,0.207878081275908,"nfi_1","Influenza","T_mem_CD4",20,5,4,TRUE
0.0137292124861777,0.616506301152998,0.369764486360824,"nfi_2","Influenza","T_mem_CD4",20,5,4,TRUE
0,1,0,"nfi_3","Influenza","T_mem_CD4",20,5,4,TRUE
0.0155763067416683,0.468581097045942,0.515842596212389,"nfkb_1","Influenza","T_mem_CD4",20,5,4,TRUE
0.0324393591949762,0.206100106619541,0.761460534185483,"nfkb_2","Influenza","T_mem_CD4",20,5,4,TRUE
0.112254654619912,0.624322517718466,0.263422827661622,"nfkb_3","Influenza","T_mem_CD4",20,5,4,TRUE
0,0.441009831469517,0.558990168530483,"nfy","Influenza","T_mem_CD4",20,5,4,TRUE
0.247756957255415,0.559275159082518,0.192967883662067,"nr_1","Influenza","T_mem_CD4",20,5,4,TRUE
0.0546983573049226,0.945301642695077,0,"nr_10","Influenza","T_mem_CD4",20,5,4,TRUE
0.167329411187819,0.832670588812162,1.9545288087616e-14,"nr_11","Influenza","T_mem_CD4",20,5,4,TRUE
0.0574898351516509,0.602655787622879,0.33985437722547,"nr_12","Influenza","T_mem_CD4",20,5,4,TRUE
0,1,0,"nr_13","Influenza","T_mem_CD4",20,5,4,TRUE
8.03398866335751e-21,1,6.40531066895762e-17,"nr_14","Influenza","T_mem_CD4",20,5,4,TRUE
0,1,0,"nr_15","Influenza","T_mem_CD4",20,5,4,TRUE
0.0526486422948729,0.708273334595386,0.239078023109741,"nr_16","Influenza","T_mem_CD4",20,5,4,TRUE
0,1,0,"nr_17","Influenza","T_mem_CD4",20,5,4,TRUE
0,1,0,"nr_18","Influenza","T_mem_CD4",20,5,4,TRUE
0.0303587088170385,0.658214069886839,0.311427221296122,"nr_19","Influenza","T_mem_CD4",20,5,4,TRUE
0,0.349268899680912,0.650731100319088,"nr_2","Influenza","T_mem_CD4",20,5,4,TRUE
0,0.805903978903897,0.194096021096103,"nr_20","Influenza","T_mem_CD4",20,5,4,TRUE
0,1,0,"nr_3","Influenza","T_mem_CD4",20,5,4,TRUE
0.121375039544823,0.565589939348939,0.313035021106238,"nr_4","Influenza","T_mem_CD4",20,5,4,TRUE
1.13502598266103e-19,0.711823892083843,0.288176107916157,"nr_5","Influenza","T_mem_CD4",20,5,4,TRUE
0.0220998929064156,0.753722084363217,0.224178022730368,"nr_6","Influenza","T_mem_CD4",20,5,4,TRUE
0.1581582669374,0.78921850415833,0.0526232289042697,"nr_7","Influenza","T_mem_CD4",20,5,4,TRUE
0,1,0,"nr_8","Influenza","T_mem_CD4",20,5,4,TRUE
0.0975672108926364,0.719892393854906,0.182540395252458,"nr_9","Influenza","T_mem_CD4",20,5,4,TRUE
0,1,0,"nr2e3","Influenza","T_mem_CD4",20,5,4,TRUE
0.0343344196671766,0.57557954922001,0.390086031112813,"nrf1","Influenza","T_mem_CD4",20,5,4,TRUE
0,1,0,"oct4sox2","Influenza","T_mem_CD4",20,5,4,TRUE
0,1,0,"osr2","Influenza","T_mem_CD4",20,5,4,TRUE
1.73904523295108e-21,0.795816117979436,0.204183882020564,"ovol1","Influenza","T_mem_CD4",20,5,4,TRUE
0.0626998406483381,0.7127095419443,0.224590617407362,"p53_like_1","Influenza","T_mem_CD4",20,5,4,TRUE
0.0910715505675471,0.74934136172265,0.159587087709803,"p53_like_2","Influenza","T_mem_CD4",20,5,4,TRUE
0,1,0,"p53_like_3","Influenza","T_mem_CD4",20,5,4,TRUE
0.000250795836066541,0.955987676694653,0.0437615274692806,"pax_halfsite","Influenza","T_mem_CD4",20,5,4,TRUE
0,0.455909142668659,0.544090857331341,"pax_1","Influenza","T_mem_CD4",20,5,4,TRUE
0,0.790023915753483,0.209976084246517,"pax_2","Influenza","T_mem_CD4",20,5,4,TRUE
0,0.986883470877705,0.0131165291222949,"plag1","Influenza","T_mem_CD4",20,5,4,TRUE
0,0.246498753734907,0.753501246265093,"pou_1","Influenza","T_mem_CD4",20,5,4,TRUE
0.000656987928437909,0.565065906631943,0.434277105439619,"pou_2","Influenza","T_mem_CD4",20,5,4,TRUE
0.0310573190965791,0.765816255081956,0.203126425821464,"pou_3","Influenza","T_mem_CD4",20,5,4,TRUE
0.0535957791992957,0.570041234147597,0.376362986653108,"prdm1","Influenza","T_mem_CD4",20,5,4,TRUE
0.00250002107993474,0.811459847117716,0.186040131802349,"prdm14","Influenza","T_mem_CD4",20,5,4,TRUE
0,1,0,"prdm16","Influenza","T_mem_CD4",20,5,4,TRUE
0.0862236561425163,0.155587914136847,0.758188429720637,"prdm4","Influenza","T_mem_CD4",20,5,4,TRUE
0,1,0,"prdm5","Influenza","T_mem_CD4",20,5,4,TRUE
1.137666094589e-12,0.921638765818362,0.0783612341805006,"prdm9","Influenza","T_mem_CD4",20,5,4,TRUE
1.66399942841428e-10,0.475935061639606,0.524064938193994,"prox1","Influenza","T_mem_CD4",20,5,4,TRUE
0.0374854115836726,0.962514588383127,3.32006834019582e-11,"rbpj","Influenza","T_mem_CD4",20,5,4,TRUE
0.0822994306041031,0.917700569395867,2.95895158515842e-14,"rel_halfsite","Influenza","T_mem_CD4",20,5,4,TRUE
0,0.737671358089588,0.262328641910412,"rest_nrsf","Influenza","T_mem_CD4",20,5,4,TRUE
0.042360900815859,0.510590168830291,0.44704893035385,"rfx_1","Influenza","T_mem_CD4",20,5,4,TRUE
0,0.786254688353576,0.213745311646424,"rfx_2","Influenza","T_mem_CD4",20,5,4,TRUE
1.32825893933202e-18,0.822892471757405,0.177107528242595,"rfx_3","Influenza","T_mem_CD4",20,5,4,TRUE
0,0.850368543673191,0.149631456326809,"runx_1","Influenza","T_mem_CD4",20,5,4,TRUE
0.0231868339994492,0.551610256576324,0.425202909424227,"runx_2","Influenza","T_mem_CD4",20,5,4,TRUE
0,0.56633546838062,0.43366453161938,"scrt1","Influenza","T_mem_CD4",20,5,4,TRUE
0.33271949170334,0.273194359148604,0.394086149148056,"six_1","Influenza","T_mem_CD4",20,5,4,TRUE
2.45734661891563e-14,0.538044729518365,0.461955270481611,"six_2","Influenza","T_mem_CD4",20,5,4,TRUE
0,0.904335193205305,0.0956648067946947,"smad","Influenza","T_mem_CD4",20,5,4,TRUE
0,1,0,"smad_1","Influenza","T_mem_CD4",20,5,4,TRUE
0.0776630199899637,0.217246025820785,0.705090954189251,"smad_2","Influenza","T_mem_CD4",20,5,4,TRUE
1.19303935737692e-12,0.645413537165577,0.35458646283323,"smarca1","Influenza","T_mem_CD4",20,5,4,TRUE
0,1,0,"smarca5","Influenza","T_mem_CD4",20,5,4,TRUE
0.00846204320976739,0.299091348977078,0.692446607813154,"snai2","Influenza","T_mem_CD4",20,5,4,TRUE
4.33891756721623e-13,0.541738563054752,0.458261436944814,"sox_1","Influenza","T_mem_CD4",20,5,4,TRUE
7.24590364294548e-22,0.865269702558386,0.134730297441614,"sox_2","Influenza","T_mem_CD4",20,5,4,TRUE
0.12360402897036,0.502042085551216,0.374353885478424,"sox_3","Influenza","T_mem_CD4",20,5,4,TRUE
0,0.816131095014854,0.183868904985146,"sox_4","Influenza","T_mem_CD4",20,5,4,TRUE
0,0.695154258791703,0.304845741208296,"sox_5","Influenza","T_mem_CD4",20,5,4,TRUE
1.0544424730062e-09,0.678514064408496,0.321485934537062,"sox_6","Influenza","T_mem_CD4",20,5,4,TRUE
0.0179656459938046,0.905838738098248,0.076195615907947,"sox_7","Influenza","T_mem_CD4",20,5,4,TRUE
0.308675388341795,0.549467671898289,0.141856939759916,"sox_8","Influenza","T_mem_CD4",20,5,4,TRUE
0.233973630358336,0.459157377070221,0.306868992571443,"spdef_1","Influenza","T_mem_CD4",20,5,4,TRUE
0,1,0,"spdef_2","Influenza","T_mem_CD4",20,5,4,TRUE
0.034204492631063,0.168105805925493,0.797689701443444,"spi","Influenza","T_mem_CD4",20,5,4,TRUE
3.67908193914183e-21,0.415798036004058,0.584201963995942,"spz1","Influenza","T_mem_CD4",20,5,4,TRUE
4.65639709807829e-16,1,0,"srebf1","Influenza","T_mem_CD4",20,5,4,TRUE
0,0.380184862712858,0.619815137287142,"srf","Influenza","T_mem_CD4",20,5,4,TRUE
0,1,0,"stat_1","Influenza","T_mem_CD4",20,5,4,TRUE
0.0409075041046184,0.482731452314529,0.476361043580852,"stat_2","Influenza","T_mem_CD4",20,5,4,TRUE
2.10422269356076e-11,0.68907456751898,0.310925432459977,"tata","Influenza","T_mem_CD4",20,5,4,TRUE
8.72250167343611e-14,0.923512490397893,0.0764875096020194,"tbx_1","Influenza","T_mem_CD4",20,5,4,TRUE
0,0.537418653379599,0.462581346620401,"tbx_2","Influenza","T_mem_CD4",20,5,4,TRUE
0.0431513541711338,0.956848645550696,2.78169824141556e-10,"tbx_3","Influenza","T_mem_CD4",20,5,4,TRUE
0.120233537561413,0.879766462438587,3.38475476647521e-20,"tbx_4","Influenza","T_mem_CD4",20,5,4,TRUE
0.0793161685865919,0.238983280560987,0.681700550852421,"tcf_lef","Influenza","T_mem_CD4",20,5,4,TRUE
5.89259264075345e-20,0.955606481215001,0.0443935187849991,"tead","Influenza","T_mem_CD4",20,5,4,TRUE
2.7683781286366e-22,0.977893684843035,0.0221063151569648,"tfap2_1","Influenza","T_mem_CD4",20,5,4,TRUE
0,1,0,"tfap2_2","Influenza","T_mem_CD4",20,5,4,TRUE
0,1,0,"tfcp2","Influenza","T_mem_CD4",20,5,4,TRUE
4.84732351141249e-13,0.770967483456596,0.229032516542919,"thap1","Influenza","T_mem_CD4",20,5,4,TRUE
1.47942061782267e-09,0.874275858419217,0.125724140101362,"yy1","Influenza","T_mem_CD4",20,5,4,TRUE
1.56405501037502e-12,0.8521689276583,0.147831072340136,"zbed1","Influenza","T_mem_CD4",20,5,4,TRUE
2.00896995178977e-12,0.48118165523026,0.518818344767731,"zbtb14","Influenza","T_mem_CD4",20,5,4,TRUE
0,1,0,"zbtb48","Influenza","T_mem_CD4",20,5,4,TRUE
0.390051467181831,0.456858992971023,0.153089539847146,"zbtb49","Influenza","T_mem_CD4",20,5,4,TRUE
0,1,0,"zbtb6","Influenza","T_mem_CD4",20,5,4,TRUE
0,1,0,"zbtb7a","Influenza","T_mem_CD4",20,5,4,TRUE
0.144308710415075,0.855691289578734,6.19114634882907e-12,"zfn121","Influenza","T_mem_CD4",20,5,4,TRUE
0.12310073078464,0.538139941538341,0.338759327677019,"zfx","Influenza","T_mem_CD4",20,5,4,TRUE
0,1,0,"zic","Influenza","T_mem_CD4",20,5,4,TRUE
0.0257591283661916,0.461553463485071,0.512687408148737,"zic_2","Influenza","T_mem_CD4",20,5,4,TRUE
0.0410167386399271,0.606476499026348,0.352506762333724,"zim3","Influenza","T_mem_CD4",20,5,4,TRUE
0,1,0,"zkscan1","Influenza","T_mem_CD4",20,5,4,TRUE
6.11463423379047e-13,0.848640922992956,0.151359077006433,"znf134","Influenza","T_mem_CD4",20,5,4,TRUE
0,1,0,"znf136","Influenza","T_mem_CD4",20,5,4,TRUE
0.123156746899818,0.366035600896229,0.510807652203954,"znf140","Influenza","T_mem_CD4",20,5,4,TRUE
1.07291468714244e-12,0.764478680689704,0.235521319309223,"znf143","Influenza","T_mem_CD4",20,5,4,TRUE
3.08161341689964e-13,0.998925758041615,0.00107424195807669,"znf143_1","Influenza","T_mem_CD4",20,5,4,TRUE
0.0648418721962609,0.23057530614082,0.704582821662919,"znf146","Influenza","T_mem_CD4",20,5,4,TRUE
0,0.60523748001483,0.39476251998517,"znf232","Influenza","T_mem_CD4",20,5,4,TRUE
0.0411610621458261,0.958838937854146,2.75421558916686e-14,"znf24","Influenza","T_mem_CD4",20,5,4,TRUE
0.0267956533586638,0.626260687911885,0.346943658729451,"znf250","Influenza","T_mem_CD4",20,5,4,TRUE
0.184262374482946,0.205085740729691,0.610651884787363,"znf257","Influenza","T_mem_CD4",20,5,4,TRUE
0,1,0,"znf274","Influenza","T_mem_CD4",20,5,4,TRUE
0.191505797143937,0.140967790995626,0.667526411860436,"znf28","Influenza","T_mem_CD4",20,5,4,TRUE
0.00903808509491407,0.5786231442571,0.412338770647986,"znf282","Influenza","T_mem_CD4",20,5,4,TRUE
0,1,7.05808983589871e-17,"znf306","Influenza","T_mem_CD4",20,5,4,TRUE
0,0.562893450977666,0.437106549022334,"znf317","Influenza","T_mem_CD4",20,5,4,TRUE
0.0588976371631869,0.941102362769447,6.73661374492551e-11,"znf320","Influenza","T_mem_CD4",20,5,4,TRUE
0.043714560865339,0.956285439134661,0,"znf324","Influenza","T_mem_CD4",20,5,4,TRUE
0.0588536886321002,0.83077442486547,0.11037188650243,"znf329","Influenza","T_mem_CD4",20,5,4,TRUE
0,0.752973411470326,0.247026588529674,"znf331","Influenza","T_mem_CD4",20,5,4,TRUE
0,1,0,"znf332","Influenza","T_mem_CD4",20,5,4,TRUE
3.18882694607546e-21,0.934533687207647,0.0654663127923528,"znf335","Influenza","T_mem_CD4",20,5,4,TRUE
3.84165393507156e-20,0.98419228834531,0.0158077116546904,"znf354","Influenza","T_mem_CD4",20,5,4,TRUE
0,0.477389375823442,0.522610624176558,"znf382","Influenza","T_mem_CD4",20,5,4,TRUE
0.0492961473291996,0.30958001732424,0.64112383534656,"znf384_1","Influenza","T_mem_CD4",20,5,4,TRUE
0.0159637470180506,0.283295229736863,0.700741023245087,"znf384_2","Influenza","T_mem_CD4",20,5,4,TRUE
0,1,0,"znf41","Influenza","T_mem_CD4",20,5,4,TRUE
0,0.925058922683063,0.0749410773169372,"znf410","Influenza","T_mem_CD4",20,5,4,TRUE
4.20154430928099e-20,0.62920367351973,0.37079632648027,"znf418","Influenza","T_mem_CD4",20,5,4,TRUE
0,1,0,"znf423","Influenza","T_mem_CD4",20,5,4,TRUE
0,1,0,"znf431","Influenza","T_mem_CD4",20,5,4,TRUE
0,1,0,"znf435","Influenza","T_mem_CD4",20,5,4,TRUE
0,1,0,"znf436","Influenza","T_mem_CD4",20,5,4,TRUE
4.1156501708237e-07,0.41559265690264,0.584406931532343,"znf449","Influenza","T_mem_CD4",20,5,4,TRUE
0,0.842708322683022,0.157291677316978,"znf490","Influenza","T_mem_CD4",20,5,4,TRUE
1.52515525255145e-09,0.198121721872302,0.801878276602543,"znf524","Influenza","T_mem_CD4",20,5,4,TRUE
0,0.454615485750353,0.545384514249647,"znf528","Influenza","T_mem_CD4",20,5,4,TRUE
6.28170635824470e-12,0.93844200643836,0.0615579935553583,"znf53","Influenza","T_mem_CD4",20,5,4,TRUE
0.163585140229073,0.691340182068791,0.145074677702136,"znf547","Influenza","T_mem_CD4",20,5,4,TRUE
0.0188092851805942,0.757564526400094,0.223626188419312,"znf549","Influenza","T_mem_CD4",20,5,4,TRUE
0.0260181064937336,0.663846502285329,0.310135391220937,"znf554","Influenza","T_mem_CD4",20,5,4,TRUE
0,0.552959711777402,0.447040288222598,"znf563","Influenza","T_mem_CD4",20,5,4,TRUE
0.136845994045246,0.482047011218853,0.381106994735901,"znf57","Influenza","T_mem_CD4",20,5,4,TRUE
9.92319406565869e-22,0.287118701231313,0.712881298768687,"znf586","Influenza","T_mem_CD4",20,5,4,TRUE
0,0.30997826979412,0.69002173020588,"znf652","Influenza","T_mem_CD4",20,5,4,TRUE
0,1,0,"znf667","Influenza","T_mem_CD4",20,5,4,TRUE
0.0789308343680828,0.921069165631917,0,"znf680","Influenza","T_mem_CD4",20,5,4,TRUE
0,0.769291596961821,0.230708403038179,"znf708","Influenza","T_mem_CD4",20,5,4,TRUE
1.07842229435049e-10,0.867098101659378,0.132901898232779,"znf713","Influenza","T_mem_CD4",20,5,4,TRUE
0,1,0,"znf768","Influenza","T_mem_CD4",20,5,4,TRUE
1.33366289699302e-12,0.366260723072817,0.633739276925849,"znf784","Influenza","T_mem_CD4",20,5,4,TRUE
0.0640210300291109,0.935978969970889,0,"znf85","Influenza","T_mem_CD4",20,5,4,TRUE
0.00832281519294287,0.213186779221838,0.778490405585219,"znf85_1","Influenza","T_mem_CD4",20,5,4,TRUE
1.76332170763112e-10,0.877257385798979,0.122742614024689,"zscan3","Influenza","T_mem_CD4",20,5,4,TRUE
0,0.4436521951534,0.5563478048466,"zscan4","Influenza","T_mem_CD4",20,5,4,TRUE
0.140350049348231,0.577284033809783,0.282365916841986,"ahr","Influenza","T_mem_CD8",20,5,4,TRUE
0,1,0,"aire","Influenza","T_mem_CD8",20,5,4,TRUE
0.141890031604624,0.858109968395376,4.19414152752006e-19,"ap1_1","Influenza","T_mem_CD8",20,5,4,TRUE
0.0938740791337668,0.505717890254565,0.400408030611668,"ap1_2","Influenza","T_mem_CD8",20,5,4,TRUE
0,0.841011544708271,0.158988455291729,"ari5a","Influenza","T_mem_CD8",20,5,4,TRUE
4.32474084430385e-21,0.372859996056973,0.627140003943027,"ari5b","Influenza","T_mem_CD8",20,5,4,TRUE
0.057416299033727,0.428215049753965,0.514368651212308,"batf","Influenza","T_mem_CD8",20,5,4,TRUE
0,0.277215499067799,0.722784500932201,"bcl6_1","Influenza","T_mem_CD8",20,5,4,TRUE
6.6405717043259e-10,0.381181248949977,0.618818750385966,"bcl6_2","Influenza","T_mem_CD8",20,5,4,TRUE
0.0116100319106858,0.17195590688287,0.816434061206444,"ccaat_cebp","Influenza","T_mem_CD8",20,5,4,TRUE
0.0919432306698561,0.708886337071074,0.19917043225907,"cenbp","Influenza","T_mem_CD8",20,5,4,TRUE
2.46281351991356e-10,0.482975863329341,0.517024136424378,"cpeb1","Influenza","T_mem_CD8",20,5,4,TRUE
0.00474885755913444,0.747063995149306,0.248187147291559,"creb_atf_1","Influenza","T_mem_CD8",20,5,4,TRUE
2.53129346740634e-12,0.462301599166493,0.537698400830976,"creb_atf_2","Influenza","T_mem_CD8",20,5,4,TRUE
0.0179207641396652,0.172248223155762,0.809831012704573,"creb_atf_3","Influenza","T_mem_CD8",20,5,4,TRUE
0,0.485772678158292,0.514227321841708,"creb3_xbp1","Influenza","T_mem_CD8",20,5,4,TRUE
0.0549801348823537,0.492704645207944,0.452315219909702,"ctcf","Influenza","T_mem_CD8",20,5,4,TRUE
0.114539477202974,0.510732648342315,0.374727874454711,"cux_1","Influenza","T_mem_CD8",20,5,4,TRUE
0.248646398671011,0.44381758309244,0.30753601823655,"cux_2","Influenza","T_mem_CD8",20,5,4,TRUE
0,1,0,"cux_3","Influenza","T_mem_CD8",20,5,4,TRUE
0,0.985067827009054,0.0149321729909462,"cux_4","Influenza","T_mem_CD8",20,5,4,TRUE
0.0554392133621367,0.140861650198834,0.803699136439029,"ddit3cebpa","Influenza","T_mem_CD8",20,5,4,TRUE
0.164491667388805,0.348036856035272,0.487471476575923,"dmrt1","Influenza","T_mem_CD8",20,5,4,TRUE
0,0.598242118678038,0.401757881321962,"dmrt3","Influenza","T_mem_CD8",20,5,4,TRUE
0.0852054892964925,0.914794510703507,0,"e2f_1","Influenza","T_mem_CD8",20,5,4,TRUE
0,0.613191478943139,0.386808521056861,"e2f_2","Influenza","T_mem_CD8",20,5,4,TRUE
0.105953976635538,0.669846965363843,0.224199058000619,"e2f_3","Influenza","T_mem_CD8",20,5,4,TRUE
0.0782035786492098,0.558935016001436,0.362861405349354,"e2f_4","Influenza","T_mem_CD8",20,5,4,TRUE
0.0473899213476827,0.541916942441289,0.410693136211028,"ebf1","Influenza","T_mem_CD8",20,5,4,TRUE
0,0.831526270034511,0.168473729965489,"ebox_cacctg","Influenza","T_mem_CD8",20,5,4,TRUE
0.0567359259805526,0.619227894010828,0.324036180008619,"ebox_cacgtg_1","Influenza","T_mem_CD8",20,5,4,TRUE
0,0.3690331241946,0.6309668758054,"ebox_cacgtg_2","Influenza","T_mem_CD8",20,5,4,TRUE
0.0434968245240141,0.956503153156553,2.23194327055997e-08,"ebox_cagatgg","Influenza","T_mem_CD8",20,5,4,TRUE
0.0464022987481245,0.80203712978745,0.151560571464425,"ebox_cagctg","Influenza","T_mem_CD8",20,5,4,TRUE
0.16855421122523,0.485577063627333,0.345868725147437,"ebox_catatg","Influenza","T_mem_CD8",20,5,4,TRUE
0,1,0,"egr","Influenza","T_mem_CD8",20,5,4,TRUE
0,1,0,"ets_1","Influenza","T_mem_CD8",20,5,4,TRUE
0.00545311580513738,0.356220145180262,0.6383267390146,"ets_2","Influenza","T_mem_CD8",20,5,4,TRUE
3.34402744483928e-17,0.65091307796317,0.34908692203683,"evi1_mecom","Influenza","T_mem_CD8",20,5,4,TRUE
0,0.320759157259248,0.679240842740752,"ewsr1_fli1","Influenza","T_mem_CD8",20,5,4,TRUE
2.82762543580538e-21,0.929398352050155,0.0706016479498449,"fezf1","Influenza","T_mem_CD8",20,5,4,TRUE
0.0472540463484583,0.528426957259803,0.424318996391739,"fox_1","Influenza","T_mem_CD8",20,5,4,TRUE
0,0.249391466545432,0.750608533454568,"fox_2","Influenza","T_mem_CD8",20,5,4,TRUE
0.017935563151278,0.111701238631801,0.870363198216921,"fox_3","Influenza","T_mem_CD8",20,5,4,TRUE
1.24655215212707e-10,0.333812859822434,0.66618714005291,"fox_4","Influenza","T_mem_CD8",20,5,4,TRUE
0.0876279181820519,0.353696605869731,0.558675475948217,"fox_5","Influenza","T_mem_CD8",20,5,4,TRUE
0.0552287084750082,0.46365871694922,0.481112574575772,"fox_6","Influenza","T_mem_CD8",20,5,4,TRUE
0.0667864788064644,0.933213521193536,0,"fox_7","Influenza","T_mem_CD8",20,5,4,TRUE
0,0.627279804055028,0.372720195944972,"fox_8","Influenza","T_mem_CD8",20,5,4,TRUE
0.0128001263763508,0.839843058889453,0.147356814734197,"fox_9","Influenza","T_mem_CD8",20,5,4,TRUE
0.0707919707452326,0.284182797703292,0.645025231551475,"gata","Influenza","T_mem_CD8",20,5,4,TRUE
0.0280785183706783,0.216419957348017,0.755501524281305,"gc_tract","Influenza","T_mem_CD8",20,5,4,TRUE
0,0.40268024505312,0.59731975494688,"gcm","Influenza","T_mem_CD8",20,5,4,TRUE
0.0178767130769249,0.630792644693221,0.351330642229854,"gfi","Influenza","T_mem_CD8",20,5,4,TRUE
0.00282181663171616,0.218090659733939,0.779087523634345,"gli","Influenza","T_mem_CD8",20,5,4,TRUE
3.66876699769785e-13,0.237018838653955,0.762981161345678,"glis","Influenza","T_mem_CD8",20,5,4,TRUE
0,0.615496923567079,0.384503076432921,"gmeb2_1","Influenza","T_mem_CD8",20,5,4,TRUE
1.97344778356114e-18,0.862196363488575,0.137803636511425,"gmeb2_2","Influenza","T_mem_CD8",20,5,4,TRUE
0.083086773233152,0.489044739117265,0.427868487649583,"gmeb2_3","Influenza","T_mem_CD8",20,5,4,TRUE
4.0405986935997e-23,0.472187679633885,0.527812320366115,"grhl","Influenza","T_mem_CD8",20,5,4,TRUE
0.23144628521252,0.596727833136999,0.171825881650481,"hand1","Influenza","T_mem_CD8",20,5,4,TRUE
0.335881554736138,0.466669161699744,0.197449283564118,"hd_1","Influenza","T_mem_CD8",20,5,4,TRUE
0.0339510719132378,0.113523028633429,0.852525899453333,"hd_10","Influenza","T_mem_CD8",20,5,4,TRUE
1.2708312233855e-21,0.636729811225488,0.363270188774512,"hd_11","Influenza","T_mem_CD8",20,5,4,TRUE
2.54928226301732e-17,0.509339400604142,0.490660599395858,"hd_12","Influenza","T_mem_CD8",20,5,4,TRUE
1.29229403813657e-11,0.843234493207245,0.156765506779832,"hd_13","Influenza","T_mem_CD8",20,5,4,TRUE
0.0814661739954941,0.682080140729189,0.236453685275317,"hd_14","Influenza","T_mem_CD8",20,5,4,TRUE
0.0590636241476792,0.803170869363026,0.137765506489295,"hd_15","Influenza","T_mem_CD8",20,5,4,TRUE
0.00123851342815679,0.998761486571647,1.95994943867719e-13,"hd_16","Influenza","T_mem_CD8",20,5,4,TRUE
0.0513513847730513,0.461272164192364,0.487376451034585,"hd_17","Influenza","T_mem_CD8",20,5,4,TRUE
0.165834741802346,0.527959373222567,0.306205884975086,"hd_18","Influenza","T_mem_CD8",20,5,4,TRUE
0.105285179970273,0.430600202809523,0.464114617220204,"hd_19","Influenza","T_mem_CD8",20,5,4,TRUE
1.3412640504917e-20,0.727737391626389,0.272262608373611,"hd_2","Influenza","T_mem_CD8",20,5,4,TRUE
0.0488024858896403,0.332053080793853,0.619144433316507,"hd_20","Influenza","T_mem_CD8",20,5,4,TRUE
0.0927544561023356,0.404811995631602,0.502433548266063,"hd_21","Influenza","T_mem_CD8",20,5,4,TRUE
0,1,0,"hd_22","Influenza","T_mem_CD8",20,5,4,TRUE
0,0.770192363947193,0.229807636052807,"hd_23","Influenza","T_mem_CD8",20,5,4,TRUE
0.00998381915323666,0.222586598791194,0.76742958205557,"hd_24","Influenza","T_mem_CD8",20,5,4,TRUE
0,1,0,"hd_25","Influenza","T_mem_CD8",20,5,4,TRUE
2.18163447603714e-20,0.830464469744182,0.169535530255818,"hd_3","Influenza","T_mem_CD8",20,5,4,TRUE
0,0.775231650885403,0.224768349114597,"hd_4","Influenza","T_mem_CD8",20,5,4,TRUE
0,0.899058013888273,0.100941986111727,"hd_5","Influenza","T_mem_CD8",20,5,4,TRUE
8.66536865725352e-13,0.894751437835043,0.10524856216409,"hd_6","Influenza","T_mem_CD8",20,5,4,TRUE
0,0.356567635797789,0.643432364202211,"hd_7","Influenza","T_mem_CD8",20,5,4,TRUE
2.15138815636747e-24,0.903263558715215,0.0967364412847851,"hd_8","Influenza","T_mem_CD8",20,5,4,TRUE
0.186380866064058,0.276442938841255,0.537176195094688,"hd_9","Influenza","T_mem_CD8",20,5,4,TRUE
0,1,0,"hen1","Influenza","T_mem_CD8",20,5,4,TRUE
9.31744760432387e-11,0.746011531400942,0.253988468505884,"hic_1","Influenza","T_mem_CD8",20,5,4,TRUE
1.98447808210651e-13,0.892826841368438,0.107173158631363,"hic_2","Influenza","T_mem_CD8",20,5,4,TRUE
0,0.685425147333691,0.314574852666309,"hif","Influenza","T_mem_CD8",20,5,4,TRUE
0,0.512781899819172,0.487218100180828,"hinfp1_1","Influenza","T_mem_CD8",20,5,4,TRUE
0,1,0,"hinfp1_2","Influenza","T_mem_CD8",20,5,4,TRUE
0.0166717577945675,0.888583393128352,0.0947448490770805,"hinfp1_3","Influenza","T_mem_CD8",20,5,4,TRUE
0,1,0,"hltf","Influenza","T_mem_CD8",20,5,4,TRUE
1.29667890310003e-23,0.494279367851708,0.505720632148292,"homez","Influenza","T_mem_CD8",20,5,4,TRUE
2.62499024549634e-22,0.618504553468148,0.381495446531852,"hsf","Influenza","T_mem_CD8",20,5,4,TRUE
0,1,0,"hsfy2","Influenza","T_mem_CD8",20,5,4,TRUE
0.00310271205630082,0.734337100881425,0.262560187062274,"insm1","Influenza","T_mem_CD8",20,5,4,TRUE
0.0828601573623231,0.335488728202519,0.581651114435158,"irf_1","Influenza","T_mem_CD8",20,5,4,TRUE
4.30431679538465e-12,0.316684526806555,0.68331547318914,"irf_2","Influenza","T_mem_CD8",20,5,4,TRUE
0.0910856558331121,0.291518338763743,0.617396005403145,"irf_3","Influenza","T_mem_CD8",20,5,4,TRUE
0.327250044304231,0.413127368299345,0.259622587396424,"irf_4","Influenza","T_mem_CD8",20,5,4,TRUE
3.8294407481266e-20,0.728168462876025,0.271831537123975,"kaiso","Influenza","T_mem_CD8",20,5,4,TRUE
0,0.882556827636218,0.117443172363782,"klf_sp_1","Influenza","T_mem_CD8",20,5,4,TRUE
0.268507118269524,0.563191038826578,0.168301842903898,"klf_sp_2","Influenza","T_mem_CD8",20,5,4,TRUE
1.09222356066992e-12,0.395332061961076,0.604667938037832,"klf_sp_3","Influenza","T_mem_CD8",20,5,4,TRUE
0.431552687246937,0.557589310943649,0.0108580018094138,"lef1","Influenza","T_mem_CD8",20,5,4,TRUE
0.0446439919980339,0.770448900625935,0.184907107376031,"lin54","Influenza","T_mem_CD8",20,5,4,TRUE
0.121081213320909,0.52898752883814,0.349931257840951,"maf","Influenza","T_mem_CD8",20,5,4,TRUE
2.07388760217543e-19,0.705588149927778,0.294411850072222,"mbd2","Influenza","T_mem_CD8",20,5,4,TRUE
0.0825671467515346,0.589430375734244,0.328002477514221,"mecp2","Influenza","T_mem_CD8",20,5,4,TRUE
0.0804499174523069,0.360800894006979,0.558749188540714,"mef2","Influenza","T_mem_CD8",20,5,4,TRUE
0.0497941005744591,0.398893076691169,0.551312822734372,"mfz1","Influenza","T_mem_CD8",20,5,4,TRUE
0.0534313233813778,0.234169662063152,0.71239901455547,"mies","Influenza","T_mem_CD8",20,5,4,TRUE
0,0.314584582749142,0.685415417250858,"mtf1","Influenza","T_mem_CD8",20,5,4,TRUE
0.103159776059396,0.650069253996423,0.246770969944181,"myb_1","Influenza","T_mem_CD8",20,5,4,TRUE
0.116587814507522,0.564270812925744,0.319141372566735,"myb_2","Influenza","T_mem_CD8",20,5,4,TRUE
0.0702778284967605,0.583685138324811,0.346037033178428,"myb_3","Influenza","T_mem_CD8",20,5,4,TRUE
0.0578648122089251,0.544986664716879,0.397148523074196,"myb_4","Influenza","T_mem_CD8",20,5,4,TRUE
0,1,0,"myb_5","Influenza","T_mem_CD8",20,5,4,TRUE
0.0988654728440454,0.715114167396495,0.18602035975946,"mzf1","Influenza","T_mem_CD8",20,5,4,TRUE
0.102038092555056,0.709525728569298,0.188436178875646,"nfac_2","Influenza","T_mem_CD8",20,5,4,TRUE
0.0237594682201174,0.417925542624102,0.558314989155781,"nfat_1","Influenza","T_mem_CD8",20,5,4,TRUE
0,0.535227705093744,0.464772294906256,"nfat_2","Influenza","T_mem_CD8",20,5,4,TRUE
0.329198999674116,0.207775986630251,0.463025013695633,"nfat_3","Influenza","T_mem_CD8",20,5,4,TRUE
1.27471864648817e-20,0.719258440832067,0.280741559167933,"nfat_4","Influenza","T_mem_CD8",20,5,4,TRUE
0.00279803331136863,0.964402218721809,0.0327997479668222,"nfi_1","Influenza","T_mem_CD8",20,5,4,TRUE
0.0100442596222721,0.912641940801084,0.0773137995766442,"nfi_2","Influenza","T_mem_CD8",20,5,4,TRUE
0,1,0,"nfi_3","Influenza","T_mem_CD8",20,5,4,TRUE
0,1,0,"nfkb_1","Influenza","T_mem_CD8",20,5,4,TRUE
0,0.428605367153959,0.571394632846041,"nfkb_2","Influenza","T_mem_CD8",20,5,4,TRUE
0,0.325343152585182,0.674656847414818,"nfkb_3","Influenza","T_mem_CD8",20,5,4,TRUE
0,0.580659746252228,0.419340253747771,"nfy","Influenza","T_mem_CD8",20,5,4,TRUE
0.275562478067006,0.438834936747589,0.285602585185405,"nr_1","Influenza","T_mem_CD8",20,5,4,TRUE
0,0.953756681664925,0.0462433183350751,"nr_10","Influenza","T_mem_CD8",20,5,4,TRUE
0.057858759982626,0.863136537000609,0.0790047030167654,"nr_11","Influenza","T_mem_CD8",20,5,4,TRUE
0.165410412332637,0.406390529671731,0.428199057995632,"nr_12","Influenza","T_mem_CD8",20,5,4,TRUE
0.036982863399857,0.378601394024646,0.584415742575496,"nr_13","Influenza","T_mem_CD8",20,5,4,TRUE
0.129616278142038,0.493543164308351,0.376840557549611,"nr_14","Influenza","T_mem_CD8",20,5,4,TRUE
0.00134797149403502,0.797624102067465,0.2010279264385,"nr_15","Influenza","T_mem_CD8",20,5,4,TRUE
0.0563688506678513,0.666603425373862,0.277027723958286,"nr_16","Influenza","T_mem_CD8",20,5,4,TRUE
6.82009886141954e-10,0.42106844541505,0.57893155390294,"nr_17","Influenza","T_mem_CD8",20,5,4,TRUE
0.282643937345803,0.231628472728782,0.485727589925415,"nr_18","Influenza","T_mem_CD8",20,5,4,TRUE
0.16237634404072,0.659704700100959,0.177918955858321,"nr_19","Influenza","T_mem_CD8",20,5,4,TRUE
3.05939536101931e-11,0.435832516891313,0.564167483078093,"nr_2","Influenza","T_mem_CD8",20,5,4,TRUE
2.47786431684295e-11,0.916005678039859,0.0839943219353623,"nr_20","Influenza","T_mem_CD8",20,5,4,TRUE
0.122002567484671,0.675832260353609,0.202165172161721,"nr_3","Influenza","T_mem_CD8",20,5,4,TRUE
0,0.704097530962721,0.295902469037279,"nr_4","Influenza","T_mem_CD8",20,5,4,TRUE
1.21945214855597e-13,0.617852128645806,0.382147871354072,"nr_5","Influenza","T_mem_CD8",20,5,4,TRUE
0,0.393673003081483,0.606326996918517,"nr_6","Influenza","T_mem_CD8",20,5,4,TRUE
0,0.895487280620961,0.104512719379039,"nr_7","Influenza","T_mem_CD8",20,5,4,TRUE
0,0.653361534919559,0.346638465080441,"nr_8","Influenza","T_mem_CD8",20,5,4,TRUE
0,0.838252595620599,0.161747404379401,"nr_9","Influenza","T_mem_CD8",20,5,4,TRUE
0.151069331591444,0.664184556573993,0.184746111834563,"nr2e3","Influenza","T_mem_CD8",20,5,4,TRUE
2.28265033475639e-16,0.969670086715656,0.0303299132843434,"nrf1","Influenza","T_mem_CD8",20,5,4,TRUE
0.520452953870378,0.375165175172887,0.104381870956734,"oct4sox2","Influenza","T_mem_CD8",20,5,4,TRUE
0,0.86100450257385,0.13899549742615,"osr2","Influenza","T_mem_CD8",20,5,4,TRUE
0,1,0,"ovol1","Influenza","T_mem_CD8",20,5,4,TRUE
0.0873259843999913,0.688794020929196,0.223879994670813,"p53_like_1","Influenza","T_mem_CD8",20,5,4,TRUE
0.0956214160488217,0.722352064490748,0.182026519460431,"p53_like_2","Influenza","T_mem_CD8",20,5,4,TRUE
8.12287385484664e-12,0.997018606182115,0.00298139380976214,"p53_like_3","Influenza","T_mem_CD8",20,5,4,TRUE
0,0.823902798938496,0.176097201061504,"pax_halfsite","Influenza","T_mem_CD8",20,5,4,TRUE
5.79616603038389e-12,0.573577953650007,0.426422046344197,"pax_1","Influenza","T_mem_CD8",20,5,4,TRUE
6.67173713465444e-21,0.706524032101934,0.293475967898066,"pax_2","Influenza","T_mem_CD8",20,5,4,TRUE
0,0.285356991251607,0.714643008748393,"plag1","Influenza","T_mem_CD8",20,5,4,TRUE
3.02793291849742e-17,0.256337855436486,0.743662144563514,"pou_1","Influenza","T_mem_CD8",20,5,4,TRUE
0.0426793206024063,0.764855130553563,0.19246554884403,"pou_2","Influenza","T_mem_CD8",20,5,4,TRUE
0.0823152249026855,0.290564160810253,0.627120614287062,"pou_3","Influenza","T_mem_CD8",20,5,4,TRUE
9.78599561205111e-10,0.893604359007875,0.106395640013526,"prdm1","Influenza","T_mem_CD8",20,5,4,TRUE
1.71391535797973e-13,0.618313417564793,0.381686582435035,"prdm14","Influenza","T_mem_CD8",20,5,4,TRUE
0.0981985742858361,0.751458564004514,0.15034286170965,"prdm16","Influenza","T_mem_CD8",20,5,4,TRUE
0.168167323905676,0.577812561931751,0.254020114162573,"prdm4","Influenza","T_mem_CD8",20,5,4,TRUE
0,0.989826820824954,0.0101731791750465,"prdm5","Influenza","T_mem_CD8",20,5,4,TRUE
0.105545175194576,0.619275716032906,0.275179108772518,"prdm9","Influenza","T_mem_CD8",20,5,4,TRUE
0,1,0,"prox1","Influenza","T_mem_CD8",20,5,4,TRUE
0.179724906455977,0.74199849781979,0.0782765957242326,"rbpj","Influenza","T_mem_CD8",20,5,4,TRUE
0.11059306163367,0.641611221445856,0.247795716920474,"rel_halfsite","Influenza","T_mem_CD8",20,5,4,TRUE
0,0.892801242309669,0.107198757690331,"rest_nrsf","Influenza","T_mem_CD8",20,5,4,TRUE
9.15079872334647e-11,0.588121961141997,0.411878038766494,"rfx_1","Influenza","T_mem_CD8",20,5,4,TRUE
0,1,0,"rfx_2","Influenza","T_mem_CD8",20,5,4,TRUE
7.3662733960403e-15,0.88471229326586,0.115287706734133,"rfx_3","Influenza","T_mem_CD8",20,5,4,TRUE
0,0.165823170320679,0.834176829679321,"runx_1","Influenza","T_mem_CD8",20,5,4,TRUE
0,0.200329521913207,0.799670478086793,"runx_2","Influenza","T_mem_CD8",20,5,4,TRUE
0.030684157464559,0.432342176032812,0.536973666502629,"scrt1","Influenza","T_mem_CD8",20,5,4,TRUE
0.0233589312224274,0.292683586502513,0.68395748227506,"six_1","Influenza","T_mem_CD8",20,5,4,TRUE
0,1,0,"six_2","Influenza","T_mem_CD8",20,5,4,TRUE
0.0185450609621895,0.895128726194967,0.0863262128428435,"smad","Influenza","T_mem_CD8",20,5,4,TRUE
0.0101955490349377,0.36346537953858,0.626339071426482,"smad_1","Influenza","T_mem_CD8",20,5,4,TRUE
0.195879112510425,0.176261706535823,0.627859180953752,"smad_2","Influenza","T_mem_CD8",20,5,4,TRUE
0.00881604337287187,0.108689638332064,0.882494318295064,"smarca1","Influenza","T_mem_CD8",20,5,4,TRUE
5.91164305328125e-15,0.333523350260448,0.666476649739546,"smarca5","Influenza","T_mem_CD8",20,5,4,TRUE
0,0.765261368527374,0.234738631472626,"snai2","Influenza","T_mem_CD8",20,5,4,TRUE
6.65528834509836e-09,0.696581492641924,0.303418500702787,"sox_1","Influenza","T_mem_CD8",20,5,4,TRUE
0,0.366826065469189,0.633173934530811,"sox_2","Influenza","T_mem_CD8",20,5,4,TRUE
0.288862356279519,0.553162519472149,0.157975124248332,"sox_3","Influenza","T_mem_CD8",20,5,4,TRUE
0.18071868386562,0.585854836273881,0.233426479860499,"sox_4","Influenza","T_mem_CD8",20,5,4,TRUE
2.36945019799527e-11,0.192097493195338,0.807902506780967,"sox_5","Influenza","T_mem_CD8",20,5,4,TRUE
0.0910759025637938,0.170125869067227,0.738798228368979,"sox_6","Influenza","T_mem_CD8",20,5,4,TRUE
0.0697897291505054,0.398923066518273,0.531287204331222,"sox_7","Influenza","T_mem_CD8",20,5,4,TRUE
0,1,0,"sox_8","Influenza","T_mem_CD8",20,5,4,TRUE
0.0998284049750014,0.535016264692458,0.365155330332541,"spdef_1","Influenza","T_mem_CD8",20,5,4,TRUE
3.45160854036727e-22,0.457587231919375,0.542412768080625,"spdef_2","Influenza","T_mem_CD8",20,5,4,TRUE
0.00737710102448895,0.165030241970381,0.82759265700513,"spi","Influenza","T_mem_CD8",20,5,4,TRUE
0.0624481374282242,0.937551862571776,2.49794405821486e-20,"spz1","Influenza","T_mem_CD8",20,5,4,TRUE
0,0.520739309458007,0.479260690541993,"srebf1","Influenza","T_mem_CD8",20,5,4,TRUE
0,0.361563482780292,0.638436517219708,"srf","Influenza","T_mem_CD8",20,5,4,TRUE
2.6483932990304e-13,0.237884572272002,0.762115427727733,"stat_1","Influenza","T_mem_CD8",20,5,4,TRUE
0.0113949405427325,0.406277239627843,0.582327819829424,"stat_2","Influenza","T_mem_CD8",20,5,4,TRUE
6.38823090745801e-14,0.69729047026936,0.302709529730576,"tata","Influenza","T_mem_CD8",20,5,4,TRUE
0.0308809779933428,0.238204088916547,0.73091493309011,"tbx_1","Influenza","T_mem_CD8",20,5,4,TRUE
7.36556527204961e-14,0.22095910746941,0.779040892530517,"tbx_2","Influenza","T_mem_CD8",20,5,4,TRUE
0,0.279484949576089,0.720515050423911,"tbx_3","Influenza","T_mem_CD8",20,5,4,TRUE
0,0.192597203109054,0.807402796890946,"tbx_4","Influenza","T_mem_CD8",20,5,4,TRUE
0.124103492191228,0.426450712355605,0.449445795453167,"tcf_lef","Influenza","T_mem_CD8",20,5,4,TRUE
0,0.365382817660935,0.634617182339065,"tead","Influenza","T_mem_CD8",20,5,4,TRUE
0,0.6055935033031,0.3944064966969,"tfap2_1","Influenza","T_mem_CD8",20,5,4,TRUE
0.140228132555643,0.539368189021841,0.320403678422516,"tfap2_2","Influenza","T_mem_CD8",20,5,4,TRUE
0.2075991027464,0.51922561810219,0.27317527915141,"tfcp2","Influenza","T_mem_CD8",20,5,4,TRUE
0.0161559008737692,0.742744149714763,0.241099949411468,"thap1","Influenza","T_mem_CD8",20,5,4,TRUE
0,1,0,"yy1","Influenza","T_mem_CD8",20,5,4,TRUE
8.38176963794643e-13,0.9216690244384,0.0783309755607622,"zbed1","Influenza","T_mem_CD8",20,5,4,TRUE
0,0.794275944422698,0.205724055577302,"zbtb14","Influenza","T_mem_CD8",20,5,4,TRUE
0.0351308671408427,0.448028563895398,0.516840568963759,"zbtb48","Influenza","T_mem_CD8",20,5,4,TRUE
0.0616191488953649,0.537505000468914,0.400875850635721,"zbtb49","Influenza","T_mem_CD8",20,5,4,TRUE
0,1,0,"zbtb6","Influenza","T_mem_CD8",20,5,4,TRUE
0.0252315105841783,0.974768489415763,5.87823859321353e-14,"zbtb7a","Influenza","T_mem_CD8",20,5,4,TRUE
0,1,0,"zfn121","Influenza","T_mem_CD8",20,5,4,TRUE
9.32360170126912e-13,0.623537187822276,0.376462812176792,"zfx","Influenza","T_mem_CD8",20,5,4,TRUE
1.36140881878048e-11,0.788410939685339,0.211589060301047,"zic","Influenza","T_mem_CD8",20,5,4,TRUE
3.59621650986456e-20,0.410559852595384,0.589440147404616,"zic_2","Influenza","T_mem_CD8",20,5,4,TRUE
0,0.51923920595147,0.48076079404853,"zim3","Influenza","T_mem_CD8",20,5,4,TRUE
0.148710467436222,0.533464852050476,0.317824680513302,"zkscan1","Influenza","T_mem_CD8",20,5,4,TRUE
0,0.660607084425136,0.339392915574864,"znf134","Influenza","T_mem_CD8",20,5,4,TRUE
0,1,0,"znf136","Influenza","T_mem_CD8",20,5,4,TRUE
0.0901829436119593,0.523549056186782,0.386268000201258,"znf140","Influenza","T_mem_CD8",20,5,4,TRUE
0,0.724830490493092,0.275169509506908,"znf143","Influenza","T_mem_CD8",20,5,4,TRUE
0,0.43191291406079,0.56808708593921,"znf143_1","Influenza","T_mem_CD8",20,5,4,TRUE
7.24555141947513e-14,0.454942490158825,0.545057509841102,"znf146","Influenza","T_mem_CD8",20,5,4,TRUE
0,0.770456276392151,0.229543723607849,"znf232","Influenza","T_mem_CD8",20,5,4,TRUE
0.0121058541983738,0.456077648335926,0.5318164974657,"znf24","Influenza","T_mem_CD8",20,5,4,TRUE
0.0123487749766607,0.348951961803573,0.638699263219767,"znf250","Influenza","T_mem_CD8",20,5,4,TRUE
0.0882374905659929,0.258799113093145,0.652963396340862,"znf257","Influenza","T_mem_CD8",20,5,4,TRUE
0,0.37845932247352,0.62154067752648,"znf274","Influenza","T_mem_CD8",20,5,4,TRUE
0.07000138222659,0.456670797730159,0.473327820043251,"znf28","Influenza","T_mem_CD8",20,5,4,TRUE
0.0143633306324144,0.653672855480272,0.331963813887314,"znf282","Influenza","T_mem_CD8",20,5,4,TRUE
0.00932284979824973,0.274811529560609,0.715865620641141,"znf306","Influenza","T_mem_CD8",20,5,4,TRUE
0,1,0,"znf317","Influenza","T_mem_CD8",20,5,4,TRUE
0.0260176205349639,0.457038790008094,0.516943589456942,"znf320","Influenza","T_mem_CD8",20,5,4,TRUE
0.00143125592337024,0.99856874407663,0,"znf324","Influenza","T_mem_CD8",20,5,4,TRUE
0.0337464850758404,0.96625351492416,0,"znf329","Influenza","T_mem_CD8",20,5,4,TRUE
0.00435792740064762,0.991012570188288,0.00462950241106403,"znf331","Influenza","T_mem_CD8",20,5,4,TRUE
0,1,0,"znf332","Influenza","T_mem_CD8",20,5,4,TRUE
0.0701280294675971,0.563599979790916,0.366271990741487,"znf335","Influenza","T_mem_CD8",20,5,4,TRUE
0.070377893993686,0.129528707938592,0.800093398067722,"znf354","Influenza","T_mem_CD8",20,5,4,TRUE
0,0.535453659549006,0.464546340450994,"znf382","Influenza","T_mem_CD8",20,5,4,TRUE
0,0.985091218772312,0.0149087812276886,"znf384_1","Influenza","T_mem_CD8",20,5,4,TRUE
0.194217865909829,0.300834423209356,0.504947710880814,"znf384_2","Influenza","T_mem_CD8",20,5,4,TRUE
5.22250682045119e-13,0.842417531989271,0.157582468010207,"znf41","Influenza","T_mem_CD8",20,5,4,TRUE
0,1,0,"znf410","Influenza","T_mem_CD8",20,5,4,TRUE
0.0277077742298918,0.410395552338213,0.561896673431896,"znf418","Influenza","T_mem_CD8",20,5,4,TRUE
0.242373404822664,0.684141915364048,0.0734846798132884,"znf423","Influenza","T_mem_CD8",20,5,4,TRUE
0,1,0,"znf431","Influenza","T_mem_CD8",20,5,4,TRUE
8.85105836334639e-14,0.556332376320833,0.443667623679079,"znf435","Influenza","T_mem_CD8",20,5,4,TRUE
0,1,0,"znf436","Influenza","T_mem_CD8",20,5,4,TRUE
0.147471176628405,0.696504311464815,0.156024511906781,"znf449","Influenza","T_mem_CD8",20,5,4,TRUE
0.283579943685478,0.39950684796019,0.316913208354332,"znf490","Influenza","T_mem_CD8",20,5,4,TRUE
0.0519344476201941,0.395955828316092,0.552109724063714,"znf524","Influenza","T_mem_CD8",20,5,4,TRUE
0.0588944537343023,0.658857712237523,0.282247834028174,"znf528","Influenza","T_mem_CD8",20,5,4,TRUE
0,1,0,"znf53","Influenza","T_mem_CD8",20,5,4,TRUE
0.107556269349704,0.494574790385747,0.397868940264549,"znf547","Influenza","T_mem_CD8",20,5,4,TRUE
0.197049202789715,0.39516232211404,0.407788475096245,"znf549","Influenza","T_mem_CD8",20,5,4,TRUE
0.0675344623301892,0.590847190799683,0.341618346870128,"znf554","Influenza","T_mem_CD8",20,5,4,TRUE
4.93799272031948e-21,0.601035808801371,0.398964191198629,"znf563","Influenza","T_mem_CD8",20,5,4,TRUE
5.44572985360123e-21,0.672448954521227,0.327551045478773,"znf57","Influenza","T_mem_CD8",20,5,4,TRUE
0,0.309377095235907,0.690622904764093,"znf586","Influenza","T_mem_CD8",20,5,4,TRUE
4.63309421335957e-12,0.445484718036214,0.554515281959153,"znf652","Influenza","T_mem_CD8",20,5,4,TRUE
6.82876186109396e-07,0.693668030415988,0.306331286707825,"znf667","Influenza","T_mem_CD8",20,5,4,TRUE
0,0.813171597883248,0.186828402116752,"znf680","Influenza","T_mem_CD8",20,5,4,TRUE
0,1,0,"znf708","Influenza","T_mem_CD8",20,5,4,TRUE
8.87601738227777e-19,0.883611027497729,0.116388972502271,"znf713","Influenza","T_mem_CD8",20,5,4,TRUE
0.100826956358493,0.606697867444505,0.292475176197003,"znf768","Influenza","T_mem_CD8",20,5,4,TRUE
0.0330745355995148,0.666856106080691,0.300069358319794,"znf784","Influenza","T_mem_CD8",20,5,4,TRUE
0.0202400963772788,0.307502973026421,0.6722569305963,"znf85","Influenza","T_mem_CD8",20,5,4,TRUE
0.179658489245749,0.273735965142479,0.546605545611772,"znf85_1","Influenza","T_mem_CD8",20,5,4,TRUE
0,1,0,"zscan3","Influenza","T_mem_CD8",20,5,4,TRUE
0,0.250034059890161,0.749965940109839,"zscan4","Influenza","T_mem_CD8",20,5,4,TRUE
3.26352664241085e-22,0.568194708299877,0.431805291700123,"ahr","Influenza","T_mix",19,5,4,TRUE
0.233495925799405,0.766504074200595,0,"aire","Influenza","T_mix",19,5,4,TRUE
0.0398074976964859,0.819709746449573,0.140482755853941,"ap1_1","Influenza","T_mix",19,5,4,TRUE
0.0804155030625226,0.445768343644566,0.473816153292911,"ap1_2","Influenza","T_mix",19,5,4,TRUE
0,1,0,"ari5a","Influenza","T_mix",19,5,4,TRUE
0.172083530164422,0.784569616694203,0.0433468531413747,"ari5b","Influenza","T_mix",19,5,4,TRUE
0.145398765239358,0.854601234760642,3.74596479445377e-18,"batf","Influenza","T_mix",19,5,4,TRUE
0,1,0,"bcl6_1","Influenza","T_mix",19,5,4,TRUE
0,1,0,"bcl6_2","Influenza","T_mix",19,5,4,TRUE
0.111802669061914,0.203864291603317,0.684333039334769,"ccaat_cebp","Influenza","T_mix",19,5,4,TRUE
3.61332799632349e-14,0.97766630525913,0.0223336947408334,"cenbp","Influenza","T_mix",19,5,4,TRUE
0,1,0,"cpeb1","Influenza","T_mix",19,5,4,TRUE
8.92409823790673e-21,0.614329982191334,0.385670017808666,"creb_atf_1","Influenza","T_mix",19,5,4,TRUE
0,1,0,"creb_atf_2","Influenza","T_mix",19,5,4,TRUE
0.0849777540663046,0.622452600984172,0.292569644949524,"creb_atf_3","Influenza","T_mix",19,5,4,TRUE
0,0.703037845700945,0.296962154299055,"creb3_xbp1","Influenza","T_mix",19,5,4,TRUE
0.00672380003808089,0.314368375704839,0.67890782425708,"ctcf","Influenza","T_mix",19,5,4,TRUE
0,1,0,"cux_1","Influenza","T_mix",19,5,4,TRUE
0,1,0,"cux_2","Influenza","T_mix",19,5,4,TRUE
0.00276568551402993,0.99723431448597,0,"cux_3","Influenza","T_mix",19,5,4,TRUE
0.0236915993867797,0.865354662689343,0.110953737923877,"cux_4","Influenza","T_mix",19,5,4,TRUE
0,0.534637305932348,0.465362694067652,"ddit3cebpa","Influenza","T_mix",19,5,4,TRUE
0,0.887158764570402,0.112841235429598,"dmrt1","Influenza","T_mix",19,5,4,TRUE
0,1,0,"dmrt3","Influenza","T_mix",19,5,4,TRUE
0.0243070821512832,0.72950125970236,0.246191658146356,"e2f_1","Influenza","T_mix",19,5,4,TRUE
7.98172225241368e-14,0.621370417682325,0.378629582317595,"e2f_2","Influenza","T_mix",19,5,4,TRUE
0.0231013579345885,0.904559955155296,0.0723386869101156,"e2f_3","Influenza","T_mix",19,5,4,TRUE
0,0.831467930997308,0.168532069002692,"e2f_4","Influenza","T_mix",19,5,4,TRUE
0.0598790467702527,0.409819857721716,0.530301095508032,"ebf1","Influenza","T_mix",19,5,4,TRUE
0.0136914254054335,0.643304294553978,0.343004280040589,"ebox_cacctg","Influenza","T_mix",19,5,4,TRUE
0,0.796884260042653,0.203115739957347,"ebox_cacgtg_1","Influenza","T_mix",19,5,4,TRUE
0.0212421893296367,0.978757810670363,2.67041521520273e-20,"ebox_cacgtg_2","Influenza","T_mix",19,5,4,TRUE
1.00498621293903e-22,0.942921619585351,0.0570783804146486,"ebox_cagatgg","Influenza","T_mix",19,5,4,TRUE
0.156250005978903,0.735677768688045,0.108072225333052,"ebox_cagctg","Influenza","T_mix",19,5,4,TRUE
2.47143785742775e-14,0.89916203330093,0.100837966699045,"ebox_catatg","Influenza","T_mix",19,5,4,TRUE
6.22288718181758e-12,0.723915342728435,0.276084657265342,"egr","Influenza","T_mix",19,5,4,TRUE
0,0.447097659496034,0.552902340503966,"ets_1","Influenza","T_mix",19,5,4,TRUE
0,0.798447229948233,0.201552770051767,"ets_2","Influenza","T_mix",19,5,4,TRUE
0.269532261031079,0.730467738968921,0,"evi1_mecom","Influenza","T_mix",19,5,4,TRUE
4.5188579056395e-22,0.571470777319473,0.428529222680527,"ewsr1_fli1","Influenza","T_mix",19,5,4,TRUE
0.0416395886113482,0.958360411388652,0,"fezf1","Influenza","T_mix",19,5,4,TRUE
0.152731392833249,0.757471646202268,0.0897969609644828,"fox_1","Influenza","T_mix",19,5,4,TRUE
0.0363098085992436,0.834116433189878,0.129573758210878,"fox_2","Influenza","T_mix",19,5,4,TRUE
0,1,0,"fox_3","Influenza","T_mix",19,5,4,TRUE
1.00228650808432e-10,0.984292277080746,0.0157077228190254,"fox_4","Influenza","T_mix",19,5,4,TRUE
0.0465627487462291,0.137602542972436,0.815834708281335,"fox_5","Influenza","T_mix",19,5,4,TRUE
5.61884082711944e-21,0.625820560542081,0.374179439457919,"fox_6","Influenza","T_mix",19,5,4,TRUE
0.319049312325172,0.497355910558069,0.183594777116758,"fox_7","Influenza","T_mix",19,5,4,TRUE
0.0811664011075634,0.453758441862568,0.465075157029869,"fox_8","Influenza","T_mix",19,5,4,TRUE
0,1,0,"fox_9","Influenza","T_mix",19,5,4,TRUE
0.0517028437250131,0.269668827591426,0.678628328683561,"gata","Influenza","T_mix",19,5,4,TRUE
0,1,0,"gc_tract","Influenza","T_mix",19,5,4,TRUE
0,1,0,"gcm","Influenza","T_mix",19,5,4,TRUE
0,1,0,"gfi","Influenza","T_mix",19,5,4,TRUE
8.18199903749738e-12,0.995734344180468,0.00426565581135051,"gli","Influenza","T_mix",19,5,4,TRUE
6.23125160738908e-20,0.947361163361909,0.0526388366380908,"glis","Influenza","T_mix",19,5,4,TRUE
0.0741648390235146,0.925835160975548,9.37002810787298e-13,"gmeb2_1","Influenza","T_mix",19,5,4,TRUE
0,0.988233552207064,0.0117664477929357,"gmeb2_2","Influenza","T_mix",19,5,4,TRUE
0.226256103833386,0.548727935027522,0.225015961139092,"gmeb2_3","Influenza","T_mix",19,5,4,TRUE
0,0.989743642023615,0.0102563579763848,"grhl","Influenza","T_mix",19,5,4,TRUE
0.120552915206367,0.8334159799212,0.0460311048724332,"hand1","Influenza","T_mix",19,5,4,TRUE
0.0712160806693839,0.928783919330616,0,"hd_1","Influenza","T_mix",19,5,4,TRUE
2.24701881134151e-11,0.831882582585726,0.168117417391803,"hd_10","Influenza","T_mix",19,5,4,TRUE
0,1,0,"hd_11","Influenza","T_mix",19,5,4,TRUE
0.0972527054319068,0.556339550501947,0.346407744066146,"hd_12","Influenza","T_mix",19,5,4,TRUE
0,1,0,"hd_13","Influenza","T_mix",19,5,4,TRUE
0,0.930658316321748,0.069341683678252,"hd_14","Influenza","T_mix",19,5,4,TRUE
0.341369191169961,0.38077958419435,0.27785122463569,"hd_15","Influenza","T_mix",19,5,4,TRUE
0.023447878070626,0.865517979414179,0.111034142515195,"hd_16","Influenza","T_mix",19,5,4,TRUE
1.47249639573986e-10,0.933726673865753,0.066273325986997,"hd_17","Influenza","T_mix",19,5,4,TRUE
1.28176065798211e-24,0.595452867624581,0.404547132375419,"hd_18","Influenza","T_mix",19,5,4,TRUE
0.0292736110927191,0.970726388907281,3.74146663815325e-20,"hd_19","Influenza","T_mix",19,5,4,TRUE
0.0619201313979833,0.938079868602017,0,"hd_2","Influenza","T_mix",19,5,4,TRUE
0,1,0,"hd_20","Influenza","T_mix",19,5,4,TRUE
0,0.838550027990882,0.161449972009118,"hd_21","Influenza","T_mix",19,5,4,TRUE
0,0.806362984594455,0.193637015405545,"hd_22","Influenza","T_mix",19,5,4,TRUE
0,1,0,"hd_23","Influenza","T_mix",19,5,4,TRUE
0.112931766583399,0.887068233416601,8.41365246089633e-19,"hd_24","Influenza","T_mix",19,5,4,TRUE
2.62142712415413e-21,0.594087673900519,0.405912326099481,"hd_25","Influenza","T_mix",19,5,4,TRUE
0,1,0,"hd_3","Influenza","T_mix",19,5,4,TRUE
0.0991650336295961,0.809828852999017,0.0910061133713869,"hd_4","Influenza","T_mix",19,5,4,TRUE
0.0342094954392163,0.673615828216651,0.292174676344133,"hd_5","Influenza","T_mix",19,5,4,TRUE
0.0393699229217562,0.688546644696185,0.272083432382059,"hd_6","Influenza","T_mix",19,5,4,TRUE
0.0266789425283611,0.973321057471639,0,"hd_7","Influenza","T_mix",19,5,4,TRUE
1.02734862981985e-12,0.732461723094918,0.267538276904054,"hd_8","Influenza","T_mix",19,5,4,TRUE
0.0432652136124726,0.956734786387527,0,"hd_9","Influenza","T_mix",19,5,4,TRUE
0.0875467423685139,0.912453257631486,7.83389036310992e-19,"hen1","Influenza","T_mix",19,5,4,TRUE
0,0.841904531211346,0.158095468788654,"hic_1","Influenza","T_mix",19,5,4,TRUE
0,1,6.76391983738742e-17,"hic_2","Influenza","T_mix",19,5,4,TRUE
0,0.908764663719919,0.0912353362800814,"hif","Influenza","T_mix",19,5,4,TRUE
0,1,0,"hinfp1_1","Influenza","T_mix",19,5,4,TRUE
0.0767342561218029,0.699404647877716,0.223861096000481,"hinfp1_2","Influenza","T_mix",19,5,4,TRUE
0.0477841607514447,0.651961007993844,0.300254831254711,"hinfp1_3","Influenza","T_mix",19,5,4,TRUE
0.12997777088061,0.520797979506899,0.349224249612491,"hltf","Influenza","T_mix",19,5,4,TRUE
0,1,0,"homez","Influenza","T_mix",19,5,4,TRUE
0,1,0,"hsf","Influenza","T_mix",19,5,4,TRUE
0.210413235392534,0.530143539450303,0.259443225157163,"hsfy2","Influenza","T_mix",19,5,4,TRUE
0.0544616961090808,0.411616071169695,0.533922232721224,"insm1","Influenza","T_mix",19,5,4,TRUE
0,0.876536596584358,0.123463403415642,"irf_1","Influenza","T_mix",19,5,4,TRUE
0,0.485976643435325,0.514023356564675,"irf_2","Influenza","T_mix",19,5,4,TRUE
0,1,0,"irf_3","Influenza","T_mix",19,5,4,TRUE
9.97534507580952e-13,0.891988087648476,0.108011912350526,"irf_4","Influenza","T_mix",19,5,4,TRUE
0.238823217362746,0.710513907165959,0.0506628754712947,"kaiso","Influenza","T_mix",19,5,4,TRUE
0.177799880813709,0.811935361293145,0.010264757893146,"klf_sp_1","Influenza","T_mix",19,5,4,TRUE
3.56678228893846e-21,0.75857751640262,0.24142248359738,"klf_sp_2","Influenza","T_mix",19,5,4,TRUE
0,0.999999999999976,2.37114553322782e-14,"klf_sp_3","Influenza","T_mix",19,5,4,TRUE
0,1,0,"lef1","Influenza","T_mix",19,5,4,TRUE
0,1,0,"lin54","Influenza","T_mix",19,5,4,TRUE
0,1,0,"maf","Influenza","T_mix",19,5,4,TRUE
0,1,0,"mbd2","Influenza","T_mix",19,5,4,TRUE
0.118555587543844,0.702442621398659,0.179001791057497,"mecp2","Influenza","T_mix",19,5,4,TRUE
0.00468514725392232,0.995314121819353,7.30926725094088e-07,"mef2","Influenza","T_mix",19,5,4,TRUE
0,1,0,"mfz1","Influenza","T_mix",19,5,4,TRUE
0,1,0,"mies","Influenza","T_mix",19,5,4,TRUE
1.72557868883548e-20,0.716959269683496,0.283040730316504,"mtf1","Influenza","T_mix",19,5,4,TRUE
0,1,0,"myb_1","Influenza","T_mix",19,5,4,TRUE
0,0.680761728775684,0.319238271224316,"myb_2","Influenza","T_mix",19,5,4,TRUE
6.80728982141355e-11,0.94614878878685,0.0538512111450771,"myb_3","Influenza","T_mix",19,5,4,TRUE
0,0.747576430084325,0.252423569915676,"myb_4","Influenza","T_mix",19,5,4,TRUE
0,1,0,"myb_5","Influenza","T_mix",19,5,4,TRUE
0.0515491820758445,0.768536091593304,0.179914726330851,"mzf1","Influenza","T_mix",19,5,4,TRUE
0,0.816997587354295,0.183002412645705,"nfac_2","Influenza","T_mix",19,5,4,TRUE
0.0979321061718339,0.587234175823104,0.314833718005062,"nfat_1","Influenza","T_mix",19,5,4,TRUE
0.000280395219300898,0.67923520867412,0.320484396106579,"nfat_2","Influenza","T_mix",19,5,4,TRUE
3.57682401797989e-33,0.919992407718167,0.0800075922818332,"nfat_3","Influenza","T_mix",19,5,4,TRUE
0,1,0,"nfat_4","Influenza","T_mix",19,5,4,TRUE
0,0.702559866900605,0.297440133099395,"nfi_1","Influenza","T_mix",19,5,4,TRUE
1.14336856685418e-09,0.866666048681119,0.133333950175512,"nfi_2","Influenza","T_mix",19,5,4,TRUE
1.23164056546774e-13,0.306890355458053,0.693109644541824,"nfi_3","Influenza","T_mix",19,5,4,TRUE
0.0140911792481625,0.586245061274361,0.399663759477477,"nfkb_1","Influenza","T_mix",19,5,4,TRUE
2.04859425545539e-22,0.923066879462671,0.0769331205373289,"nfkb_2","Influenza","T_mix",19,5,4,TRUE
4.99046247305354e-22,0.970089785878012,0.0299102141219884,"nfkb_3","Influenza","T_mix",19,5,4,TRUE
0,0.607430958147764,0.392569041852236,"nfy","Influenza","T_mix",19,5,4,TRUE
0,1,0,"nr_1","Influenza","T_mix",19,5,4,TRUE
0,0.894464478337301,0.105535521662699,"nr_10","Influenza","T_mix",19,5,4,TRUE
0,1,0,"nr_11","Influenza","T_mix",19,5,4,TRUE
0.0755162964243049,0.886213587777765,0.0382701157979302,"nr_12","Influenza","T_mix",19,5,4,TRUE
0.071869322668444,0.826885477111742,0.101245200219814,"nr_13","Influenza","T_mix",19,5,4,TRUE
0.11755235587348,0.519354830579451,0.36309281354707,"nr_14","Influenza","T_mix",19,5,4,TRUE
0.153323578224569,0.483643125744502,0.363033296030929,"nr_15","Influenza","T_mix",19,5,4,TRUE
0,1,0,"nr_16","Influenza","T_mix",19,5,4,TRUE
0,0.92852275877629,0.0714772412237096,"nr_17","Influenza","T_mix",19,5,4,TRUE
0.103220510070934,0.896779489929028,3.77031150318319e-14,"nr_18","Influenza","T_mix",19,5,4,TRUE
0,0.57038292108483,0.42961707891517,"nr_19","Influenza","T_mix",19,5,4,TRUE
0,1,0,"nr_2","Influenza","T_mix",19,5,4,TRUE
0,1,0,"nr_20","Influenza","T_mix",19,5,4,TRUE
0,1,0,"nr_3","Influenza","T_mix",19,5,4,TRUE
0,1,0,"nr_4","Influenza","T_mix",19,5,4,TRUE
0,1,0,"nr_5","Influenza","T_mix",19,5,4,TRUE
4.02523571956268e-12,0.992057827754394,0.00794217224158053,"nr_6","Influenza","T_mix",19,5,4,TRUE
0,1,0,"nr_7","Influenza","T_mix",19,5,4,TRUE
0,1,0,"nr_8","Influenza","T_mix",19,5,4,TRUE
0,1,0,"nr_9","Influenza","T_mix",19,5,4,TRUE
0.142066676307723,0.688373534494852,0.169559789197426,"nr2e3","Influenza","T_mix",19,5,4,TRUE
0.025998509329174,0.34247730059123,0.631524190079596,"nrf1","Influenza","T_mix",19,5,4,TRUE
0,1,0,"oct4sox2","Influenza","T_mix",19,5,4,TRUE
0,1,0,"osr2","Influenza","T_mix",19,5,4,TRUE
0.00848467865284027,0.926894238390203,0.0646210829569562,"ovol1","Influenza","T_mix",19,5,4,TRUE
0,0.613723084783175,0.386276915216825,"p53_like_1","Influenza","T_mix",19,5,4,TRUE
0,0.785695307954435,0.214304692045566,"p53_like_2","Influenza","T_mix",19,5,4,TRUE
1.86190059961643e-21,0.603425320706246,0.396574679293754,"p53_like_3","Influenza","T_mix",19,5,4,TRUE
0,1,0,"pax_halfsite","Influenza","T_mix",19,5,4,TRUE
0.118890815213585,0.802637784598657,0.0784714001877582,"pax_1","Influenza","T_mix",19,5,4,TRUE
1.71435200171743e-20,0.941981870011105,0.0580181299888948,"pax_2","Influenza","T_mix",19,5,4,TRUE
0,1,0,"plag1","Influenza","T_mix",19,5,4,TRUE
0,1,0,"pou_1","Influenza","T_mix",19,5,4,TRUE
0.070061648071219,0.929938351928781,0,"pou_2","Influenza","T_mix",19,5,4,TRUE
0,0.719428439980234,0.280571560019766,"pou_3","Influenza","T_mix",19,5,4,TRUE
1.53109452558473e-15,0.998385154944335,0.00161484505566361,"prdm1","Influenza","T_mix",19,5,4,TRUE
0,0.958432427355491,0.0415675726445092,"prdm14","Influenza","T_mix",19,5,4,TRUE
0,0.442475795108158,0.557524204891842,"prdm16","Influenza","T_mix",19,5,4,TRUE
0,1,0,"prdm4","Influenza","T_mix",19,5,4,TRUE
9.11209583297595e-20,0.588305552053344,0.411694447946656,"prdm5","Influenza","T_mix",19,5,4,TRUE
0,0.97183139344424,0.0281686065557597,"prdm9","Influenza","T_mix",19,5,4,TRUE
2.74443523799892e-09,0.875825832830894,0.124174164424671,"prox1","Influenza","T_mix",19,5,4,TRUE
0.0930107624345917,0.206442287715105,0.700546949850303,"rbpj","Influenza","T_mix",19,5,4,TRUE
0,0.901091319616483,0.0989086803835166,"rel_halfsite","Influenza","T_mix",19,5,4,TRUE
0,1,0,"rest_nrsf","Influenza","T_mix",19,5,4,TRUE
0.158132498365104,0.645468355297168,0.196399146337727,"rfx_1","Influenza","T_mix",19,5,4,TRUE
0,0.627386223119596,0.372613776880404,"rfx_2","Influenza","T_mix",19,5,4,TRUE
0.207093360148775,0.792906639851213,1.12744023534227e-14,"rfx_3","Influenza","T_mix",19,5,4,TRUE
0,1,0,"runx_1","Influenza","T_mix",19,5,4,TRUE
0,1,0,"runx_2","Influenza","T_mix",19,5,4,TRUE
0,1,0,"scrt1","Influenza","T_mix",19,5,4,TRUE
0,1,0,"six_1","Influenza","T_mix",19,5,4,TRUE
0,0.998984511165109,0.00101548883489068,"six_2","Influenza","T_mix",19,5,4,TRUE
0.242048842388387,0.420028472862712,0.337922684748901,"smad","Influenza","T_mix",19,5,4,TRUE
1.6167790199416e-22,0.899542479722044,0.100457520277956,"smad_1","Influenza","T_mix",19,5,4,TRUE
0,1,0,"smad_2","Influenza","T_mix",19,5,4,TRUE
0.177977431198975,0.60817666186018,0.213845906940845,"smarca1","Influenza","T_mix",19,5,4,TRUE
0,1,0,"smarca5","Influenza","T_mix",19,5,4,TRUE
0.0124403826215757,0.580850934505821,0.406708682872603,"snai2","Influenza","T_mix",19,5,4,TRUE
0,1,0,"sox_1","Influenza","T_mix",19,5,4,TRUE
0.180149971288586,0.819816426254282,3.36024571321495e-05,"sox_2","Influenza","T_mix",19,5,4,TRUE
0,1,0,"sox_3","Influenza","T_mix",19,5,4,TRUE
0,1,0,"sox_4","Influenza","T_mix",19,5,4,TRUE
0.163353724843539,0.836646275154141,2.3199609680826e-12,"sox_5","Influenza","T_mix",19,5,4,TRUE
0.122953753122767,0.877046246877233,0,"sox_6","Influenza","T_mix",19,5,4,TRUE
0,1,0,"sox_7","Influenza","T_mix",19,5,4,TRUE
0,1,0,"sox_8","Influenza","T_mix",19,5,4,TRUE
0,0.913388323201568,0.0866116767984323,"spdef_1","Influenza","T_mix",19,5,4,TRUE
0.297213643947226,0.702786356052722,5.24137507741863e-14,"spdef_2","Influenza","T_mix",19,5,4,TRUE
0.01155276472984,0.197967964054822,0.790479271215338,"spi","Influenza","T_mix",19,5,4,TRUE
2.27744997251997e-21,0.843341563824004,0.156658436175996,"spz1","Influenza","T_mix",19,5,4,TRUE
0.0791211276149605,0.650813310497192,0.270065561887847,"srebf1","Influenza","T_mix",19,5,4,TRUE
0.0773794323618013,0.922620567635251,2.9473529214602e-12,"srf","Influenza","T_mix",19,5,4,TRUE
0,0.799865730292268,0.200134269707732,"stat_1","Influenza","T_mix",19,5,4,TRUE
0.150307861375516,0.849692138624414,6.9888240154783e-14,"stat_2","Influenza","T_mix",19,5,4,TRUE
0,1,0,"tata","Influenza","T_mix",19,5,4,TRUE
0.256448740878776,0.619861683961718,0.123689575159506,"tbx_1","Influenza","T_mix",19,5,4,TRUE
9.0481027239233e-24,0.970729305909315,0.0292706940906851,"tbx_2","Influenza","T_mix",19,5,4,TRUE
0,1,0,"tbx_3","Influenza","T_mix",19,5,4,TRUE
0,1,0,"tbx_4","Influenza","T_mix",19,5,4,TRUE
1.31746147084818e-19,0.818425154855618,0.181574845144382,"tcf_lef","Influenza","T_mix",19,5,4,TRUE
0,1,0,"tead","Influenza","T_mix",19,5,4,TRUE
0,1,0,"tfap2_1","Influenza","T_mix",19,5,4,TRUE
0.006563664829318,0.618253999763435,0.375182335407247,"tfap2_2","Influenza","T_mix",19,5,4,TRUE
0,1,0,"tfcp2","Influenza","T_mix",19,5,4,TRUE
0,1,0,"thap1","Influenza","T_mix",19,5,4,TRUE
1.29334182178495e-16,0.647853904957146,0.352146095042854,"yy1","Influenza","T_mix",19,5,4,TRUE
6.06238926446458e-21,0.920693926678812,0.0793060733211878,"zbed1","Influenza","T_mix",19,5,4,TRUE
1.75137640402819e-19,0.620285085358659,0.379714914641341,"zbtb14","Influenza","T_mix",19,5,4,TRUE
0,1,0,"zbtb48","Influenza","T_mix",19,5,4,TRUE
6.99325874586475e-15,0.946647434774716,0.0533525652252768,"zbtb49","Influenza","T_mix",19,5,4,TRUE
0.00310401484312724,0.9055230247277,0.0913729604291726,"zbtb6","Influenza","T_mix",19,5,4,TRUE
8.3457801071472e-12,0.945499664131258,0.0545003358603962,"zbtb7a","Influenza","T_mix",19,5,4,TRUE
0.145089518889392,0.854910481110608,0,"zfn121","Influenza","T_mix",19,5,4,TRUE
2.23535741161213e-12,0.9560659574237,0.0439340425740647,"zfx","Influenza","T_mix",19,5,4,TRUE
0,0.850260429661545,0.149739570338455,"zic","Influenza","T_mix",19,5,4,TRUE
0.0238881292585111,0.976111860155512,1.05859775227295e-08,"zic_2","Influenza","T_mix",19,5,4,TRUE
0,1,0,"zim3","Influenza","T_mix",19,5,4,TRUE
0.0689131664777465,0.931086833522254,3.4706560929915e-19,"zkscan1","Influenza","T_mix",19,5,4,TRUE
0,1,0,"znf134","Influenza","T_mix",19,5,4,TRUE
0.0292726089464836,0.665926657226595,0.304800733826921,"znf136","Influenza","T_mix",19,5,4,TRUE
0,0.962162484254589,0.0378375157454115,"znf140","Influenza","T_mix",19,5,4,TRUE
0,0.941199720471339,0.0588002795286606,"znf143","Influenza","T_mix",19,5,4,TRUE
0.19547170632157,0.423369874466255,0.381158419212175,"znf143_1","Influenza","T_mix",19,5,4,TRUE
0,1,0,"znf146","Influenza","T_mix",19,5,4,TRUE
0.0558450036161643,0.944154996383836,0,"znf232","Influenza","T_mix",19,5,4,TRUE
0,1,0,"znf24","Influenza","T_mix",19,5,4,TRUE
2.34157932181281e-09,0.87951775110333,0.120482246555091,"znf250","Influenza","T_mix",19,5,4,TRUE
0,1,0,"znf257","Influenza","T_mix",19,5,4,TRUE
0,1,0,"znf274","Influenza","T_mix",19,5,4,TRUE
0,1,0,"znf28","Influenza","T_mix",19,5,4,TRUE
0.180508795972205,0.819491204026552,1.24302434274091e-12,"znf282","Influenza","T_mix",19,5,4,TRUE
6.84879957850993e-22,0.736234156472234,0.263765843527766,"znf306","Influenza","T_mix",19,5,4,TRUE
0.0665638145150996,0.654078807545363,0.279357377939538,"znf317","Influenza","T_mix",19,5,4,TRUE
0,0.94582853734312,0.0541714626568796,"znf320","Influenza","T_mix",19,5,4,TRUE
0.0196099197896991,0.980390080210299,2.0592585459498e-15,"znf324","Influenza","T_mix",19,5,4,TRUE
0,1,0,"znf329","Influenza","T_mix",19,5,4,TRUE
9.93094810078116e-13,0.889902679027204,0.110097320971803,"znf331","Influenza","T_mix",19,5,4,TRUE
0,1,0,"znf332","Influenza","T_mix",19,5,4,TRUE
0.0654776492974584,0.7958307114799,0.138691639222641,"znf335","Influenza","T_mix",19,5,4,TRUE
0.0856346057893393,0.914365394138611,7.20500409431172e-11,"znf354","Influenza","T_mix",19,5,4,TRUE
0,0.868398496126467,0.131601503873533,"znf382","Influenza","T_mix",19,5,4,TRUE
0.0260114639074173,0.776426803377293,0.197561732715289,"znf384_1","Influenza","T_mix",19,5,4,TRUE
0.280722635943416,0.484011691303233,0.235265672753352,"znf384_2","Influenza","T_mix",19,5,4,TRUE
0,1,0,"znf41","Influenza","T_mix",19,5,4,TRUE
1.38600152316679e-11,0.948011825806631,0.0519881741795095,"znf410","Influenza","T_mix",19,5,4,TRUE
0,0.841108144834177,0.158891855165823,"znf418","Influenza","T_mix",19,5,4,TRUE
6.10455122750756e-19,0.78223411594436,0.21776588405564,"znf423","Influenza","T_mix",19,5,4,TRUE
0,1,0,"znf431","Influenza","T_mix",19,5,4,TRUE
0.321511560268927,0.671720097652203,0.0067683420788705,"znf435","Influenza","T_mix",19,5,4,TRUE
0.124819903434052,0.780154245999304,0.0950258505666439,"znf436","Influenza","T_mix",19,5,4,TRUE
0.0604457911736169,0.77766806614621,0.161886142680173,"znf449","Influenza","T_mix",19,5,4,TRUE
0,1,0,"znf490","Influenza","T_mix",19,5,4,TRUE
0.0165891440386819,0.983410851266373,4.69494513173624e-09,"znf524","Influenza","T_mix",19,5,4,TRUE
0.128430112351629,0.346232701741222,0.525337185907149,"znf528","Influenza","T_mix",19,5,4,TRUE
0.111629580472832,0.888370419527168,5.17678845686449e-19,"znf53","Influenza","T_mix",19,5,4,TRUE
0,1,0,"znf547","Influenza","T_mix",19,5,4,TRUE
0,0.934718066885657,0.0652819331143435,"znf549","Influenza","T_mix",19,5,4,TRUE
0.0129145730920508,0.7506470265363,0.236438400371649,"znf554","Influenza","T_mix",19,5,4,TRUE
0.0209256103087129,0.979074389691287,0,"znf563","Influenza","T_mix",19,5,4,TRUE
0.198297061291422,0.497959523498651,0.303743415209926,"znf57","Influenza","T_mix",19,5,4,TRUE
0.142924517352651,0.857075482647349,0,"znf586","Influenza","T_mix",19,5,4,TRUE
0,1,0,"znf652","Influenza","T_mix",19,5,4,TRUE
0.300801591511028,0.69919840848877,2.02039648231059e-13,"znf667","Influenza","T_mix",19,5,4,TRUE
0,0.979652066147455,0.0203479338525447,"znf680","Influenza","T_mix",19,5,4,TRUE
0,1,0,"znf708","Influenza","T_mix",19,5,4,TRUE
0,0.602342726707336,0.397657273292664,"znf713","Influenza","T_mix",19,5,4,TRUE
3.86704064106814e-13,0.510299788370935,0.489700211628678,"znf768","Influenza","T_mix",19,5,4,TRUE
0,1,0,"znf784","Influenza","T_mix",19,5,4,TRUE
0.12072136727162,0.513319863884845,0.365958768843535,"znf85","Influenza","T_mix",19,5,4,TRUE
0,1,0,"znf85_1","Influenza","T_mix",19,5,4,TRUE
0,0.981731747138132,0.0182682528618679,"zscan3","Influenza","T_mix",19,5,4,TRUE
0,1,0,"zscan4","Influenza","T_mix",19,5,4,TRUE
0.00936070688851043,0.227951064671308,0.762688228440182,"ahr","Influenza","T_naive",20,5,4,TRUE
0,0.450885268383167,0.549114731616833,"aire","Influenza","T_naive",20,5,4,TRUE
0.0628241209166867,0.107667069792429,0.829508809290884,"ap1_1","Influenza","T_naive",20,5,4,TRUE
0.0655767580786965,0.106992558720378,0.827430683200926,"ap1_2","Influenza","T_naive",20,5,4,TRUE
2.59220775020361e-11,0.567122701160675,0.432877298813403,"ari5a","Influenza","T_naive",20,5,4,TRUE
3.55770831724153e-13,0.571740097893001,0.428259902106644,"ari5b","Influenza","T_naive",20,5,4,TRUE
0,0.165844872248594,0.834155127751406,"batf","Influenza","T_naive",20,5,4,TRUE
0.121037219232209,0.878962780767791,0,"bcl6_1","Influenza","T_naive",20,5,4,TRUE
0.0643610362315322,0.665235273624158,0.27040369014431,"bcl6_2","Influenza","T_naive",20,5,4,TRUE
0.0486055720743405,0.0916869754814511,0.859707452444208,"ccaat_cebp","Influenza","T_naive",20,5,4,TRUE
5.26243159304755e-14,0.260231100025487,0.739768899974461,"cenbp","Influenza","T_naive",20,5,4,TRUE
0.0147878153062763,0.580737140050428,0.404475044643296,"cpeb1","Influenza","T_naive",20,5,4,TRUE
0,1,0,"creb_atf_1","Influenza","T_naive",20,5,4,TRUE
3.0341654364815e-12,0.288773614588215,0.711226385408751,"creb_atf_2","Influenza","T_naive",20,5,4,TRUE
0.0291590343731539,0.122965064694488,0.847875900932358,"creb_atf_3","Influenza","T_naive",20,5,4,TRUE
0.0141871240555649,0.985812875944435,0,"creb3_xbp1","Influenza","T_naive",20,5,4,TRUE
0.0134120697678962,0.181091713835417,0.805496216396687,"ctcf","Influenza","T_naive",20,5,4,TRUE
0.0740663242407272,0.256208813584549,0.669724862174724,"cux_1","Influenza","T_naive",20,5,4,TRUE
0,1,0,"cux_2","Influenza","T_naive",20,5,4,TRUE
0.0335401584755228,0.966459841524477,0,"cux_3","Influenza","T_naive",20,5,4,TRUE
1.16557261335224e-13,0.258485387976869,0.741514612023014,"cux_4","Influenza","T_naive",20,5,4,TRUE
0,0.670885034235209,0.329114965764791,"ddit3cebpa","Influenza","T_naive",20,5,4,TRUE
0,0.965461600737548,0.034538399262452,"dmrt1","Influenza","T_naive",20,5,4,TRUE
0.0125902316275902,0.987409768371647,7.6242070655939e-13,"dmrt3","Influenza","T_naive",20,5,4,TRUE
0.132203056003855,0.398589040378516,0.469207903617629,"e2f_1","Influenza","T_naive",20,5,4,TRUE
0.115302861623462,0.486846568693488,0.39785056968305,"e2f_2","Influenza","T_naive",20,5,4,TRUE
0,0.767136769414494,0.232863230585506,"e2f_3","Influenza","T_naive",20,5,4,TRUE
0.032600664542586,0.359652912660735,0.607746422796679,"e2f_4","Influenza","T_naive",20,5,4,TRUE
2.1168494965986e-11,0.939327597010893,0.0606724029679387,"ebf1","Influenza","T_naive",20,5,4,TRUE
0.0519628272471634,0.168333326083611,0.779703846669226,"ebox_cacctg","Influenza","T_naive",20,5,4,TRUE
4.89947259644338e-13,0.300432728497615,0.699567271501895,"ebox_cacgtg_1","Influenza","T_naive",20,5,4,TRUE
0.00339126049059099,0.179571595684896,0.817037143824513,"ebox_cacgtg_2","Influenza","T_naive",20,5,4,TRUE
1.45626150419616e-23,0.735839564340964,0.264160435659036,"ebox_cagatgg","Influenza","T_naive",20,5,4,TRUE
0.0310316439443352,0.521157366371897,0.447810989683768,"ebox_cagctg","Influenza","T_naive",20,5,4,TRUE
0,0.217224961276391,0.782775038723609,"ebox_catatg","Influenza","T_naive",20,5,4,TRUE
0,0.126362796795055,0.873637203204945,"egr","Influenza","T_naive",20,5,4,TRUE
0.0116399156509201,0.988360084324679,2.44008254127113e-11,"ets_1","Influenza","T_naive",20,5,4,TRUE
3.03051094355806e-14,0.291884074388354,0.708115925611616,"ets_2","Influenza","T_naive",20,5,4,TRUE
0,0.922521012458699,0.0774789875413013,"evi1_mecom","Influenza","T_naive",20,5,4,TRUE
0.0466889463067266,0.514203392968417,0.439107660724857,"ewsr1_fli1","Influenza","T_naive",20,5,4,TRUE
0.0111054565266158,0.142668900559293,0.846225642914091,"fezf1","Influenza","T_naive",20,5,4,TRUE
0.142615991213886,0.711977122860037,0.145406885926076,"fox_1","Influenza","T_naive",20,5,4,TRUE
0.14035984350103,0.217269531923762,0.642370624575208,"fox_2","Influenza","T_naive",20,5,4,TRUE
0,0.256279348806246,0.743720651193754,"fox_3","Influenza","T_naive",20,5,4,TRUE
0.352362986999692,0.354535572023992,0.293101440976316,"fox_4","Influenza","T_naive",20,5,4,TRUE
4.25551286811495e-12,0.406305095094248,0.593694904901497,"fox_5","Influenza","T_naive",20,5,4,TRUE
0.0336791978381365,0.657675473277312,0.308645328884552,"fox_6","Influenza","T_naive",20,5,4,TRUE
3.83572478482568e-15,0.828220053746367,0.171779946253629,"fox_7","Influenza","T_naive",20,5,4,TRUE
0.0272720399609397,0.380426219509517,0.592301740529543,"fox_8","Influenza","T_naive",20,5,4,TRUE
0.0933194106060412,0.402269416268523,0.504411173125435,"fox_9","Influenza","T_naive",20,5,4,TRUE
0,0.749010960563241,0.250989039436759,"gata","Influenza","T_naive",20,5,4,TRUE
0.0792868247816102,0.743174492129441,0.177538683088949,"gc_tract","Influenza","T_naive",20,5,4,TRUE
0,0.291113850150739,0.708886149849261,"gcm","Influenza","T_naive",20,5,4,TRUE
0.1865033350625,0.147929267794785,0.665567397142715,"gfi","Influenza","T_naive",20,5,4,TRUE
0,1,0,"gli","Influenza","T_naive",20,5,4,TRUE
0.0149850989347569,0.225697494392012,0.759317406673231,"glis","Influenza","T_naive",20,5,4,TRUE
0,0.896489071765784,0.103510928234216,"gmeb2_1","Influenza","T_naive",20,5,4,TRUE
3.94936610999637e-14,0.653031571696609,0.346968428303352,"gmeb2_2","Influenza","T_naive",20,5,4,TRUE
0,0.405423164985592,0.594576835014408,"gmeb2_3","Influenza","T_naive",20,5,4,TRUE
0,0.839235326225328,0.160764673774672,"grhl","Influenza","T_naive",20,5,4,TRUE
0.142950204118858,0.526679457664972,0.33037033821617,"hand1","Influenza","T_naive",20,5,4,TRUE
0.107969194921206,0.892030805078794,0,"hd_1","Influenza","T_naive",20,5,4,TRUE
0.0618838833557149,0.851637641439272,0.0864784752050127,"hd_10","Influenza","T_naive",20,5,4,TRUE
0.0327076503060548,0.299933460091732,0.667358889602214,"hd_11","Influenza","T_naive",20,5,4,TRUE
2.1676679605752e-14,0.0881628897010063,0.911837110298972,"hd_12","Influenza","T_naive",20,5,4,TRUE
3.10897486573447e-11,0.918123428465382,0.0818765715035281,"hd_13","Influenza","T_naive",20,5,4,TRUE
0,0.747375174097664,0.252624825902336,"hd_14","Influenza","T_naive",20,5,4,TRUE
0.067078115249546,0.464340121624267,0.468581763126187,"hd_15","Influenza","T_naive",20,5,4,TRUE
9.94023691312694e-12,0.966056234623634,0.0339437653664261,"hd_16","Influenza","T_naive",20,5,4,TRUE
0.00461013029054584,0.1809090893475,0.814480780361954,"hd_17","Influenza","T_naive",20,5,4,TRUE
2.86824278211565e-08,0.478859350559906,0.521140620757666,"hd_18","Influenza","T_naive",20,5,4,TRUE
0.0257698388978449,0.559943534984106,0.414286626118049,"hd_19","Influenza","T_naive",20,5,4,TRUE
0.0481012403819827,0.102897997683363,0.849000761934654,"hd_2","Influenza","T_naive",20,5,4,TRUE
0.223969336264806,0.67404837705103,0.101982286684164,"hd_20","Influenza","T_naive",20,5,4,TRUE
0,0.751975911021617,0.248024088978383,"hd_21","Influenza","T_naive",20,5,4,TRUE
0,1,0,"hd_22","Influenza","T_naive",20,5,4,TRUE
0.000850429928455897,0.295065038763678,0.704084531307866,"hd_23","Influenza","T_naive",20,5,4,TRUE
0.0620955919707255,0.339974710263628,0.597929697765646,"hd_24","Influenza","T_naive",20,5,4,TRUE
0,0.680985683251809,0.319014316748191,"hd_25","Influenza","T_naive",20,5,4,TRUE
1.27129160382208e-11,0.569730242055919,0.430269757931368,"hd_3","Influenza","T_naive",20,5,4,TRUE
0,0.686394429777999,0.313605570222001,"hd_4","Influenza","T_naive",20,5,4,TRUE
0,0.708908113840501,0.291091886159499,"hd_5","Influenza","T_naive",20,5,4,TRUE
0,0.237704077901239,0.762295922098761,"hd_6","Influenza","T_naive",20,5,4,TRUE
0.0665402200756824,0.130482625802436,0.802977154121882,"hd_7","Influenza","T_naive",20,5,4,TRUE
0.0242760659768821,0.783540684275718,0.1921832497474,"hd_8","Influenza","T_naive",20,5,4,TRUE
0.0680588074509714,0.407680497938305,0.524260694610723,"hd_9","Influenza","T_naive",20,5,4,TRUE
0,0.363300725622555,0.636699274377445,"hen1","Influenza","T_naive",20,5,4,TRUE
0.0404065558452389,0.717885516494622,0.241707927660139,"hic_1","Influenza","T_naive",20,5,4,TRUE
0.0295162755552105,0.300895539498184,0.669588184946605,"hic_2","Influenza","T_naive",20,5,4,TRUE
0.0261360067592378,0.0924731078481431,0.881390885392619,"hif","Influenza","T_naive",20,5,4,TRUE
0.0731236274978657,0.252383605780993,0.674492766721141,"hinfp1_1","Influenza","T_naive",20,5,4,TRUE
1.30979976300089e-18,0.716852966531575,0.283147033468425,"hinfp1_2","Influenza","T_naive",20,5,4,TRUE
0,0.392790913081071,0.607209086918929,"hinfp1_3","Influenza","T_naive",20,5,4,TRUE
0,1,0,"hltf","Influenza","T_naive",20,5,4,TRUE
0,0.211288100062331,0.788711899937669,"homez","Influenza","T_naive",20,5,4,TRUE
0,1,0,"hsf","Influenza","T_naive",20,5,4,TRUE
8.9816000494137e-11,0.491312740934684,0.5086872589755,"hsfy2","Influenza","T_naive",20,5,4,TRUE
2.2373504736487e-14,0.522286382535304,0.477713617464674,"insm1","Influenza","T_naive",20,5,4,TRUE
0.0308487002921871,0.668607728487363,0.30054357122045,"irf_1","Influenza","T_naive",20,5,4,TRUE
0.0250593712822423,0.138670765104155,0.836269863613603,"irf_2","Influenza","T_naive",20,5,4,TRUE
0.189621641938962,0.377505536783598,0.432872821277439,"irf_3","Influenza","T_naive",20,5,4,TRUE
0,0.515874430431865,0.484125569568135,"irf_4","Influenza","T_naive",20,5,4,TRUE
0.026914192712712,0.793433729739958,0.17965207754733,"kaiso","Influenza","T_naive",20,5,4,TRUE
0,0.247572498136526,0.752427501863474,"klf_sp_1","Influenza","T_naive",20,5,4,TRUE
0.000123936563082365,0.230360245003932,0.769515818432986,"klf_sp_2","Influenza","T_naive",20,5,4,TRUE
0.0144515206410141,0.439585694717196,0.54596278464179,"klf_sp_3","Influenza","T_naive",20,5,4,TRUE
0.110199759353446,0.130192774069383,0.75960746657717,"lef1","Influenza","T_naive",20,5,4,TRUE
0.0550225685823261,0.405194483411286,0.539782948006388,"lin54","Influenza","T_naive",20,5,4,TRUE
0.0690699373153264,0.511824981625647,0.419105081059027,"maf","Influenza","T_naive",20,5,4,TRUE
0.0385075606053536,0.955291156354026,0.00620128304062017,"mbd2","Influenza","T_naive",20,5,4,TRUE
5.87931927610161e-21,0.391059983126415,0.608940016873585,"mecp2","Influenza","T_naive",20,5,4,TRUE
0.103589372534895,0.414116141296648,0.482294486168457,"mef2","Influenza","T_naive",20,5,4,TRUE
0.0391111082051817,0.960888891480305,3.14512980088357e-10,"mfz1","Influenza","T_naive",20,5,4,TRUE
0.117493228844565,0.646086999624592,0.236419771530842,"mies","Influenza","T_naive",20,5,4,TRUE
0.0418557051005806,0.224991953714832,0.733152341184588,"mtf1","Influenza","T_naive",20,5,4,TRUE
0.00621556952585544,0.589179910835503,0.404604519638641,"myb_1","Influenza","T_naive",20,5,4,TRUE
0.0219822794444566,0.177333604637587,0.800684115917956,"myb_2","Influenza","T_naive",20,5,4,TRUE
0.0718521165146911,0.928147883485225,8.39859273596152e-14,"myb_3","Influenza","T_naive",20,5,4,TRUE
0.0812589181709772,0.434490111353969,0.484250970475054,"myb_4","Influenza","T_naive",20,5,4,TRUE
0.0432042848622015,0.425093473138618,0.53170224199918,"myb_5","Influenza","T_naive",20,5,4,TRUE
0.138180727359662,0.70403356888388,0.157785703756459,"mzf1","Influenza","T_naive",20,5,4,TRUE
0.00179281647201737,0.171727164368289,0.826480019159694,"nfac_2","Influenza","T_naive",20,5,4,TRUE
4.0137777907475e-21,0.547095171228258,0.452904828771742,"nfat_1","Influenza","T_naive",20,5,4,TRUE
0,0.669799480152474,0.330200519847526,"nfat_2","Influenza","T_naive",20,5,4,TRUE
0.0325202169797918,0.291236332239968,0.676243450780241,"nfat_3","Influenza","T_naive",20,5,4,TRUE
0.287003801594721,0.16032580919955,0.552670389205729,"nfat_4","Influenza","T_naive",20,5,4,TRUE
0.0751715349657053,0.72000724144301,0.204821223591285,"nfi_1","Influenza","T_naive",20,5,4,TRUE
0,0.871863907757872,0.128136092242128,"nfi_2","Influenza","T_naive",20,5,4,TRUE
0,0.650141134555785,0.349858865444215,"nfi_3","Influenza","T_naive",20,5,4,TRUE
0.208525271161013,0.776985872736263,0.014488856102724,"nfkb_1","Influenza","T_naive",20,5,4,TRUE
0.0923066097534474,0.809884319310141,0.0978090709364119,"nfkb_2","Influenza","T_naive",20,5,4,TRUE
0.144055527261873,0.717844109961495,0.138100362776632,"nfkb_3","Influenza","T_naive",20,5,4,TRUE
0,0.192705641652985,0.807294358347015,"nfy","Influenza","T_naive",20,5,4,TRUE
0.0794400809994962,0.594581228780729,0.325978690219774,"nr_1","Influenza","T_naive",20,5,4,TRUE
0.0743100723231069,0.905371437137776,0.0203184905391171,"nr_10","Influenza","T_naive",20,5,4,TRUE
0.154528383809753,0.432312267975461,0.413159348214786,"nr_11","Influenza","T_naive",20,5,4,TRUE
0.116695883093845,0.190938010901497,0.692366106004658,"nr_12","Influenza","T_naive",20,5,4,TRUE
0,0.818764676630825,0.181235323369175,"nr_13","Influenza","T_naive",20,5,4,TRUE
0.159053321344231,0.40846121599783,0.432485462657939,"nr_14","Influenza","T_naive",20,5,4,TRUE
0.0133649816446288,0.438946306130012,0.54768871222536,"nr_15","Influenza","T_naive",20,5,4,TRUE
0.0791555138460585,0.301190736305074,0.619653749848867,"nr_16","Influenza","T_naive",20,5,4,TRUE
0.043167133521978,0.664129384519823,0.292703481958199,"nr_17","Influenza","T_naive",20,5,4,TRUE
0,1,0,"nr_18","Influenza","T_naive",20,5,4,TRUE
0.0353661620405987,0.13463766449431,0.829996173465091,"nr_19","Influenza","T_naive",20,5,4,TRUE
0.0352848685597392,0.177241587553762,0.787473543886499,"nr_2","Influenza","T_naive",20,5,4,TRUE
0.173918750757152,0.276921412878145,0.549159836364703,"nr_20","Influenza","T_naive",20,5,4,TRUE
0.0103105330207047,0.728756575181524,0.260932891797771,"nr_3","Influenza","T_naive",20,5,4,TRUE
6.8795813728102e-16,0.455480578108716,0.544519421891283,"nr_4","Influenza","T_naive",20,5,4,TRUE
0.0764316470998713,0.725810427039148,0.197757925860981,"nr_5","Influenza","T_naive",20,5,4,TRUE
1.89914862327397e-12,0.668633115049791,0.33136688494831,"nr_6","Influenza","T_naive",20,5,4,TRUE
0.0492824215530499,0.280388590331081,0.670328988115869,"nr_7","Influenza","T_naive",20,5,4,TRUE
1.44578771040447e-14,0.583253589124959,0.416746410875026,"nr_8","Influenza","T_naive",20,5,4,TRUE
0.0201624259796908,0.284831896410367,0.695005677609942,"nr_9","Influenza","T_naive",20,5,4,TRUE
0.193402370790722,0.175071835946467,0.63152579326281,"nr2e3","Influenza","T_naive",20,5,4,TRUE
1.18460659511811e-17,0.233252155108538,0.766747844891462,"nrf1","Influenza","T_naive",20,5,4,TRUE
0,0.797190145566805,0.202809854433195,"oct4sox2","Influenza","T_naive",20,5,4,TRUE
0,0.972999067069991,0.0270009329300091,"osr2","Influenza","T_naive",20,5,4,TRUE
0,1,0,"ovol1","Influenza","T_naive",20,5,4,TRUE
6.16740210081079e-11,0.869229468159961,0.130770531778365,"p53_like_1","Influenza","T_naive",20,5,4,TRUE
0.262680431528006,0.404971076175421,0.332348492296573,"p53_like_2","Influenza","T_naive",20,5,4,TRUE
0.0738689966565584,0.411062720740766,0.515068282602675,"p53_like_3","Influenza","T_naive",20,5,4,TRUE
0,0.736390989185143,0.263609010814857,"pax_halfsite","Influenza","T_naive",20,5,4,TRUE
0.104102080041252,0.398394081028692,0.497503838930056,"pax_1","Influenza","T_naive",20,5,4,TRUE
0.0210431109372352,0.413728958320492,0.565227930742273,"pax_2","Influenza","T_naive",20,5,4,TRUE
0.224539522043779,0.515078232058532,0.260382245897688,"plag1","Influenza","T_naive",20,5,4,TRUE
0.0521631327215955,0.13741028072671,0.810426586551695,"pou_1","Influenza","T_naive",20,5,4,TRUE
3.71235985907863e-19,0.863108897323691,0.136891102676309,"pou_2","Influenza","T_naive",20,5,4,TRUE
0.352792079537815,0.592045005121721,0.0551629153404649,"pou_3","Influenza","T_naive",20,5,4,TRUE
0.113779426485889,0.372215455186354,0.514005118327758,"prdm1","Influenza","T_naive",20,5,4,TRUE
0.102545167977444,0.795353164788333,0.102101667234224,"prdm14","Influenza","T_naive",20,5,4,TRUE
0.105207450696403,0.599161237572548,0.295631311731049,"prdm16","Influenza","T_naive",20,5,4,TRUE
2.50912827475923e-21,0.65339498340225,0.34660501659775,"prdm4","Influenza","T_naive",20,5,4,TRUE
9.09747976496897e-12,0.723034538774186,0.276965461216716,"prdm5","Influenza","T_naive",20,5,4,TRUE
0.0391217546039556,0.540422703149839,0.420455542246206,"prdm9","Influenza","T_naive",20,5,4,TRUE
0,0.243511243819745,0.756488756180255,"prox1","Influenza","T_naive",20,5,4,TRUE
2.9599161066098e-20,0.62940092931262,0.37059907068738,"rbpj","Influenza","T_naive",20,5,4,TRUE
0.126216574670747,0.864281161266718,0.00950226406253439,"rel_halfsite","Influenza","T_naive",20,5,4,TRUE
3.4581152710116e-21,0.366952374641638,0.633047625358362,"rest_nrsf","Influenza","T_naive",20,5,4,TRUE
2.79867279368146e-18,0.63523451809293,0.36476548190707,"rfx_1","Influenza","T_naive",20,5,4,TRUE
5.72335331277741e-12,0.661040519217866,0.338959480776411,"rfx_2","Influenza","T_naive",20,5,4,TRUE
0,0.821359124152368,0.178640875847632,"rfx_3","Influenza","T_naive",20,5,4,TRUE
0.040919431616887,0.811238467706807,0.147842100676306,"runx_1","Influenza","T_naive",20,5,4,TRUE
0,0.499173542090347,0.500826457909653,"runx_2","Influenza","T_naive",20,5,4,TRUE
1.03576368456514e-14,0.23544653548056,0.76455346451943,"scrt1","Influenza","T_naive",20,5,4,TRUE
1.36397403769492e-15,0.237526645198093,0.762473354801906,"six_1","Influenza","T_naive",20,5,4,TRUE
0,0.65640375735085,0.34359624264915,"six_2","Influenza","T_naive",20,5,4,TRUE
0.0297863729373708,0.683554547800257,0.286659079262372,"smad","Influenza","T_naive",20,5,4,TRUE
0.0657152701222776,0.651056732063684,0.283227997814039,"smad_1","Influenza","T_naive",20,5,4,TRUE
0.118801792321218,0.502371988266079,0.378826219412703,"smad_2","Influenza","T_naive",20,5,4,TRUE
0.0365998265537023,0.145489069666275,0.817911103780023,"smarca1","Influenza","T_naive",20,5,4,TRUE
0,1,0,"smarca5","Influenza","T_naive",20,5,4,TRUE
0.0481167122392416,0.0940064316201722,0.857876856140586,"snai2","Influenza","T_naive",20,5,4,TRUE
0.0413412654752113,0.219330945217851,0.739327789306938,"sox_1","Influenza","T_naive",20,5,4,TRUE
0.00455533495657071,0.649715103685083,0.345729561358346,"sox_2","Influenza","T_naive",20,5,4,TRUE
8.07546366636396e-13,0.317264028016045,0.682735971983147,"sox_3","Influenza","T_naive",20,5,4,TRUE
0.00529544992897396,0.265372830990071,0.729331719080955,"sox_4","Influenza","T_naive",20,5,4,TRUE
0,1,0,"sox_5","Influenza","T_naive",20,5,4,TRUE
0,0.378483897136101,0.621516102863899,"sox_6","Influenza","T_naive",20,5,4,TRUE
0.245392491699639,0.340769239221087,0.413838269079273,"sox_7","Influenza","T_naive",20,5,4,TRUE
0.00183058538259807,0.253124017316292,0.74504539730111,"sox_8","Influenza","T_naive",20,5,4,TRUE
0.145390619398337,0.364281518944549,0.490327861657114,"spdef_1","Influenza","T_naive",20,5,4,TRUE
3.53491372941915e-10,0.823618241948931,0.176381757697578,"spdef_2","Influenza","T_naive",20,5,4,TRUE
0.0422282201032946,0.100756258051208,0.857015521845498,"spi","Influenza","T_naive",20,5,4,TRUE
0.0477171924068668,0.22655026176919,0.725732545823943,"spz1","Influenza","T_naive",20,5,4,TRUE
0,0.515211670131266,0.484788329868734,"srebf1","Influenza","T_naive",20,5,4,TRUE
0.0183510861080656,0.108595692271896,0.873053221620038,"srf","Influenza","T_naive",20,5,4,TRUE
0.00413822881220367,0.426058401618775,0.569803369569022,"stat_1","Influenza","T_naive",20,5,4,TRUE
0,0.460968856959843,0.539031143040157,"stat_2","Influenza","T_naive",20,5,4,TRUE
0,0.65362878306078,0.346371216939221,"tata","Influenza","T_naive",20,5,4,TRUE
0,1,0,"tbx_1","Influenza","T_naive",20,5,4,TRUE
0,0.769129454176716,0.230870545823284,"tbx_2","Influenza","T_naive",20,5,4,TRUE
1.67286793906408e-11,0.665989318090316,0.334010681892955,"tbx_3","Influenza","T_naive",20,5,4,TRUE
0.083953041810204,0.235102269591935,0.680944688597861,"tbx_4","Influenza","T_naive",20,5,4,TRUE
0.0569342546440037,0.109798135729313,0.833267609626683,"tcf_lef","Influenza","T_naive",20,5,4,TRUE
0.00582348547237973,0.908644146271594,0.0855323682560267,"tead","Influenza","T_naive",20,5,4,TRUE
0.0861836545332341,0.860423290712335,0.0533930547544304,"tfap2_1","Influenza","T_naive",20,5,4,TRUE
0.170541704283345,0.829458295716655,1.06629759087165e-18,"tfap2_2","Influenza","T_naive",20,5,4,TRUE
0.271232409405579,0.728767590177633,4.16787894254662e-10,"tfcp2","Influenza","T_naive",20,5,4,TRUE
0.191877841771683,0.499359748720973,0.308762409507344,"thap1","Influenza","T_naive",20,5,4,TRUE
0.012690516259909,0.377933826675448,0.609375657064643,"yy1","Influenza","T_naive",20,5,4,TRUE
0.0197542761944376,0.592262802161531,0.387982921644031,"zbed1","Influenza","T_naive",20,5,4,TRUE
0.0161880720026552,0.108860726861117,0.874951201136228,"zbtb14","Influenza","T_naive",20,5,4,TRUE
0,1,1.92156641682404e-16,"zbtb48","Influenza","T_naive",20,5,4,TRUE
3.00448293370356e-10,0.836764649850726,0.163235349848826,"zbtb49","Influenza","T_naive",20,5,4,TRUE
0,1,0,"zbtb6","Influenza","T_naive",20,5,4,TRUE
0,0.206988733940808,0.793011266059192,"zbtb7a","Influenza","T_naive",20,5,4,TRUE
0.131905190022042,0.838679914839815,0.0294148951381434,"zfn121","Influenza","T_naive",20,5,4,TRUE
0.126043215961185,0.404892086169526,0.469064697869289,"zfx","Influenza","T_naive",20,5,4,TRUE
0.115713134336953,0.345428032134701,0.538858833528346,"zic","Influenza","T_naive",20,5,4,TRUE
0.0163196617950702,0.195687580830005,0.787992757374925,"zic_2","Influenza","T_naive",20,5,4,TRUE
0,0.524099487424171,0.475900512575829,"zim3","Influenza","T_naive",20,5,4,TRUE
0,0.641153327442006,0.358846672557994,"zkscan1","Influenza","T_naive",20,5,4,TRUE
5.65929188186496e-12,0.876889929714436,0.123110070279905,"znf134","Influenza","T_naive",20,5,4,TRUE
0.0201139131492966,0.890784755030753,0.0891013318199503,"znf136","Influenza","T_naive",20,5,4,TRUE
0.016619239246284,0.115262673846607,0.868118086907109,"znf140","Influenza","T_naive",20,5,4,TRUE
0.359453003054224,0.28980101547639,0.350745981469386,"znf143","Influenza","T_naive",20,5,4,TRUE
0.0425137703807573,0.957486229619243,0,"znf143_1","Influenza","T_naive",20,5,4,TRUE
4.55516045318374e-15,0.174423632210968,0.825576367789028,"znf146","Influenza","T_naive",20,5,4,TRUE
0.00133988672335104,0.220985928748501,0.777674184528148,"znf232","Influenza","T_naive",20,5,4,TRUE
0,1,0,"znf24","Influenza","T_naive",20,5,4,TRUE
2.78162849476384e-12,0.475108011753585,0.524891988243634,"znf250","Influenza","T_naive",20,5,4,TRUE
0.0421993090692364,0.377863929861039,0.579936761069725,"znf257","Influenza","T_naive",20,5,4,TRUE
0,0.956954890860761,0.0430451091392394,"znf274","Influenza","T_naive",20,5,4,TRUE
0,0.701004626267125,0.298995373732875,"znf28","Influenza","T_naive",20,5,4,TRUE
0.0224637874918779,0.808400439544125,0.169135772963997,"znf282","Influenza","T_naive",20,5,4,TRUE
4.07764750549727e-14,0.584453606635577,0.415546393364382,"znf306","Influenza","T_naive",20,5,4,TRUE
1.41166742332352e-09,0.5930748043591,0.406925194229232,"znf317","Influenza","T_naive",20,5,4,TRUE
2.00959188514546e-21,1,6.39716036743058e-17,"znf320","Influenza","T_naive",20,5,4,TRUE
0.0187571524600868,0.874447722628041,0.106795124911872,"znf324","Influenza","T_naive",20,5,4,TRUE
0.155798021600419,0.659577781407221,0.184624196992359,"znf329","Influenza","T_naive",20,5,4,TRUE
0,0.755535067540491,0.244464932459509,"znf331","Influenza","T_naive",20,5,4,TRUE
0,0.839275891168691,0.160724108831309,"znf332","Influenza","T_naive",20,5,4,TRUE
0,0.486142355470888,0.513857644529112,"znf335","Influenza","T_naive",20,5,4,TRUE
0.12669978533592,0.673476903637045,0.199823311027036,"znf354","Influenza","T_naive",20,5,4,TRUE
0,0.206331833322967,0.793668166677034,"znf382","Influenza","T_naive",20,5,4,TRUE
0,0.262018833702937,0.737981166297063,"znf384_1","Influenza","T_naive",20,5,4,TRUE
0.0189970788237456,0.164788184897245,0.816214736279009,"znf384_2","Influenza","T_naive",20,5,4,TRUE
0.0772967764446726,0.738903274972065,0.183799948583263,"znf41","Influenza","T_naive",20,5,4,TRUE
0.110212287104367,0.40035088132064,0.489436831574993,"znf410","Influenza","T_naive",20,5,4,TRUE
7.75949055454631e-19,0.754896014781858,0.245103985218142,"znf418","Influenza","T_naive",20,5,4,TRUE
0,1,0,"znf423","Influenza","T_naive",20,5,4,TRUE
9.15160442733349e-16,0.58861711779897,0.411382882201029,"znf431","Influenza","T_naive",20,5,4,TRUE
0,0.663823684059951,0.336176315940049,"znf435","Influenza","T_naive",20,5,4,TRUE
0.0133052888064505,0.557310748985034,0.429383962208515,"znf436","Influenza","T_naive",20,5,4,TRUE
0.0516639816902526,0.286844988254697,0.661491030055051,"znf449","Influenza","T_naive",20,5,4,TRUE
0,0.806362634685907,0.193637365314093,"znf490","Influenza","T_naive",20,5,4,TRUE
0.0366242706074722,0.224276276370517,0.739099453022011,"znf524","Influenza","T_naive",20,5,4,TRUE
0.206097645500663,0.578985503507237,0.2149168509921,"znf528","Influenza","T_naive",20,5,4,TRUE
0,0.687306084674757,0.312693915325243,"znf53","Influenza","T_naive",20,5,4,TRUE
0.208068318516791,0.230660034451268,0.561271647031941,"znf547","Influenza","T_naive",20,5,4,TRUE
7.45357633198865e-22,0.43507471838929,0.56492528161071,"znf549","Influenza","T_naive",20,5,4,TRUE
0.0254649316658614,0.867036930665952,0.107498137668187,"znf554","Influenza","T_naive",20,5,4,TRUE
0.0982951050650549,0.194427058515049,0.707277836419896,"znf563","Influenza","T_naive",20,5,4,TRUE
0,0.258545211221912,0.741454788778088,"znf57","Influenza","T_naive",20,5,4,TRUE
0.102132089601318,0.498984571033658,0.398883339365024,"znf586","Influenza","T_naive",20,5,4,TRUE
0,0.295864365238161,0.704135634761839,"znf652","Influenza","T_naive",20,5,4,TRUE
0.0288819944901141,0.453822239898728,0.517295765611158,"znf667","Influenza","T_naive",20,5,4,TRUE
0,0.831678465935441,0.168321534064559,"znf680","Influenza","T_naive",20,5,4,TRUE
0.0610369179847624,0.449762497638958,0.48920058437628,"znf708","Influenza","T_naive",20,5,4,TRUE
1.34027711839679e-20,0.736218472587695,0.263781527412305,"znf713","Influenza","T_naive",20,5,4,TRUE
0,0.61293302810796,0.38706697189204,"znf768","Influenza","T_naive",20,5,4,TRUE
0.00398362113345598,0.212235535827014,0.78378084303953,"znf784","Influenza","T_naive",20,5,4,TRUE
0.0431109871747718,0.824875322610906,0.132013690214322,"znf85","Influenza","T_naive",20,5,4,TRUE
0.0337554211627594,0.137287614819282,0.828956964017959,"znf85_1","Influenza","T_naive",20,5,4,TRUE
9.69559578630748e-12,0.723015937771307,0.276984062218997,"zscan3","Influenza","T_naive",20,5,4,TRUE
0.0913529351658521,0.0936615015100649,0.814985563324083,"zscan4","Influenza","T_naive",20,5,4,TRUE
0.103662846982147,0.896337153017853,NA,"ahr","OP","B_mem",34,34,3,FALSE
0,1,NA,"aire","OP","B_mem",34,34,3,FALSE
0,1,NA,"ap1_1","OP","B_mem",34,34,3,FALSE
0,1,NA,"ap1_2","OP","B_mem",34,34,3,FALSE
0.0137012318773223,0.986298768122678,NA,"ari5a","OP","B_mem",34,34,3,FALSE
0,1,NA,"ari5b","OP","B_mem",34,34,3,FALSE
0,1,NA,"batf","OP","B_mem",34,34,3,FALSE
0,1,NA,"bcl6_1","OP","B_mem",34,34,3,FALSE
0,1,NA,"bcl6_2","OP","B_mem",34,34,3,FALSE
0,1,NA,"ccaat_cebp","OP","B_mem",34,34,3,FALSE
0,1,NA,"cenbp","OP","B_mem",34,34,3,FALSE
0,1,NA,"cpeb1","OP","B_mem",34,34,3,FALSE
0,1,NA,"creb_atf_1","OP","B_mem",34,34,3,FALSE
0,1,NA,"creb_atf_2","OP","B_mem",34,34,3,FALSE
0,1,NA,"creb_atf_3","OP","B_mem",34,34,3,FALSE
0,1,NA,"creb3_xbp1","OP","B_mem",34,34,3,FALSE
0.0426423097705488,0.957357690229451,NA,"ctcf","OP","B_mem",34,34,3,FALSE
0,1,NA,"cux_1","OP","B_mem",34,34,3,FALSE
0.120622800945194,0.879377199054806,NA,"cux_2","OP","B_mem",34,34,3,FALSE
0,1,NA,"cux_3","OP","B_mem",34,34,3,FALSE
0,1,NA,"cux_4","OP","B_mem",34,34,3,FALSE
0,1,NA,"ddit3cebpa","OP","B_mem",34,34,3,FALSE
0,1,NA,"dmrt1","OP","B_mem",34,34,3,FALSE
0,1,NA,"dmrt3","OP","B_mem",34,34,3,FALSE
0,1,NA,"e2f_1","OP","B_mem",34,34,3,FALSE
0,1,NA,"e2f_2","OP","B_mem",34,34,3,FALSE
0,1,NA,"e2f_3","OP","B_mem",34,34,3,FALSE
0,1,NA,"e2f_4","OP","B_mem",34,34,3,FALSE
0,1,NA,"ebf1","OP","B_mem",34,34,3,FALSE
0,1,NA,"ebox_cacctg","OP","B_mem",34,34,3,FALSE
0,1,NA,"ebox_cacgtg_1","OP","B_mem",34,34,3,FALSE
0,1,NA,"ebox_cacgtg_2","OP","B_mem",34,34,3,FALSE
0,1,NA,"ebox_cagatgg","OP","B_mem",34,34,3,FALSE
0,1,NA,"ebox_cagctg","OP","B_mem",34,34,3,FALSE
0,1,NA,"ebox_catatg","OP","B_mem",34,34,3,FALSE
5.47606946010098e-16,0.999999999999999,NA,"egr","OP","B_mem",34,34,3,FALSE
0,1,NA,"ets_1","OP","B_mem",34,34,3,FALSE
0,1,NA,"ets_2","OP","B_mem",34,34,3,FALSE
0,1,NA,"evi1_mecom","OP","B_mem",34,34,3,FALSE
0,1,NA,"ewsr1_fli1","OP","B_mem",34,34,3,FALSE
0,1,NA,"fezf1","OP","B_mem",34,34,3,FALSE
0,1,NA,"fox_1","OP","B_mem",34,34,3,FALSE
0,1,NA,"fox_2","OP","B_mem",34,34,3,FALSE
0,1,NA,"fox_3","OP","B_mem",34,34,3,FALSE
0,1,NA,"fox_4","OP","B_mem",34,34,3,FALSE
0,1,NA,"fox_5","OP","B_mem",34,34,3,FALSE
0,1,NA,"fox_6","OP","B_mem",34,34,3,FALSE
0,1,NA,"fox_7","OP","B_mem",34,34,3,FALSE
0,1,NA,"fox_8","OP","B_mem",34,34,3,FALSE
0,1,NA,"fox_9","OP","B_mem",34,34,3,FALSE
0,1,NA,"gata","OP","B_mem",34,34,3,FALSE
0.0618162559640322,0.938183744035968,NA,"gc_tract","OP","B_mem",34,34,3,FALSE
0,1,NA,"gcm","OP","B_mem",34,34,3,FALSE
0,1,NA,"gfi","OP","B_mem",34,34,3,FALSE
0,1,NA,"gli","OP","B_mem",34,34,3,FALSE
0,1,NA,"glis","OP","B_mem",34,34,3,FALSE
0.0741560149380978,0.925843985061902,NA,"gmeb2_1","OP","B_mem",34,34,3,FALSE
0,1,NA,"gmeb2_2","OP","B_mem",34,34,3,FALSE
0,1,NA,"gmeb2_3","OP","B_mem",34,34,3,FALSE
0,1,NA,"grhl","OP","B_mem",34,34,3,FALSE
0,1,NA,"hand1","OP","B_mem",34,34,3,FALSE
0,1,NA,"hd_1","OP","B_mem",34,34,3,FALSE
0,1,NA,"hd_10","OP","B_mem",34,34,3,FALSE
0,1,NA,"hd_11","OP","B_mem",34,34,3,FALSE
0,1,NA,"hd_12","OP","B_mem",34,34,3,FALSE
0,1,NA,"hd_13","OP","B_mem",34,34,3,FALSE
0,1,NA,"hd_14","OP","B_mem",34,34,3,FALSE
0,1,NA,"hd_15","OP","B_mem",34,34,3,FALSE
0,1,NA,"hd_16","OP","B_mem",34,34,3,FALSE
0,1,NA,"hd_17","OP","B_mem",34,34,3,FALSE
0,1,NA,"hd_18","OP","B_mem",34,34,3,FALSE
0,1,NA,"hd_19","OP","B_mem",34,34,3,FALSE
0,1,NA,"hd_2","OP","B_mem",34,34,3,FALSE
0,1,NA,"hd_20","OP","B_mem",34,34,3,FALSE
0.0962253451869243,0.903774654813076,NA,"hd_21","OP","B_mem",34,34,3,FALSE
0,1,NA,"hd_22","OP","B_mem",34,34,3,FALSE
0.0299919620253732,0.970008037974627,NA,"hd_23","OP","B_mem",34,34,3,FALSE
6.72643616863034e-18,1,NA,"hd_24","OP","B_mem",34,34,3,FALSE
0,1,NA,"hd_25","OP","B_mem",34,34,3,FALSE
0,1,NA,"hd_3","OP","B_mem",34,34,3,FALSE
0,1,NA,"hd_4","OP","B_mem",34,34,3,FALSE
5.39323916344702e-17,1,NA,"hd_5","OP","B_mem",34,34,3,FALSE
0,1,NA,"hd_6","OP","B_mem",34,34,3,FALSE
0.0112754981011337,0.988724501898866,NA,"hd_7","OP","B_mem",34,34,3,FALSE
8.8652825170901e-17,1,NA,"hd_8","OP","B_mem",34,34,3,FALSE
0,1,NA,"hd_9","OP","B_mem",34,34,3,FALSE
0,1,NA,"hen1","OP","B_mem",34,34,3,FALSE
0,1,NA,"hic_1","OP","B_mem",34,34,3,FALSE
0.0116540670795771,0.988345932920423,NA,"hic_2","OP","B_mem",34,34,3,FALSE
0,1,NA,"hif","OP","B_mem",34,34,3,FALSE
0.137573340035714,0.862426659964286,NA,"hinfp1_1","OP","B_mem",34,34,3,FALSE
0,1,NA,"hinfp1_2","OP","B_mem",34,34,3,FALSE
0,1,NA,"hinfp1_3","OP","B_mem",34,34,3,FALSE
0,1,NA,"hltf","OP","B_mem",34,34,3,FALSE
0,1,NA,"homez","OP","B_mem",34,34,3,FALSE
0,1,NA,"hsf","OP","B_mem",34,34,3,FALSE
0,1,NA,"hsfy2","OP","B_mem",34,34,3,FALSE
2.95071765943395e-05,0.999970492823406,NA,"insm1","OP","B_mem",34,34,3,FALSE
0,1,NA,"irf_1","OP","B_mem",34,34,3,FALSE
0,1,NA,"irf_2","OP","B_mem",34,34,3,FALSE
0,1,NA,"irf_3","OP","B_mem",34,34,3,FALSE
0,1,NA,"irf_4","OP","B_mem",34,34,3,FALSE
0.122877759498095,0.877122240501905,NA,"kaiso","OP","B_mem",34,34,3,FALSE
1.59344773606154e-15,0.999999999999998,NA,"klf_sp_1","OP","B_mem",34,34,3,FALSE
0,1,NA,"klf_sp_2","OP","B_mem",34,34,3,FALSE
0.128556883537742,0.871443116462258,NA,"klf_sp_3","OP","B_mem",34,34,3,FALSE
0,1,NA,"lef1","OP","B_mem",34,34,3,FALSE
0,1,NA,"lin54","OP","B_mem",34,34,3,FALSE
0,1,NA,"maf","OP","B_mem",34,34,3,FALSE
0,1,NA,"mbd2","OP","B_mem",34,34,3,FALSE
0,1,NA,"mecp2","OP","B_mem",34,34,3,FALSE
0,1,NA,"mef2","OP","B_mem",34,34,3,FALSE
0.154086804692717,0.845913195307283,NA,"mfz1","OP","B_mem",34,34,3,FALSE
0,1,NA,"mies","OP","B_mem",34,34,3,FALSE
0,1,NA,"mtf1","OP","B_mem",34,34,3,FALSE
0,1,NA,"myb_1","OP","B_mem",34,34,3,FALSE
0,1,NA,"myb_2","OP","B_mem",34,34,3,FALSE
0,1,NA,"myb_3","OP","B_mem",34,34,3,FALSE
0,1,NA,"myb_4","OP","B_mem",34,34,3,FALSE
0,1,NA,"myb_5","OP","B_mem",34,34,3,FALSE
0,1,NA,"mzf1","OP","B_mem",34,34,3,FALSE
0,1,NA,"nfac_2","OP","B_mem",34,34,3,FALSE
0,1,NA,"nfat_1","OP","B_mem",34,34,3,FALSE
0,1,NA,"nfat_2","OP","B_mem",34,34,3,FALSE
0,1,NA,"nfat_3","OP","B_mem",34,34,3,FALSE
0,1,NA,"nfat_4","OP","B_mem",34,34,3,FALSE
0.0553258817765894,0.944674118223411,NA,"nfi_1","OP","B_mem",34,34,3,FALSE
0,1,NA,"nfi_2","OP","B_mem",34,34,3,FALSE
0,1,NA,"nfi_3","OP","B_mem",34,34,3,FALSE
0,1,NA,"nfkb_1","OP","B_mem",34,34,3,FALSE
0,1,NA,"nfkb_2","OP","B_mem",34,34,3,FALSE
0.0644040418791563,0.935595958120844,NA,"nfkb_3","OP","B_mem",34,34,3,FALSE
0,1,NA,"nfy","OP","B_mem",34,34,3,FALSE
0,1,NA,"nr_1","OP","B_mem",34,34,3,FALSE
0,1,NA,"nr_10","OP","B_mem",34,34,3,FALSE
0,1,NA,"nr_11","OP","B_mem",34,34,3,FALSE
0.0744639468745295,0.92553605312547,NA,"nr_12","OP","B_mem",34,34,3,FALSE
0.0175140468867331,0.982485953113267,NA,"nr_13","OP","B_mem",34,34,3,FALSE
0.0374977490619372,0.962502250938063,NA,"nr_14","OP","B_mem",34,34,3,FALSE
0,1,NA,"nr_15","OP","B_mem",34,34,3,FALSE
0,1,NA,"nr_16","OP","B_mem",34,34,3,FALSE
0,1,NA,"nr_17","OP","B_mem",34,34,3,FALSE
0.0452668433138601,0.95473315668614,NA,"nr_18","OP","B_mem",34,34,3,FALSE
0,1,NA,"nr_19","OP","B_mem",34,34,3,FALSE
0,1,NA,"nr_2","OP","B_mem",34,34,3,FALSE
0,1,NA,"nr_20","OP","B_mem",34,34,3,FALSE
0,1,NA,"nr_3","OP","B_mem",34,34,3,FALSE
0,1,NA,"nr_4","OP","B_mem",34,34,3,FALSE
0,1,NA,"nr_5","OP","B_mem",34,34,3,FALSE
0,1,NA,"nr_6","OP","B_mem",34,34,3,FALSE
0,1,NA,"nr_7","OP","B_mem",34,34,3,FALSE
0,1,NA,"nr_8","OP","B_mem",34,34,3,FALSE
0,1,NA,"nr_9","OP","B_mem",34,34,3,FALSE
0,1,NA,"nr2e3","OP","B_mem",34,34,3,FALSE
0.0872679238456414,0.912732076154359,NA,"nrf1","OP","B_mem",34,34,3,FALSE
0,1,NA,"oct4sox2","OP","B_mem",34,34,3,FALSE
0,1,NA,"osr2","OP","B_mem",34,34,3,FALSE
0,1,NA,"ovol1","OP","B_mem",34,34,3,FALSE
0,1,NA,"p53_like_1","OP","B_mem",34,34,3,FALSE
0.13665913533899,0.863340864661009,NA,"p53_like_2","OP","B_mem",34,34,3,FALSE
0,1,NA,"p53_like_3","OP","B_mem",34,34,3,FALSE
0,1,NA,"pax_halfsite","OP","B_mem",34,34,3,FALSE
0,1,NA,"pax_1","OP","B_mem",34,34,3,FALSE
0,1,NA,"pax_2","OP","B_mem",34,34,3,FALSE
0,1,NA,"plag1","OP","B_mem",34,34,3,FALSE
0,1,NA,"pou_1","OP","B_mem",34,34,3,FALSE
2.16386972829413e-16,1,NA,"pou_2","OP","B_mem",34,34,3,FALSE
0.0848863657953474,0.915113634204653,NA,"pou_3","OP","B_mem",34,34,3,FALSE
0,1,NA,"prdm1","OP","B_mem",34,34,3,FALSE
0,1,NA,"prdm14","OP","B_mem",34,34,3,FALSE
0.00693632498340435,0.993063675016596,NA,"prdm16","OP","B_mem",34,34,3,FALSE
0,1,NA,"prdm4","OP","B_mem",34,34,3,FALSE
0,1,NA,"prdm5","OP","B_mem",34,34,3,FALSE
0,1,NA,"prdm9","OP","B_mem",34,34,3,FALSE
0.129100459805168,0.870899540194832,NA,"prox1","OP","B_mem",34,34,3,FALSE
0,1,NA,"rbpj","OP","B_mem",34,34,3,FALSE
0,1,NA,"rel_halfsite","OP","B_mem",34,34,3,FALSE
0,1,NA,"rest_nrsf","OP","B_mem",34,34,3,FALSE
0,1,NA,"rfx_1","OP","B_mem",34,34,3,FALSE
0,1,NA,"rfx_2","OP","B_mem",34,34,3,FALSE
0.127901323932523,0.872098676067477,NA,"rfx_3","OP","B_mem",34,34,3,FALSE
0,1,NA,"runx_1","OP","B_mem",34,34,3,FALSE
0,1,NA,"runx_2","OP","B_mem",34,34,3,FALSE
0,1,NA,"scrt1","OP","B_mem",34,34,3,FALSE
0.0564938515646583,0.943506148435342,NA,"six_1","OP","B_mem",34,34,3,FALSE
0,1,NA,"six_2","OP","B_mem",34,34,3,FALSE
0,1,NA,"smad","OP","B_mem",34,34,3,FALSE
0,1,NA,"smad_1","OP","B_mem",34,34,3,FALSE
0,1,NA,"smad_2","OP","B_mem",34,34,3,FALSE
0,1,NA,"smarca1","OP","B_mem",34,34,3,FALSE
0,1,NA,"smarca5","OP","B_mem",34,34,3,FALSE
0,1,NA,"snai2","OP","B_mem",34,34,3,FALSE
0.00457273247231064,0.995427267527689,NA,"sox_1","OP","B_mem",34,34,3,FALSE
2.21901433831331e-17,1,NA,"sox_2","OP","B_mem",34,34,3,FALSE
0,1,NA,"sox_3","OP","B_mem",34,34,3,FALSE
0.0141370479450894,0.985862952054911,NA,"sox_4","OP","B_mem",34,34,3,FALSE
0,1,NA,"sox_5","OP","B_mem",34,34,3,FALSE
0.0177028204900284,0.982297179509972,NA,"sox_6","OP","B_mem",34,34,3,FALSE
0,1,NA,"sox_7","OP","B_mem",34,34,3,FALSE
0.0123447304026025,0.987655269597398,NA,"sox_8","OP","B_mem",34,34,3,FALSE
0.00156232401881702,0.998437675981183,NA,"spdef_1","OP","B_mem",34,34,3,FALSE
0,1,NA,"spdef_2","OP","B_mem",34,34,3,FALSE
0,1,NA,"spi","OP","B_mem",34,34,3,FALSE
0,1,NA,"spz1","OP","B_mem",34,34,3,FALSE
0.0230536712540514,0.976946328745949,NA,"srebf1","OP","B_mem",34,34,3,FALSE
0,1,NA,"srf","OP","B_mem",34,34,3,FALSE
0,1,NA,"stat_1","OP","B_mem",34,34,3,FALSE
0,1,NA,"stat_2","OP","B_mem",34,34,3,FALSE
0,1,NA,"tata","OP","B_mem",34,34,3,FALSE
0,1,NA,"tbx_1","OP","B_mem",34,34,3,FALSE
0,1,NA,"tbx_2","OP","B_mem",34,34,3,FALSE
0,1,NA,"tbx_3","OP","B_mem",34,34,3,FALSE
0,1,NA,"tbx_4","OP","B_mem",34,34,3,FALSE
0,1,NA,"tcf_lef","OP","B_mem",34,34,3,FALSE
0,1,NA,"tead","OP","B_mem",34,34,3,FALSE
0,1,NA,"tfap2_1","OP","B_mem",34,34,3,FALSE
0.0242884767124259,0.975711523287574,NA,"tfap2_2","OP","B_mem",34,34,3,FALSE
0,1,NA,"tfcp2","OP","B_mem",34,34,3,FALSE
1.88470596051887e-16,1,NA,"thap1","OP","B_mem",34,34,3,FALSE
0.0310415308356627,0.968958469164337,NA,"yy1","OP","B_mem",34,34,3,FALSE
0,1,NA,"zbed1","OP","B_mem",34,34,3,FALSE
0.158001204091362,0.841998795908638,NA,"zbtb14","OP","B_mem",34,34,3,FALSE
0,1,NA,"zbtb48","OP","B_mem",34,34,3,FALSE
0,1,NA,"zbtb49","OP","B_mem",34,34,3,FALSE
0,1,NA,"zbtb6","OP","B_mem",34,34,3,FALSE
7.83683754632672e-18,1,NA,"zbtb7a","OP","B_mem",34,34,3,FALSE
0,1,NA,"zfn121","OP","B_mem",34,34,3,FALSE
0,1,NA,"zfx","OP","B_mem",34,34,3,FALSE
0,1,NA,"zic","OP","B_mem",34,34,3,FALSE
0.0626833430981584,0.937316656901842,NA,"zic_2","OP","B_mem",34,34,3,FALSE
0.00204891777889059,0.997951082221109,NA,"zim3","OP","B_mem",34,34,3,FALSE
0,1,NA,"zkscan1","OP","B_mem",34,34,3,FALSE
0,1,NA,"znf134","OP","B_mem",34,34,3,FALSE
0,1,NA,"znf136","OP","B_mem",34,34,3,FALSE
0,1,NA,"znf140","OP","B_mem",34,34,3,FALSE
0,1,NA,"znf143","OP","B_mem",34,34,3,FALSE
0.0383786565163739,0.961621343483626,NA,"znf143_1","OP","B_mem",34,34,3,FALSE
0,1,NA,"znf146","OP","B_mem",34,34,3,FALSE
1.16711558951973e-17,1,NA,"znf232","OP","B_mem",34,34,3,FALSE
0,1,NA,"znf24","OP","B_mem",34,34,3,FALSE
0,1,NA,"znf250","OP","B_mem",34,34,3,FALSE
0,1,NA,"znf257","OP","B_mem",34,34,3,FALSE
0,1,NA,"znf274","OP","B_mem",34,34,3,FALSE
0,1,NA,"znf28","OP","B_mem",34,34,3,FALSE
0,1,NA,"znf282","OP","B_mem",34,34,3,FALSE
0,1,NA,"znf306","OP","B_mem",34,34,3,FALSE
0,1,NA,"znf317","OP","B_mem",34,34,3,FALSE
0.0220693852278916,0.977930614772108,NA,"znf320","OP","B_mem",34,34,3,FALSE
0.150265944174314,0.849734055825686,NA,"znf324","OP","B_mem",34,34,3,FALSE
0,1,NA,"znf329","OP","B_mem",34,34,3,FALSE
0,1,NA,"znf331","OP","B_mem",34,34,3,FALSE
0,1,NA,"znf332","OP","B_mem",34,34,3,FALSE
0,1,NA,"znf335","OP","B_mem",34,34,3,FALSE
0.0336968427529436,0.966303157247056,NA,"znf354","OP","B_mem",34,34,3,FALSE
0,1,NA,"znf382","OP","B_mem",34,34,3,FALSE
0,1,NA,"znf384_1","OP","B_mem",34,34,3,FALSE
0,1,NA,"znf384_2","OP","B_mem",34,34,3,FALSE
0,1,NA,"znf41","OP","B_mem",34,34,3,FALSE
0,1,NA,"znf410","OP","B_mem",34,34,3,FALSE
0,1,NA,"znf418","OP","B_mem",34,34,3,FALSE
0,1,NA,"znf423","OP","B_mem",34,34,3,FALSE
0,1,NA,"znf431","OP","B_mem",34,34,3,FALSE
0,1,NA,"znf435","OP","B_mem",34,34,3,FALSE
0,1,NA,"znf436","OP","B_mem",34,34,3,FALSE
0,1,NA,"znf449","OP","B_mem",34,34,3,FALSE
0,1,NA,"znf490","OP","B_mem",34,34,3,FALSE
0,1,NA,"znf524","OP","B_mem",34,34,3,FALSE
0,1,NA,"znf528","OP","B_mem",34,34,3,FALSE
0,1,NA,"znf53","OP","B_mem",34,34,3,FALSE
0,1,NA,"znf547","OP","B_mem",34,34,3,FALSE
0,1,NA,"znf549","OP","B_mem",34,34,3,FALSE
0,1,NA,"znf554","OP","B_mem",34,34,3,FALSE
0,1,NA,"znf563","OP","B_mem",34,34,3,FALSE
0,1,NA,"znf57","OP","B_mem",34,34,3,FALSE
0,1,NA,"znf586","OP","B_mem",34,34,3,FALSE
0,1,NA,"znf652","OP","B_mem",34,34,3,FALSE
0,1,NA,"znf667","OP","B_mem",34,34,3,FALSE
0,1,NA,"znf680","OP","B_mem",34,34,3,FALSE
0,1,NA,"znf708","OP","B_mem",34,34,3,FALSE
0,1,NA,"znf713","OP","B_mem",34,34,3,FALSE
7.99376661275338e-18,1,NA,"znf768","OP","B_mem",34,34,3,FALSE
0,1,NA,"znf784","OP","B_mem",34,34,3,FALSE
0,1,NA,"znf85","OP","B_mem",34,34,3,FALSE
3.38566020617555e-17,1,NA,"znf85_1","OP","B_mem",34,34,3,FALSE
0,1,NA,"zscan3","OP","B_mem",34,34,3,FALSE
0,1,NA,"zscan4","OP","B_mem",34,34,3,FALSE
0,1,NA,"ahr","OP","B_naive",34,34,3,FALSE
0,1,NA,"aire","OP","B_naive",34,34,3,FALSE
0,1,NA,"ap1_1","OP","B_naive",34,34,3,FALSE
0,1,NA,"ap1_2","OP","B_naive",34,34,3,FALSE
0.0284902984975114,0.971509701502488,NA,"ari5a","OP","B_naive",34,34,3,FALSE
0,1,NA,"ari5b","OP","B_naive",34,34,3,FALSE
0.169765726386248,0.830234273613752,NA,"batf","OP","B_naive",34,34,3,FALSE
0,1,NA,"bcl6_1","OP","B_naive",34,34,3,FALSE
0,1,NA,"bcl6_2","OP","B_naive",34,34,3,FALSE
0,1,NA,"ccaat_cebp","OP","B_naive",34,34,3,FALSE
0.106981159161578,0.893018840838422,NA,"cenbp","OP","B_naive",34,34,3,FALSE
0,1,NA,"cpeb1","OP","B_naive",34,34,3,FALSE
0,1,NA,"creb_atf_1","OP","B_naive",34,34,3,FALSE
0,1,NA,"creb_atf_2","OP","B_naive",34,34,3,FALSE
0,1,NA,"creb_atf_3","OP","B_naive",34,34,3,FALSE
0,1,NA,"creb3_xbp1","OP","B_naive",34,34,3,FALSE
0.0149682358361797,0.98503176416382,NA,"ctcf","OP","B_naive",34,34,3,FALSE
0,1,NA,"cux_1","OP","B_naive",34,34,3,FALSE
0,1,NA,"cux_2","OP","B_naive",34,34,3,FALSE
0,1,NA,"cux_3","OP","B_naive",34,34,3,FALSE
0,1,NA,"cux_4","OP","B_naive",34,34,3,FALSE
0,1,NA,"ddit3cebpa","OP","B_naive",34,34,3,FALSE
0,1,NA,"dmrt1","OP","B_naive",34,34,3,FALSE
0,1,NA,"dmrt3","OP","B_naive",34,34,3,FALSE
0,1,NA,"e2f_1","OP","B_naive",34,34,3,FALSE
0,1,NA,"e2f_2","OP","B_naive",34,34,3,FALSE
0,1,NA,"e2f_3","OP","B_naive",34,34,3,FALSE
0.0370808544466094,0.962919145553391,NA,"e2f_4","OP","B_naive",34,34,3,FALSE
0,1,NA,"ebf1","OP","B_naive",34,34,3,FALSE
0,1,NA,"ebox_cacctg","OP","B_naive",34,34,3,FALSE
0,1,NA,"ebox_cacgtg_1","OP","B_naive",34,34,3,FALSE
0,1,NA,"ebox_cacgtg_2","OP","B_naive",34,34,3,FALSE
0,1,NA,"ebox_cagatgg","OP","B_naive",34,34,3,FALSE
0,1,NA,"ebox_cagctg","OP","B_naive",34,34,3,FALSE
0,1,NA,"ebox_catatg","OP","B_naive",34,34,3,FALSE
0,1,NA,"egr","OP","B_naive",34,34,3,FALSE
0.069450131226148,0.930549868773852,NA,"ets_1","OP","B_naive",34,34,3,FALSE
0,1,NA,"ets_2","OP","B_naive",34,34,3,FALSE
0,1,NA,"evi1_mecom","OP","B_naive",34,34,3,FALSE
0,1,NA,"ewsr1_fli1","OP","B_naive",34,34,3,FALSE
0,1,NA,"fezf1","OP","B_naive",34,34,3,FALSE
0,1,NA,"fox_1","OP","B_naive",34,34,3,FALSE
0.173122777951252,0.826877222048748,NA,"fox_2","OP","B_naive",34,34,3,FALSE
0,1,NA,"fox_3","OP","B_naive",34,34,3,FALSE
0.0152619730234995,0.984738026976501,NA,"fox_4","OP","B_naive",34,34,3,FALSE
0,1,NA,"fox_5","OP","B_naive",34,34,3,FALSE
0,1,NA,"fox_6","OP","B_naive",34,34,3,FALSE
0,1,NA,"fox_7","OP","B_naive",34,34,3,FALSE
6.97876321089917e-18,1,NA,"fox_8","OP","B_naive",34,34,3,FALSE
0,1,NA,"fox_9","OP","B_naive",34,34,3,FALSE
7.4725026263067e-18,1,NA,"gata","OP","B_naive",34,34,3,FALSE
0,1,NA,"gc_tract","OP","B_naive",34,34,3,FALSE
0,1,NA,"gcm","OP","B_naive",34,34,3,FALSE
0,1,NA,"gfi","OP","B_naive",34,34,3,FALSE
0.0425503290541257,0.957449670945874,NA,"gli","OP","B_naive",34,34,3,FALSE
0,1,NA,"glis","OP","B_naive",34,34,3,FALSE
0,1,NA,"gmeb2_1","OP","B_naive",34,34,3,FALSE
3.99796578373276e-17,1,NA,"gmeb2_2","OP","B_naive",34,34,3,FALSE
0,1,NA,"gmeb2_3","OP","B_naive",34,34,3,FALSE
0,1,NA,"grhl","OP","B_naive",34,34,3,FALSE
0,1,NA,"hand1","OP","B_naive",34,34,3,FALSE
0,1,NA,"hd_1","OP","B_naive",34,34,3,FALSE
0,1,NA,"hd_10","OP","B_naive",34,34,3,FALSE
0,1,NA,"hd_11","OP","B_naive",34,34,3,FALSE
0,1,NA,"hd_12","OP","B_naive",34,34,3,FALSE
0,1,NA,"hd_13","OP","B_naive",34,34,3,FALSE
0,1,NA,"hd_14","OP","B_naive",34,34,3,FALSE
0,1,NA,"hd_15","OP","B_naive",34,34,3,FALSE
0,1,NA,"hd_16","OP","B_naive",34,34,3,FALSE
0,1,NA,"hd_17","OP","B_naive",34,34,3,FALSE
0,1,NA,"hd_18","OP","B_naive",34,34,3,FALSE
0,1,NA,"hd_19","OP","B_naive",34,34,3,FALSE
0,1,NA,"hd_2","OP","B_naive",34,34,3,FALSE
0,1,NA,"hd_20","OP","B_naive",34,34,3,FALSE
0,1,NA,"hd_21","OP","B_naive",34,34,3,FALSE
0,1,NA,"hd_22","OP","B_naive",34,34,3,FALSE
0,1,NA,"hd_23","OP","B_naive",34,34,3,FALSE
0,1,NA,"hd_24","OP","B_naive",34,34,3,FALSE
0,1,NA,"hd_25","OP","B_naive",34,34,3,FALSE
0.0920585180602528,0.907941481939747,NA,"hd_3","OP","B_naive",34,34,3,FALSE
0,1,NA,"hd_4","OP","B_naive",34,34,3,FALSE
0.2753789528701,0.7246210471299,NA,"hd_5","OP","B_naive",34,34,3,FALSE
0,1,NA,"hd_6","OP","B_naive",34,34,3,FALSE
0,1,NA,"hd_7","OP","B_naive",34,34,3,FALSE
0,1,NA,"hd_8","OP","B_naive",34,34,3,FALSE
0.0239425714352287,0.976057428564771,NA,"hd_9","OP","B_naive",34,34,3,FALSE
0,1,NA,"hen1","OP","B_naive",34,34,3,FALSE
0.0700678335466639,0.929932166453336,NA,"hic_1","OP","B_naive",34,34,3,FALSE
0,1,NA,"hic_2","OP","B_naive",34,34,3,FALSE
0,1,NA,"hif","OP","B_naive",34,34,3,FALSE
0,1,NA,"hinfp1_1","OP","B_naive",34,34,3,FALSE
0,1,NA,"hinfp1_2","OP","B_naive",34,34,3,FALSE
0,1,NA,"hinfp1_3","OP","B_naive",34,34,3,FALSE
0,1,NA,"hltf","OP","B_naive",34,34,3,FALSE
0,1,NA,"homez","OP","B_naive",34,34,3,FALSE
0,1,NA,"hsf","OP","B_naive",34,34,3,FALSE
2.4118523927713e-16,1,NA,"hsfy2","OP","B_naive",34,34,3,FALSE
0.0630280338542612,0.936971966145739,NA,"insm1","OP","B_naive",34,34,3,FALSE
0,1,NA,"irf_1","OP","B_naive",34,34,3,FALSE
0,1,NA,"irf_2","OP","B_naive",34,34,3,FALSE
0,1,NA,"irf_3","OP","B_naive",34,34,3,FALSE
0,1,NA,"irf_4","OP","B_naive",34,34,3,FALSE
0.0798516169229095,0.92014838307709,NA,"kaiso","OP","B_naive",34,34,3,FALSE
0,1,NA,"klf_sp_1","OP","B_naive",34,34,3,FALSE
0,1,NA,"klf_sp_2","OP","B_naive",34,34,3,FALSE
0,1,NA,"klf_sp_3","OP","B_naive",34,34,3,FALSE
0,1,NA,"lef1","OP","B_naive",34,34,3,FALSE
0.0449018839643734,0.955098116035627,NA,"lin54","OP","B_naive",34,34,3,FALSE
0,1,NA,"maf","OP","B_naive",34,34,3,FALSE
0.0228699204870362,0.977130079512964,NA,"mbd2","OP","B_naive",34,34,3,FALSE
0,1,NA,"mecp2","OP","B_naive",34,34,3,FALSE
0,1,NA,"mef2","OP","B_naive",34,34,3,FALSE
0.140359395083036,0.859640604916964,NA,"mfz1","OP","B_naive",34,34,3,FALSE
0,1,NA,"mies","OP","B_naive",34,34,3,FALSE
0,1,NA,"mtf1","OP","B_naive",34,34,3,FALSE
0,1,NA,"myb_1","OP","B_naive",34,34,3,FALSE
0,1,NA,"myb_2","OP","B_naive",34,34,3,FALSE
0,1,NA,"myb_3","OP","B_naive",34,34,3,FALSE
0,1,NA,"myb_4","OP","B_naive",34,34,3,FALSE
0,1,NA,"myb_5","OP","B_naive",34,34,3,FALSE
0.0712608915565726,0.928739108443427,NA,"mzf1","OP","B_naive",34,34,3,FALSE
0,1,NA,"nfac_2","OP","B_naive",34,34,3,FALSE
0,1,NA,"nfat_1","OP","B_naive",34,34,3,FALSE
0,1,NA,"nfat_2","OP","B_naive",34,34,3,FALSE
0,1,NA,"nfat_3","OP","B_naive",34,34,3,FALSE
0,1,NA,"nfat_4","OP","B_naive",34,34,3,FALSE
0,1,NA,"nfi_1","OP","B_naive",34,34,3,FALSE
0,1,NA,"nfi_2","OP","B_naive",34,34,3,FALSE
0,1,NA,"nfi_3","OP","B_naive",34,34,3,FALSE
0,1,NA,"nfkb_1","OP","B_naive",34,34,3,FALSE
0,1,NA,"nfkb_2","OP","B_naive",34,34,3,FALSE
0.167138306004505,0.832861693995495,NA,"nfkb_3","OP","B_naive",34,34,3,FALSE
0,1,NA,"nfy","OP","B_naive",34,34,3,FALSE
0.0138105750292393,0.986189424970761,NA,"nr_1","OP","B_naive",34,34,3,FALSE
0,1,NA,"nr_10","OP","B_naive",34,34,3,FALSE
1.42920734537555e-15,0.999999999999999,NA,"nr_11","OP","B_naive",34,34,3,FALSE
0.0415517395954238,0.958448260404576,NA,"nr_12","OP","B_naive",34,34,3,FALSE
0,1,NA,"nr_13","OP","B_naive",34,34,3,FALSE
0.00917193971944401,0.990828060280556,NA,"nr_14","OP","B_naive",34,34,3,FALSE
0.11176903166857,0.88823096833143,NA,"nr_15","OP","B_naive",34,34,3,FALSE
0.0174690610966602,0.98253093890334,NA,"nr_16","OP","B_naive",34,34,3,FALSE
0.0172634902774016,0.982736509722598,NA,"nr_17","OP","B_naive",34,34,3,FALSE
0.100684766957702,0.899315233042298,NA,"nr_18","OP","B_naive",34,34,3,FALSE
0,1,NA,"nr_19","OP","B_naive",34,34,3,FALSE
0,1,NA,"nr_2","OP","B_naive",34,34,3,FALSE
0,1,NA,"nr_20","OP","B_naive",34,34,3,FALSE
0.0717284435159691,0.928271556484031,NA,"nr_3","OP","B_naive",34,34,3,FALSE
0,1,NA,"nr_4","OP","B_naive",34,34,3,FALSE
0.0502095976456874,0.949790402354313,NA,"nr_5","OP","B_naive",34,34,3,FALSE
0,1,NA,"nr_6","OP","B_naive",34,34,3,FALSE
0,1,NA,"nr_7","OP","B_naive",34,34,3,FALSE
0,1,NA,"nr_8","OP","B_naive",34,34,3,FALSE
0,1,NA,"nr_9","OP","B_naive",34,34,3,FALSE
0,1,NA,"nr2e3","OP","B_naive",34,34,3,FALSE
0.151715302034904,0.848284697965096,NA,"nrf1","OP","B_naive",34,34,3,FALSE
0,1,NA,"oct4sox2","OP","B_naive",34,34,3,FALSE
0,1,NA,"osr2","OP","B_naive",34,34,3,FALSE
0,1,NA,"ovol1","OP","B_naive",34,34,3,FALSE
0.000949150545302447,0.999050849454697,NA,"p53_like_1","OP","B_naive",34,34,3,FALSE
0,1,NA,"p53_like_2","OP","B_naive",34,34,3,FALSE
0.0203134892164351,0.979686510783565,NA,"p53_like_3","OP","B_naive",34,34,3,FALSE
0,1,NA,"pax_halfsite","OP","B_naive",34,34,3,FALSE
0,1,NA,"pax_1","OP","B_naive",34,34,3,FALSE
0,1,NA,"pax_2","OP","B_naive",34,34,3,FALSE
0,1,NA,"plag1","OP","B_naive",34,34,3,FALSE
0,1,NA,"pou_1","OP","B_naive",34,34,3,FALSE
0,1,NA,"pou_2","OP","B_naive",34,34,3,FALSE
0,1,NA,"pou_3","OP","B_naive",34,34,3,FALSE
0,1,NA,"prdm1","OP","B_naive",34,34,3,FALSE
0,1,NA,"prdm14","OP","B_naive",34,34,3,FALSE
0,1,NA,"prdm16","OP","B_naive",34,34,3,FALSE
0,1,NA,"prdm4","OP","B_naive",34,34,3,FALSE
3.03465173277297e-17,1,NA,"prdm5","OP","B_naive",34,34,3,FALSE
0,1,NA,"prdm9","OP","B_naive",34,34,3,FALSE
0,1,NA,"prox1","OP","B_naive",34,34,3,FALSE
0,1,NA,"rbpj","OP","B_naive",34,34,3,FALSE
0.124129894899463,0.875870105100537,NA,"rel_halfsite","OP","B_naive",34,34,3,FALSE
0,1,NA,"rest_nrsf","OP","B_naive",34,34,3,FALSE
0,1,NA,"rfx_1","OP","B_naive",34,34,3,FALSE
0,1,NA,"rfx_2","OP","B_naive",34,34,3,FALSE
0,1,NA,"rfx_3","OP","B_naive",34,34,3,FALSE
0,1,NA,"runx_1","OP","B_naive",34,34,3,FALSE
0,1,NA,"runx_2","OP","B_naive",34,34,3,FALSE
0.0739425650833562,0.926057434916644,NA,"scrt1","OP","B_naive",34,34,3,FALSE
0.241116333024849,0.758883666975151,NA,"six_1","OP","B_naive",34,34,3,FALSE
0,1,NA,"six_2","OP","B_naive",34,34,3,FALSE
0,1,NA,"smad","OP","B_naive",34,34,3,FALSE
0,1,NA,"smad_1","OP","B_naive",34,34,3,FALSE
0,1,NA,"smad_2","OP","B_naive",34,34,3,FALSE
0,1,NA,"smarca1","OP","B_naive",34,34,3,FALSE
0,1,NA,"smarca5","OP","B_naive",34,34,3,FALSE
0,1,NA,"snai2","OP","B_naive",34,34,3,FALSE
0.058155694228657,0.941844305771343,NA,"sox_1","OP","B_naive",34,34,3,FALSE
0,1,NA,"sox_2","OP","B_naive",34,34,3,FALSE
0,1,NA,"sox_3","OP","B_naive",34,34,3,FALSE
0.0157389006595017,0.984261099340498,NA,"sox_4","OP","B_naive",34,34,3,FALSE
0,1,NA,"sox_5","OP","B_naive",34,34,3,FALSE
0,1,NA,"sox_6","OP","B_naive",34,34,3,FALSE
0,1,NA,"sox_7","OP","B_naive",34,34,3,FALSE
0,1,NA,"sox_8","OP","B_naive",34,34,3,FALSE
0,1,NA,"spdef_1","OP","B_naive",34,34,3,FALSE
0,1,NA,"spdef_2","OP","B_naive",34,34,3,FALSE
0,1,NA,"spi","OP","B_naive",34,34,3,FALSE
0,1,NA,"spz1","OP","B_naive",34,34,3,FALSE
0,1,NA,"srebf1","OP","B_naive",34,34,3,FALSE
0,1,NA,"srf","OP","B_naive",34,34,3,FALSE
0.00789121200976141,0.992108787990238,NA,"stat_1","OP","B_naive",34,34,3,FALSE
0,1,NA,"stat_2","OP","B_naive",34,34,3,FALSE
0,1,NA,"tata","OP","B_naive",34,34,3,FALSE
0,1,NA,"tbx_1","OP","B_naive",34,34,3,FALSE
0,1,NA,"tbx_2","OP","B_naive",34,34,3,FALSE
0,1,NA,"tbx_3","OP","B_naive",34,34,3,FALSE
0,1,NA,"tbx_4","OP","B_naive",34,34,3,FALSE
0,1,NA,"tcf_lef","OP","B_naive",34,34,3,FALSE
0,1,NA,"tead","OP","B_naive",34,34,3,FALSE
0.0288094833718858,0.971190516628114,NA,"tfap2_1","OP","B_naive",34,34,3,FALSE
0.168868409517527,0.831131590482473,NA,"tfap2_2","OP","B_naive",34,34,3,FALSE
0,1,NA,"tfcp2","OP","B_naive",34,34,3,FALSE
0,1,NA,"thap1","OP","B_naive",34,34,3,FALSE
0.00331892298010555,0.996681077019895,NA,"yy1","OP","B_naive",34,34,3,FALSE
0,1,NA,"zbed1","OP","B_naive",34,34,3,FALSE
0.0386653301729274,0.961334669827073,NA,"zbtb14","OP","B_naive",34,34,3,FALSE
0,1,NA,"zbtb48","OP","B_naive",34,34,3,FALSE
0,1,NA,"zbtb49","OP","B_naive",34,34,3,FALSE
0,1,NA,"zbtb6","OP","B_naive",34,34,3,FALSE
0.0811613202037469,0.918838679796253,NA,"zbtb7a","OP","B_naive",34,34,3,FALSE
0,1,NA,"zfn121","OP","B_naive",34,34,3,FALSE
0,1,NA,"zfx","OP","B_naive",34,34,3,FALSE
0.00742305530766631,0.992576944692334,NA,"zic","OP","B_naive",34,34,3,FALSE
0.0987840743676483,0.901215925632352,NA,"zic_2","OP","B_naive",34,34,3,FALSE
0,1,NA,"zim3","OP","B_naive",34,34,3,FALSE
0,1,NA,"zkscan1","OP","B_naive",34,34,3,FALSE
0,1,NA,"znf134","OP","B_naive",34,34,3,FALSE
0,1,NA,"znf136","OP","B_naive",34,34,3,FALSE
0,1,NA,"znf140","OP","B_naive",34,34,3,FALSE
0.123004373956847,0.876995626043153,NA,"znf143","OP","B_naive",34,34,3,FALSE
0.0948597608194667,0.905140239180533,NA,"znf143_1","OP","B_naive",34,34,3,FALSE
0,1,NA,"znf146","OP","B_naive",34,34,3,FALSE
0,1,NA,"znf232","OP","B_naive",34,34,3,FALSE
0,1,NA,"znf24","OP","B_naive",34,34,3,FALSE
0,1,NA,"znf250","OP","B_naive",34,34,3,FALSE
0,1,NA,"znf257","OP","B_naive",34,34,3,FALSE
0,1,NA,"znf274","OP","B_naive",34,34,3,FALSE
0.0864352706040937,0.913564729395906,NA,"znf28","OP","B_naive",34,34,3,FALSE
7.81908127989694e-18,1,NA,"znf282","OP","B_naive",34,34,3,FALSE
0,1,NA,"znf306","OP","B_naive",34,34,3,FALSE
0,1,NA,"znf317","OP","B_naive",34,34,3,FALSE
0.0391389289762745,0.960861071023726,NA,"znf320","OP","B_naive",34,34,3,FALSE
0,1,NA,"znf324","OP","B_naive",34,34,3,FALSE
0,1,NA,"znf329","OP","B_naive",34,34,3,FALSE
0,1,NA,"znf331","OP","B_naive",34,34,3,FALSE
0.0265644160137786,0.973435583986221,NA,"znf332","OP","B_naive",34,34,3,FALSE
0,1,NA,"znf335","OP","B_naive",34,34,3,FALSE
0,1,NA,"znf354","OP","B_naive",34,34,3,FALSE
0,1,NA,"znf382","OP","B_naive",34,34,3,FALSE
0,1,NA,"znf384_1","OP","B_naive",34,34,3,FALSE
0,1,NA,"znf384_2","OP","B_naive",34,34,3,FALSE
0,1,NA,"znf41","OP","B_naive",34,34,3,FALSE
0.0113060215673644,0.988693978432636,NA,"znf410","OP","B_naive",34,34,3,FALSE
0,1,NA,"znf418","OP","B_naive",34,34,3,FALSE
0.0359833882988136,0.964016611701186,NA,"znf423","OP","B_naive",34,34,3,FALSE
0.0171129303969351,0.982887069603065,NA,"znf431","OP","B_naive",34,34,3,FALSE
0,1,NA,"znf435","OP","B_naive",34,34,3,FALSE
0,1,NA,"znf436","OP","B_naive",34,34,3,FALSE
0,1,NA,"znf449","OP","B_naive",34,34,3,FALSE
0,1,NA,"znf490","OP","B_naive",34,34,3,FALSE
0.0424688498559779,0.957531150144022,NA,"znf524","OP","B_naive",34,34,3,FALSE
0,1,NA,"znf528","OP","B_naive",34,34,3,FALSE
0,1,NA,"znf53","OP","B_naive",34,34,3,FALSE
0,1,NA,"znf547","OP","B_naive",34,34,3,FALSE
0,1,NA,"znf549","OP","B_naive",34,34,3,FALSE
0,1,NA,"znf554","OP","B_naive",34,34,3,FALSE
0,1,NA,"znf563","OP","B_naive",34,34,3,FALSE
0,1,NA,"znf57","OP","B_naive",34,34,3,FALSE
0,1,NA,"znf586","OP","B_naive",34,34,3,FALSE
0,1,NA,"znf652","OP","B_naive",34,34,3,FALSE
0,1,NA,"znf667","OP","B_naive",34,34,3,FALSE
0,1,NA,"znf680","OP","B_naive",34,34,3,FALSE
0,1,NA,"znf708","OP","B_naive",34,34,3,FALSE
0,1,NA,"znf713","OP","B_naive",34,34,3,FALSE
0,1,NA,"znf768","OP","B_naive",34,34,3,FALSE
0,1,NA,"znf784","OP","B_naive",34,34,3,FALSE
0,1,NA,"znf85","OP","B_naive",34,34,3,FALSE
0.0165134393175927,0.983486560682407,NA,"znf85_1","OP","B_naive",34,34,3,FALSE
0.288433245269361,0.711566754730639,NA,"zscan3","OP","B_naive",34,34,3,FALSE
0,1,NA,"zscan4","OP","B_naive",34,34,3,FALSE
0,1,NA,"ahr","OP","DC",34,34,3,FALSE
0.106018686102397,0.893981313897603,NA,"aire","OP","DC",34,34,3,FALSE
0,1,NA,"ap1_1","OP","DC",34,34,3,FALSE
0.0207368413703328,0.979263158629667,NA,"ap1_2","OP","DC",34,34,3,FALSE
0,1,NA,"ari5a","OP","DC",34,34,3,FALSE
0,1,NA,"ari5b","OP","DC",34,34,3,FALSE
0,1,NA,"batf","OP","DC",34,34,3,FALSE
0,1,NA,"bcl6_1","OP","DC",34,34,3,FALSE
0,1,NA,"bcl6_2","OP","DC",34,34,3,FALSE
0,1,NA,"ccaat_cebp","OP","DC",34,34,3,FALSE
0,1,NA,"cenbp","OP","DC",34,34,3,FALSE
0.0112989129601405,0.988701087039859,NA,"cpeb1","OP","DC",34,34,3,FALSE
0,1,NA,"creb_atf_1","OP","DC",34,34,3,FALSE
0,1,NA,"creb_atf_2","OP","DC",34,34,3,FALSE
0,1,NA,"creb_atf_3","OP","DC",34,34,3,FALSE
0,1,NA,"creb3_xbp1","OP","DC",34,34,3,FALSE
0.0026023726073456,0.997397627392654,NA,"ctcf","OP","DC",34,34,3,FALSE
0,1,NA,"cux_1","OP","DC",34,34,3,FALSE
0.0286036468000577,0.971396353199942,NA,"cux_2","OP","DC",34,34,3,FALSE
0,1,NA,"cux_3","OP","DC",34,34,3,FALSE
0.0246664069970203,0.97533359300298,NA,"cux_4","OP","DC",34,34,3,FALSE
0,1,NA,"ddit3cebpa","OP","DC",34,34,3,FALSE
0,1,NA,"dmrt1","OP","DC",34,34,3,FALSE
3.70762888509697e-17,1,NA,"dmrt3","OP","DC",34,34,3,FALSE
0,1,NA,"e2f_1","OP","DC",34,34,3,FALSE
0,1,NA,"e2f_2","OP","DC",34,34,3,FALSE
0,1,NA,"e2f_3","OP","DC",34,34,3,FALSE
0,1,NA,"e2f_4","OP","DC",34,34,3,FALSE
0,1,NA,"ebf1","OP","DC",34,34,3,FALSE
0,1,NA,"ebox_cacctg","OP","DC",34,34,3,FALSE
0,1,NA,"ebox_cacgtg_1","OP","DC",34,34,3,FALSE
0.0520876400583533,0.947912359941647,NA,"ebox_cacgtg_2","OP","DC",34,34,3,FALSE
0,1,NA,"ebox_cagatgg","OP","DC",34,34,3,FALSE
0,1,NA,"ebox_cagctg","OP","DC",34,34,3,FALSE
0,1,NA,"ebox_catatg","OP","DC",34,34,3,FALSE
0,1,NA,"egr","OP","DC",34,34,3,FALSE
0,1,NA,"ets_1","OP","DC",34,34,3,FALSE
0,1,NA,"ets_2","OP","DC",34,34,3,FALSE
0,1,NA,"evi1_mecom","OP","DC",34,34,3,FALSE
0,1,NA,"ewsr1_fli1","OP","DC",34,34,3,FALSE
0,1,NA,"fezf1","OP","DC",34,34,3,FALSE
0,1,NA,"fox_1","OP","DC",34,34,3,FALSE
0,1,NA,"fox_2","OP","DC",34,34,3,FALSE
0,1,NA,"fox_3","OP","DC",34,34,3,FALSE
0,1,NA,"fox_4","OP","DC",34,34,3,FALSE
0,1,NA,"fox_5","OP","DC",34,34,3,FALSE
0,1,NA,"fox_6","OP","DC",34,34,3,FALSE
0,1,NA,"fox_7","OP","DC",34,34,3,FALSE
0,1,NA,"fox_8","OP","DC",34,34,3,FALSE
0,1,NA,"fox_9","OP","DC",34,34,3,FALSE
0.050108504028032,0.949891495971968,NA,"gata","OP","DC",34,34,3,FALSE
0,1,NA,"gc_tract","OP","DC",34,34,3,FALSE
0,1,NA,"gcm","OP","DC",34,34,3,FALSE
0,1,NA,"gfi","OP","DC",34,34,3,FALSE
0,1,NA,"gli","OP","DC",34,34,3,FALSE
0,1,NA,"glis","OP","DC",34,34,3,FALSE
0,1,NA,"gmeb2_1","OP","DC",34,34,3,FALSE
0,1,NA,"gmeb2_2","OP","DC",34,34,3,FALSE
0,1,NA,"gmeb2_3","OP","DC",34,34,3,FALSE
0,1,NA,"grhl","OP","DC",34,34,3,FALSE
0,1,NA,"hand1","OP","DC",34,34,3,FALSE
0,1,NA,"hd_1","OP","DC",34,34,3,FALSE
0,1,NA,"hd_10","OP","DC",34,34,3,FALSE
0,1,NA,"hd_11","OP","DC",34,34,3,FALSE
0.0403056496909771,0.959694350309023,NA,"hd_12","OP","DC",34,34,3,FALSE
0,1,NA,"hd_13","OP","DC",34,34,3,FALSE
0,1,NA,"hd_14","OP","DC",34,34,3,FALSE
0.0519343285384841,0.948065671461516,NA,"hd_15","OP","DC",34,34,3,FALSE
0,1,NA,"hd_16","OP","DC",34,34,3,FALSE
0,1,NA,"hd_17","OP","DC",34,34,3,FALSE
0,1,NA,"hd_18","OP","DC",34,34,3,FALSE
0,1,NA,"hd_19","OP","DC",34,34,3,FALSE
0.00558054801956349,0.994419451980436,NA,"hd_2","OP","DC",34,34,3,FALSE
0,1,NA,"hd_20","OP","DC",34,34,3,FALSE
0,1,NA,"hd_21","OP","DC",34,34,3,FALSE
0.02425675763296,0.97574324236704,NA,"hd_22","OP","DC",34,34,3,FALSE
0.0521479135818062,0.947852086418194,NA,"hd_23","OP","DC",34,34,3,FALSE
0,1,NA,"hd_24","OP","DC",34,34,3,FALSE
0,1,NA,"hd_25","OP","DC",34,34,3,FALSE
0,1,NA,"hd_3","OP","DC",34,34,3,FALSE
0,1,NA,"hd_4","OP","DC",34,34,3,FALSE
0,1,NA,"hd_5","OP","DC",34,34,3,FALSE
0,1,NA,"hd_6","OP","DC",34,34,3,FALSE
0.289474009384175,0.710525990615825,NA,"hd_7","OP","DC",34,34,3,FALSE
0,1,NA,"hd_8","OP","DC",34,34,3,FALSE
0,1,NA,"hd_9","OP","DC",34,34,3,FALSE
0,1,NA,"hen1","OP","DC",34,34,3,FALSE
0,1,NA,"hic_1","OP","DC",34,34,3,FALSE
0.0352409521371187,0.964759047862881,NA,"hic_2","OP","DC",34,34,3,FALSE
0,1,NA,"hif","OP","DC",34,34,3,FALSE
0,1,NA,"hinfp1_1","OP","DC",34,34,3,FALSE
0,1,NA,"hinfp1_2","OP","DC",34,34,3,FALSE
0,1,NA,"hinfp1_3","OP","DC",34,34,3,FALSE
0,1,NA,"hltf","OP","DC",34,34,3,FALSE
0,1,NA,"homez","OP","DC",34,34,3,FALSE
3.48123819646485e-17,1,NA,"hsf","OP","DC",34,34,3,FALSE
0,1,NA,"hsfy2","OP","DC",34,34,3,FALSE
0,1,NA,"insm1","OP","DC",34,34,3,FALSE
0,1,NA,"irf_1","OP","DC",34,34,3,FALSE
0,1,NA,"irf_2","OP","DC",34,34,3,FALSE
0.071913957868902,0.928086042131098,NA,"irf_3","OP","DC",34,34,3,FALSE
0,1,NA,"irf_4","OP","DC",34,34,3,FALSE
0,1,NA,"kaiso","OP","DC",34,34,3,FALSE
0.0899747255909897,0.91002527440901,NA,"klf_sp_1","OP","DC",34,34,3,FALSE
0,1,NA,"klf_sp_2","OP","DC",34,34,3,FALSE
0,1,NA,"klf_sp_3","OP","DC",34,34,3,FALSE
0,1,NA,"lef1","OP","DC",34,34,3,FALSE
0,1,NA,"lin54","OP","DC",34,34,3,FALSE
0,1,NA,"maf","OP","DC",34,34,3,FALSE
0,1,NA,"mbd2","OP","DC",34,34,3,FALSE
0.253349175980242,0.746650824019758,NA,"mecp2","OP","DC",34,34,3,FALSE
0,1,NA,"mef2","OP","DC",34,34,3,FALSE
0,1,NA,"mfz1","OP","DC",34,34,3,FALSE
0,1,NA,"mies","OP","DC",34,34,3,FALSE
0,1,NA,"mtf1","OP","DC",34,34,3,FALSE
0,1,NA,"myb_1","OP","DC",34,34,3,FALSE
0,1,NA,"myb_2","OP","DC",34,34,3,FALSE
0,1,NA,"myb_3","OP","DC",34,34,3,FALSE
0,1,NA,"myb_4","OP","DC",34,34,3,FALSE
0,1,NA,"myb_5","OP","DC",34,34,3,FALSE
0,1,NA,"mzf1","OP","DC",34,34,3,FALSE
0,1,NA,"nfac_2","OP","DC",34,34,3,FALSE
0,1,NA,"nfat_1","OP","DC",34,34,3,FALSE
0,1,NA,"nfat_2","OP","DC",34,34,3,FALSE
0.0244370169031224,0.975562983096878,NA,"nfat_3","OP","DC",34,34,3,FALSE
0,1,NA,"nfat_4","OP","DC",34,34,3,FALSE
0,1,NA,"nfi_1","OP","DC",34,34,3,FALSE
0,1,NA,"nfi_2","OP","DC",34,34,3,FALSE
0,1,NA,"nfi_3","OP","DC",34,34,3,FALSE
0,1,NA,"nfkb_1","OP","DC",34,34,3,FALSE
0.0386245568231232,0.961375443176877,NA,"nfkb_2","OP","DC",34,34,3,FALSE
0,1,NA,"nfkb_3","OP","DC",34,34,3,FALSE
0,1,NA,"nfy","OP","DC",34,34,3,FALSE
0,1,NA,"nr_1","OP","DC",34,34,3,FALSE
0,1,NA,"nr_10","OP","DC",34,34,3,FALSE
0,1,NA,"nr_11","OP","DC",34,34,3,FALSE
0,1,NA,"nr_12","OP","DC",34,34,3,FALSE
0,1,NA,"nr_13","OP","DC",34,34,3,FALSE
0.0933420102091139,0.906657989790886,NA,"nr_14","OP","DC",34,34,3,FALSE
0,1,NA,"nr_15","OP","DC",34,34,3,FALSE
0,1,NA,"nr_16","OP","DC",34,34,3,FALSE
0,1,NA,"nr_17","OP","DC",34,34,3,FALSE
0,1,NA,"nr_18","OP","DC",34,34,3,FALSE
0,1,NA,"nr_19","OP","DC",34,34,3,FALSE
0,1,NA,"nr_2","OP","DC",34,34,3,FALSE
0.0566575107406328,0.943342489259367,NA,"nr_20","OP","DC",34,34,3,FALSE
0,1,NA,"nr_3","OP","DC",34,34,3,FALSE
0,1,NA,"nr_4","OP","DC",34,34,3,FALSE
0,1,NA,"nr_5","OP","DC",34,34,3,FALSE
0,1,NA,"nr_6","OP","DC",34,34,3,FALSE
0,1,NA,"nr_7","OP","DC",34,34,3,FALSE
0.117012989542109,0.882987010457891,NA,"nr_8","OP","DC",34,34,3,FALSE
0,1,NA,"nr_9","OP","DC",34,34,3,FALSE
0,1,NA,"nr2e3","OP","DC",34,34,3,FALSE
0,1,NA,"nrf1","OP","DC",34,34,3,FALSE
0,1,NA,"oct4sox2","OP","DC",34,34,3,FALSE
0,1,NA,"osr2","OP","DC",34,34,3,FALSE
0,1,NA,"ovol1","OP","DC",34,34,3,FALSE
0,1,NA,"p53_like_1","OP","DC",34,34,3,FALSE
0,1,NA,"p53_like_2","OP","DC",34,34,3,FALSE
0,1,NA,"p53_like_3","OP","DC",34,34,3,FALSE
0,1,NA,"pax_halfsite","OP","DC",34,34,3,FALSE
0,1,NA,"pax_1","OP","DC",34,34,3,FALSE
0,1,NA,"pax_2","OP","DC",34,34,3,FALSE
0,1,NA,"plag1","OP","DC",34,34,3,FALSE
0,1,NA,"pou_1","OP","DC",34,34,3,FALSE
0,1,NA,"pou_2","OP","DC",34,34,3,FALSE
0,1,NA,"pou_3","OP","DC",34,34,3,FALSE
0,1,NA,"prdm1","OP","DC",34,34,3,FALSE
0,1,NA,"prdm14","OP","DC",34,34,3,FALSE
0,1,NA,"prdm16","OP","DC",34,34,3,FALSE
0,1,NA,"prdm4","OP","DC",34,34,3,FALSE
0,1,NA,"prdm5","OP","DC",34,34,3,FALSE
0,1,NA,"prdm9","OP","DC",34,34,3,FALSE
0,1,NA,"prox1","OP","DC",34,34,3,FALSE
0,1,NA,"rbpj","OP","DC",34,34,3,FALSE
0,1,NA,"rel_halfsite","OP","DC",34,34,3,FALSE
0,1,NA,"rest_nrsf","OP","DC",34,34,3,FALSE
0,1,NA,"rfx_1","OP","DC",34,34,3,FALSE
0,1,NA,"rfx_2","OP","DC",34,34,3,FALSE
0,1,NA,"rfx_3","OP","DC",34,34,3,FALSE
0,1,NA,"runx_1","OP","DC",34,34,3,FALSE
0,1,NA,"runx_2","OP","DC",34,34,3,FALSE
0.0287587885606751,0.971241211439325,NA,"scrt1","OP","DC",34,34,3,FALSE
0,1,NA,"six_1","OP","DC",34,34,3,FALSE
0,1,NA,"six_2","OP","DC",34,34,3,FALSE
0,1,NA,"smad","OP","DC",34,34,3,FALSE
0,1,NA,"smad_1","OP","DC",34,34,3,FALSE
0,1,NA,"smad_2","OP","DC",34,34,3,FALSE
0,1,NA,"smarca1","OP","DC",34,34,3,FALSE
0,1,NA,"smarca5","OP","DC",34,34,3,FALSE
0,1,NA,"snai2","OP","DC",34,34,3,FALSE
0,1,NA,"sox_1","OP","DC",34,34,3,FALSE
0.0266305523703608,0.973369447629639,NA,"sox_2","OP","DC",34,34,3,FALSE
0,1,NA,"sox_3","OP","DC",34,34,3,FALSE
0,1,NA,"sox_4","OP","DC",34,34,3,FALSE
0,1,NA,"sox_5","OP","DC",34,34,3,FALSE
0,1,NA,"sox_6","OP","DC",34,34,3,FALSE
0,1,NA,"sox_7","OP","DC",34,34,3,FALSE
0.0449216802685326,0.955078319731467,NA,"sox_8","OP","DC",34,34,3,FALSE
0.0870533934162426,0.912946606583757,NA,"spdef_1","OP","DC",34,34,3,FALSE
0,1,NA,"spdef_2","OP","DC",34,34,3,FALSE
0,1,NA,"spi","OP","DC",34,34,3,FALSE
0,1,NA,"spz1","OP","DC",34,34,3,FALSE
0,1,NA,"srebf1","OP","DC",34,34,3,FALSE
0,1,NA,"srf","OP","DC",34,34,3,FALSE
0,1,NA,"stat_1","OP","DC",34,34,3,FALSE
0,1,NA,"stat_2","OP","DC",34,34,3,FALSE
0,1,NA,"tata","OP","DC",34,34,3,FALSE
0.0465538091023766,0.953446190897623,NA,"tbx_1","OP","DC",34,34,3,FALSE
0,1,NA,"tbx_2","OP","DC",34,34,3,FALSE
0,1,NA,"tbx_3","OP","DC",34,34,3,FALSE
0,1,NA,"tbx_4","OP","DC",34,34,3,FALSE
0,1,NA,"tcf_lef","OP","DC",34,34,3,FALSE
0,1,NA,"tead","OP","DC",34,34,3,FALSE
0,1,NA,"tfap2_1","OP","DC",34,34,3,FALSE
0,1,NA,"tfap2_2","OP","DC",34,34,3,FALSE
0,1,NA,"tfcp2","OP","DC",34,34,3,FALSE
0,1,NA,"thap1","OP","DC",34,34,3,FALSE
0,1,NA,"yy1","OP","DC",34,34,3,FALSE
0,1,NA,"zbed1","OP","DC",34,34,3,FALSE
0,1,NA,"zbtb14","OP","DC",34,34,3,FALSE
0.0431937249785896,0.95680627502141,NA,"zbtb48","OP","DC",34,34,3,FALSE
0,1,NA,"zbtb49","OP","DC",34,34,3,FALSE
0,1,NA,"zbtb6","OP","DC",34,34,3,FALSE
0,1,NA,"zbtb7a","OP","DC",34,34,3,FALSE
0,1,NA,"zfn121","OP","DC",34,34,3,FALSE
0,1,NA,"zfx","OP","DC",34,34,3,FALSE
0,1,NA,"zic","OP","DC",34,34,3,FALSE
0,1,NA,"zic_2","OP","DC",34,34,3,FALSE
0,1,NA,"zim3","OP","DC",34,34,3,FALSE
0,1,NA,"zkscan1","OP","DC",34,34,3,FALSE
0.0217292207085903,0.97827077929141,NA,"znf134","OP","DC",34,34,3,FALSE
0.0610027646474272,0.938997235352573,NA,"znf136","OP","DC",34,34,3,FALSE
0,1,NA,"znf140","OP","DC",34,34,3,FALSE
0,1,NA,"znf143","OP","DC",34,34,3,FALSE
0,1,NA,"znf143_1","OP","DC",34,34,3,FALSE
0,1,NA,"znf146","OP","DC",34,34,3,FALSE
0,1,NA,"znf232","OP","DC",34,34,3,FALSE
0,1,NA,"znf24","OP","DC",34,34,3,FALSE
0,1,NA,"znf250","OP","DC",34,34,3,FALSE
0,1,NA,"znf257","OP","DC",34,34,3,FALSE
0,1,NA,"znf274","OP","DC",34,34,3,FALSE
0,1,NA,"znf28","OP","DC",34,34,3,FALSE
0,1,NA,"znf282","OP","DC",34,34,3,FALSE
0,1,NA,"znf306","OP","DC",34,34,3,FALSE
0,1,NA,"znf317","OP","DC",34,34,3,FALSE
0,1,NA,"znf320","OP","DC",34,34,3,FALSE
0,1,NA,"znf324","OP","DC",34,34,3,FALSE
0,1,NA,"znf329","OP","DC",34,34,3,FALSE
0,1,NA,"znf331","OP","DC",34,34,3,FALSE
0,1,NA,"znf332","OP","DC",34,34,3,FALSE
0,1,NA,"znf335","OP","DC",34,34,3,FALSE
0,1,NA,"znf354","OP","DC",34,34,3,FALSE
0.0205786890513849,0.979421310948615,NA,"znf382","OP","DC",34,34,3,FALSE
0,1,NA,"znf384_1","OP","DC",34,34,3,FALSE
0.0916064409003647,0.908393559099635,NA,"znf384_2","OP","DC",34,34,3,FALSE
0,1,NA,"znf41","OP","DC",34,34,3,FALSE
0,1,NA,"znf410","OP","DC",34,34,3,FALSE
0,1,NA,"znf418","OP","DC",34,34,3,FALSE
0,1,NA,"znf423","OP","DC",34,34,3,FALSE
0,1,NA,"znf431","OP","DC",34,34,3,FALSE
0,1,NA,"znf435","OP","DC",34,34,3,FALSE
0,1,NA,"znf436","OP","DC",34,34,3,FALSE
0,1,NA,"znf449","OP","DC",34,34,3,FALSE
0,1,NA,"znf490","OP","DC",34,34,3,FALSE
0,1,NA,"znf524","OP","DC",34,34,3,FALSE
0,1,NA,"znf528","OP","DC",34,34,3,FALSE
0.0232962411485375,0.976703758851463,NA,"znf53","OP","DC",34,34,3,FALSE
0.0505645273561177,0.949435472643882,NA,"znf547","OP","DC",34,34,3,FALSE
0,1,NA,"znf549","OP","DC",34,34,3,FALSE
0,1,NA,"znf554","OP","DC",34,34,3,FALSE
0.0416254109118401,0.95837458908816,NA,"znf563","OP","DC",34,34,3,FALSE
0,1,NA,"znf57","OP","DC",34,34,3,FALSE
0,1,NA,"znf586","OP","DC",34,34,3,FALSE
0,1,NA,"znf652","OP","DC",34,34,3,FALSE
0,1,NA,"znf667","OP","DC",34,34,3,FALSE
0,1,NA,"znf680","OP","DC",34,34,3,FALSE
0,1,NA,"znf708","OP","DC",34,34,3,FALSE
0,1,NA,"znf713","OP","DC",34,34,3,FALSE
0,1,NA,"znf768","OP","DC",34,34,3,FALSE
0,1,NA,"znf784","OP","DC",34,34,3,FALSE
0.0428338386128959,0.957166161387104,NA,"znf85","OP","DC",34,34,3,FALSE
0,1,NA,"znf85_1","OP","DC",34,34,3,FALSE
0,1,NA,"zscan3","OP","DC",34,34,3,FALSE
0,1,NA,"zscan4","OP","DC",34,34,3,FALSE
0,1,NA,"ahr","OP","Mono_CD14",35,35,3,FALSE
0,1,NA,"aire","OP","Mono_CD14",35,35,3,FALSE
0,1,NA,"ap1_1","OP","Mono_CD14",35,35,3,FALSE
0,1,NA,"ap1_2","OP","Mono_CD14",35,35,3,FALSE
0,1,NA,"ari5a","OP","Mono_CD14",35,35,3,FALSE
0,1,NA,"ari5b","OP","Mono_CD14",35,35,3,FALSE
0,1,NA,"batf","OP","Mono_CD14",35,35,3,FALSE
0,1,NA,"bcl6_1","OP","Mono_CD14",35,35,3,FALSE
1.33384652881635e-17,1,NA,"bcl6_2","OP","Mono_CD14",35,35,3,FALSE
0,1,NA,"ccaat_cebp","OP","Mono_CD14",35,35,3,FALSE
0,1,NA,"cenbp","OP","Mono_CD14",35,35,3,FALSE
0,1,NA,"cpeb1","OP","Mono_CD14",35,35,3,FALSE
0.0844915732412091,0.915508426758791,NA,"creb_atf_1","OP","Mono_CD14",35,35,3,FALSE
0.0841857278357081,0.915814272164292,NA,"creb_atf_2","OP","Mono_CD14",35,35,3,FALSE
0,1,NA,"creb_atf_3","OP","Mono_CD14",35,35,3,FALSE
0.0893837502065425,0.910616249793458,NA,"creb3_xbp1","OP","Mono_CD14",35,35,3,FALSE
0,1,NA,"ctcf","OP","Mono_CD14",35,35,3,FALSE
0,1,NA,"cux_1","OP","Mono_CD14",35,35,3,FALSE
0,1,NA,"cux_2","OP","Mono_CD14",35,35,3,FALSE
0,1,NA,"cux_3","OP","Mono_CD14",35,35,3,FALSE
0.00645067096479954,0.9935493290352,NA,"cux_4","OP","Mono_CD14",35,35,3,FALSE
0,1,NA,"ddit3cebpa","OP","Mono_CD14",35,35,3,FALSE
0,1,NA,"dmrt1","OP","Mono_CD14",35,35,3,FALSE
0,1,NA,"dmrt3","OP","Mono_CD14",35,35,3,FALSE
0,1,NA,"e2f_1","OP","Mono_CD14",35,35,3,FALSE
0,1,NA,"e2f_2","OP","Mono_CD14",35,35,3,FALSE
0,1,NA,"e2f_3","OP","Mono_CD14",35,35,3,FALSE
3.21102601568802e-17,1,NA,"e2f_4","OP","Mono_CD14",35,35,3,FALSE
0.0112586433058235,0.988741356694177,NA,"ebf1","OP","Mono_CD14",35,35,3,FALSE
0,1,NA,"ebox_cacctg","OP","Mono_CD14",35,35,3,FALSE
0.0107491159936768,0.989250884006323,NA,"ebox_cacgtg_1","OP","Mono_CD14",35,35,3,FALSE
0,1,NA,"ebox_cacgtg_2","OP","Mono_CD14",35,35,3,FALSE
0,1,NA,"ebox_cagatgg","OP","Mono_CD14",35,35,3,FALSE
0,1,NA,"ebox_cagctg","OP","Mono_CD14",35,35,3,FALSE
0,1,NA,"ebox_catatg","OP","Mono_CD14",35,35,3,FALSE
0.00119199514220141,0.998808004857799,NA,"egr","OP","Mono_CD14",35,35,3,FALSE
0.0791105758530238,0.920889424146976,NA,"ets_1","OP","Mono_CD14",35,35,3,FALSE
0,1,NA,"ets_2","OP","Mono_CD14",35,35,3,FALSE
0,1,NA,"evi1_mecom","OP","Mono_CD14",35,35,3,FALSE
0,1,NA,"ewsr1_fli1","OP","Mono_CD14",35,35,3,FALSE
0,1,NA,"fezf1","OP","Mono_CD14",35,35,3,FALSE
0,1,NA,"fox_1","OP","Mono_CD14",35,35,3,FALSE
0,1,NA,"fox_2","OP","Mono_CD14",35,35,3,FALSE
0,1,NA,"fox_3","OP","Mono_CD14",35,35,3,FALSE
0,1,NA,"fox_4","OP","Mono_CD14",35,35,3,FALSE
0,1,NA,"fox_5","OP","Mono_CD14",35,35,3,FALSE
0,1,NA,"fox_6","OP","Mono_CD14",35,35,3,FALSE
0,1,NA,"fox_7","OP","Mono_CD14",35,35,3,FALSE
0,1,NA,"fox_8","OP","Mono_CD14",35,35,3,FALSE
0,1,NA,"fox_9","OP","Mono_CD14",35,35,3,FALSE
0,1,NA,"gata","OP","Mono_CD14",35,35,3,FALSE
0.0320492368214694,0.967950763178531,NA,"gc_tract","OP","Mono_CD14",35,35,3,FALSE
1.64919494723059e-17,1,NA,"gcm","OP","Mono_CD14",35,35,3,FALSE
0,1,NA,"gfi","OP","Mono_CD14",35,35,3,FALSE
0.0129067773355347,0.987093222664465,NA,"gli","OP","Mono_CD14",35,35,3,FALSE
0,1,NA,"glis","OP","Mono_CD14",35,35,3,FALSE
0,1,NA,"gmeb2_1","OP","Mono_CD14",35,35,3,FALSE
0.0416457763887187,0.958354223611281,NA,"gmeb2_2","OP","Mono_CD14",35,35,3,FALSE
0.117733437082082,0.882266562917918,NA,"gmeb2_3","OP","Mono_CD14",35,35,3,FALSE
0,1,NA,"grhl","OP","Mono_CD14",35,35,3,FALSE
0,1,NA,"hand1","OP","Mono_CD14",35,35,3,FALSE
0,1,NA,"hd_1","OP","Mono_CD14",35,35,3,FALSE
0,1,NA,"hd_10","OP","Mono_CD14",35,35,3,FALSE
0,1,NA,"hd_11","OP","Mono_CD14",35,35,3,FALSE
2.23871143424833e-16,1,NA,"hd_12","OP","Mono_CD14",35,35,3,FALSE
0,1,NA,"hd_13","OP","Mono_CD14",35,35,3,FALSE
0,1,NA,"hd_14","OP","Mono_CD14",35,35,3,FALSE
0,1,NA,"hd_15","OP","Mono_CD14",35,35,3,FALSE
0.00607023405280896,0.993929765947191,NA,"hd_16","OP","Mono_CD14",35,35,3,FALSE
0,1,NA,"hd_17","OP","Mono_CD14",35,35,3,FALSE
0,1,NA,"hd_18","OP","Mono_CD14",35,35,3,FALSE
0.0262469861028361,0.973753013897164,NA,"hd_19","OP","Mono_CD14",35,35,3,FALSE
0,1,NA,"hd_2","OP","Mono_CD14",35,35,3,FALSE
0,1,NA,"hd_20","OP","Mono_CD14",35,35,3,FALSE
0,1,NA,"hd_21","OP","Mono_CD14",35,35,3,FALSE
0.0316983543824093,0.968301645617591,NA,"hd_22","OP","Mono_CD14",35,35,3,FALSE
0,1,NA,"hd_23","OP","Mono_CD14",35,35,3,FALSE
0,1,NA,"hd_24","OP","Mono_CD14",35,35,3,FALSE
0,1,NA,"hd_25","OP","Mono_CD14",35,35,3,FALSE
0,1,NA,"hd_3","OP","Mono_CD14",35,35,3,FALSE
0,1,NA,"hd_4","OP","Mono_CD14",35,35,3,FALSE
0,1,NA,"hd_5","OP","Mono_CD14",35,35,3,FALSE
0,1,NA,"hd_6","OP","Mono_CD14",35,35,3,FALSE
0.0265123625555925,0.973487637444408,NA,"hd_7","OP","Mono_CD14",35,35,3,FALSE
2.31434306049466e-15,0.999999999999998,NA,"hd_8","OP","Mono_CD14",35,35,3,FALSE
0,1,NA,"hd_9","OP","Mono_CD14",35,35,3,FALSE
0,1,NA,"hen1","OP","Mono_CD14",35,35,3,FALSE
0.0608035047113319,0.939196495288668,NA,"hic_1","OP","Mono_CD14",35,35,3,FALSE
0,1,NA,"hic_2","OP","Mono_CD14",35,35,3,FALSE
0.0220345421803578,0.977965457819642,NA,"hif","OP","Mono_CD14",35,35,3,FALSE
0,1,NA,"hinfp1_1","OP","Mono_CD14",35,35,3,FALSE
0.0099341633903408,0.990065836609659,NA,"hinfp1_2","OP","Mono_CD14",35,35,3,FALSE
5.29508094613534e-18,1,NA,"hinfp1_3","OP","Mono_CD14",35,35,3,FALSE
0,1,NA,"hltf","OP","Mono_CD14",35,35,3,FALSE
0,1,NA,"homez","OP","Mono_CD14",35,35,3,FALSE
0,1,NA,"hsf","OP","Mono_CD14",35,35,3,FALSE
0,1,NA,"hsfy2","OP","Mono_CD14",35,35,3,FALSE
0,1,NA,"insm1","OP","Mono_CD14",35,35,3,FALSE
0,1,NA,"irf_1","OP","Mono_CD14",35,35,3,FALSE
0,1,NA,"irf_2","OP","Mono_CD14",35,35,3,FALSE
0,1,NA,"irf_3","OP","Mono_CD14",35,35,3,FALSE
0,1,NA,"irf_4","OP","Mono_CD14",35,35,3,FALSE
0.0834123937157121,0.916587606284288,NA,"kaiso","OP","Mono_CD14",35,35,3,FALSE
0.00654718137477016,0.99345281862523,NA,"klf_sp_1","OP","Mono_CD14",35,35,3,FALSE
0,1,NA,"klf_sp_2","OP","Mono_CD14",35,35,3,FALSE
0,1,NA,"klf_sp_3","OP","Mono_CD14",35,35,3,FALSE
0.00543083751677266,0.994569162483227,NA,"lef1","OP","Mono_CD14",35,35,3,FALSE
0,1,NA,"lin54","OP","Mono_CD14",35,35,3,FALSE
0,1,NA,"maf","OP","Mono_CD14",35,35,3,FALSE
0,1,NA,"mbd2","OP","Mono_CD14",35,35,3,FALSE
0,1,NA,"mecp2","OP","Mono_CD14",35,35,3,FALSE
0.00112735273588324,0.998872647264117,NA,"mef2","OP","Mono_CD14",35,35,3,FALSE
0,1,NA,"mfz1","OP","Mono_CD14",35,35,3,FALSE
0,1,NA,"mies","OP","Mono_CD14",35,35,3,FALSE
0,1,NA,"mtf1","OP","Mono_CD14",35,35,3,FALSE
0,1,NA,"myb_1","OP","Mono_CD14",35,35,3,FALSE
0,1,NA,"myb_2","OP","Mono_CD14",35,35,3,FALSE
0,1,NA,"myb_3","OP","Mono_CD14",35,35,3,FALSE
0.0237369007249176,0.976263099275082,NA,"myb_4","OP","Mono_CD14",35,35,3,FALSE
0.0846812805852376,0.915318719414762,NA,"myb_5","OP","Mono_CD14",35,35,3,FALSE
0.000227945385082845,0.999772054614917,NA,"mzf1","OP","Mono_CD14",35,35,3,FALSE
0,1,NA,"nfac_2","OP","Mono_CD14",35,35,3,FALSE
0,1,NA,"nfat_1","OP","Mono_CD14",35,35,3,FALSE
0,1,NA,"nfat_2","OP","Mono_CD14",35,35,3,FALSE
0,1,NA,"nfat_3","OP","Mono_CD14",35,35,3,FALSE
0,1,NA,"nfat_4","OP","Mono_CD14",35,35,3,FALSE
0,1,NA,"nfi_1","OP","Mono_CD14",35,35,3,FALSE
0.0589102708156801,0.94108972918432,NA,"nfi_2","OP","Mono_CD14",35,35,3,FALSE
1.16307538767908e-17,1,NA,"nfi_3","OP","Mono_CD14",35,35,3,FALSE
0,1,NA,"nfkb_1","OP","Mono_CD14",35,35,3,FALSE
0,1,NA,"nfkb_2","OP","Mono_CD14",35,35,3,FALSE
0,1,NA,"nfkb_3","OP","Mono_CD14",35,35,3,FALSE
0.0335886448033575,0.966411355196642,NA,"nfy","OP","Mono_CD14",35,35,3,FALSE
0,1,NA,"nr_1","OP","Mono_CD14",35,35,3,FALSE
0,1,NA,"nr_10","OP","Mono_CD14",35,35,3,FALSE
0.0293367155456299,0.97066328445437,NA,"nr_11","OP","Mono_CD14",35,35,3,FALSE
0,1,NA,"nr_12","OP","Mono_CD14",35,35,3,FALSE
0,1,NA,"nr_13","OP","Mono_CD14",35,35,3,FALSE
0,1,NA,"nr_14","OP","Mono_CD14",35,35,3,FALSE
0,1,NA,"nr_15","OP","Mono_CD14",35,35,3,FALSE
0.00301490533192313,0.996985094668077,NA,"nr_16","OP","Mono_CD14",35,35,3,FALSE
0.0233183985532968,0.976681601446703,NA,"nr_17","OP","Mono_CD14",35,35,3,FALSE
0.00269864828169693,0.997301351718303,NA,"nr_18","OP","Mono_CD14",35,35,3,FALSE
0,1,NA,"nr_19","OP","Mono_CD14",35,35,3,FALSE
0,1,NA,"nr_2","OP","Mono_CD14",35,35,3,FALSE
0,1,NA,"nr_20","OP","Mono_CD14",35,35,3,FALSE
0.0569666208745557,0.943033379125444,NA,"nr_3","OP","Mono_CD14",35,35,3,FALSE
0,1,NA,"nr_4","OP","Mono_CD14",35,35,3,FALSE
0,1,NA,"nr_5","OP","Mono_CD14",35,35,3,FALSE
0,1,NA,"nr_6","OP","Mono_CD14",35,35,3,FALSE
0.00810016231676531,0.991899837683235,NA,"nr_7","OP","Mono_CD14",35,35,3,FALSE
0,1,NA,"nr_8","OP","Mono_CD14",35,35,3,FALSE
0,1,NA,"nr_9","OP","Mono_CD14",35,35,3,FALSE
0,1,NA,"nr2e3","OP","Mono_CD14",35,35,3,FALSE
0.0864601438404488,0.913539856159551,NA,"nrf1","OP","Mono_CD14",35,35,3,FALSE
0,1,NA,"oct4sox2","OP","Mono_CD14",35,35,3,FALSE
0,1,NA,"osr2","OP","Mono_CD14",35,35,3,FALSE
0,1,NA,"ovol1","OP","Mono_CD14",35,35,3,FALSE
0,1,NA,"p53_like_1","OP","Mono_CD14",35,35,3,FALSE
0,1,NA,"p53_like_2","OP","Mono_CD14",35,35,3,FALSE
0,1,NA,"p53_like_3","OP","Mono_CD14",35,35,3,FALSE
0.0404997476477996,0.9595002523522,NA,"pax_halfsite","OP","Mono_CD14",35,35,3,FALSE
0,1,NA,"pax_1","OP","Mono_CD14",35,35,3,FALSE
0,1,NA,"pax_2","OP","Mono_CD14",35,35,3,FALSE
0,1,NA,"plag1","OP","Mono_CD14",35,35,3,FALSE
0.00704710114295091,0.992952898857049,NA,"pou_1","OP","Mono_CD14",35,35,3,FALSE
0,1,NA,"pou_2","OP","Mono_CD14",35,35,3,FALSE
0,1,NA,"pou_3","OP","Mono_CD14",35,35,3,FALSE
0,1,NA,"prdm1","OP","Mono_CD14",35,35,3,FALSE
0.0723622970802319,0.927637702919768,NA,"prdm14","OP","Mono_CD14",35,35,3,FALSE
0,1,NA,"prdm16","OP","Mono_CD14",35,35,3,FALSE
0,1,NA,"prdm4","OP","Mono_CD14",35,35,3,FALSE
0.0566102922817652,0.943389707718235,NA,"prdm5","OP","Mono_CD14",35,35,3,FALSE
0,1,NA,"prdm9","OP","Mono_CD14",35,35,3,FALSE
0,1,NA,"prox1","OP","Mono_CD14",35,35,3,FALSE
1.66626854826827e-17,1,NA,"rbpj","OP","Mono_CD14",35,35,3,FALSE
1.32252858397421e-16,1,NA,"rel_halfsite","OP","Mono_CD14",35,35,3,FALSE
0,1,NA,"rest_nrsf","OP","Mono_CD14",35,35,3,FALSE
0,1,NA,"rfx_1","OP","Mono_CD14",35,35,3,FALSE
0,1,NA,"rfx_2","OP","Mono_CD14",35,35,3,FALSE
0.00779517787046228,0.992204822129538,NA,"rfx_3","OP","Mono_CD14",35,35,3,FALSE
0,1,NA,"runx_1","OP","Mono_CD14",35,35,3,FALSE
0,1,NA,"runx_2","OP","Mono_CD14",35,35,3,FALSE
0.0096135030840867,0.990386496915913,NA,"scrt1","OP","Mono_CD14",35,35,3,FALSE
0,1,NA,"six_1","OP","Mono_CD14",35,35,3,FALSE
0,1,NA,"six_2","OP","Mono_CD14",35,35,3,FALSE
0,1,NA,"smad","OP","Mono_CD14",35,35,3,FALSE
0,1,NA,"smad_1","OP","Mono_CD14",35,35,3,FALSE
0,1,NA,"smad_2","OP","Mono_CD14",35,35,3,FALSE
0,1,NA,"smarca1","OP","Mono_CD14",35,35,3,FALSE
7.99675472831387e-17,1,NA,"smarca5","OP","Mono_CD14",35,35,3,FALSE
0,1,NA,"snai2","OP","Mono_CD14",35,35,3,FALSE
0,1,NA,"sox_1","OP","Mono_CD14",35,35,3,FALSE
0,1,NA,"sox_2","OP","Mono_CD14",35,35,3,FALSE
0,1,NA,"sox_3","OP","Mono_CD14",35,35,3,FALSE
0,1,NA,"sox_4","OP","Mono_CD14",35,35,3,FALSE
0,1,NA,"sox_5","OP","Mono_CD14",35,35,3,FALSE
0,1,NA,"sox_6","OP","Mono_CD14",35,35,3,FALSE
0,1,NA,"sox_7","OP","Mono_CD14",35,35,3,FALSE
0,1,NA,"sox_8","OP","Mono_CD14",35,35,3,FALSE
0,1,NA,"spdef_1","OP","Mono_CD14",35,35,3,FALSE
0,1,NA,"spdef_2","OP","Mono_CD14",35,35,3,FALSE
0,1,NA,"spi","OP","Mono_CD14",35,35,3,FALSE
0,1,NA,"spz1","OP","Mono_CD14",35,35,3,FALSE
0,1,NA,"srebf1","OP","Mono_CD14",35,35,3,FALSE
0,1,NA,"srf","OP","Mono_CD14",35,35,3,FALSE
0,1,NA,"stat_1","OP","Mono_CD14",35,35,3,FALSE
0,1,NA,"stat_2","OP","Mono_CD14",35,35,3,FALSE
0,1,NA,"tata","OP","Mono_CD14",35,35,3,FALSE
0,1,NA,"tbx_1","OP","Mono_CD14",35,35,3,FALSE
0,1,NA,"tbx_2","OP","Mono_CD14",35,35,3,FALSE
0,1,NA,"tbx_3","OP","Mono_CD14",35,35,3,FALSE
0,1,NA,"tbx_4","OP","Mono_CD14",35,35,3,FALSE
0,1,NA,"tcf_lef","OP","Mono_CD14",35,35,3,FALSE
0.0150551465425682,0.984944853457432,NA,"tead","OP","Mono_CD14",35,35,3,FALSE
0.0333010071048415,0.966698992895158,NA,"tfap2_1","OP","Mono_CD14",35,35,3,FALSE
0.059092248817224,0.940907751182776,NA,"tfap2_2","OP","Mono_CD14",35,35,3,FALSE
0,1,NA,"tfcp2","OP","Mono_CD14",35,35,3,FALSE
0.0319442159832153,0.968055784016785,NA,"thap1","OP","Mono_CD14",35,35,3,FALSE
0.00325290021411718,0.996747099785883,NA,"yy1","OP","Mono_CD14",35,35,3,FALSE
0.0986531829924609,0.901346817007539,NA,"zbed1","OP","Mono_CD14",35,35,3,FALSE
0,1,NA,"zbtb14","OP","Mono_CD14",35,35,3,FALSE
0,1,NA,"zbtb48","OP","Mono_CD14",35,35,3,FALSE
0,1,NA,"zbtb49","OP","Mono_CD14",35,35,3,FALSE
0,1,NA,"zbtb6","OP","Mono_CD14",35,35,3,FALSE
0.0523545015656468,0.947645498434353,NA,"zbtb7a","OP","Mono_CD14",35,35,3,FALSE
0,1,NA,"zfn121","OP","Mono_CD14",35,35,3,FALSE
0,1,NA,"zfx","OP","Mono_CD14",35,35,3,FALSE
0.0235783784262891,0.976421621573711,NA,"zic","OP","Mono_CD14",35,35,3,FALSE
7.28714221205017e-16,0.999999999999999,NA,"zic_2","OP","Mono_CD14",35,35,3,FALSE
0,1,NA,"zim3","OP","Mono_CD14",35,35,3,FALSE
0,1,NA,"zkscan1","OP","Mono_CD14",35,35,3,FALSE
0,1,NA,"znf134","OP","Mono_CD14",35,35,3,FALSE
0.098598915815836,0.901401084184164,NA,"znf136","OP","Mono_CD14",35,35,3,FALSE
0,1,NA,"znf140","OP","Mono_CD14",35,35,3,FALSE
0.00453566270176742,0.995464337298233,NA,"znf143","OP","Mono_CD14",35,35,3,FALSE
0,1,NA,"znf143_1","OP","Mono_CD14",35,35,3,FALSE
0.105641745596615,0.894358254403385,NA,"znf146","OP","Mono_CD14",35,35,3,FALSE
0,1,NA,"znf232","OP","Mono_CD14",35,35,3,FALSE
0,1,NA,"znf24","OP","Mono_CD14",35,35,3,FALSE
0,1,NA,"znf250","OP","Mono_CD14",35,35,3,FALSE
0,1,NA,"znf257","OP","Mono_CD14",35,35,3,FALSE
0,1,NA,"znf274","OP","Mono_CD14",35,35,3,FALSE
0,1,NA,"znf28","OP","Mono_CD14",35,35,3,FALSE
0,1,NA,"znf282","OP","Mono_CD14",35,35,3,FALSE
0,1,NA,"znf306","OP","Mono_CD14",35,35,3,FALSE
0,1,NA,"znf317","OP","Mono_CD14",35,35,3,FALSE
0.037804607464325,0.962195392535675,NA,"znf320","OP","Mono_CD14",35,35,3,FALSE
0,1,NA,"znf324","OP","Mono_CD14",35,35,3,FALSE
1.96298040028826e-16,1,NA,"znf329","OP","Mono_CD14",35,35,3,FALSE
0,1,NA,"znf331","OP","Mono_CD14",35,35,3,FALSE
0.0667233911773677,0.933276608822632,NA,"znf332","OP","Mono_CD14",35,35,3,FALSE
0.00721425029169976,0.9927857497083,NA,"znf335","OP","Mono_CD14",35,35,3,FALSE
0.00883559390260983,0.99116440609739,NA,"znf354","OP","Mono_CD14",35,35,3,FALSE
0,1,NA,"znf382","OP","Mono_CD14",35,35,3,FALSE
0,1,NA,"znf384_1","OP","Mono_CD14",35,35,3,FALSE
0,1,NA,"znf384_2","OP","Mono_CD14",35,35,3,FALSE
9.16851305969033e-18,1,NA,"znf41","OP","Mono_CD14",35,35,3,FALSE
0,1,NA,"znf410","OP","Mono_CD14",35,35,3,FALSE
0,1,NA,"znf418","OP","Mono_CD14",35,35,3,FALSE
0.0162752683481101,0.98372473165189,NA,"znf423","OP","Mono_CD14",35,35,3,FALSE
0,1,NA,"znf431","OP","Mono_CD14",35,35,3,FALSE
0,1,NA,"znf435","OP","Mono_CD14",35,35,3,FALSE
0,1,NA,"znf436","OP","Mono_CD14",35,35,3,FALSE
0.00569762276414952,0.99430237723585,NA,"znf449","OP","Mono_CD14",35,35,3,FALSE
0,1,NA,"znf490","OP","Mono_CD14",35,35,3,FALSE
0.00136336440056126,0.998636635599439,NA,"znf524","OP","Mono_CD14",35,35,3,FALSE
0.0143521759598969,0.985647824040103,NA,"znf528","OP","Mono_CD14",35,35,3,FALSE
0,1,NA,"znf53","OP","Mono_CD14",35,35,3,FALSE
7.49016927183539e-18,1,NA,"znf547","OP","Mono_CD14",35,35,3,FALSE
0,1,NA,"znf549","OP","Mono_CD14",35,35,3,FALSE
0,1,NA,"znf554","OP","Mono_CD14",35,35,3,FALSE
0.0381286889749803,0.96187131102502,NA,"znf563","OP","Mono_CD14",35,35,3,FALSE
0,1,NA,"znf57","OP","Mono_CD14",35,35,3,FALSE
0,1,NA,"znf586","OP","Mono_CD14",35,35,3,FALSE
0,1,NA,"znf652","OP","Mono_CD14",35,35,3,FALSE
0,1,NA,"znf667","OP","Mono_CD14",35,35,3,FALSE
0.0652452922310111,0.934754707768989,NA,"znf680","OP","Mono_CD14",35,35,3,FALSE
0.0166114532167089,0.983388546783291,NA,"znf708","OP","Mono_CD14",35,35,3,FALSE
0,1,NA,"znf713","OP","Mono_CD14",35,35,3,FALSE
0,1,NA,"znf768","OP","Mono_CD14",35,35,3,FALSE
0,1,NA,"znf784","OP","Mono_CD14",35,35,3,FALSE
0.0296690828233609,0.970330917176639,NA,"znf85","OP","Mono_CD14",35,35,3,FALSE
0,1,NA,"znf85_1","OP","Mono_CD14",35,35,3,FALSE
0,1,NA,"zscan3","OP","Mono_CD14",35,35,3,FALSE
0,1,NA,"zscan4","OP","Mono_CD14",35,35,3,FALSE
0,1,NA,"ahr","OP","Mono_CD16",35,35,3,FALSE
0,1,NA,"aire","OP","Mono_CD16",35,35,3,FALSE
0,1,NA,"ap1_1","OP","Mono_CD16",35,35,3,FALSE
0,1,NA,"ap1_2","OP","Mono_CD16",35,35,3,FALSE
0,1,NA,"ari5a","OP","Mono_CD16",35,35,3,FALSE
0,1,NA,"ari5b","OP","Mono_CD16",35,35,3,FALSE
0,1,NA,"batf","OP","Mono_CD16",35,35,3,FALSE
0,1,NA,"bcl6_1","OP","Mono_CD16",35,35,3,FALSE
0.0780062162665662,0.921993783733434,NA,"bcl6_2","OP","Mono_CD16",35,35,3,FALSE
0,1,NA,"ccaat_cebp","OP","Mono_CD16",35,35,3,FALSE
0,1,NA,"cenbp","OP","Mono_CD16",35,35,3,FALSE
0.0850649198490919,0.914935080150908,NA,"cpeb1","OP","Mono_CD16",35,35,3,FALSE
0.0726531863491608,0.927346813650839,NA,"creb_atf_1","OP","Mono_CD16",35,35,3,FALSE
0,1,NA,"creb_atf_2","OP","Mono_CD16",35,35,3,FALSE
0,1,NA,"creb_atf_3","OP","Mono_CD16",35,35,3,FALSE
0.0457541798345628,0.954245820165437,NA,"creb3_xbp1","OP","Mono_CD16",35,35,3,FALSE
0.0757163312690455,0.924283668730955,NA,"ctcf","OP","Mono_CD16",35,35,3,FALSE
0,1,NA,"cux_1","OP","Mono_CD16",35,35,3,FALSE
0,1,NA,"cux_2","OP","Mono_CD16",35,35,3,FALSE
0,1,NA,"cux_3","OP","Mono_CD16",35,35,3,FALSE
0,1,NA,"cux_4","OP","Mono_CD16",35,35,3,FALSE
0,1,NA,"ddit3cebpa","OP","Mono_CD16",35,35,3,FALSE
0,1,NA,"dmrt1","OP","Mono_CD16",35,35,3,FALSE
0,1,NA,"dmrt3","OP","Mono_CD16",35,35,3,FALSE
0.0667151156750251,0.933284884324975,NA,"e2f_1","OP","Mono_CD16",35,35,3,FALSE
0,1,NA,"e2f_2","OP","Mono_CD16",35,35,3,FALSE
0,1,NA,"e2f_3","OP","Mono_CD16",35,35,3,FALSE
0,1,NA,"e2f_4","OP","Mono_CD16",35,35,3,FALSE
0.05333659008805,0.94666340991195,NA,"ebf1","OP","Mono_CD16",35,35,3,FALSE
0,1,NA,"ebox_cacctg","OP","Mono_CD16",35,35,3,FALSE
0.0100058787762468,0.989994121223753,NA,"ebox_cacgtg_1","OP","Mono_CD16",35,35,3,FALSE
0,1,NA,"ebox_cacgtg_2","OP","Mono_CD16",35,35,3,FALSE
0.0570099600223836,0.942990039977616,NA,"ebox_cagatgg","OP","Mono_CD16",35,35,3,FALSE
0,1,NA,"ebox_cagctg","OP","Mono_CD16",35,35,3,FALSE
0.00856094188752426,0.991439058112476,NA,"ebox_catatg","OP","Mono_CD16",35,35,3,FALSE
0.0600166588538616,0.939983341146138,NA,"egr","OP","Mono_CD16",35,35,3,FALSE
0.0977130175950517,0.902286982404948,NA,"ets_1","OP","Mono_CD16",35,35,3,FALSE
9.5140450932374e-12,0.999999999990486,NA,"ets_2","OP","Mono_CD16",35,35,3,FALSE
0,1,NA,"evi1_mecom","OP","Mono_CD16",35,35,3,FALSE
0,1,NA,"ewsr1_fli1","OP","Mono_CD16",35,35,3,FALSE
0,1,NA,"fezf1","OP","Mono_CD16",35,35,3,FALSE
0,1,NA,"fox_1","OP","Mono_CD16",35,35,3,FALSE
0,1,NA,"fox_2","OP","Mono_CD16",35,35,3,FALSE
0,1,NA,"fox_3","OP","Mono_CD16",35,35,3,FALSE
0,1,NA,"fox_4","OP","Mono_CD16",35,35,3,FALSE
0,1,NA,"fox_5","OP","Mono_CD16",35,35,3,FALSE
0,1,NA,"fox_6","OP","Mono_CD16",35,35,3,FALSE
0.00432235757951198,0.995677642420488,NA,"fox_7","OP","Mono_CD16",35,35,3,FALSE
0,1,NA,"fox_8","OP","Mono_CD16",35,35,3,FALSE
0,1,NA,"fox_9","OP","Mono_CD16",35,35,3,FALSE
0,1,NA,"gata","OP","Mono_CD16",35,35,3,FALSE
0,1,NA,"gc_tract","OP","Mono_CD16",35,35,3,FALSE
0,1,NA,"gcm","OP","Mono_CD16",35,35,3,FALSE
0,1,NA,"gfi","OP","Mono_CD16",35,35,3,FALSE
0,1,NA,"gli","OP","Mono_CD16",35,35,3,FALSE
0,1,NA,"glis","OP","Mono_CD16",35,35,3,FALSE
0.074756460553574,0.925243539446426,NA,"gmeb2_1","OP","Mono_CD16",35,35,3,FALSE
0,1,NA,"gmeb2_2","OP","Mono_CD16",35,35,3,FALSE
0.00610893467213411,0.993891065327866,NA,"gmeb2_3","OP","Mono_CD16",35,35,3,FALSE
0,1,NA,"grhl","OP","Mono_CD16",35,35,3,FALSE
0.0106732435535623,0.989326756446438,NA,"hand1","OP","Mono_CD16",35,35,3,FALSE
0,1,NA,"hd_1","OP","Mono_CD16",35,35,3,FALSE
0,1,NA,"hd_10","OP","Mono_CD16",35,35,3,FALSE
0,1,NA,"hd_11","OP","Mono_CD16",35,35,3,FALSE
0,1,NA,"hd_12","OP","Mono_CD16",35,35,3,FALSE
0,1,NA,"hd_13","OP","Mono_CD16",35,35,3,FALSE
0,1,NA,"hd_14","OP","Mono_CD16",35,35,3,FALSE
0,1,NA,"hd_15","OP","Mono_CD16",35,35,3,FALSE
0.00881804522567031,0.99118195477433,NA,"hd_16","OP","Mono_CD16",35,35,3,FALSE
7.27612836250814e-15,0.999999999999993,NA,"hd_17","OP","Mono_CD16",35,35,3,FALSE
0,1,NA,"hd_18","OP","Mono_CD16",35,35,3,FALSE
0,1,NA,"hd_19","OP","Mono_CD16",35,35,3,FALSE
0.0592457186962455,0.940754281303755,NA,"hd_2","OP","Mono_CD16",35,35,3,FALSE
0,1,NA,"hd_20","OP","Mono_CD16",35,35,3,FALSE
0,1,NA,"hd_21","OP","Mono_CD16",35,35,3,FALSE
0,1,NA,"hd_22","OP","Mono_CD16",35,35,3,FALSE
0,1,NA,"hd_23","OP","Mono_CD16",35,35,3,FALSE
0,1,NA,"hd_24","OP","Mono_CD16",35,35,3,FALSE
0.0846911672891426,0.915308832710857,NA,"hd_25","OP","Mono_CD16",35,35,3,FALSE
0,1,NA,"hd_3","OP","Mono_CD16",35,35,3,FALSE
0,1,NA,"hd_4","OP","Mono_CD16",35,35,3,FALSE
0,1,NA,"hd_5","OP","Mono_CD16",35,35,3,FALSE
0.0358041335807705,0.964195866419229,NA,"hd_6","OP","Mono_CD16",35,35,3,FALSE
0,1,NA,"hd_7","OP","Mono_CD16",35,35,3,FALSE
0,1,NA,"hd_8","OP","Mono_CD16",35,35,3,FALSE
0,1,NA,"hd_9","OP","Mono_CD16",35,35,3,FALSE
0,1,NA,"hen1","OP","Mono_CD16",35,35,3,FALSE
0.0219776905876231,0.978022309412377,NA,"hic_1","OP","Mono_CD16",35,35,3,FALSE
0.0194697341165611,0.980530265883439,NA,"hic_2","OP","Mono_CD16",35,35,3,FALSE
0,1,NA,"hif","OP","Mono_CD16",35,35,3,FALSE
0,1,NA,"hinfp1_1","OP","Mono_CD16",35,35,3,FALSE
0.023192344201576,0.976807655798424,NA,"hinfp1_2","OP","Mono_CD16",35,35,3,FALSE
0,1,NA,"hinfp1_3","OP","Mono_CD16",35,35,3,FALSE
0,1,NA,"hltf","OP","Mono_CD16",35,35,3,FALSE
0,1,NA,"homez","OP","Mono_CD16",35,35,3,FALSE
0,1,NA,"hsf","OP","Mono_CD16",35,35,3,FALSE
0.0567044984464293,0.943295501553571,NA,"hsfy2","OP","Mono_CD16",35,35,3,FALSE
0,1,NA,"insm1","OP","Mono_CD16",35,35,3,FALSE
0,1,NA,"irf_1","OP","Mono_CD16",35,35,3,FALSE
0,1,NA,"irf_2","OP","Mono_CD16",35,35,3,FALSE
0,1,NA,"irf_3","OP","Mono_CD16",35,35,3,FALSE
0,1,NA,"irf_4","OP","Mono_CD16",35,35,3,FALSE
0.0271621015707053,0.972837898429295,NA,"kaiso","OP","Mono_CD16",35,35,3,FALSE
0,1,NA,"klf_sp_1","OP","Mono_CD16",35,35,3,FALSE
0,1,NA,"klf_sp_2","OP","Mono_CD16",35,35,3,FALSE
0,1,NA,"klf_sp_3","OP","Mono_CD16",35,35,3,FALSE
0,1,NA,"lef1","OP","Mono_CD16",35,35,3,FALSE
0,1,NA,"lin54","OP","Mono_CD16",35,35,3,FALSE
0,1,NA,"maf","OP","Mono_CD16",35,35,3,FALSE
0,1,NA,"mbd2","OP","Mono_CD16",35,35,3,FALSE
0,1,NA,"mecp2","OP","Mono_CD16",35,35,3,FALSE
0,1,NA,"mef2","OP","Mono_CD16",35,35,3,FALSE
0,1,NA,"mfz1","OP","Mono_CD16",35,35,3,FALSE
0,1,NA,"mies","OP","Mono_CD16",35,35,3,FALSE
0,1,NA,"mtf1","OP","Mono_CD16",35,35,3,FALSE
0,1,NA,"myb_1","OP","Mono_CD16",35,35,3,FALSE
0,1,NA,"myb_2","OP","Mono_CD16",35,35,3,FALSE
0.0100551632500243,0.989944836749976,NA,"myb_3","OP","Mono_CD16",35,35,3,FALSE
0.0213355990680823,0.978664400931918,NA,"myb_4","OP","Mono_CD16",35,35,3,FALSE
0.00918670102177239,0.990813298978228,NA,"myb_5","OP","Mono_CD16",35,35,3,FALSE
0.0197749620693006,0.980225037930699,NA,"mzf1","OP","Mono_CD16",35,35,3,FALSE
0,1,NA,"nfac_2","OP","Mono_CD16",35,35,3,FALSE
0,1,NA,"nfat_1","OP","Mono_CD16",35,35,3,FALSE
0,1,NA,"nfat_2","OP","Mono_CD16",35,35,3,FALSE
0,1,NA,"nfat_3","OP","Mono_CD16",35,35,3,FALSE
0.0575896290686201,0.94241037093138,NA,"nfat_4","OP","Mono_CD16",35,35,3,FALSE
0,1,NA,"nfi_1","OP","Mono_CD16",35,35,3,FALSE
0.0526402971448086,0.947359702855191,NA,"nfi_2","OP","Mono_CD16",35,35,3,FALSE
0.0843659162403648,0.915634083759635,NA,"nfi_3","OP","Mono_CD16",35,35,3,FALSE
0,1,NA,"nfkb_1","OP","Mono_CD16",35,35,3,FALSE
0,1,NA,"nfkb_2","OP","Mono_CD16",35,35,3,FALSE
0,1,NA,"nfkb_3","OP","Mono_CD16",35,35,3,FALSE
0.040730293837441,0.959269706162559,NA,"nfy","OP","Mono_CD16",35,35,3,FALSE
0.0633247603333035,0.936675239666697,NA,"nr_1","OP","Mono_CD16",35,35,3,FALSE
0,1,NA,"nr_10","OP","Mono_CD16",35,35,3,FALSE
0.00138143178290932,0.998618568217091,NA,"nr_11","OP","Mono_CD16",35,35,3,FALSE
0,1,NA,"nr_12","OP","Mono_CD16",35,35,3,FALSE
0,1,NA,"nr_13","OP","Mono_CD16",35,35,3,FALSE
0,1,NA,"nr_14","OP","Mono_CD16",35,35,3,FALSE
0,1,NA,"nr_15","OP","Mono_CD16",35,35,3,FALSE
0.0145075972768046,0.985492402723195,NA,"nr_16","OP","Mono_CD16",35,35,3,FALSE
0.0323363904767467,0.967663609523253,NA,"nr_17","OP","Mono_CD16",35,35,3,FALSE
0,1,NA,"nr_18","OP","Mono_CD16",35,35,3,FALSE
0,1,NA,"nr_19","OP","Mono_CD16",35,35,3,FALSE
0,1,NA,"nr_2","OP","Mono_CD16",35,35,3,FALSE
0,1,NA,"nr_20","OP","Mono_CD16",35,35,3,FALSE
0,1,NA,"nr_3","OP","Mono_CD16",35,35,3,FALSE
0,1,NA,"nr_4","OP","Mono_CD16",35,35,3,FALSE
0,1,NA,"nr_5","OP","Mono_CD16",35,35,3,FALSE
0,1,NA,"nr_6","OP","Mono_CD16",35,35,3,FALSE
0,1,NA,"nr_7","OP","Mono_CD16",35,35,3,FALSE
0,1,NA,"nr_8","OP","Mono_CD16",35,35,3,FALSE
0,1,NA,"nr_9","OP","Mono_CD16",35,35,3,FALSE
0,1,NA,"nr2e3","OP","Mono_CD16",35,35,3,FALSE
0.0673521844720817,0.932647815527918,NA,"nrf1","OP","Mono_CD16",35,35,3,FALSE
0,1,NA,"oct4sox2","OP","Mono_CD16",35,35,3,FALSE
0,1,NA,"osr2","OP","Mono_CD16",35,35,3,FALSE
0,1,NA,"ovol1","OP","Mono_CD16",35,35,3,FALSE
0.0333852046642235,0.966614795335776,NA,"p53_like_1","OP","Mono_CD16",35,35,3,FALSE
0.252712823715413,0.747287176284587,NA,"p53_like_2","OP","Mono_CD16",35,35,3,FALSE
0,1,NA,"p53_like_3","OP","Mono_CD16",35,35,3,FALSE
0.0159597959622857,0.984040204037714,NA,"pax_halfsite","OP","Mono_CD16",35,35,3,FALSE
0.026294594441945,0.973705405558055,NA,"pax_1","OP","Mono_CD16",35,35,3,FALSE
0,1,NA,"pax_2","OP","Mono_CD16",35,35,3,FALSE
0,1,NA,"plag1","OP","Mono_CD16",35,35,3,FALSE
0,1,NA,"pou_1","OP","Mono_CD16",35,35,3,FALSE
0,1,NA,"pou_2","OP","Mono_CD16",35,35,3,FALSE
0,1,NA,"pou_3","OP","Mono_CD16",35,35,3,FALSE
0,1,NA,"prdm1","OP","Mono_CD16",35,35,3,FALSE
5.95817998986377e-17,1,NA,"prdm14","OP","Mono_CD16",35,35,3,FALSE
0.000524243767151968,0.999475756232848,NA,"prdm16","OP","Mono_CD16",35,35,3,FALSE
0.0692860320628621,0.930713967937138,NA,"prdm4","OP","Mono_CD16",35,35,3,FALSE
0.0737943091520628,0.926205690847937,NA,"prdm5","OP","Mono_CD16",35,35,3,FALSE
0,1,NA,"prdm9","OP","Mono_CD16",35,35,3,FALSE
0,1,NA,"prox1","OP","Mono_CD16",35,35,3,FALSE
0.129405483629188,0.870594516370812,NA,"rbpj","OP","Mono_CD16",35,35,3,FALSE
0.0599020052103791,0.940097994789621,NA,"rel_halfsite","OP","Mono_CD16",35,35,3,FALSE
0,1,NA,"rest_nrsf","OP","Mono_CD16",35,35,3,FALSE
0,1,NA,"rfx_1","OP","Mono_CD16",35,35,3,FALSE
0,1,NA,"rfx_2","OP","Mono_CD16",35,35,3,FALSE
0,1,NA,"rfx_3","OP","Mono_CD16",35,35,3,FALSE
0,1,NA,"runx_1","OP","Mono_CD16",35,35,3,FALSE
0,1,NA,"runx_2","OP","Mono_CD16",35,35,3,FALSE
0,1,NA,"scrt1","OP","Mono_CD16",35,35,3,FALSE
0,1,NA,"six_1","OP","Mono_CD16",35,35,3,FALSE
0,1,NA,"six_2","OP","Mono_CD16",35,35,3,FALSE
0.00435494070019564,0.995645059299804,NA,"smad","OP","Mono_CD16",35,35,3,FALSE
0,1,NA,"smad_1","OP","Mono_CD16",35,35,3,FALSE
0,1,NA,"smad_2","OP","Mono_CD16",35,35,3,FALSE
0,1,NA,"smarca1","OP","Mono_CD16",35,35,3,FALSE
0.0182779437243733,0.981722056275627,NA,"smarca5","OP","Mono_CD16",35,35,3,FALSE
0,1,NA,"snai2","OP","Mono_CD16",35,35,3,FALSE
0.140127469705444,0.859872530294556,NA,"sox_1","OP","Mono_CD16",35,35,3,FALSE
0,1,NA,"sox_2","OP","Mono_CD16",35,35,3,FALSE
0,1,NA,"sox_3","OP","Mono_CD16",35,35,3,FALSE
0,1,NA,"sox_4","OP","Mono_CD16",35,35,3,FALSE
0,1,NA,"sox_5","OP","Mono_CD16",35,35,3,FALSE
0,1,NA,"sox_6","OP","Mono_CD16",35,35,3,FALSE
0,1,NA,"sox_7","OP","Mono_CD16",35,35,3,FALSE
0,1,NA,"sox_8","OP","Mono_CD16",35,35,3,FALSE
0,1,NA,"spdef_1","OP","Mono_CD16",35,35,3,FALSE
0.00446417757909371,0.995535822420906,NA,"spdef_2","OP","Mono_CD16",35,35,3,FALSE
0,1,NA,"spi","OP","Mono_CD16",35,35,3,FALSE
0,1,NA,"spz1","OP","Mono_CD16",35,35,3,FALSE
0,1,NA,"srebf1","OP","Mono_CD16",35,35,3,FALSE
0,1,NA,"srf","OP","Mono_CD16",35,35,3,FALSE
0.226414276555606,0.773585723444394,NA,"stat_1","OP","Mono_CD16",35,35,3,FALSE
0,1,NA,"stat_2","OP","Mono_CD16",35,35,3,FALSE
0.00307997835568243,0.996920021644318,NA,"tata","OP","Mono_CD16",35,35,3,FALSE
0,1,NA,"tbx_1","OP","Mono_CD16",35,35,3,FALSE
0,1,NA,"tbx_2","OP","Mono_CD16",35,35,3,FALSE
0,1,NA,"tbx_3","OP","Mono_CD16",35,35,3,FALSE
0,1,NA,"tbx_4","OP","Mono_CD16",35,35,3,FALSE
0,1,NA,"tcf_lef","OP","Mono_CD16",35,35,3,FALSE
0.0329614512888129,0.967038548711187,NA,"tead","OP","Mono_CD16",35,35,3,FALSE
0.0949522892871519,0.905047710712848,NA,"tfap2_1","OP","Mono_CD16",35,35,3,FALSE
0,1,NA,"tfap2_2","OP","Mono_CD16",35,35,3,FALSE
0,1,NA,"tfcp2","OP","Mono_CD16",35,35,3,FALSE
0,1,NA,"thap1","OP","Mono_CD16",35,35,3,FALSE
0.0306381978327195,0.969361802167281,NA,"yy1","OP","Mono_CD16",35,35,3,FALSE
0,1,NA,"zbed1","OP","Mono_CD16",35,35,3,FALSE
0,1,NA,"zbtb14","OP","Mono_CD16",35,35,3,FALSE
0,1,NA,"zbtb48","OP","Mono_CD16",35,35,3,FALSE
0,1,NA,"zbtb49","OP","Mono_CD16",35,35,3,FALSE
0,1,NA,"zbtb6","OP","Mono_CD16",35,35,3,FALSE
0.10454246161444,0.89545753838556,NA,"zbtb7a","OP","Mono_CD16",35,35,3,FALSE
0,1,NA,"zfn121","OP","Mono_CD16",35,35,3,FALSE
0.0109646352526532,0.989035364747347,NA,"zfx","OP","Mono_CD16",35,35,3,FALSE
0.00538388606885178,0.994616113931148,NA,"zic","OP","Mono_CD16",35,35,3,FALSE
0.155636956892573,0.844363043107427,NA,"zic_2","OP","Mono_CD16",35,35,3,FALSE
0,1,NA,"zim3","OP","Mono_CD16",35,35,3,FALSE
0.00637650962706054,0.993623490372939,NA,"zkscan1","OP","Mono_CD16",35,35,3,FALSE
0.0491732191245215,0.950826780875479,NA,"znf134","OP","Mono_CD16",35,35,3,FALSE
0,1,NA,"znf136","OP","Mono_CD16",35,35,3,FALSE
0,1,NA,"znf140","OP","Mono_CD16",35,35,3,FALSE
0,1,NA,"znf143","OP","Mono_CD16",35,35,3,FALSE
0,1,NA,"znf143_1","OP","Mono_CD16",35,35,3,FALSE
0,1,NA,"znf146","OP","Mono_CD16",35,35,3,FALSE
0,1,NA,"znf232","OP","Mono_CD16",35,35,3,FALSE
0,1,NA,"znf24","OP","Mono_CD16",35,35,3,FALSE
0,1,NA,"znf250","OP","Mono_CD16",35,35,3,FALSE
0.0226771780821731,0.977322821917827,NA,"znf257","OP","Mono_CD16",35,35,3,FALSE
0,1,NA,"znf274","OP","Mono_CD16",35,35,3,FALSE
0,1,NA,"znf28","OP","Mono_CD16",35,35,3,FALSE
0,1,NA,"znf282","OP","Mono_CD16",35,35,3,FALSE
0,1,NA,"znf306","OP","Mono_CD16",35,35,3,FALSE
0,1,NA,"znf317","OP","Mono_CD16",35,35,3,FALSE
0.0107461480929386,0.989253851907061,NA,"znf320","OP","Mono_CD16",35,35,3,FALSE
0.0805678673314726,0.919432132668527,NA,"znf324","OP","Mono_CD16",35,35,3,FALSE
0,1,NA,"znf329","OP","Mono_CD16",35,35,3,FALSE
0.0326449152354426,0.967355084764557,NA,"znf331","OP","Mono_CD16",35,35,3,FALSE
0,1,NA,"znf332","OP","Mono_CD16",35,35,3,FALSE
0.0250946452215231,0.974905354778477,NA,"znf335","OP","Mono_CD16",35,35,3,FALSE
0,1,NA,"znf354","OP","Mono_CD16",35,35,3,FALSE
0,1,NA,"znf382","OP","Mono_CD16",35,35,3,FALSE
0,1,NA,"znf384_1","OP","Mono_CD16",35,35,3,FALSE
0,1,NA,"znf384_2","OP","Mono_CD16",35,35,3,FALSE
0.0315379937210063,0.968462006278994,NA,"znf41","OP","Mono_CD16",35,35,3,FALSE
0,1,NA,"znf410","OP","Mono_CD16",35,35,3,FALSE
0.0628516914565277,0.937148308543472,NA,"znf418","OP","Mono_CD16",35,35,3,FALSE
0.0642851759039245,0.935714824096075,NA,"znf423","OP","Mono_CD16",35,35,3,FALSE
0,1,NA,"znf431","OP","Mono_CD16",35,35,3,FALSE
0,1,NA,"znf435","OP","Mono_CD16",35,35,3,FALSE
0.0304807544797325,0.969519245520268,NA,"znf436","OP","Mono_CD16",35,35,3,FALSE
0,1,NA,"znf449","OP","Mono_CD16",35,35,3,FALSE
0,1,NA,"znf490","OP","Mono_CD16",35,35,3,FALSE
0,1,NA,"znf524","OP","Mono_CD16",35,35,3,FALSE
0.0280210543180079,0.971978945681992,NA,"znf528","OP","Mono_CD16",35,35,3,FALSE
0,1,NA,"znf53","OP","Mono_CD16",35,35,3,FALSE
0,1,NA,"znf547","OP","Mono_CD16",35,35,3,FALSE
0,1,NA,"znf549","OP","Mono_CD16",35,35,3,FALSE
0,1,NA,"znf554","OP","Mono_CD16",35,35,3,FALSE
0,1,NA,"znf563","OP","Mono_CD16",35,35,3,FALSE
0,1,NA,"znf57","OP","Mono_CD16",35,35,3,FALSE
0.0394791414123127,0.960520858587687,NA,"znf586","OP","Mono_CD16",35,35,3,FALSE
0,1,NA,"znf652","OP","Mono_CD16",35,35,3,FALSE
0,1,NA,"znf667","OP","Mono_CD16",35,35,3,FALSE
0,1,NA,"znf680","OP","Mono_CD16",35,35,3,FALSE
0,1,NA,"znf708","OP","Mono_CD16",35,35,3,FALSE
0,1,NA,"znf713","OP","Mono_CD16",35,35,3,FALSE
0.0255854267540784,0.974414573245922,NA,"znf768","OP","Mono_CD16",35,35,3,FALSE
0,1,NA,"znf784","OP","Mono_CD16",35,35,3,FALSE
0,1,NA,"znf85","OP","Mono_CD16",35,35,3,FALSE
0,1,NA,"znf85_1","OP","Mono_CD16",35,35,3,FALSE
0,1,NA,"zscan3","OP","Mono_CD16",35,35,3,FALSE
0,1,NA,"zscan4","OP","Mono_CD16",35,35,3,FALSE
0,1,NA,"ahr","OP","NK_CD16",34,34,3,FALSE
0,1,NA,"aire","OP","NK_CD16",34,34,3,FALSE
0,1,NA,"ap1_1","OP","NK_CD16",34,34,3,FALSE
0,1,NA,"ap1_2","OP","NK_CD16",34,34,3,FALSE
0.00388551035022526,0.996114489649775,NA,"ari5a","OP","NK_CD16",34,34,3,FALSE
0.0593359679621674,0.940664032037833,NA,"ari5b","OP","NK_CD16",34,34,3,FALSE
0.156744099681825,0.843255900318175,NA,"batf","OP","NK_CD16",34,34,3,FALSE
0,1,NA,"bcl6_1","OP","NK_CD16",34,34,3,FALSE
0,1,NA,"bcl6_2","OP","NK_CD16",34,34,3,FALSE
0,1,NA,"ccaat_cebp","OP","NK_CD16",34,34,3,FALSE
0,1,NA,"cenbp","OP","NK_CD16",34,34,3,FALSE
0,1,NA,"cpeb1","OP","NK_CD16",34,34,3,FALSE
0.168221157133975,0.831778842866025,NA,"creb_atf_1","OP","NK_CD16",34,34,3,FALSE
0.139366734869126,0.860633265130874,NA,"creb_atf_2","OP","NK_CD16",34,34,3,FALSE
0,1,NA,"creb_atf_3","OP","NK_CD16",34,34,3,FALSE
0.102082045345835,0.897917954654165,NA,"creb3_xbp1","OP","NK_CD16",34,34,3,FALSE
0,1,NA,"ctcf","OP","NK_CD16",34,34,3,FALSE
0,1,NA,"cux_1","OP","NK_CD16",34,34,3,FALSE
0,1,NA,"cux_2","OP","NK_CD16",34,34,3,FALSE
0,1,NA,"cux_3","OP","NK_CD16",34,34,3,FALSE
0.0904766024450444,0.909523397554955,NA,"cux_4","OP","NK_CD16",34,34,3,FALSE
0,1,NA,"ddit3cebpa","OP","NK_CD16",34,34,3,FALSE
0,1,NA,"dmrt1","OP","NK_CD16",34,34,3,FALSE
0,1,NA,"dmrt3","OP","NK_CD16",34,34,3,FALSE
0,1,NA,"e2f_1","OP","NK_CD16",34,34,3,FALSE
1.09238034489302e-16,1,NA,"e2f_2","OP","NK_CD16",34,34,3,FALSE
5.78194891872289e-16,0.999999999999999,NA,"e2f_3","OP","NK_CD16",34,34,3,FALSE
0,1,NA,"e2f_4","OP","NK_CD16",34,34,3,FALSE
0,1,NA,"ebf1","OP","NK_CD16",34,34,3,FALSE
4.93286702121021e-18,1,NA,"ebox_cacctg","OP","NK_CD16",34,34,3,FALSE
6.45841058987791e-17,1,NA,"ebox_cacgtg_1","OP","NK_CD16",34,34,3,FALSE
0,1,NA,"ebox_cacgtg_2","OP","NK_CD16",34,34,3,FALSE
0,1,NA,"ebox_cagatgg","OP","NK_CD16",34,34,3,FALSE
0.0477664967819398,0.95223350321806,NA,"ebox_cagctg","OP","NK_CD16",34,34,3,FALSE
0,1,NA,"ebox_catatg","OP","NK_CD16",34,34,3,FALSE
0,1,NA,"egr","OP","NK_CD16",34,34,3,FALSE
0,1,NA,"ets_1","OP","NK_CD16",34,34,3,FALSE
0,1,NA,"ets_2","OP","NK_CD16",34,34,3,FALSE
0,1,NA,"evi1_mecom","OP","NK_CD16",34,34,3,FALSE
0,1,NA,"ewsr1_fli1","OP","NK_CD16",34,34,3,FALSE
0.0552949171965442,0.944705082803456,NA,"fezf1","OP","NK_CD16",34,34,3,FALSE
0.108524897585982,0.891475102414018,NA,"fox_1","OP","NK_CD16",34,34,3,FALSE
0,1,NA,"fox_2","OP","NK_CD16",34,34,3,FALSE
0,1,NA,"fox_3","OP","NK_CD16",34,34,3,FALSE
0,1,NA,"fox_4","OP","NK_CD16",34,34,3,FALSE
0,1,NA,"fox_5","OP","NK_CD16",34,34,3,FALSE
0,1,NA,"fox_6","OP","NK_CD16",34,34,3,FALSE
0,1,NA,"fox_7","OP","NK_CD16",34,34,3,FALSE
0.0221679700194068,0.977832029980593,NA,"fox_8","OP","NK_CD16",34,34,3,FALSE
0,1,NA,"fox_9","OP","NK_CD16",34,34,3,FALSE
0,1,NA,"gata","OP","NK_CD16",34,34,3,FALSE
2.33099892989486e-17,1,NA,"gc_tract","OP","NK_CD16",34,34,3,FALSE
0,1,NA,"gcm","OP","NK_CD16",34,34,3,FALSE
0,1,NA,"gfi","OP","NK_CD16",34,34,3,FALSE
0.0413109276765535,0.958689072323447,NA,"gli","OP","NK_CD16",34,34,3,FALSE
0,1,NA,"glis","OP","NK_CD16",34,34,3,FALSE
0,1,NA,"gmeb2_1","OP","NK_CD16",34,34,3,FALSE
0.0751214449531183,0.924878555046882,NA,"gmeb2_2","OP","NK_CD16",34,34,3,FALSE
0.0614966644973228,0.938503335502677,NA,"gmeb2_3","OP","NK_CD16",34,34,3,FALSE
0,1,NA,"grhl","OP","NK_CD16",34,34,3,FALSE
0,1,NA,"hand1","OP","NK_CD16",34,34,3,FALSE
0,1,NA,"hd_1","OP","NK_CD16",34,34,3,FALSE
0,1,NA,"hd_10","OP","NK_CD16",34,34,3,FALSE
0.0853895057918407,0.914610494208159,NA,"hd_11","OP","NK_CD16",34,34,3,FALSE
0.0364619799899118,0.963538020010088,NA,"hd_12","OP","NK_CD16",34,34,3,FALSE
0,1,NA,"hd_13","OP","NK_CD16",34,34,3,FALSE
0.0899454440425094,0.910054555957491,NA,"hd_14","OP","NK_CD16",34,34,3,FALSE
0.00483900477079068,0.995160995229209,NA,"hd_15","OP","NK_CD16",34,34,3,FALSE
0.295246904170782,0.704753095829218,NA,"hd_16","OP","NK_CD16",34,34,3,FALSE
0,1,NA,"hd_17","OP","NK_CD16",34,34,3,FALSE
0,1,NA,"hd_18","OP","NK_CD16",34,34,3,FALSE
0,1,NA,"hd_19","OP","NK_CD16",34,34,3,FALSE
0,1,NA,"hd_2","OP","NK_CD16",34,34,3,FALSE
0,1,NA,"hd_20","OP","NK_CD16",34,34,3,FALSE
0.0599057528249371,0.940094247175063,NA,"hd_21","OP","NK_CD16",34,34,3,FALSE
6.81770784463766e-17,1,NA,"hd_22","OP","NK_CD16",34,34,3,FALSE
0.0826680745303781,0.917331925469622,NA,"hd_23","OP","NK_CD16",34,34,3,FALSE
0,1,NA,"hd_24","OP","NK_CD16",34,34,3,FALSE
0.0738399064483556,0.926160093551644,NA,"hd_25","OP","NK_CD16",34,34,3,FALSE
0.0506554684801239,0.949344531519876,NA,"hd_3","OP","NK_CD16",34,34,3,FALSE
0,1,NA,"hd_4","OP","NK_CD16",34,34,3,FALSE
0,1,NA,"hd_5","OP","NK_CD16",34,34,3,FALSE
0,1,NA,"hd_6","OP","NK_CD16",34,34,3,FALSE
0,1,NA,"hd_7","OP","NK_CD16",34,34,3,FALSE
0,1,NA,"hd_8","OP","NK_CD16",34,34,3,FALSE
0,1,NA,"hd_9","OP","NK_CD16",34,34,3,FALSE
0.0306309045825975,0.969369095417403,NA,"hen1","OP","NK_CD16",34,34,3,FALSE
0.0556485980490949,0.944351401950905,NA,"hic_1","OP","NK_CD16",34,34,3,FALSE
0.110017315409749,0.889982684590251,NA,"hic_2","OP","NK_CD16",34,34,3,FALSE
0,1,NA,"hif","OP","NK_CD16",34,34,3,FALSE
0,1,NA,"hinfp1_1","OP","NK_CD16",34,34,3,FALSE
0,1,NA,"hinfp1_2","OP","NK_CD16",34,34,3,FALSE
0,1,NA,"hinfp1_3","OP","NK_CD16",34,34,3,FALSE
0,1,NA,"hltf","OP","NK_CD16",34,34,3,FALSE
0,1,NA,"homez","OP","NK_CD16",34,34,3,FALSE
0,1,NA,"hsf","OP","NK_CD16",34,34,3,FALSE
0,1,NA,"hsfy2","OP","NK_CD16",34,34,3,FALSE
0.0386068663392818,0.961393133660718,NA,"insm1","OP","NK_CD16",34,34,3,FALSE
0,1,NA,"irf_1","OP","NK_CD16",34,34,3,FALSE
0,1,NA,"irf_2","OP","NK_CD16",34,34,3,FALSE
0,1,NA,"irf_3","OP","NK_CD16",34,34,3,FALSE
0.0491688485772264,0.950831151422774,NA,"irf_4","OP","NK_CD16",34,34,3,FALSE
0,1,NA,"kaiso","OP","NK_CD16",34,34,3,FALSE
4.08748298994016e-16,1,NA,"klf_sp_1","OP","NK_CD16",34,34,3,FALSE
0,1,NA,"klf_sp_2","OP","NK_CD16",34,34,3,FALSE
0.0190907222751442,0.980909277724856,NA,"klf_sp_3","OP","NK_CD16",34,34,3,FALSE
0.0906782128518288,0.909321787148171,NA,"lef1","OP","NK_CD16",34,34,3,FALSE
0,1,NA,"lin54","OP","NK_CD16",34,34,3,FALSE
0.0454116493014454,0.954588350698555,NA,"maf","OP","NK_CD16",34,34,3,FALSE
0,1,NA,"mbd2","OP","NK_CD16",34,34,3,FALSE
0,1,NA,"mecp2","OP","NK_CD16",34,34,3,FALSE
0,1,NA,"mef2","OP","NK_CD16",34,34,3,FALSE
0,1,NA,"mfz1","OP","NK_CD16",34,34,3,FALSE
0,1,NA,"mies","OP","NK_CD16",34,34,3,FALSE
0.0119347151607612,0.988065284839239,NA,"mtf1","OP","NK_CD16",34,34,3,FALSE
4.03145366188221e-17,1,NA,"myb_1","OP","NK_CD16",34,34,3,FALSE
0,1,NA,"myb_2","OP","NK_CD16",34,34,3,FALSE
0,1,NA,"myb_3","OP","NK_CD16",34,34,3,FALSE
0,1,NA,"myb_4","OP","NK_CD16",34,34,3,FALSE
0,1,NA,"myb_5","OP","NK_CD16",34,34,3,FALSE
0,1,NA,"mzf1","OP","NK_CD16",34,34,3,FALSE
0,1,NA,"nfac_2","OP","NK_CD16",34,34,3,FALSE
0,1,NA,"nfat_1","OP","NK_CD16",34,34,3,FALSE
0,1,NA,"nfat_2","OP","NK_CD16",34,34,3,FALSE
0,1,NA,"nfat_3","OP","NK_CD16",34,34,3,FALSE
0,1,NA,"nfat_4","OP","NK_CD16",34,34,3,FALSE
0,1,NA,"nfi_1","OP","NK_CD16",34,34,3,FALSE
0,1,NA,"nfi_2","OP","NK_CD16",34,34,3,FALSE
3.01352522094242e-17,1,NA,"nfi_3","OP","NK_CD16",34,34,3,FALSE
0,1,NA,"nfkb_1","OP","NK_CD16",34,34,3,FALSE
0,1,NA,"nfkb_2","OP","NK_CD16",34,34,3,FALSE
0,1,NA,"nfkb_3","OP","NK_CD16",34,34,3,FALSE
0.0364573329383473,0.963542667061653,NA,"nfy","OP","NK_CD16",34,34,3,FALSE
0.0369775563241628,0.963022443675837,NA,"nr_1","OP","NK_CD16",34,34,3,FALSE
0,1,NA,"nr_10","OP","NK_CD16",34,34,3,FALSE
0.027391859144746,0.972608140855254,NA,"nr_11","OP","NK_CD16",34,34,3,FALSE
0.121257041909043,0.878742958090957,NA,"nr_12","OP","NK_CD16",34,34,3,FALSE
0,1,NA,"nr_13","OP","NK_CD16",34,34,3,FALSE
0.215521800011041,0.784478199988959,NA,"nr_14","OP","NK_CD16",34,34,3,FALSE
0,1,NA,"nr_15","OP","NK_CD16",34,34,3,FALSE
0.00796311390620636,0.992036886093794,NA,"nr_16","OP","NK_CD16",34,34,3,FALSE
0.0455128589800039,0.954487141019996,NA,"nr_17","OP","NK_CD16",34,34,3,FALSE
0.0851076798151047,0.914892320184895,NA,"nr_18","OP","NK_CD16",34,34,3,FALSE
0,1,NA,"nr_19","OP","NK_CD16",34,34,3,FALSE
0,1,NA,"nr_2","OP","NK_CD16",34,34,3,FALSE
0.0235851189876836,0.976414881012316,NA,"nr_20","OP","NK_CD16",34,34,3,FALSE
0.0377603601057238,0.962239639894276,NA,"nr_3","OP","NK_CD16",34,34,3,FALSE
0,1,NA,"nr_4","OP","NK_CD16",34,34,3,FALSE
0,1,NA,"nr_5","OP","NK_CD16",34,34,3,FALSE
0,1,NA,"nr_6","OP","NK_CD16",34,34,3,FALSE
0.0312637573333237,0.968736242666676,NA,"nr_7","OP","NK_CD16",34,34,3,FALSE
0,1,NA,"nr_8","OP","NK_CD16",34,34,3,FALSE
0.131605427444539,0.868394572555461,NA,"nr_9","OP","NK_CD16",34,34,3,FALSE
0,1,NA,"nr2e3","OP","NK_CD16",34,34,3,FALSE
0,1,NA,"nrf1","OP","NK_CD16",34,34,3,FALSE
0,1,NA,"oct4sox2","OP","NK_CD16",34,34,3,FALSE
0.0950750857461465,0.904924914253853,NA,"osr2","OP","NK_CD16",34,34,3,FALSE
0,1,NA,"ovol1","OP","NK_CD16",34,34,3,FALSE
0,1,NA,"p53_like_1","OP","NK_CD16",34,34,3,FALSE
0.0308314844044858,0.969168515595514,NA,"p53_like_2","OP","NK_CD16",34,34,3,FALSE
0.02900849871,0.97099150129,NA,"p53_like_3","OP","NK_CD16",34,34,3,FALSE
0,1,NA,"pax_halfsite","OP","NK_CD16",34,34,3,FALSE
0,1,NA,"pax_1","OP","NK_CD16",34,34,3,FALSE
0,1,NA,"pax_2","OP","NK_CD16",34,34,3,FALSE
0,1,NA,"plag1","OP","NK_CD16",34,34,3,FALSE
4.75869232464454e-17,1,NA,"pou_1","OP","NK_CD16",34,34,3,FALSE
0,1,NA,"pou_2","OP","NK_CD16",34,34,3,FALSE
0,1,NA,"pou_3","OP","NK_CD16",34,34,3,FALSE
0,1,NA,"prdm1","OP","NK_CD16",34,34,3,FALSE
0,1,NA,"prdm14","OP","NK_CD16",34,34,3,FALSE
0,1,NA,"prdm16","OP","NK_CD16",34,34,3,FALSE
0,1,NA,"prdm4","OP","NK_CD16",34,34,3,FALSE
0,1,NA,"prdm5","OP","NK_CD16",34,34,3,FALSE
0.0845457474833862,0.915454252516614,NA,"prdm9","OP","NK_CD16",34,34,3,FALSE
0,1,NA,"prox1","OP","NK_CD16",34,34,3,FALSE
0,1,NA,"rbpj","OP","NK_CD16",34,34,3,FALSE
0,1,NA,"rel_halfsite","OP","NK_CD16",34,34,3,FALSE
0.0478068510719686,0.952193148928031,NA,"rest_nrsf","OP","NK_CD16",34,34,3,FALSE
0,1,NA,"rfx_1","OP","NK_CD16",34,34,3,FALSE
0.0168836811425513,0.983116318857449,NA,"rfx_2","OP","NK_CD16",34,34,3,FALSE
0.0275275301350651,0.972472469864935,NA,"rfx_3","OP","NK_CD16",34,34,3,FALSE
0,1,NA,"runx_1","OP","NK_CD16",34,34,3,FALSE
0,1,NA,"runx_2","OP","NK_CD16",34,34,3,FALSE
0.0194545986797299,0.98054540132027,NA,"scrt1","OP","NK_CD16",34,34,3,FALSE
0,1,NA,"six_1","OP","NK_CD16",34,34,3,FALSE
0,1,NA,"six_2","OP","NK_CD16",34,34,3,FALSE
0,1,NA,"smad","OP","NK_CD16",34,34,3,FALSE
0.0565741080430506,0.943425891956949,NA,"smad_1","OP","NK_CD16",34,34,3,FALSE
0,1,NA,"smad_2","OP","NK_CD16",34,34,3,FALSE
0,1,NA,"smarca1","OP","NK_CD16",34,34,3,FALSE
0,1,NA,"smarca5","OP","NK_CD16",34,34,3,FALSE
0.0109536538707803,0.98904634612922,NA,"snai2","OP","NK_CD16",34,34,3,FALSE
0.0194601735192787,0.980539826480721,NA,"sox_1","OP","NK_CD16",34,34,3,FALSE
0,1,NA,"sox_2","OP","NK_CD16",34,34,3,FALSE
0,1,NA,"sox_3","OP","NK_CD16",34,34,3,FALSE
0.0477556949646864,0.952244305035314,NA,"sox_4","OP","NK_CD16",34,34,3,FALSE
0,1,NA,"sox_5","OP","NK_CD16",34,34,3,FALSE
0,1,NA,"sox_6","OP","NK_CD16",34,34,3,FALSE
0,1,NA,"sox_7","OP","NK_CD16",34,34,3,FALSE
1.77761366984499e-16,1,NA,"sox_8","OP","NK_CD16",34,34,3,FALSE
0,1,NA,"spdef_1","OP","NK_CD16",34,34,3,FALSE
0,1,NA,"spdef_2","OP","NK_CD16",34,34,3,FALSE
0,1,NA,"spi","OP","NK_CD16",34,34,3,FALSE
0,1,NA,"spz1","OP","NK_CD16",34,34,3,FALSE
0.0537493803457389,0.946250619654261,NA,"srebf1","OP","NK_CD16",34,34,3,FALSE
0,1,NA,"srf","OP","NK_CD16",34,34,3,FALSE
0,1,NA,"stat_1","OP","NK_CD16",34,34,3,FALSE
0,1,NA,"stat_2","OP","NK_CD16",34,34,3,FALSE
0.00468785600684614,0.995312143993154,NA,"tata","OP","NK_CD16",34,34,3,FALSE
0.0427774052281196,0.95722259477188,NA,"tbx_1","OP","NK_CD16",34,34,3,FALSE
0,1,NA,"tbx_2","OP","NK_CD16",34,34,3,FALSE
0,1,NA,"tbx_3","OP","NK_CD16",34,34,3,FALSE
0,1,NA,"tbx_4","OP","NK_CD16",34,34,3,FALSE
0,1,NA,"tcf_lef","OP","NK_CD16",34,34,3,FALSE
0,1,NA,"tead","OP","NK_CD16",34,34,3,FALSE
0.0337403652910446,0.966259634708955,NA,"tfap2_1","OP","NK_CD16",34,34,3,FALSE
0,1,NA,"tfap2_2","OP","NK_CD16",34,34,3,FALSE
0,1,NA,"tfcp2","OP","NK_CD16",34,34,3,FALSE
0,1,NA,"thap1","OP","NK_CD16",34,34,3,FALSE
0.00422087929915423,0.995779120700846,NA,"yy1","OP","NK_CD16",34,34,3,FALSE
0,1,NA,"zbed1","OP","NK_CD16",34,34,3,FALSE
0,1,NA,"zbtb14","OP","NK_CD16",34,34,3,FALSE
0,1,NA,"zbtb48","OP","NK_CD16",34,34,3,FALSE
0,1,NA,"zbtb49","OP","NK_CD16",34,34,3,FALSE
0.00815955833625799,0.991840441663742,NA,"zbtb6","OP","NK_CD16",34,34,3,FALSE
0.066540808481505,0.933459191518495,NA,"zbtb7a","OP","NK_CD16",34,34,3,FALSE
0,1,NA,"zfn121","OP","NK_CD16",34,34,3,FALSE
0.0201471053496484,0.979852894650352,NA,"zfx","OP","NK_CD16",34,34,3,FALSE
0.00205775991703537,0.997942240082965,NA,"zic","OP","NK_CD16",34,34,3,FALSE
0,1,NA,"zic_2","OP","NK_CD16",34,34,3,FALSE
0,1,NA,"zim3","OP","NK_CD16",34,34,3,FALSE
0.0434745503707369,0.956525449629263,NA,"zkscan1","OP","NK_CD16",34,34,3,FALSE
0.00875974523963462,0.991240254760365,NA,"znf134","OP","NK_CD16",34,34,3,FALSE
0,1,NA,"znf136","OP","NK_CD16",34,34,3,FALSE
0,1,NA,"znf140","OP","NK_CD16",34,34,3,FALSE
0.00129471008654396,0.998705289913456,NA,"znf143","OP","NK_CD16",34,34,3,FALSE
0.00658208382830803,0.993417916171692,NA,"znf143_1","OP","NK_CD16",34,34,3,FALSE
0,1,NA,"znf146","OP","NK_CD16",34,34,3,FALSE
0,1,NA,"znf232","OP","NK_CD16",34,34,3,FALSE
0,1,NA,"znf24","OP","NK_CD16",34,34,3,FALSE
0,1,NA,"znf250","OP","NK_CD16",34,34,3,FALSE
0,1,NA,"znf257","OP","NK_CD16",34,34,3,FALSE
0.0222212197995867,0.977778780200413,NA,"znf274","OP","NK_CD16",34,34,3,FALSE
0,1,NA,"znf28","OP","NK_CD16",34,34,3,FALSE
0,1,NA,"znf282","OP","NK_CD16",34,34,3,FALSE
0,1,NA,"znf306","OP","NK_CD16",34,34,3,FALSE
0,1,NA,"znf317","OP","NK_CD16",34,34,3,FALSE
0.00108952064722198,0.998910479352778,NA,"znf320","OP","NK_CD16",34,34,3,FALSE
6.36565380239019e-17,1,NA,"znf324","OP","NK_CD16",34,34,3,FALSE
0,1,NA,"znf329","OP","NK_CD16",34,34,3,FALSE
0,1,NA,"znf331","OP","NK_CD16",34,34,3,FALSE
0.0373828215167301,0.96261717848327,NA,"znf332","OP","NK_CD16",34,34,3,FALSE
0.0643641131515329,0.935635886848467,NA,"znf335","OP","NK_CD16",34,34,3,FALSE
0,1,NA,"znf354","OP","NK_CD16",34,34,3,FALSE
0,1,NA,"znf382","OP","NK_CD16",34,34,3,FALSE
0.105200626459961,0.894799373540039,NA,"znf384_1","OP","NK_CD16",34,34,3,FALSE
0,1,NA,"znf384_2","OP","NK_CD16",34,34,3,FALSE
6.48781597463301e-18,1,NA,"znf41","OP","NK_CD16",34,34,3,FALSE
0.113884065958818,0.886115934041182,NA,"znf410","OP","NK_CD16",34,34,3,FALSE
0.0026069569707264,0.997393043029274,NA,"znf418","OP","NK_CD16",34,34,3,FALSE
0.0556111043842227,0.944388895615777,NA,"znf423","OP","NK_CD16",34,34,3,FALSE
0,1,NA,"znf431","OP","NK_CD16",34,34,3,FALSE
0,1,NA,"znf435","OP","NK_CD16",34,34,3,FALSE
0,1,NA,"znf436","OP","NK_CD16",34,34,3,FALSE
0,1,NA,"znf449","OP","NK_CD16",34,34,3,FALSE
0,1,NA,"znf490","OP","NK_CD16",34,34,3,FALSE
0,1,NA,"znf524","OP","NK_CD16",34,34,3,FALSE
0,1,NA,"znf528","OP","NK_CD16",34,34,3,FALSE
0,1,NA,"znf53","OP","NK_CD16",34,34,3,FALSE
0.094033744721323,0.905966255278677,NA,"znf547","OP","NK_CD16",34,34,3,FALSE
0.0130769689459824,0.986923031054018,NA,"znf549","OP","NK_CD16",34,34,3,FALSE
0,1,NA,"znf554","OP","NK_CD16",34,34,3,FALSE
0.0024099189168997,0.9975900810831,NA,"znf563","OP","NK_CD16",34,34,3,FALSE
0,1,NA,"znf57","OP","NK_CD16",34,34,3,FALSE
0,1,NA,"znf586","OP","NK_CD16",34,34,3,FALSE
0,1,NA,"znf652","OP","NK_CD16",34,34,3,FALSE
0.0729559452851561,0.927044054714844,NA,"znf667","OP","NK_CD16",34,34,3,FALSE
0.0652962947814593,0.934703705218541,NA,"znf680","OP","NK_CD16",34,34,3,FALSE
1.64064162709792e-17,1,NA,"znf708","OP","NK_CD16",34,34,3,FALSE
0,1,NA,"znf713","OP","NK_CD16",34,34,3,FALSE
0.0261425738988852,0.973857426101115,NA,"znf768","OP","NK_CD16",34,34,3,FALSE
0,1,NA,"znf784","OP","NK_CD16",34,34,3,FALSE
0,1,NA,"znf85","OP","NK_CD16",34,34,3,FALSE
0,1,NA,"znf85_1","OP","NK_CD16",34,34,3,FALSE
0.00507802359949126,0.994921976400509,NA,"zscan3","OP","NK_CD16",34,34,3,FALSE
0,1,NA,"zscan4","OP","NK_CD16",34,34,3,FALSE
0,1,NA,"ahr","OP","Plasma",18,18,3,FALSE
0,1,NA,"aire","OP","Plasma",18,18,3,FALSE
0.375326420099846,0.624673579900154,NA,"ap1_1","OP","Plasma",18,18,3,FALSE
0,1,NA,"ap1_2","OP","Plasma",18,18,3,FALSE
0,1,NA,"ari5a","OP","Plasma",18,18,3,FALSE
0.244455016963587,0.755544983036413,NA,"ari5b","OP","Plasma",18,18,3,FALSE
0,1,NA,"batf","OP","Plasma",18,18,3,FALSE
0,1,NA,"bcl6_1","OP","Plasma",18,18,3,FALSE
0,1,NA,"bcl6_2","OP","Plasma",18,18,3,FALSE
0.0184354181562778,0.981564581843722,NA,"ccaat_cebp","OP","Plasma",18,18,3,FALSE
0,1,NA,"cenbp","OP","Plasma",18,18,3,FALSE
0,1,NA,"cpeb1","OP","Plasma",18,18,3,FALSE
0,1,NA,"creb_atf_1","OP","Plasma",18,18,3,FALSE
0,1,NA,"creb_atf_2","OP","Plasma",18,18,3,FALSE
0,1,NA,"creb_atf_3","OP","Plasma",18,18,3,FALSE
0,1,NA,"creb3_xbp1","OP","Plasma",18,18,3,FALSE
0,1,NA,"ctcf","OP","Plasma",18,18,3,FALSE
0,1,NA,"cux_1","OP","Plasma",18,18,3,FALSE
0,1,NA,"cux_2","OP","Plasma",18,18,3,FALSE
0.0543941406163769,0.945605859383623,NA,"cux_3","OP","Plasma",18,18,3,FALSE
0,1,NA,"cux_4","OP","Plasma",18,18,3,FALSE
0,1,NA,"ddit3cebpa","OP","Plasma",18,18,3,FALSE
0.144003379284596,0.855996620715404,NA,"dmrt1","OP","Plasma",18,18,3,FALSE
0,1,NA,"dmrt3","OP","Plasma",18,18,3,FALSE
0,1,NA,"e2f_1","OP","Plasma",18,18,3,FALSE
0,1,NA,"e2f_2","OP","Plasma",18,18,3,FALSE
0.28612763851539,0.71387236148461,NA,"e2f_3","OP","Plasma",18,18,3,FALSE
0.0396251565796821,0.960374843420318,NA,"e2f_4","OP","Plasma",18,18,3,FALSE
0,1,NA,"ebf1","OP","Plasma",18,18,3,FALSE
0,1,NA,"ebox_cacctg","OP","Plasma",18,18,3,FALSE
0.128975858092749,0.871024141907251,NA,"ebox_cacgtg_1","OP","Plasma",18,18,3,FALSE
0,1,NA,"ebox_cacgtg_2","OP","Plasma",18,18,3,FALSE
0,1,NA,"ebox_cagatgg","OP","Plasma",18,18,3,FALSE
0,1,NA,"ebox_cagctg","OP","Plasma",18,18,3,FALSE
0,1,NA,"ebox_catatg","OP","Plasma",18,18,3,FALSE
0,1,NA,"egr","OP","Plasma",18,18,3,FALSE
0,1,NA,"ets_1","OP","Plasma",18,18,3,FALSE
0,1,NA,"ets_2","OP","Plasma",18,18,3,FALSE
0,1,NA,"evi1_mecom","OP","Plasma",18,18,3,FALSE
0,1,NA,"ewsr1_fli1","OP","Plasma",18,18,3,FALSE
0,1,NA,"fezf1","OP","Plasma",18,18,3,FALSE
0,1,NA,"fox_1","OP","Plasma",18,18,3,FALSE
0.0371852822110466,0.962814717788953,NA,"fox_2","OP","Plasma",18,18,3,FALSE
0,1,NA,"fox_3","OP","Plasma",18,18,3,FALSE
0,1,NA,"fox_4","OP","Plasma",18,18,3,FALSE
0.100029686510489,0.899970313489511,NA,"fox_5","OP","Plasma",18,18,3,FALSE
0,1,NA,"fox_6","OP","Plasma",18,18,3,FALSE
0,1,NA,"fox_7","OP","Plasma",18,18,3,FALSE
0.0280392988951898,0.97196070110481,NA,"fox_8","OP","Plasma",18,18,3,FALSE
0,1,NA,"fox_9","OP","Plasma",18,18,3,FALSE
0,1,NA,"gata","OP","Plasma",18,18,3,FALSE
0.0801475962745054,0.919852403725495,NA,"gc_tract","OP","Plasma",18,18,3,FALSE
0,1,NA,"gcm","OP","Plasma",18,18,3,FALSE
0,1,NA,"gfi","OP","Plasma",18,18,3,FALSE
0,1,NA,"gli","OP","Plasma",18,18,3,FALSE
0,1,NA,"glis","OP","Plasma",18,18,3,FALSE
0,1,NA,"gmeb2_1","OP","Plasma",18,18,3,FALSE
0,1,NA,"gmeb2_2","OP","Plasma",18,18,3,FALSE
0,1,NA,"gmeb2_3","OP","Plasma",18,18,3,FALSE
0.119648673368477,0.880351326631523,NA,"grhl","OP","Plasma",18,18,3,FALSE
0,1,NA,"hand1","OP","Plasma",18,18,3,FALSE
0,1,NA,"hd_1","OP","Plasma",18,18,3,FALSE
0,1,NA,"hd_10","OP","Plasma",18,18,3,FALSE
0,1,NA,"hd_11","OP","Plasma",18,18,3,FALSE
0,1,NA,"hd_12","OP","Plasma",18,18,3,FALSE
0,1,NA,"hd_13","OP","Plasma",18,18,3,FALSE
0,1,NA,"hd_14","OP","Plasma",18,18,3,FALSE
0,1,NA,"hd_15","OP","Plasma",18,18,3,FALSE
0,1,NA,"hd_16","OP","Plasma",18,18,3,FALSE
0,1,NA,"hd_17","OP","Plasma",18,18,3,FALSE
0,1,NA,"hd_18","OP","Plasma",18,18,3,FALSE
0,1,NA,"hd_19","OP","Plasma",18,18,3,FALSE
0,1,NA,"hd_2","OP","Plasma",18,18,3,FALSE
0,1,NA,"hd_20","OP","Plasma",18,18,3,FALSE
0,1,NA,"hd_21","OP","Plasma",18,18,3,FALSE
0,1,NA,"hd_22","OP","Plasma",18,18,3,FALSE
0.191669469366578,0.808330530633422,NA,"hd_23","OP","Plasma",18,18,3,FALSE
0,1,NA,"hd_24","OP","Plasma",18,18,3,FALSE
0,1,NA,"hd_25","OP","Plasma",18,18,3,FALSE
0,1,NA,"hd_3","OP","Plasma",18,18,3,FALSE
0.417199928545769,0.582800071454231,NA,"hd_4","OP","Plasma",18,18,3,FALSE
0,1,NA,"hd_5","OP","Plasma",18,18,3,FALSE
0,1,NA,"hd_6","OP","Plasma",18,18,3,FALSE
0,1,NA,"hd_7","OP","Plasma",18,18,3,FALSE
0,1,NA,"hd_8","OP","Plasma",18,18,3,FALSE
0,1,NA,"hd_9","OP","Plasma",18,18,3,FALSE
0,1,NA,"hen1","OP","Plasma",18,18,3,FALSE
0,1,NA,"hic_1","OP","Plasma",18,18,3,FALSE
0.202299694196039,0.797700305803961,NA,"hic_2","OP","Plasma",18,18,3,FALSE
0,1,NA,"hif","OP","Plasma",18,18,3,FALSE
0,1,NA,"hinfp1_1","OP","Plasma",18,18,3,FALSE
0,1,NA,"hinfp1_2","OP","Plasma",18,18,3,FALSE
6.1280241604899e-17,1,NA,"hinfp1_3","OP","Plasma",18,18,3,FALSE
0,1,NA,"hltf","OP","Plasma",18,18,3,FALSE
0,1,NA,"homez","OP","Plasma",18,18,3,FALSE
0,1,NA,"hsf","OP","Plasma",18,18,3,FALSE
0,1,NA,"hsfy2","OP","Plasma",18,18,3,FALSE
0,1,NA,"insm1","OP","Plasma",18,18,3,FALSE
0.323552236474673,0.676447763525327,NA,"irf_1","OP","Plasma",18,18,3,FALSE
0,1,NA,"irf_2","OP","Plasma",18,18,3,FALSE
0.54089702735528,0.45910297264472,NA,"irf_3","OP","Plasma",18,18,3,FALSE
0,1,NA,"irf_4","OP","Plasma",18,18,3,FALSE
0,1,NA,"kaiso","OP","Plasma",18,18,3,FALSE
0,1,NA,"klf_sp_1","OP","Plasma",18,18,3,FALSE
0,1,NA,"klf_sp_2","OP","Plasma",18,18,3,FALSE
0.123209317882885,0.876790682117115,NA,"klf_sp_3","OP","Plasma",18,18,3,FALSE
0,1,NA,"lef1","OP","Plasma",18,18,3,FALSE
0.0296438723773253,0.970356127622675,NA,"lin54","OP","Plasma",18,18,3,FALSE
0,1,NA,"maf","OP","Plasma",18,18,3,FALSE
0,1,NA,"mbd2","OP","Plasma",18,18,3,FALSE
0.0171841154288494,0.982815884571151,NA,"mecp2","OP","Plasma",18,18,3,FALSE
0,1,NA,"mef2","OP","Plasma",18,18,3,FALSE
0,1,NA,"mfz1","OP","Plasma",18,18,3,FALSE
0,1,NA,"mies","OP","Plasma",18,18,3,FALSE
0,1,NA,"mtf1","OP","Plasma",18,18,3,FALSE
0.304776014179442,0.695223985820558,NA,"myb_1","OP","Plasma",18,18,3,FALSE
0.168618450095776,0.831381549904224,NA,"myb_2","OP","Plasma",18,18,3,FALSE
0,1,NA,"myb_3","OP","Plasma",18,18,3,FALSE
0,1,NA,"myb_4","OP","Plasma",18,18,3,FALSE
0,1,NA,"myb_5","OP","Plasma",18,18,3,FALSE
0,1,NA,"mzf1","OP","Plasma",18,18,3,FALSE
0,1,NA,"nfac_2","OP","Plasma",18,18,3,FALSE
0,1,NA,"nfat_1","OP","Plasma",18,18,3,FALSE
0,1,NA,"nfat_2","OP","Plasma",18,18,3,FALSE
0,1,NA,"nfat_3","OP","Plasma",18,18,3,FALSE
0.130999772560399,0.869000227439601,NA,"nfat_4","OP","Plasma",18,18,3,FALSE
0,1,NA,"nfi_1","OP","Plasma",18,18,3,FALSE
0.0722048135898438,0.927795186410156,NA,"nfi_2","OP","Plasma",18,18,3,FALSE
0,1,NA,"nfi_3","OP","Plasma",18,18,3,FALSE
0.0119002674446901,0.98809973255531,NA,"nfkb_1","OP","Plasma",18,18,3,FALSE
0.31195133241376,0.68804866758624,NA,"nfkb_2","OP","Plasma",18,18,3,FALSE
0.0669496527768735,0.933050347223126,NA,"nfkb_3","OP","Plasma",18,18,3,FALSE
0,1,NA,"nfy","OP","Plasma",18,18,3,FALSE
0,1,NA,"nr_1","OP","Plasma",18,18,3,FALSE
0,1,NA,"nr_10","OP","Plasma",18,18,3,FALSE
0,1,NA,"nr_11","OP","Plasma",18,18,3,FALSE
0,1,NA,"nr_12","OP","Plasma",18,18,3,FALSE
0,1,NA,"nr_13","OP","Plasma",18,18,3,FALSE
0,1,NA,"nr_14","OP","Plasma",18,18,3,FALSE
0,1,NA,"nr_15","OP","Plasma",18,18,3,FALSE
0,1,NA,"nr_16","OP","Plasma",18,18,3,FALSE
0.0236023000489853,0.976397699951015,NA,"nr_17","OP","Plasma",18,18,3,FALSE
0,1,NA,"nr_18","OP","Plasma",18,18,3,FALSE
0,1,NA,"nr_19","OP","Plasma",18,18,3,FALSE
0,1,NA,"nr_2","OP","Plasma",18,18,3,FALSE
0,1,NA,"nr_20","OP","Plasma",18,18,3,FALSE
0,1,NA,"nr_3","OP","Plasma",18,18,3,FALSE
0,1,NA,"nr_4","OP","Plasma",18,18,3,FALSE
0,1,NA,"nr_5","OP","Plasma",18,18,3,FALSE
0,1,NA,"nr_6","OP","Plasma",18,18,3,FALSE
0,1,NA,"nr_7","OP","Plasma",18,18,3,FALSE
0,1,NA,"nr_8","OP","Plasma",18,18,3,FALSE
0,1,NA,"nr_9","OP","Plasma",18,18,3,FALSE
0,1,NA,"nr2e3","OP","Plasma",18,18,3,FALSE
0,1,NA,"nrf1","OP","Plasma",18,18,3,FALSE
0,1,NA,"oct4sox2","OP","Plasma",18,18,3,FALSE
0,1,NA,"osr2","OP","Plasma",18,18,3,FALSE
0,1,NA,"ovol1","OP","Plasma",18,18,3,FALSE
0,1,NA,"p53_like_1","OP","Plasma",18,18,3,FALSE
0,1,NA,"p53_like_2","OP","Plasma",18,18,3,FALSE
0,1,NA,"p53_like_3","OP","Plasma",18,18,3,FALSE
0,1,NA,"pax_halfsite","OP","Plasma",18,18,3,FALSE
0,1,NA,"pax_1","OP","Plasma",18,18,3,FALSE
0,1,NA,"pax_2","OP","Plasma",18,18,3,FALSE
0,1,NA,"plag1","OP","Plasma",18,18,3,FALSE
0,1,NA,"pou_1","OP","Plasma",18,18,3,FALSE
0,1,NA,"pou_2","OP","Plasma",18,18,3,FALSE
0,1,NA,"pou_3","OP","Plasma",18,18,3,FALSE
0,1,NA,"prdm1","OP","Plasma",18,18,3,FALSE
0.0148075862985692,0.985192413701431,NA,"prdm14","OP","Plasma",18,18,3,FALSE
0,1,NA,"prdm16","OP","Plasma",18,18,3,FALSE
0,1,NA,"prdm4","OP","Plasma",18,18,3,FALSE
0,1,NA,"prdm5","OP","Plasma",18,18,3,FALSE
0.0273860349070768,0.972613965092923,NA,"prdm9","OP","Plasma",18,18,3,FALSE
0,1,NA,"prox1","OP","Plasma",18,18,3,FALSE
0.0396821700013282,0.960317829998672,NA,"rbpj","OP","Plasma",18,18,3,FALSE
0,1,NA,"rel_halfsite","OP","Plasma",18,18,3,FALSE
0.0393685671857883,0.960631432814212,NA,"rest_nrsf","OP","Plasma",18,18,3,FALSE
0,1,NA,"rfx_1","OP","Plasma",18,18,3,FALSE
0,1,NA,"rfx_2","OP","Plasma",18,18,3,FALSE
0,1,NA,"rfx_3","OP","Plasma",18,18,3,FALSE
0,1,NA,"runx_1","OP","Plasma",18,18,3,FALSE
0,1,NA,"runx_2","OP","Plasma",18,18,3,FALSE
0,1,NA,"scrt1","OP","Plasma",18,18,3,FALSE
0,1,NA,"six_1","OP","Plasma",18,18,3,FALSE
0,1,NA,"six_2","OP","Plasma",18,18,3,FALSE
0,1,NA,"smad","OP","Plasma",18,18,3,FALSE
0.106046439628783,0.893953560371218,NA,"smad_1","OP","Plasma",18,18,3,FALSE
0,1,NA,"smad_2","OP","Plasma",18,18,3,FALSE
0,1,NA,"smarca1","OP","Plasma",18,18,3,FALSE
0,1,NA,"smarca5","OP","Plasma",18,18,3,FALSE
0,1,NA,"snai2","OP","Plasma",18,18,3,FALSE
0,1,NA,"sox_1","OP","Plasma",18,18,3,FALSE
0,1,NA,"sox_2","OP","Plasma",18,18,3,FALSE
0,1,NA,"sox_3","OP","Plasma",18,18,3,FALSE
0,1,NA,"sox_4","OP","Plasma",18,18,3,FALSE
0,1,NA,"sox_5","OP","Plasma",18,18,3,FALSE
0,1,NA,"sox_6","OP","Plasma",18,18,3,FALSE
0.0341234034257449,0.965876596574255,NA,"sox_7","OP","Plasma",18,18,3,FALSE
0,1,NA,"sox_8","OP","Plasma",18,18,3,FALSE
0,1,NA,"spdef_1","OP","Plasma",18,18,3,FALSE
0,1,NA,"spdef_2","OP","Plasma",18,18,3,FALSE
0,1,NA,"spi","OP","Plasma",18,18,3,FALSE
0,1,NA,"spz1","OP","Plasma",18,18,3,FALSE
0,1,NA,"srebf1","OP","Plasma",18,18,3,FALSE
0.0613553099916473,0.938644690008353,NA,"srf","OP","Plasma",18,18,3,FALSE
0,1,NA,"stat_1","OP","Plasma",18,18,3,FALSE
0,1,NA,"stat_2","OP","Plasma",18,18,3,FALSE
0.0762606136726211,0.923739386327379,NA,"tata","OP","Plasma",18,18,3,FALSE
0,1,NA,"tbx_1","OP","Plasma",18,18,3,FALSE
0,1,NA,"tbx_2","OP","Plasma",18,18,3,FALSE
0,1,NA,"tbx_3","OP","Plasma",18,18,3,FALSE
0.175122095889042,0.824877904110958,NA,"tbx_4","OP","Plasma",18,18,3,FALSE
0,1,NA,"tcf_lef","OP","Plasma",18,18,3,FALSE
0,1,NA,"tead","OP","Plasma",18,18,3,FALSE
0,1,NA,"tfap2_1","OP","Plasma",18,18,3,FALSE
0,1,NA,"tfap2_2","OP","Plasma",18,18,3,FALSE
0,1,NA,"tfcp2","OP","Plasma",18,18,3,FALSE
0,1,NA,"thap1","OP","Plasma",18,18,3,FALSE
0,1,NA,"yy1","OP","Plasma",18,18,3,FALSE
0,1,NA,"zbed1","OP","Plasma",18,18,3,FALSE
0,1,NA,"zbtb14","OP","Plasma",18,18,3,FALSE
0.347555184532027,0.652444815467973,NA,"zbtb48","OP","Plasma",18,18,3,FALSE
0,1,NA,"zbtb49","OP","Plasma",18,18,3,FALSE
0,1,NA,"zbtb6","OP","Plasma",18,18,3,FALSE
3.21904152071221e-15,0.999999999999997,NA,"zbtb7a","OP","Plasma",18,18,3,FALSE
0,1,NA,"zfn121","OP","Plasma",18,18,3,FALSE
0.00335374857872079,0.996646251421279,NA,"zfx","OP","Plasma",18,18,3,FALSE
0,1,NA,"zic","OP","Plasma",18,18,3,FALSE
0.0283747357869792,0.971625264213021,NA,"zic_2","OP","Plasma",18,18,3,FALSE
0,1,NA,"zim3","OP","Plasma",18,18,3,FALSE
0,1,NA,"zkscan1","OP","Plasma",18,18,3,FALSE
0,1,NA,"znf134","OP","Plasma",18,18,3,FALSE
0,1,NA,"znf136","OP","Plasma",18,18,3,FALSE
0,1,NA,"znf140","OP","Plasma",18,18,3,FALSE
0,1,NA,"znf143","OP","Plasma",18,18,3,FALSE
0,1,NA,"znf143_1","OP","Plasma",18,18,3,FALSE
0,1,NA,"znf146","OP","Plasma",18,18,3,FALSE
0,1,NA,"znf232","OP","Plasma",18,18,3,FALSE
0.0122546576037067,0.987745342396293,NA,"znf24","OP","Plasma",18,18,3,FALSE
0,1,NA,"znf250","OP","Plasma",18,18,3,FALSE
0,1,NA,"znf257","OP","Plasma",18,18,3,FALSE
0.00525320863827663,0.994746791361723,NA,"znf274","OP","Plasma",18,18,3,FALSE
0,1,NA,"znf28","OP","Plasma",18,18,3,FALSE
0,1,NA,"znf282","OP","Plasma",18,18,3,FALSE
0.0631991267293209,0.936800873270679,NA,"znf306","OP","Plasma",18,18,3,FALSE
0,1,NA,"znf317","OP","Plasma",18,18,3,FALSE
0,1,NA,"znf320","OP","Plasma",18,18,3,FALSE
0.15833929673816,0.84166070326184,NA,"znf324","OP","Plasma",18,18,3,FALSE
0,1,NA,"znf329","OP","Plasma",18,18,3,FALSE
0,1,NA,"znf331","OP","Plasma",18,18,3,FALSE
0,1,NA,"znf332","OP","Plasma",18,18,3,FALSE
0.0365368094511088,0.963463190548891,NA,"znf335","OP","Plasma",18,18,3,FALSE
0,1,NA,"znf354","OP","Plasma",18,18,3,FALSE
0,1,NA,"znf382","OP","Plasma",18,18,3,FALSE
0.0324493968288585,0.967550603171142,NA,"znf384_1","OP","Plasma",18,18,3,FALSE
0.0905799413897735,0.909420058610226,NA,"znf384_2","OP","Plasma",18,18,3,FALSE
0,1,NA,"znf41","OP","Plasma",18,18,3,FALSE
0,1,NA,"znf410","OP","Plasma",18,18,3,FALSE
0,1,NA,"znf418","OP","Plasma",18,18,3,FALSE
0,1,NA,"znf423","OP","Plasma",18,18,3,FALSE
0,1,NA,"znf431","OP","Plasma",18,18,3,FALSE
0,1,NA,"znf435","OP","Plasma",18,18,3,FALSE
0,1,NA,"znf436","OP","Plasma",18,18,3,FALSE
0,1,NA,"znf449","OP","Plasma",18,18,3,FALSE
0.237874067866606,0.762125932133394,NA,"znf490","OP","Plasma",18,18,3,FALSE
0,1,NA,"znf524","OP","Plasma",18,18,3,FALSE
0,1,NA,"znf528","OP","Plasma",18,18,3,FALSE
0.236237267610481,0.763762732389518,NA,"znf53","OP","Plasma",18,18,3,FALSE
0,1,NA,"znf547","OP","Plasma",18,18,3,FALSE
0.0797944862443373,0.920205513755663,NA,"znf549","OP","Plasma",18,18,3,FALSE
0.30420386732358,0.69579613267642,NA,"znf554","OP","Plasma",18,18,3,FALSE
0,1,NA,"znf563","OP","Plasma",18,18,3,FALSE
0.053712081516257,0.946287918483743,NA,"znf57","OP","Plasma",18,18,3,FALSE
0.0541579082503763,0.945842091749624,NA,"znf586","OP","Plasma",18,18,3,FALSE
0,1,NA,"znf652","OP","Plasma",18,18,3,FALSE
0,1,NA,"znf667","OP","Plasma",18,18,3,FALSE
0,1,NA,"znf680","OP","Plasma",18,18,3,FALSE
0.275049048868423,0.724950951131577,NA,"znf708","OP","Plasma",18,18,3,FALSE
0,1,NA,"znf713","OP","Plasma",18,18,3,FALSE
0.131354593995366,0.868645406004634,NA,"znf768","OP","Plasma",18,18,3,FALSE
0,1,NA,"znf784","OP","Plasma",18,18,3,FALSE
0,1,NA,"znf85","OP","Plasma",18,18,3,FALSE
0,1,NA,"znf85_1","OP","Plasma",18,18,3,FALSE
0,1,NA,"zscan3","OP","Plasma",18,18,3,FALSE
0,1,NA,"zscan4","OP","Plasma",18,18,3,FALSE
0,1,NA,"ahr","OP","T_mait",34,34,3,FALSE
0,1,NA,"aire","OP","T_mait",34,34,3,FALSE
0,1,NA,"ap1_1","OP","T_mait",34,34,3,FALSE
0,1,NA,"ap1_2","OP","T_mait",34,34,3,FALSE
0,1,NA,"ari5a","OP","T_mait",34,34,3,FALSE
0,1,NA,"ari5b","OP","T_mait",34,34,3,FALSE
6.776847133316e-17,1,NA,"batf","OP","T_mait",34,34,3,FALSE
0,1,NA,"bcl6_1","OP","T_mait",34,34,3,FALSE
0,1,NA,"bcl6_2","OP","T_mait",34,34,3,FALSE
0,1,NA,"ccaat_cebp","OP","T_mait",34,34,3,FALSE
0,1,NA,"cenbp","OP","T_mait",34,34,3,FALSE
0.0137984877657682,0.986201512234232,NA,"cpeb1","OP","T_mait",34,34,3,FALSE
0,1,NA,"creb_atf_1","OP","T_mait",34,34,3,FALSE
0,1,NA,"creb_atf_2","OP","T_mait",34,34,3,FALSE
0.128705942718684,0.871294057281316,NA,"creb_atf_3","OP","T_mait",34,34,3,FALSE
0.0190363669904657,0.980963633009534,NA,"creb3_xbp1","OP","T_mait",34,34,3,FALSE
0,1,NA,"ctcf","OP","T_mait",34,34,3,FALSE
0,1,NA,"cux_1","OP","T_mait",34,34,3,FALSE
0,1,NA,"cux_2","OP","T_mait",34,34,3,FALSE
0,1,NA,"cux_3","OP","T_mait",34,34,3,FALSE
0,1,NA,"cux_4","OP","T_mait",34,34,3,FALSE
0,1,NA,"ddit3cebpa","OP","T_mait",34,34,3,FALSE
0.093761231820951,0.906238768179049,NA,"dmrt1","OP","T_mait",34,34,3,FALSE
0,1,NA,"dmrt3","OP","T_mait",34,34,3,FALSE
0,1,NA,"e2f_1","OP","T_mait",34,34,3,FALSE
0,1,NA,"e2f_2","OP","T_mait",34,34,3,FALSE
0,1,NA,"e2f_3","OP","T_mait",34,34,3,FALSE
0,1,NA,"e2f_4","OP","T_mait",34,34,3,FALSE
0,1,NA,"ebf1","OP","T_mait",34,34,3,FALSE
0,1,NA,"ebox_cacctg","OP","T_mait",34,34,3,FALSE
1.35172146909609e-16,1,NA,"ebox_cacgtg_1","OP","T_mait",34,34,3,FALSE
0.00764548140435175,0.992354518595648,NA,"ebox_cacgtg_2","OP","T_mait",34,34,3,FALSE
0,1,NA,"ebox_cagatgg","OP","T_mait",34,34,3,FALSE
0,1,NA,"ebox_cagctg","OP","T_mait",34,34,3,FALSE
0,1,NA,"ebox_catatg","OP","T_mait",34,34,3,FALSE
0,1,NA,"egr","OP","T_mait",34,34,3,FALSE
0,1,NA,"ets_1","OP","T_mait",34,34,3,FALSE
0,1,NA,"ets_2","OP","T_mait",34,34,3,FALSE
0.160348024054436,0.839651975945564,NA,"evi1_mecom","OP","T_mait",34,34,3,FALSE
0,1,NA,"ewsr1_fli1","OP","T_mait",34,34,3,FALSE
0,1,NA,"fezf1","OP","T_mait",34,34,3,FALSE
0,1,NA,"fox_1","OP","T_mait",34,34,3,FALSE
0,1,NA,"fox_2","OP","T_mait",34,34,3,FALSE
0,1,NA,"fox_3","OP","T_mait",34,34,3,FALSE
2.78915479265655e-15,0.999999999999997,NA,"fox_4","OP","T_mait",34,34,3,FALSE
0,1,NA,"fox_5","OP","T_mait",34,34,3,FALSE
0,1,NA,"fox_6","OP","T_mait",34,34,3,FALSE
0,1,NA,"fox_7","OP","T_mait",34,34,3,FALSE
0,1,NA,"fox_8","OP","T_mait",34,34,3,FALSE
0,1,NA,"fox_9","OP","T_mait",34,34,3,FALSE
0,1,NA,"gata","OP","T_mait",34,34,3,FALSE
0,1,NA,"gc_tract","OP","T_mait",34,34,3,FALSE
0.0441938771418078,0.955806122858192,NA,"gcm","OP","T_mait",34,34,3,FALSE
9.4576528888211e-17,1,NA,"gfi","OP","T_mait",34,34,3,FALSE
0,1,NA,"gli","OP","T_mait",34,34,3,FALSE
0,1,NA,"glis","OP","T_mait",34,34,3,FALSE
7.73639460774037e-16,0.999999999999999,NA,"gmeb2_1","OP","T_mait",34,34,3,FALSE
0,1,NA,"gmeb2_2","OP","T_mait",34,34,3,FALSE
0,1,NA,"gmeb2_3","OP","T_mait",34,34,3,FALSE
0,1,NA,"grhl","OP","T_mait",34,34,3,FALSE
0,1,NA,"hand1","OP","T_mait",34,34,3,FALSE
0,1,NA,"hd_1","OP","T_mait",34,34,3,FALSE
3.74387693604817e-16,1,NA,"hd_10","OP","T_mait",34,34,3,FALSE
9.59779807901114e-18,1,NA,"hd_11","OP","T_mait",34,34,3,FALSE
0.11911946782899,0.88088053217101,NA,"hd_12","OP","T_mait",34,34,3,FALSE
0.0778088893286849,0.922191110671315,NA,"hd_13","OP","T_mait",34,34,3,FALSE
0,1,NA,"hd_14","OP","T_mait",34,34,3,FALSE
0,1,NA,"hd_15","OP","T_mait",34,34,3,FALSE
0,1,NA,"hd_16","OP","T_mait",34,34,3,FALSE
0.0214596665641753,0.978540333435825,NA,"hd_17","OP","T_mait",34,34,3,FALSE
0,1,NA,"hd_18","OP","T_mait",34,34,3,FALSE
0,1,NA,"hd_19","OP","T_mait",34,34,3,FALSE
0,1,NA,"hd_2","OP","T_mait",34,34,3,FALSE
0,1,NA,"hd_20","OP","T_mait",34,34,3,FALSE
0.00860321256636654,0.991396787433634,NA,"hd_21","OP","T_mait",34,34,3,FALSE
0,1,NA,"hd_22","OP","T_mait",34,34,3,FALSE
0.0401560631603624,0.959843936839638,NA,"hd_23","OP","T_mait",34,34,3,FALSE
0,1,NA,"hd_24","OP","T_mait",34,34,3,FALSE
0,1,NA,"hd_25","OP","T_mait",34,34,3,FALSE
0,1,NA,"hd_3","OP","T_mait",34,34,3,FALSE
0,1,NA,"hd_4","OP","T_mait",34,34,3,FALSE
0,1,NA,"hd_5","OP","T_mait",34,34,3,FALSE
0,1,NA,"hd_6","OP","T_mait",34,34,3,FALSE
0,1,NA,"hd_7","OP","T_mait",34,34,3,FALSE
0,1,NA,"hd_8","OP","T_mait",34,34,3,FALSE
0.238081325829357,0.761918674170643,NA,"hd_9","OP","T_mait",34,34,3,FALSE
0,1,NA,"hen1","OP","T_mait",34,34,3,FALSE
0,1,NA,"hic_1","OP","T_mait",34,34,3,FALSE
0,1,NA,"hic_2","OP","T_mait",34,34,3,FALSE
0,1,NA,"hif","OP","T_mait",34,34,3,FALSE
0,1,NA,"hinfp1_1","OP","T_mait",34,34,3,FALSE
0.279861950460399,0.720138049539601,NA,"hinfp1_2","OP","T_mait",34,34,3,FALSE
0.0502305753853428,0.949769424614657,NA,"hinfp1_3","OP","T_mait",34,34,3,FALSE
0.0621485563625692,0.937851443637431,NA,"hltf","OP","T_mait",34,34,3,FALSE
0,1,NA,"homez","OP","T_mait",34,34,3,FALSE
0,1,NA,"hsf","OP","T_mait",34,34,3,FALSE
0,1,NA,"hsfy2","OP","T_mait",34,34,3,FALSE
0,1,NA,"insm1","OP","T_mait",34,34,3,FALSE
0,1,NA,"irf_1","OP","T_mait",34,34,3,FALSE
0.0828011812420048,0.917198818757995,NA,"irf_2","OP","T_mait",34,34,3,FALSE
0.0504226776962966,0.949577322303703,NA,"irf_3","OP","T_mait",34,34,3,FALSE
0.00667364672649743,0.993326353273502,NA,"irf_4","OP","T_mait",34,34,3,FALSE
0,1,NA,"kaiso","OP","T_mait",34,34,3,FALSE
0,1,NA,"klf_sp_1","OP","T_mait",34,34,3,FALSE
0,1,NA,"klf_sp_2","OP","T_mait",34,34,3,FALSE
0,1,NA,"klf_sp_3","OP","T_mait",34,34,3,FALSE
0,1,NA,"lef1","OP","T_mait",34,34,3,FALSE
7.44522775183064e-17,1,NA,"lin54","OP","T_mait",34,34,3,FALSE
0.0270432628648844,0.972956737135116,NA,"maf","OP","T_mait",34,34,3,FALSE
0,1,NA,"mbd2","OP","T_mait",34,34,3,FALSE
0,1,NA,"mecp2","OP","T_mait",34,34,3,FALSE
0,1,NA,"mef2","OP","T_mait",34,34,3,FALSE
0.0154940861423112,0.984505913857689,NA,"mfz1","OP","T_mait",34,34,3,FALSE
0,1,NA,"mies","OP","T_mait",34,34,3,FALSE
0,1,NA,"mtf1","OP","T_mait",34,34,3,FALSE
0,1,NA,"myb_1","OP","T_mait",34,34,3,FALSE
0,1,NA,"myb_2","OP","T_mait",34,34,3,FALSE
0,1,NA,"myb_3","OP","T_mait",34,34,3,FALSE
0,1,NA,"myb_4","OP","T_mait",34,34,3,FALSE
0,1,NA,"myb_5","OP","T_mait",34,34,3,FALSE
0,1,NA,"mzf1","OP","T_mait",34,34,3,FALSE
0,1,NA,"nfac_2","OP","T_mait",34,34,3,FALSE
0,1,NA,"nfat_1","OP","T_mait",34,34,3,FALSE
0,1,NA,"nfat_2","OP","T_mait",34,34,3,FALSE
0,1,NA,"nfat_3","OP","T_mait",34,34,3,FALSE
0,1,NA,"nfat_4","OP","T_mait",34,34,3,FALSE
0,1,NA,"nfi_1","OP","T_mait",34,34,3,FALSE
0,1,NA,"nfi_2","OP","T_mait",34,34,3,FALSE
0,1,NA,"nfi_3","OP","T_mait",34,34,3,FALSE
0,1,NA,"nfkb_1","OP","T_mait",34,34,3,FALSE
0,1,NA,"nfkb_2","OP","T_mait",34,34,3,FALSE
0,1,NA,"nfkb_3","OP","T_mait",34,34,3,FALSE
0,1,NA,"nfy","OP","T_mait",34,34,3,FALSE
0,1,NA,"nr_1","OP","T_mait",34,34,3,FALSE
0,1,NA,"nr_10","OP","T_mait",34,34,3,FALSE
0,1,NA,"nr_11","OP","T_mait",34,34,3,FALSE
2.35306883425511e-16,1,NA,"nr_12","OP","T_mait",34,34,3,FALSE
2.91075931798394e-16,1,NA,"nr_13","OP","T_mait",34,34,3,FALSE
0,1,NA,"nr_14","OP","T_mait",34,34,3,FALSE
0,1,NA,"nr_15","OP","T_mait",34,34,3,FALSE
0,1,NA,"nr_16","OP","T_mait",34,34,3,FALSE
0,1,NA,"nr_17","OP","T_mait",34,34,3,FALSE
0,1,NA,"nr_18","OP","T_mait",34,34,3,FALSE
0.0452437202503667,0.954756279749633,NA,"nr_19","OP","T_mait",34,34,3,FALSE
0,1,NA,"nr_2","OP","T_mait",34,34,3,FALSE
0,1,NA,"nr_20","OP","T_mait",34,34,3,FALSE
0,1,NA,"nr_3","OP","T_mait",34,34,3,FALSE
0.0451385909222316,0.954861409077769,NA,"nr_4","OP","T_mait",34,34,3,FALSE
0,1,NA,"nr_5","OP","T_mait",34,34,3,FALSE
0,1,NA,"nr_6","OP","T_mait",34,34,3,FALSE
0,1,NA,"nr_7","OP","T_mait",34,34,3,FALSE
0.174441972643635,0.825558027356365,NA,"nr_8","OP","T_mait",34,34,3,FALSE
0.0672339639670132,0.932766036032987,NA,"nr_9","OP","T_mait",34,34,3,FALSE
0.0187312776317633,0.981268722368237,NA,"nr2e3","OP","T_mait",34,34,3,FALSE
0,1,NA,"nrf1","OP","T_mait",34,34,3,FALSE
0,1,NA,"oct4sox2","OP","T_mait",34,34,3,FALSE
0,1,NA,"osr2","OP","T_mait",34,34,3,FALSE
0,1,NA,"ovol1","OP","T_mait",34,34,3,FALSE
0,1,NA,"p53_like_1","OP","T_mait",34,34,3,FALSE
0,1,NA,"p53_like_2","OP","T_mait",34,34,3,FALSE
0,1,NA,"p53_like_3","OP","T_mait",34,34,3,FALSE
0.072753464861664,0.927246535138336,NA,"pax_halfsite","OP","T_mait",34,34,3,FALSE
0,1,NA,"pax_1","OP","T_mait",34,34,3,FALSE
0.0251338401347434,0.974866159865257,NA,"pax_2","OP","T_mait",34,34,3,FALSE
0,1,NA,"plag1","OP","T_mait",34,34,3,FALSE
0,1,NA,"pou_1","OP","T_mait",34,34,3,FALSE
0,1,NA,"pou_2","OP","T_mait",34,34,3,FALSE
0,1,NA,"pou_3","OP","T_mait",34,34,3,FALSE
0.0740908816542094,0.925909118345791,NA,"prdm1","OP","T_mait",34,34,3,FALSE
0.054865912734815,0.945134087265185,NA,"prdm14","OP","T_mait",34,34,3,FALSE
0,1,NA,"prdm16","OP","T_mait",34,34,3,FALSE
0.135240994176365,0.864759005823636,NA,"prdm4","OP","T_mait",34,34,3,FALSE
0,1,NA,"prdm5","OP","T_mait",34,34,3,FALSE
0,1,NA,"prdm9","OP","T_mait",34,34,3,FALSE
0,1,NA,"prox1","OP","T_mait",34,34,3,FALSE
0,1,NA,"rbpj","OP","T_mait",34,34,3,FALSE
0,1,NA,"rel_halfsite","OP","T_mait",34,34,3,FALSE
0,1,NA,"rest_nrsf","OP","T_mait",34,34,3,FALSE
0.0412082487972822,0.958791751202718,NA,"rfx_1","OP","T_mait",34,34,3,FALSE
0,1,NA,"rfx_2","OP","T_mait",34,34,3,FALSE
0,1,NA,"rfx_3","OP","T_mait",34,34,3,FALSE
0,1,NA,"runx_1","OP","T_mait",34,34,3,FALSE
0,1,NA,"runx_2","OP","T_mait",34,34,3,FALSE
0,1,NA,"scrt1","OP","T_mait",34,34,3,FALSE
0.2597784325987,0.7402215674013,NA,"six_1","OP","T_mait",34,34,3,FALSE
0.0560645471685131,0.943935452831487,NA,"six_2","OP","T_mait",34,34,3,FALSE
0,1,NA,"smad","OP","T_mait",34,34,3,FALSE
0,1,NA,"smad_1","OP","T_mait",34,34,3,FALSE
0,1,NA,"smad_2","OP","T_mait",34,34,3,FALSE
0,1,NA,"smarca1","OP","T_mait",34,34,3,FALSE
0,1,NA,"smarca5","OP","T_mait",34,34,3,FALSE
0.118024587026058,0.881975412973942,NA,"snai2","OP","T_mait",34,34,3,FALSE
0,1,NA,"sox_1","OP","T_mait",34,34,3,FALSE
0,1,NA,"sox_2","OP","T_mait",34,34,3,FALSE
0,1,NA,"sox_3","OP","T_mait",34,34,3,FALSE
0,1,NA,"sox_4","OP","T_mait",34,34,3,FALSE
0.107654414893107,0.892345585106893,NA,"sox_5","OP","T_mait",34,34,3,FALSE
0.104905752663866,0.895094247336134,NA,"sox_6","OP","T_mait",34,34,3,FALSE
0,1,NA,"sox_7","OP","T_mait",34,34,3,FALSE
0.0544108826227014,0.945589117377299,NA,"sox_8","OP","T_mait",34,34,3,FALSE
0.126746595140614,0.873253404859385,NA,"spdef_1","OP","T_mait",34,34,3,FALSE
0,1,NA,"spdef_2","OP","T_mait",34,34,3,FALSE
0,1,NA,"spi","OP","T_mait",34,34,3,FALSE
0,1,NA,"spz1","OP","T_mait",34,34,3,FALSE
0,1,NA,"srebf1","OP","T_mait",34,34,3,FALSE
0,1,NA,"srf","OP","T_mait",34,34,3,FALSE
0,1,NA,"stat_1","OP","T_mait",34,34,3,FALSE
0,1,NA,"stat_2","OP","T_mait",34,34,3,FALSE
0,1,NA,"tata","OP","T_mait",34,34,3,FALSE
0,1,NA,"tbx_1","OP","T_mait",34,34,3,FALSE
0,1,NA,"tbx_2","OP","T_mait",34,34,3,FALSE
0,1,NA,"tbx_3","OP","T_mait",34,34,3,FALSE
0,1,NA,"tbx_4","OP","T_mait",34,34,3,FALSE
0,1,NA,"tcf_lef","OP","T_mait",34,34,3,FALSE
0,1,NA,"tead","OP","T_mait",34,34,3,FALSE
0,1,NA,"tfap2_1","OP","T_mait",34,34,3,FALSE
0,1,NA,"tfap2_2","OP","T_mait",34,34,3,FALSE
0.0515684444893061,0.948431555510694,NA,"tfcp2","OP","T_mait",34,34,3,FALSE
0,1,NA,"thap1","OP","T_mait",34,34,3,FALSE
0,1,NA,"yy1","OP","T_mait",34,34,3,FALSE
0,1,NA,"zbed1","OP","T_mait",34,34,3,FALSE
0,1,NA,"zbtb14","OP","T_mait",34,34,3,FALSE
0,1,NA,"zbtb48","OP","T_mait",34,34,3,FALSE
0.00831808074363426,0.991681919256366,NA,"zbtb49","OP","T_mait",34,34,3,FALSE
0,1,NA,"zbtb6","OP","T_mait",34,34,3,FALSE
0,1,NA,"zbtb7a","OP","T_mait",34,34,3,FALSE
0,1,NA,"zfn121","OP","T_mait",34,34,3,FALSE
0,1,NA,"zfx","OP","T_mait",34,34,3,FALSE
0,1,NA,"zic","OP","T_mait",34,34,3,FALSE
0,1,NA,"zic_2","OP","T_mait",34,34,3,FALSE
0,1,NA,"zim3","OP","T_mait",34,34,3,FALSE
0,1,NA,"zkscan1","OP","T_mait",34,34,3,FALSE
0,1,NA,"znf134","OP","T_mait",34,34,3,FALSE
0,1,NA,"znf136","OP","T_mait",34,34,3,FALSE
0,1,NA,"znf140","OP","T_mait",34,34,3,FALSE
0,1,NA,"znf143","OP","T_mait",34,34,3,FALSE
0,1,NA,"znf143_1","OP","T_mait",34,34,3,FALSE
0,1,NA,"znf146","OP","T_mait",34,34,3,FALSE
0,1,NA,"znf232","OP","T_mait",34,34,3,FALSE
0,1,NA,"znf24","OP","T_mait",34,34,3,FALSE
0,1,NA,"znf250","OP","T_mait",34,34,3,FALSE
0.0788086718206623,0.921191328179338,NA,"znf257","OP","T_mait",34,34,3,FALSE
0,1,NA,"znf274","OP","T_mait",34,34,3,FALSE
0,1,NA,"znf28","OP","T_mait",34,34,3,FALSE
0,1,NA,"znf282","OP","T_mait",34,34,3,FALSE
0,1,NA,"znf306","OP","T_mait",34,34,3,FALSE
0,1,NA,"znf317","OP","T_mait",34,34,3,FALSE
0,1,NA,"znf320","OP","T_mait",34,34,3,FALSE
0,1,NA,"znf324","OP","T_mait",34,34,3,FALSE
0,1,NA,"znf329","OP","T_mait",34,34,3,FALSE
0,1,NA,"znf331","OP","T_mait",34,34,3,FALSE
0,1,NA,"znf332","OP","T_mait",34,34,3,FALSE
0,1,NA,"znf335","OP","T_mait",34,34,3,FALSE
0,1,NA,"znf354","OP","T_mait",34,34,3,FALSE
0,1,NA,"znf382","OP","T_mait",34,34,3,FALSE
0,1,NA,"znf384_1","OP","T_mait",34,34,3,FALSE
0,1,NA,"znf384_2","OP","T_mait",34,34,3,FALSE
0,1,NA,"znf41","OP","T_mait",34,34,3,FALSE
0.0686989780939867,0.931301021906013,NA,"znf410","OP","T_mait",34,34,3,FALSE
0,1,NA,"znf418","OP","T_mait",34,34,3,FALSE
0,1,NA,"znf423","OP","T_mait",34,34,3,FALSE
0,1,NA,"znf431","OP","T_mait",34,34,3,FALSE
0,1,NA,"znf435","OP","T_mait",34,34,3,FALSE
0,1,NA,"znf436","OP","T_mait",34,34,3,FALSE
0,1,NA,"znf449","OP","T_mait",34,34,3,FALSE
0.0455428208395939,0.954457179160406,NA,"znf490","OP","T_mait",34,34,3,FALSE
0,1,NA,"znf524","OP","T_mait",34,34,3,FALSE
0,1,NA,"znf528","OP","T_mait",34,34,3,FALSE
0,1,NA,"znf53","OP","T_mait",34,34,3,FALSE
0,1,NA,"znf547","OP","T_mait",34,34,3,FALSE
0,1,NA,"znf549","OP","T_mait",34,34,3,FALSE
0,1,NA,"znf554","OP","T_mait",34,34,3,FALSE
0,1,NA,"znf563","OP","T_mait",34,34,3,FALSE
0,1,NA,"znf57","OP","T_mait",34,34,3,FALSE
0,1,NA,"znf586","OP","T_mait",34,34,3,FALSE
0.0285737235191734,0.971426276480827,NA,"znf652","OP","T_mait",34,34,3,FALSE
0,1,NA,"znf667","OP","T_mait",34,34,3,FALSE
0,1,NA,"znf680","OP","T_mait",34,34,3,FALSE
0,1,NA,"znf708","OP","T_mait",34,34,3,FALSE
3.05828507410958e-17,1,NA,"znf713","OP","T_mait",34,34,3,FALSE
0,1,NA,"znf768","OP","T_mait",34,34,3,FALSE
0,1,NA,"znf784","OP","T_mait",34,34,3,FALSE
0,1,NA,"znf85","OP","T_mait",34,34,3,FALSE
0.0176877159487614,0.982312284051238,NA,"znf85_1","OP","T_mait",34,34,3,FALSE
0,1,NA,"zscan3","OP","T_mait",34,34,3,FALSE
0,1,NA,"zscan4","OP","T_mait",34,34,3,FALSE
0,1,NA,"ahr","OP","T_mem_CD4",35,35,3,FALSE
0,1,NA,"aire","OP","T_mem_CD4",35,35,3,FALSE
0,1,NA,"ap1_1","OP","T_mem_CD4",35,35,3,FALSE
0,1,NA,"ap1_2","OP","T_mem_CD4",35,35,3,FALSE
0.0382392746804157,0.961760725319584,NA,"ari5a","OP","T_mem_CD4",35,35,3,FALSE
0,1,NA,"ari5b","OP","T_mem_CD4",35,35,3,FALSE
0.0015054975553592,0.998494502444641,NA,"batf","OP","T_mem_CD4",35,35,3,FALSE
0,1,NA,"bcl6_1","OP","T_mem_CD4",35,35,3,FALSE
0,1,NA,"bcl6_2","OP","T_mem_CD4",35,35,3,FALSE
0,1,NA,"ccaat_cebp","OP","T_mem_CD4",35,35,3,FALSE
0,1,NA,"cenbp","OP","T_mem_CD4",35,35,3,FALSE
0,1,NA,"cpeb1","OP","T_mem_CD4",35,35,3,FALSE
0,1,NA,"creb_atf_1","OP","T_mem_CD4",35,35,3,FALSE
0,1,NA,"creb_atf_2","OP","T_mem_CD4",35,35,3,FALSE
0,1,NA,"creb_atf_3","OP","T_mem_CD4",35,35,3,FALSE
0,1,NA,"creb3_xbp1","OP","T_mem_CD4",35,35,3,FALSE
0,1,NA,"ctcf","OP","T_mem_CD4",35,35,3,FALSE
0,1,NA,"cux_1","OP","T_mem_CD4",35,35,3,FALSE
0,1,NA,"cux_2","OP","T_mem_CD4",35,35,3,FALSE
0,1,NA,"cux_3","OP","T_mem_CD4",35,35,3,FALSE
0,1,NA,"cux_4","OP","T_mem_CD4",35,35,3,FALSE
0,1,NA,"ddit3cebpa","OP","T_mem_CD4",35,35,3,FALSE
0,1,NA,"dmrt1","OP","T_mem_CD4",35,35,3,FALSE
0.0141590392174403,0.98584096078256,NA,"dmrt3","OP","T_mem_CD4",35,35,3,FALSE
0,1,NA,"e2f_1","OP","T_mem_CD4",35,35,3,FALSE
0.00606066943438536,0.993939330565615,NA,"e2f_2","OP","T_mem_CD4",35,35,3,FALSE
0.0130606250686346,0.986939374931365,NA,"e2f_3","OP","T_mem_CD4",35,35,3,FALSE
0,1,NA,"e2f_4","OP","T_mem_CD4",35,35,3,FALSE
0,1,NA,"ebf1","OP","T_mem_CD4",35,35,3,FALSE
0.0109229745090301,0.98907702549097,NA,"ebox_cacctg","OP","T_mem_CD4",35,35,3,FALSE
0.0361694384597378,0.963830561540262,NA,"ebox_cacgtg_1","OP","T_mem_CD4",35,35,3,FALSE
0,1,NA,"ebox_cacgtg_2","OP","T_mem_CD4",35,35,3,FALSE
7.68862418534371e-16,0.999999999999999,NA,"ebox_cagatgg","OP","T_mem_CD4",35,35,3,FALSE
0.0181945199945274,0.981805480005473,NA,"ebox_cagctg","OP","T_mem_CD4",35,35,3,FALSE
0,1,NA,"ebox_catatg","OP","T_mem_CD4",35,35,3,FALSE
0,1,NA,"egr","OP","T_mem_CD4",35,35,3,FALSE
0,1,NA,"ets_1","OP","T_mem_CD4",35,35,3,FALSE
0,1,NA,"ets_2","OP","T_mem_CD4",35,35,3,FALSE
0,1,NA,"evi1_mecom","OP","T_mem_CD4",35,35,3,FALSE
0,1,NA,"ewsr1_fli1","OP","T_mem_CD4",35,35,3,FALSE
0,1,NA,"fezf1","OP","T_mem_CD4",35,35,3,FALSE
0.0284192801678788,0.971580719832121,NA,"fox_1","OP","T_mem_CD4",35,35,3,FALSE
0,1,NA,"fox_2","OP","T_mem_CD4",35,35,3,FALSE
0,1,NA,"fox_3","OP","T_mem_CD4",35,35,3,FALSE
0,1,NA,"fox_4","OP","T_mem_CD4",35,35,3,FALSE
0,1,NA,"fox_5","OP","T_mem_CD4",35,35,3,FALSE
0,1,NA,"fox_6","OP","T_mem_CD4",35,35,3,FALSE
0,1,NA,"fox_7","OP","T_mem_CD4",35,35,3,FALSE
0,1,NA,"fox_8","OP","T_mem_CD4",35,35,3,FALSE
0.00660439442623451,0.993395605573765,NA,"fox_9","OP","T_mem_CD4",35,35,3,FALSE
0.0112082594655362,0.988791740534464,NA,"gata","OP","T_mem_CD4",35,35,3,FALSE
0,1,NA,"gc_tract","OP","T_mem_CD4",35,35,3,FALSE
0.0252918329351879,0.974708167064812,NA,"gcm","OP","T_mem_CD4",35,35,3,FALSE
0.0223590205488973,0.977640979451103,NA,"gfi","OP","T_mem_CD4",35,35,3,FALSE
0,1,NA,"gli","OP","T_mem_CD4",35,35,3,FALSE
0,1,NA,"glis","OP","T_mem_CD4",35,35,3,FALSE
0,1,NA,"gmeb2_1","OP","T_mem_CD4",35,35,3,FALSE
0,1,NA,"gmeb2_2","OP","T_mem_CD4",35,35,3,FALSE
0,1,NA,"gmeb2_3","OP","T_mem_CD4",35,35,3,FALSE
0,1,NA,"grhl","OP","T_mem_CD4",35,35,3,FALSE
0,1,NA,"hand1","OP","T_mem_CD4",35,35,3,FALSE
0,1,NA,"hd_1","OP","T_mem_CD4",35,35,3,FALSE
0,1,NA,"hd_10","OP","T_mem_CD4",35,35,3,FALSE
0,1,NA,"hd_11","OP","T_mem_CD4",35,35,3,FALSE
0,1,NA,"hd_12","OP","T_mem_CD4",35,35,3,FALSE
0,1,NA,"hd_13","OP","T_mem_CD4",35,35,3,FALSE
0.0244331105752188,0.975566889424781,NA,"hd_14","OP","T_mem_CD4",35,35,3,FALSE
0,1,NA,"hd_15","OP","T_mem_CD4",35,35,3,FALSE
0,1,NA,"hd_16","OP","T_mem_CD4",35,35,3,FALSE
0.00128207106453484,0.998717928935465,NA,"hd_17","OP","T_mem_CD4",35,35,3,FALSE
0,1,NA,"hd_18","OP","T_mem_CD4",35,35,3,FALSE
0,1,NA,"hd_19","OP","T_mem_CD4",35,35,3,FALSE
0.0178142411512765,0.982185758848724,NA,"hd_2","OP","T_mem_CD4",35,35,3,FALSE
0,1,NA,"hd_20","OP","T_mem_CD4",35,35,3,FALSE
0,1,NA,"hd_21","OP","T_mem_CD4",35,35,3,FALSE
0,1,NA,"hd_22","OP","T_mem_CD4",35,35,3,FALSE
0,1,NA,"hd_23","OP","T_mem_CD4",35,35,3,FALSE
0,1,NA,"hd_24","OP","T_mem_CD4",35,35,3,FALSE
0,1,NA,"hd_25","OP","T_mem_CD4",35,35,3,FALSE
0,1,NA,"hd_3","OP","T_mem_CD4",35,35,3,FALSE
0,1,NA,"hd_4","OP","T_mem_CD4",35,35,3,FALSE
0,1,NA,"hd_5","OP","T_mem_CD4",35,35,3,FALSE
0,1,NA,"hd_6","OP","T_mem_CD4",35,35,3,FALSE
0,1,NA,"hd_7","OP","T_mem_CD4",35,35,3,FALSE
0,1,NA,"hd_8","OP","T_mem_CD4",35,35,3,FALSE
0,1,NA,"hd_9","OP","T_mem_CD4",35,35,3,FALSE
0.0424927045194738,0.957507295480526,NA,"hen1","OP","T_mem_CD4",35,35,3,FALSE
0,1,NA,"hic_1","OP","T_mem_CD4",35,35,3,FALSE
0,1,NA,"hic_2","OP","T_mem_CD4",35,35,3,FALSE
0,1,NA,"hif","OP","T_mem_CD4",35,35,3,FALSE
0,1,NA,"hinfp1_1","OP","T_mem_CD4",35,35,3,FALSE
0,1,NA,"hinfp1_2","OP","T_mem_CD4",35,35,3,FALSE
0,1,NA,"hinfp1_3","OP","T_mem_CD4",35,35,3,FALSE
0,1,NA,"hltf","OP","T_mem_CD4",35,35,3,FALSE
0,1,NA,"homez","OP","T_mem_CD4",35,35,3,FALSE
0,1,NA,"hsf","OP","T_mem_CD4",35,35,3,FALSE
0,1,NA,"hsfy2","OP","T_mem_CD4",35,35,3,FALSE
0,1,NA,"insm1","OP","T_mem_CD4",35,35,3,FALSE
0,1,NA,"irf_1","OP","T_mem_CD4",35,35,3,FALSE
0,1,NA,"irf_2","OP","T_mem_CD4",35,35,3,FALSE
0,1,NA,"irf_3","OP","T_mem_CD4",35,35,3,FALSE
0,1,NA,"irf_4","OP","T_mem_CD4",35,35,3,FALSE
0.0608922581793143,0.939107741820686,NA,"kaiso","OP","T_mem_CD4",35,35,3,FALSE
0,1,NA,"klf_sp_1","OP","T_mem_CD4",35,35,3,FALSE
0,1,NA,"klf_sp_2","OP","T_mem_CD4",35,35,3,FALSE
0.00914641931471109,0.990853580685289,NA,"klf_sp_3","OP","T_mem_CD4",35,35,3,FALSE
0,1,NA,"lef1","OP","T_mem_CD4",35,35,3,FALSE
0,1,NA,"lin54","OP","T_mem_CD4",35,35,3,FALSE
0.0142287936241607,0.985771206375839,NA,"maf","OP","T_mem_CD4",35,35,3,FALSE
0,1,NA,"mbd2","OP","T_mem_CD4",35,35,3,FALSE
0,1,NA,"mecp2","OP","T_mem_CD4",35,35,3,FALSE
0,1,NA,"mef2","OP","T_mem_CD4",35,35,3,FALSE
0,1,NA,"mfz1","OP","T_mem_CD4",35,35,3,FALSE
0,1,NA,"mies","OP","T_mem_CD4",35,35,3,FALSE
0,1,NA,"mtf1","OP","T_mem_CD4",35,35,3,FALSE
0,1,NA,"myb_1","OP","T_mem_CD4",35,35,3,FALSE
0,1,NA,"myb_2","OP","T_mem_CD4",35,35,3,FALSE
0,1,NA,"myb_3","OP","T_mem_CD4",35,35,3,FALSE
0,1,NA,"myb_4","OP","T_mem_CD4",35,35,3,FALSE
0,1,NA,"myb_5","OP","T_mem_CD4",35,35,3,FALSE
0,1,NA,"mzf1","OP","T_mem_CD4",35,35,3,FALSE
0,1,NA,"nfac_2","OP","T_mem_CD4",35,35,3,FALSE
0,1,NA,"nfat_1","OP","T_mem_CD4",35,35,3,FALSE
0,1,NA,"nfat_2","OP","T_mem_CD4",35,35,3,FALSE
0,1,NA,"nfat_3","OP","T_mem_CD4",35,35,3,FALSE
0,1,NA,"nfat_4","OP","T_mem_CD4",35,35,3,FALSE
0,1,NA,"nfi_1","OP","T_mem_CD4",35,35,3,FALSE
0.0016435136011098,0.99835648639889,NA,"nfi_2","OP","T_mem_CD4",35,35,3,FALSE
0,1,NA,"nfi_3","OP","T_mem_CD4",35,35,3,FALSE
0,1,NA,"nfkb_1","OP","T_mem_CD4",35,35,3,FALSE
0,1,NA,"nfkb_2","OP","T_mem_CD4",35,35,3,FALSE
0,1,NA,"nfkb_3","OP","T_mem_CD4",35,35,3,FALSE
0.00803699819017845,0.991963001809821,NA,"nfy","OP","T_mem_CD4",35,35,3,FALSE
0,1,NA,"nr_1","OP","T_mem_CD4",35,35,3,FALSE
0,1,NA,"nr_10","OP","T_mem_CD4",35,35,3,FALSE
0,1,NA,"nr_11","OP","T_mem_CD4",35,35,3,FALSE
0,1,NA,"nr_12","OP","T_mem_CD4",35,35,3,FALSE
0,1,NA,"nr_13","OP","T_mem_CD4",35,35,3,FALSE
0,1,NA,"nr_14","OP","T_mem_CD4",35,35,3,FALSE
0,1,NA,"nr_15","OP","T_mem_CD4",35,35,3,FALSE
0,1,NA,"nr_16","OP","T_mem_CD4",35,35,3,FALSE
0.0479943669862938,0.952005633013706,NA,"nr_17","OP","T_mem_CD4",35,35,3,FALSE
0,1,NA,"nr_18","OP","T_mem_CD4",35,35,3,FALSE
0,1,NA,"nr_19","OP","T_mem_CD4",35,35,3,FALSE
0,1,NA,"nr_2","OP","T_mem_CD4",35,35,3,FALSE
0,1,NA,"nr_20","OP","T_mem_CD4",35,35,3,FALSE
0,1,NA,"nr_3","OP","T_mem_CD4",35,35,3,FALSE
0,1,NA,"nr_4","OP","T_mem_CD4",35,35,3,FALSE
0,1,NA,"nr_5","OP","T_mem_CD4",35,35,3,FALSE
0,1,NA,"nr_6","OP","T_mem_CD4",35,35,3,FALSE
0,1,NA,"nr_7","OP","T_mem_CD4",35,35,3,FALSE
0,1,NA,"nr_8","OP","T_mem_CD4",35,35,3,FALSE
0,1,NA,"nr_9","OP","T_mem_CD4",35,35,3,FALSE
0,1,NA,"nr2e3","OP","T_mem_CD4",35,35,3,FALSE
0.0012511176541533,0.998748882345847,NA,"nrf1","OP","T_mem_CD4",35,35,3,FALSE
0,1,NA,"oct4sox2","OP","T_mem_CD4",35,35,3,FALSE
0,1,NA,"osr2","OP","T_mem_CD4",35,35,3,FALSE
0,1,NA,"ovol1","OP","T_mem_CD4",35,35,3,FALSE
0,1,NA,"p53_like_1","OP","T_mem_CD4",35,35,3,FALSE
0.0545214464924544,0.945478553507546,NA,"p53_like_2","OP","T_mem_CD4",35,35,3,FALSE
0,1,NA,"p53_like_3","OP","T_mem_CD4",35,35,3,FALSE
0,1,NA,"pax_halfsite","OP","T_mem_CD4",35,35,3,FALSE
0,1,NA,"pax_1","OP","T_mem_CD4",35,35,3,FALSE
0,1,NA,"pax_2","OP","T_mem_CD4",35,35,3,FALSE
0,1,NA,"plag1","OP","T_mem_CD4",35,35,3,FALSE
0,1,NA,"pou_1","OP","T_mem_CD4",35,35,3,FALSE
0,1,NA,"pou_2","OP","T_mem_CD4",35,35,3,FALSE
0,1,NA,"pou_3","OP","T_mem_CD4",35,35,3,FALSE
0.0710511153951335,0.928948884604867,NA,"prdm1","OP","T_mem_CD4",35,35,3,FALSE
0,1,NA,"prdm14","OP","T_mem_CD4",35,35,3,FALSE
0,1,NA,"prdm16","OP","T_mem_CD4",35,35,3,FALSE
0,1,NA,"prdm4","OP","T_mem_CD4",35,35,3,FALSE
0,1,NA,"prdm5","OP","T_mem_CD4",35,35,3,FALSE
0.0112249721184441,0.988775027881556,NA,"prdm9","OP","T_mem_CD4",35,35,3,FALSE
0,1,NA,"prox1","OP","T_mem_CD4",35,35,3,FALSE
0,1,NA,"rbpj","OP","T_mem_CD4",35,35,3,FALSE
0,1,NA,"rel_halfsite","OP","T_mem_CD4",35,35,3,FALSE
0,1,NA,"rest_nrsf","OP","T_mem_CD4",35,35,3,FALSE
0,1,NA,"rfx_1","OP","T_mem_CD4",35,35,3,FALSE
0,1,NA,"rfx_2","OP","T_mem_CD4",35,35,3,FALSE
0,1,NA,"rfx_3","OP","T_mem_CD4",35,35,3,FALSE
0,1,NA,"runx_1","OP","T_mem_CD4",35,35,3,FALSE
0.0398896876230081,0.960110312376992,NA,"runx_2","OP","T_mem_CD4",35,35,3,FALSE
0.00370080839342853,0.996299191606572,NA,"scrt1","OP","T_mem_CD4",35,35,3,FALSE
0.0859156954827865,0.914084304517213,NA,"six_1","OP","T_mem_CD4",35,35,3,FALSE
0,1,NA,"six_2","OP","T_mem_CD4",35,35,3,FALSE
0,1,NA,"smad","OP","T_mem_CD4",35,35,3,FALSE
0.0784056182333193,0.921594381766681,NA,"smad_1","OP","T_mem_CD4",35,35,3,FALSE
0,1,NA,"smad_2","OP","T_mem_CD4",35,35,3,FALSE
0,1,NA,"smarca1","OP","T_mem_CD4",35,35,3,FALSE
0,1,NA,"smarca5","OP","T_mem_CD4",35,35,3,FALSE
3.28204481973508e-15,0.999999999999997,NA,"snai2","OP","T_mem_CD4",35,35,3,FALSE
0.0398732431577628,0.960126756842237,NA,"sox_1","OP","T_mem_CD4",35,35,3,FALSE
0,1,NA,"sox_2","OP","T_mem_CD4",35,35,3,FALSE
0,1,NA,"sox_3","OP","T_mem_CD4",35,35,3,FALSE
0,1,NA,"sox_4","OP","T_mem_CD4",35,35,3,FALSE
0,1,NA,"sox_5","OP","T_mem_CD4",35,35,3,FALSE
0,1,NA,"sox_6","OP","T_mem_CD4",35,35,3,FALSE
0,1,NA,"sox_7","OP","T_mem_CD4",35,35,3,FALSE
0,1,NA,"sox_8","OP","T_mem_CD4",35,35,3,FALSE
0,1,NA,"spdef_1","OP","T_mem_CD4",35,35,3,FALSE
0,1,NA,"spdef_2","OP","T_mem_CD4",35,35,3,FALSE
0,1,NA,"spi","OP","T_mem_CD4",35,35,3,FALSE
0,1,NA,"spz1","OP","T_mem_CD4",35,35,3,FALSE
0,1,NA,"srebf1","OP","T_mem_CD4",35,35,3,FALSE
0,1,NA,"srf","OP","T_mem_CD4",35,35,3,FALSE
0,1,NA,"stat_1","OP","T_mem_CD4",35,35,3,FALSE
0,1,NA,"stat_2","OP","T_mem_CD4",35,35,3,FALSE
0,1,NA,"tata","OP","T_mem_CD4",35,35,3,FALSE
0,1,NA,"tbx_1","OP","T_mem_CD4",35,35,3,FALSE
3.53365868556987e-15,0.999999999999996,NA,"tbx_2","OP","T_mem_CD4",35,35,3,FALSE
0,1,NA,"tbx_3","OP","T_mem_CD4",35,35,3,FALSE
0,1,NA,"tbx_4","OP","T_mem_CD4",35,35,3,FALSE
0,1,NA,"tcf_lef","OP","T_mem_CD4",35,35,3,FALSE
0,1,NA,"tead","OP","T_mem_CD4",35,35,3,FALSE
0.00018489531608973,0.99981510468391,NA,"tfap2_1","OP","T_mem_CD4",35,35,3,FALSE
0,1,NA,"tfap2_2","OP","T_mem_CD4",35,35,3,FALSE
0,1,NA,"tfcp2","OP","T_mem_CD4",35,35,3,FALSE
0,1,NA,"thap1","OP","T_mem_CD4",35,35,3,FALSE
0.0101337446558611,0.989866255344139,NA,"yy1","OP","T_mem_CD4",35,35,3,FALSE
0.035868928002854,0.964131071997146,NA,"zbed1","OP","T_mem_CD4",35,35,3,FALSE
0,1,NA,"zbtb14","OP","T_mem_CD4",35,35,3,FALSE
0,1,NA,"zbtb48","OP","T_mem_CD4",35,35,3,FALSE
0,1,NA,"zbtb49","OP","T_mem_CD4",35,35,3,FALSE
0,1,NA,"zbtb6","OP","T_mem_CD4",35,35,3,FALSE
0,1,NA,"zbtb7a","OP","T_mem_CD4",35,35,3,FALSE
0,1,NA,"zfn121","OP","T_mem_CD4",35,35,3,FALSE
0,1,NA,"zfx","OP","T_mem_CD4",35,35,3,FALSE
0,1,NA,"zic","OP","T_mem_CD4",35,35,3,FALSE
0,1,NA,"zic_2","OP","T_mem_CD4",35,35,3,FALSE
0,1,NA,"zim3","OP","T_mem_CD4",35,35,3,FALSE
0,1,NA,"zkscan1","OP","T_mem_CD4",35,35,3,FALSE
0,1,NA,"znf134","OP","T_mem_CD4",35,35,3,FALSE
0,1,NA,"znf136","OP","T_mem_CD4",35,35,3,FALSE
0,1,NA,"znf140","OP","T_mem_CD4",35,35,3,FALSE
0,1,NA,"znf143","OP","T_mem_CD4",35,35,3,FALSE
0.0389800871167143,0.961019912883286,NA,"znf143_1","OP","T_mem_CD4",35,35,3,FALSE
0,1,NA,"znf146","OP","T_mem_CD4",35,35,3,FALSE
0,1,NA,"znf232","OP","T_mem_CD4",35,35,3,FALSE
0,1,NA,"znf24","OP","T_mem_CD4",35,35,3,FALSE
0,1,NA,"znf250","OP","T_mem_CD4",35,35,3,FALSE
0,1,NA,"znf257","OP","T_mem_CD4",35,35,3,FALSE
9.94555571122926e-16,0.999999999999999,NA,"znf274","OP","T_mem_CD4",35,35,3,FALSE
0,1,NA,"znf28","OP","T_mem_CD4",35,35,3,FALSE
0,1,NA,"znf282","OP","T_mem_CD4",35,35,3,FALSE
0.00315300073246942,0.996846999267531,NA,"znf306","OP","T_mem_CD4",35,35,3,FALSE
0,1,NA,"znf317","OP","T_mem_CD4",35,35,3,FALSE
0,1,NA,"znf320","OP","T_mem_CD4",35,35,3,FALSE
0,1,NA,"znf324","OP","T_mem_CD4",35,35,3,FALSE
0,1,NA,"znf329","OP","T_mem_CD4",35,35,3,FALSE
0,1,NA,"znf331","OP","T_mem_CD4",35,35,3,FALSE
0.0330547030555246,0.966945296944475,NA,"znf332","OP","T_mem_CD4",35,35,3,FALSE
0.0174861074044572,0.982513892595543,NA,"znf335","OP","T_mem_CD4",35,35,3,FALSE
0,1,NA,"znf354","OP","T_mem_CD4",35,35,3,FALSE
0.00455454704361055,0.995445452956389,NA,"znf382","OP","T_mem_CD4",35,35,3,FALSE
0,1,NA,"znf384_1","OP","T_mem_CD4",35,35,3,FALSE
0,1,NA,"znf384_2","OP","T_mem_CD4",35,35,3,FALSE
0.0385010194557851,0.961498980544215,NA,"znf41","OP","T_mem_CD4",35,35,3,FALSE
0,1,NA,"znf410","OP","T_mem_CD4",35,35,3,FALSE
0,1,NA,"znf418","OP","T_mem_CD4",35,35,3,FALSE
0,1,NA,"znf423","OP","T_mem_CD4",35,35,3,FALSE
0,1,NA,"znf431","OP","T_mem_CD4",35,35,3,FALSE
0,1,NA,"znf435","OP","T_mem_CD4",35,35,3,FALSE
2.05893012439599e-17,1,NA,"znf436","OP","T_mem_CD4",35,35,3,FALSE
0,1,NA,"znf449","OP","T_mem_CD4",35,35,3,FALSE
0,1,NA,"znf490","OP","T_mem_CD4",35,35,3,FALSE
0,1,NA,"znf524","OP","T_mem_CD4",35,35,3,FALSE
0,1,NA,"znf528","OP","T_mem_CD4",35,35,3,FALSE
0,1,NA,"znf53","OP","T_mem_CD4",35,35,3,FALSE
0,1,NA,"znf547","OP","T_mem_CD4",35,35,3,FALSE
0,1,NA,"znf549","OP","T_mem_CD4",35,35,3,FALSE
0,1,NA,"znf554","OP","T_mem_CD4",35,35,3,FALSE
0,1,NA,"znf563","OP","T_mem_CD4",35,35,3,FALSE
0,1,NA,"znf57","OP","T_mem_CD4",35,35,3,FALSE
0,1,NA,"znf586","OP","T_mem_CD4",35,35,3,FALSE
0,1,NA,"znf652","OP","T_mem_CD4",35,35,3,FALSE
0,1,NA,"znf667","OP","T_mem_CD4",35,35,3,FALSE
0,1,NA,"znf680","OP","T_mem_CD4",35,35,3,FALSE
0,1,NA,"znf708","OP","T_mem_CD4",35,35,3,FALSE
0,1,NA,"znf713","OP","T_mem_CD4",35,35,3,FALSE
0,1,NA,"znf768","OP","T_mem_CD4",35,35,3,FALSE
0,1,NA,"znf784","OP","T_mem_CD4",35,35,3,FALSE
0,1,NA,"znf85","OP","T_mem_CD4",35,35,3,FALSE
0,1,NA,"znf85_1","OP","T_mem_CD4",35,35,3,FALSE
0,1,NA,"zscan3","OP","T_mem_CD4",35,35,3,FALSE
0,1,NA,"zscan4","OP","T_mem_CD4",35,35,3,FALSE
0,1,NA,"ahr","OP","T_mem_CD8",35,35,3,FALSE
0.033439910332908,0.966560089667092,NA,"aire","OP","T_mem_CD8",35,35,3,FALSE
0,1,NA,"ap1_1","OP","T_mem_CD8",35,35,3,FALSE
0,1,NA,"ap1_2","OP","T_mem_CD8",35,35,3,FALSE
0.0211145513889148,0.978885448611085,NA,"ari5a","OP","T_mem_CD8",35,35,3,FALSE
0,1,NA,"ari5b","OP","T_mem_CD8",35,35,3,FALSE
0,1,NA,"batf","OP","T_mem_CD8",35,35,3,FALSE
0,1,NA,"bcl6_1","OP","T_mem_CD8",35,35,3,FALSE
0,1,NA,"bcl6_2","OP","T_mem_CD8",35,35,3,FALSE
0.0142143294905351,0.985785670509465,NA,"ccaat_cebp","OP","T_mem_CD8",35,35,3,FALSE
0,1,NA,"cenbp","OP","T_mem_CD8",35,35,3,FALSE
0,1,NA,"cpeb1","OP","T_mem_CD8",35,35,3,FALSE
0,1,NA,"creb_atf_1","OP","T_mem_CD8",35,35,3,FALSE
0,1,NA,"creb_atf_2","OP","T_mem_CD8",35,35,3,FALSE
0.074735858541326,0.925264141458674,NA,"creb_atf_3","OP","T_mem_CD8",35,35,3,FALSE
0,1,NA,"creb3_xbp1","OP","T_mem_CD8",35,35,3,FALSE
0,1,NA,"ctcf","OP","T_mem_CD8",35,35,3,FALSE
0,1,NA,"cux_1","OP","T_mem_CD8",35,35,3,FALSE
0,1,NA,"cux_2","OP","T_mem_CD8",35,35,3,FALSE
0,1,NA,"cux_3","OP","T_mem_CD8",35,35,3,FALSE
0,1,NA,"cux_4","OP","T_mem_CD8",35,35,3,FALSE
0,1,NA,"ddit3cebpa","OP","T_mem_CD8",35,35,3,FALSE
0,1,NA,"dmrt1","OP","T_mem_CD8",35,35,3,FALSE
0.0465901961466247,0.953409803853375,NA,"dmrt3","OP","T_mem_CD8",35,35,3,FALSE
0,1,NA,"e2f_1","OP","T_mem_CD8",35,35,3,FALSE
0,1,NA,"e2f_2","OP","T_mem_CD8",35,35,3,FALSE
0,1,NA,"e2f_3","OP","T_mem_CD8",35,35,3,FALSE
0,1,NA,"e2f_4","OP","T_mem_CD8",35,35,3,FALSE
0,1,NA,"ebf1","OP","T_mem_CD8",35,35,3,FALSE
0,1,NA,"ebox_cacctg","OP","T_mem_CD8",35,35,3,FALSE
0,1,NA,"ebox_cacgtg_1","OP","T_mem_CD8",35,35,3,FALSE
0,1,NA,"ebox_cacgtg_2","OP","T_mem_CD8",35,35,3,FALSE
0,1,NA,"ebox_cagatgg","OP","T_mem_CD8",35,35,3,FALSE
0,1,NA,"ebox_cagctg","OP","T_mem_CD8",35,35,3,FALSE
0,1,NA,"ebox_catatg","OP","T_mem_CD8",35,35,3,FALSE
0,1,NA,"egr","OP","T_mem_CD8",35,35,3,FALSE
0,1,NA,"ets_1","OP","T_mem_CD8",35,35,3,FALSE
0,1,NA,"ets_2","OP","T_mem_CD8",35,35,3,FALSE
0,1,NA,"evi1_mecom","OP","T_mem_CD8",35,35,3,FALSE
0,1,NA,"ewsr1_fli1","OP","T_mem_CD8",35,35,3,FALSE
0,1,NA,"fezf1","OP","T_mem_CD8",35,35,3,FALSE
0.00492169543669894,0.995078304563301,NA,"fox_1","OP","T_mem_CD8",35,35,3,FALSE
0,1,NA,"fox_2","OP","T_mem_CD8",35,35,3,FALSE
0.0451599696808411,0.954840030319159,NA,"fox_3","OP","T_mem_CD8",35,35,3,FALSE
0,1,NA,"fox_4","OP","T_mem_CD8",35,35,3,FALSE
0,1,NA,"fox_5","OP","T_mem_CD8",35,35,3,FALSE
0,1,NA,"fox_6","OP","T_mem_CD8",35,35,3,FALSE
0,1,NA,"fox_7","OP","T_mem_CD8",35,35,3,FALSE
0,1,NA,"fox_8","OP","T_mem_CD8",35,35,3,FALSE
0,1,NA,"fox_9","OP","T_mem_CD8",35,35,3,FALSE
0,1,NA,"gata","OP","T_mem_CD8",35,35,3,FALSE
0,1,NA,"gc_tract","OP","T_mem_CD8",35,35,3,FALSE
0.0179774021514956,0.982022597848504,NA,"gcm","OP","T_mem_CD8",35,35,3,FALSE
0,1,NA,"gfi","OP","T_mem_CD8",35,35,3,FALSE
0,1,NA,"gli","OP","T_mem_CD8",35,35,3,FALSE
0,1,NA,"glis","OP","T_mem_CD8",35,35,3,FALSE
0,1,NA,"gmeb2_1","OP","T_mem_CD8",35,35,3,FALSE
0,1,NA,"gmeb2_2","OP","T_mem_CD8",35,35,3,FALSE
0.000428785351017814,0.999571214648982,NA,"gmeb2_3","OP","T_mem_CD8",35,35,3,FALSE
0,1,NA,"grhl","OP","T_mem_CD8",35,35,3,FALSE
0,1,NA,"hand1","OP","T_mem_CD8",35,35,3,FALSE
0,1,NA,"hd_1","OP","T_mem_CD8",35,35,3,FALSE
0,1,NA,"hd_10","OP","T_mem_CD8",35,35,3,FALSE
0,1,NA,"hd_11","OP","T_mem_CD8",35,35,3,FALSE
0.0268861308425378,0.973113869157462,NA,"hd_12","OP","T_mem_CD8",35,35,3,FALSE
0.111620261905247,0.888379738094753,NA,"hd_13","OP","T_mem_CD8",35,35,3,FALSE
0,1,NA,"hd_14","OP","T_mem_CD8",35,35,3,FALSE
0.00578794534239929,0.994212054657601,NA,"hd_15","OP","T_mem_CD8",35,35,3,FALSE
0.0371631253720195,0.96283687462798,NA,"hd_16","OP","T_mem_CD8",35,35,3,FALSE
0,1,NA,"hd_17","OP","T_mem_CD8",35,35,3,FALSE
0,1,NA,"hd_18","OP","T_mem_CD8",35,35,3,FALSE
0,1,NA,"hd_19","OP","T_mem_CD8",35,35,3,FALSE
0,1,NA,"hd_2","OP","T_mem_CD8",35,35,3,FALSE
0,1,NA,"hd_20","OP","T_mem_CD8",35,35,3,FALSE
0,1,NA,"hd_21","OP","T_mem_CD8",35,35,3,FALSE
0.0166730996445822,0.983326900355418,NA,"hd_22","OP","T_mem_CD8",35,35,3,FALSE
0,1,NA,"hd_23","OP","T_mem_CD8",35,35,3,FALSE
0,1,NA,"hd_24","OP","T_mem_CD8",35,35,3,FALSE
0,1,NA,"hd_25","OP","T_mem_CD8",35,35,3,FALSE
0,1,NA,"hd_3","OP","T_mem_CD8",35,35,3,FALSE
0,1,NA,"hd_4","OP","T_mem_CD8",35,35,3,FALSE
0,1,NA,"hd_5","OP","T_mem_CD8",35,35,3,FALSE
0,1,NA,"hd_6","OP","T_mem_CD8",35,35,3,FALSE
0,1,NA,"hd_7","OP","T_mem_CD8",35,35,3,FALSE
0,1,NA,"hd_8","OP","T_mem_CD8",35,35,3,FALSE
0,1,NA,"hd_9","OP","T_mem_CD8",35,35,3,FALSE
0,1,NA,"hen1","OP","T_mem_CD8",35,35,3,FALSE
0,1,NA,"hic_1","OP","T_mem_CD8",35,35,3,FALSE
0.0123465093347597,0.98765349066524,NA,"hic_2","OP","T_mem_CD8",35,35,3,FALSE
0,1,NA,"hif","OP","T_mem_CD8",35,35,3,FALSE
0,1,NA,"hinfp1_1","OP","T_mem_CD8",35,35,3,FALSE
0,1,NA,"hinfp1_2","OP","T_mem_CD8",35,35,3,FALSE
0,1,NA,"hinfp1_3","OP","T_mem_CD8",35,35,3,FALSE
0,1,NA,"hltf","OP","T_mem_CD8",35,35,3,FALSE
0,1,NA,"homez","OP","T_mem_CD8",35,35,3,FALSE
0,1,NA,"hsf","OP","T_mem_CD8",35,35,3,FALSE
0.0390102352111274,0.960989764788873,NA,"hsfy2","OP","T_mem_CD8",35,35,3,FALSE
0,1,NA,"insm1","OP","T_mem_CD8",35,35,3,FALSE
0,1,NA,"irf_1","OP","T_mem_CD8",35,35,3,FALSE
0.120186202349889,0.879813797650111,NA,"irf_2","OP","T_mem_CD8",35,35,3,FALSE
0,1,NA,"irf_3","OP","T_mem_CD8",35,35,3,FALSE
0,1,NA,"irf_4","OP","T_mem_CD8",35,35,3,FALSE
0.00745800343401077,0.992541996565989,NA,"kaiso","OP","T_mem_CD8",35,35,3,FALSE
0,1,NA,"klf_sp_1","OP","T_mem_CD8",35,35,3,FALSE
0,1,NA,"klf_sp_2","OP","T_mem_CD8",35,35,3,FALSE
0.00543150679171114,0.994568493208289,NA,"klf_sp_3","OP","T_mem_CD8",35,35,3,FALSE
0,1,NA,"lef1","OP","T_mem_CD8",35,35,3,FALSE
0,1,NA,"lin54","OP","T_mem_CD8",35,35,3,FALSE
0,1,NA,"maf","OP","T_mem_CD8",35,35,3,FALSE
0,1,NA,"mbd2","OP","T_mem_CD8",35,35,3,FALSE
0,1,NA,"mecp2","OP","T_mem_CD8",35,35,3,FALSE
0,1,NA,"mef2","OP","T_mem_CD8",35,35,3,FALSE
0,1,NA,"mfz1","OP","T_mem_CD8",35,35,3,FALSE
0.0122491321011593,0.987750867898841,NA,"mies","OP","T_mem_CD8",35,35,3,FALSE
0,1,NA,"mtf1","OP","T_mem_CD8",35,35,3,FALSE
0,1,NA,"myb_1","OP","T_mem_CD8",35,35,3,FALSE
0,1,NA,"myb_2","OP","T_mem_CD8",35,35,3,FALSE
0,1,NA,"myb_3","OP","T_mem_CD8",35,35,3,FALSE
0,1,NA,"myb_4","OP","T_mem_CD8",35,35,3,FALSE
0,1,NA,"myb_5","OP","T_mem_CD8",35,35,3,FALSE
0,1,NA,"mzf1","OP","T_mem_CD8",35,35,3,FALSE
0,1,NA,"nfac_2","OP","T_mem_CD8",35,35,3,FALSE
0,1,NA,"nfat_1","OP","T_mem_CD8",35,35,3,FALSE
0,1,NA,"nfat_2","OP","T_mem_CD8",35,35,3,FALSE
0,1,NA,"nfat_3","OP","T_mem_CD8",35,35,3,FALSE
0,1,NA,"nfat_4","OP","T_mem_CD8",35,35,3,FALSE
0,1,NA,"nfi_1","OP","T_mem_CD8",35,35,3,FALSE
0,1,NA,"nfi_2","OP","T_mem_CD8",35,35,3,FALSE
0,1,NA,"nfi_3","OP","T_mem_CD8",35,35,3,FALSE
0,1,NA,"nfkb_1","OP","T_mem_CD8",35,35,3,FALSE
0,1,NA,"nfkb_2","OP","T_mem_CD8",35,35,3,FALSE
0,1,NA,"nfkb_3","OP","T_mem_CD8",35,35,3,FALSE
0,1,NA,"nfy","OP","T_mem_CD8",35,35,3,FALSE
0,1,NA,"nr_1","OP","T_mem_CD8",35,35,3,FALSE
0.112491868167013,0.887508131832987,NA,"nr_10","OP","T_mem_CD8",35,35,3,FALSE
0,1,NA,"nr_11","OP","T_mem_CD8",35,35,3,FALSE
0,1,NA,"nr_12","OP","T_mem_CD8",35,35,3,FALSE
0,1,NA,"nr_13","OP","T_mem_CD8",35,35,3,FALSE
0,1,NA,"nr_14","OP","T_mem_CD8",35,35,3,FALSE
0,1,NA,"nr_15","OP","T_mem_CD8",35,35,3,FALSE
0,1,NA,"nr_16","OP","T_mem_CD8",35,35,3,FALSE
0,1,NA,"nr_17","OP","T_mem_CD8",35,35,3,FALSE
0,1,NA,"nr_18","OP","T_mem_CD8",35,35,3,FALSE
0,1,NA,"nr_19","OP","T_mem_CD8",35,35,3,FALSE
0,1,NA,"nr_2","OP","T_mem_CD8",35,35,3,FALSE
0,1,NA,"nr_20","OP","T_mem_CD8",35,35,3,FALSE
0,1,NA,"nr_3","OP","T_mem_CD8",35,35,3,FALSE
0,1,NA,"nr_4","OP","T_mem_CD8",35,35,3,FALSE
1.6503838198598e-15,0.999999999999998,NA,"nr_5","OP","T_mem_CD8",35,35,3,FALSE
0,1,NA,"nr_6","OP","T_mem_CD8",35,35,3,FALSE
0,1,NA,"nr_7","OP","T_mem_CD8",35,35,3,FALSE
0,1,NA,"nr_8","OP","T_mem_CD8",35,35,3,FALSE
0,1,NA,"nr_9","OP","T_mem_CD8",35,35,3,FALSE
0,1,NA,"nr2e3","OP","T_mem_CD8",35,35,3,FALSE
0,1,NA,"nrf1","OP","T_mem_CD8",35,35,3,FALSE
0,1,NA,"oct4sox2","OP","T_mem_CD8",35,35,3,FALSE
1.05449375783677e-16,1,NA,"osr2","OP","T_mem_CD8",35,35,3,FALSE
0,1,NA,"ovol1","OP","T_mem_CD8",35,35,3,FALSE
0,1,NA,"p53_like_1","OP","T_mem_CD8",35,35,3,FALSE
0,1,NA,"p53_like_2","OP","T_mem_CD8",35,35,3,FALSE
0,1,NA,"p53_like_3","OP","T_mem_CD8",35,35,3,FALSE
0,1,NA,"pax_halfsite","OP","T_mem_CD8",35,35,3,FALSE
0,1,NA,"pax_1","OP","T_mem_CD8",35,35,3,FALSE
0,1,NA,"pax_2","OP","T_mem_CD8",35,35,3,FALSE
0,1,NA,"plag1","OP","T_mem_CD8",35,35,3,FALSE
0,1,NA,"pou_1","OP","T_mem_CD8",35,35,3,FALSE
0,1,NA,"pou_2","OP","T_mem_CD8",35,35,3,FALSE
0,1,NA,"pou_3","OP","T_mem_CD8",35,35,3,FALSE
0.122746103864337,0.877253896135664,NA,"prdm1","OP","T_mem_CD8",35,35,3,FALSE
0,1,NA,"prdm14","OP","T_mem_CD8",35,35,3,FALSE
0,1,NA,"prdm16","OP","T_mem_CD8",35,35,3,FALSE
0,1,NA,"prdm4","OP","T_mem_CD8",35,35,3,FALSE
0,1,NA,"prdm5","OP","T_mem_CD8",35,35,3,FALSE
0,1,NA,"prdm9","OP","T_mem_CD8",35,35,3,FALSE
0,1,NA,"prox1","OP","T_mem_CD8",35,35,3,FALSE
0,1,NA,"rbpj","OP","T_mem_CD8",35,35,3,FALSE
0,1,NA,"rel_halfsite","OP","T_mem_CD8",35,35,3,FALSE
0.0608259879795695,0.939174012020431,NA,"rest_nrsf","OP","T_mem_CD8",35,35,3,FALSE
0,1,NA,"rfx_1","OP","T_mem_CD8",35,35,3,FALSE
0,1,NA,"rfx_2","OP","T_mem_CD8",35,35,3,FALSE
0,1,NA,"rfx_3","OP","T_mem_CD8",35,35,3,FALSE
0.00133120346650545,0.998668796533495,NA,"runx_1","OP","T_mem_CD8",35,35,3,FALSE
0.0712948489675456,0.928705151032454,NA,"runx_2","OP","T_mem_CD8",35,35,3,FALSE
0,1,NA,"scrt1","OP","T_mem_CD8",35,35,3,FALSE
0,1,NA,"six_1","OP","T_mem_CD8",35,35,3,FALSE
0,1,NA,"six_2","OP","T_mem_CD8",35,35,3,FALSE
0,1,NA,"smad","OP","T_mem_CD8",35,35,3,FALSE
0.0230738584804249,0.976926141519575,NA,"smad_1","OP","T_mem_CD8",35,35,3,FALSE
0,1,NA,"smad_2","OP","T_mem_CD8",35,35,3,FALSE
0,1,NA,"smarca1","OP","T_mem_CD8",35,35,3,FALSE
0,1,NA,"smarca5","OP","T_mem_CD8",35,35,3,FALSE
0,1,NA,"snai2","OP","T_mem_CD8",35,35,3,FALSE
0,1,NA,"sox_1","OP","T_mem_CD8",35,35,3,FALSE
0,1,NA,"sox_2","OP","T_mem_CD8",35,35,3,FALSE
0,1,NA,"sox_3","OP","T_mem_CD8",35,35,3,FALSE
0,1,NA,"sox_4","OP","T_mem_CD8",35,35,3,FALSE
0,1,NA,"sox_5","OP","T_mem_CD8",35,35,3,FALSE
0.0282803751063787,0.971719624893621,NA,"sox_6","OP","T_mem_CD8",35,35,3,FALSE
0,1,NA,"sox_7","OP","T_mem_CD8",35,35,3,FALSE
0,1,NA,"sox_8","OP","T_mem_CD8",35,35,3,FALSE
0,1,NA,"spdef_1","OP","T_mem_CD8",35,35,3,FALSE
0,1,NA,"spdef_2","OP","T_mem_CD8",35,35,3,FALSE
0.0202219072302563,0.979778092769744,NA,"spi","OP","T_mem_CD8",35,35,3,FALSE
0,1,NA,"spz1","OP","T_mem_CD8",35,35,3,FALSE
0.0983592955099868,0.901640704490013,NA,"srebf1","OP","T_mem_CD8",35,35,3,FALSE
0,1,NA,"srf","OP","T_mem_CD8",35,35,3,FALSE
0,1,NA,"stat_1","OP","T_mem_CD8",35,35,3,FALSE
0,1,NA,"stat_2","OP","T_mem_CD8",35,35,3,FALSE
0,1,NA,"tata","OP","T_mem_CD8",35,35,3,FALSE
0,1,NA,"tbx_1","OP","T_mem_CD8",35,35,3,FALSE
0,1,NA,"tbx_2","OP","T_mem_CD8",35,35,3,FALSE
0,1,NA,"tbx_3","OP","T_mem_CD8",35,35,3,FALSE
0.0517835002196678,0.948216499780332,NA,"tbx_4","OP","T_mem_CD8",35,35,3,FALSE
0,1,NA,"tcf_lef","OP","T_mem_CD8",35,35,3,FALSE
0,1,NA,"tead","OP","T_mem_CD8",35,35,3,FALSE
0,1,NA,"tfap2_1","OP","T_mem_CD8",35,35,3,FALSE
0,1,NA,"tfap2_2","OP","T_mem_CD8",35,35,3,FALSE
0,1,NA,"tfcp2","OP","T_mem_CD8",35,35,3,FALSE
0,1,NA,"thap1","OP","T_mem_CD8",35,35,3,FALSE
0,1,NA,"yy1","OP","T_mem_CD8",35,35,3,FALSE
0.0787446827586892,0.921255317241311,NA,"zbed1","OP","T_mem_CD8",35,35,3,FALSE
0,1,NA,"zbtb14","OP","T_mem_CD8",35,35,3,FALSE
0,1,NA,"zbtb48","OP","T_mem_CD8",35,35,3,FALSE
0,1,NA,"zbtb49","OP","T_mem_CD8",35,35,3,FALSE
0,1,NA,"zbtb6","OP","T_mem_CD8",35,35,3,FALSE
0,1,NA,"zbtb7a","OP","T_mem_CD8",35,35,3,FALSE
0,1,NA,"zfn121","OP","T_mem_CD8",35,35,3,FALSE
0,1,NA,"zfx","OP","T_mem_CD8",35,35,3,FALSE
0,1,NA,"zic","OP","T_mem_CD8",35,35,3,FALSE
0,1,NA,"zic_2","OP","T_mem_CD8",35,35,3,FALSE
0,1,NA,"zim3","OP","T_mem_CD8",35,35,3,FALSE
0,1,NA,"zkscan1","OP","T_mem_CD8",35,35,3,FALSE
0,1,NA,"znf134","OP","T_mem_CD8",35,35,3,FALSE
0,1,NA,"znf136","OP","T_mem_CD8",35,35,3,FALSE
0,1,NA,"znf140","OP","T_mem_CD8",35,35,3,FALSE
0.0802777278714154,0.919722272128585,NA,"znf143","OP","T_mem_CD8",35,35,3,FALSE
0,1,NA,"znf143_1","OP","T_mem_CD8",35,35,3,FALSE
0,1,NA,"znf146","OP","T_mem_CD8",35,35,3,FALSE
0,1,NA,"znf232","OP","T_mem_CD8",35,35,3,FALSE
0,1,NA,"znf24","OP","T_mem_CD8",35,35,3,FALSE
0,1,NA,"znf250","OP","T_mem_CD8",35,35,3,FALSE
0,1,NA,"znf257","OP","T_mem_CD8",35,35,3,FALSE
0.123399855999632,0.876600144000368,NA,"znf274","OP","T_mem_CD8",35,35,3,FALSE
0,1,NA,"znf28","OP","T_mem_CD8",35,35,3,FALSE
0,1,NA,"znf282","OP","T_mem_CD8",35,35,3,FALSE
0.192205565207194,0.807794434792806,NA,"znf306","OP","T_mem_CD8",35,35,3,FALSE
0,1,NA,"znf317","OP","T_mem_CD8",35,35,3,FALSE
0,1,NA,"znf320","OP","T_mem_CD8",35,35,3,FALSE
0,1,NA,"znf324","OP","T_mem_CD8",35,35,3,FALSE
0,1,NA,"znf329","OP","T_mem_CD8",35,35,3,FALSE
0,1,NA,"znf331","OP","T_mem_CD8",35,35,3,FALSE
0,1,NA,"znf332","OP","T_mem_CD8",35,35,3,FALSE
0,1,NA,"znf335","OP","T_mem_CD8",35,35,3,FALSE
0,1,NA,"znf354","OP","T_mem_CD8",35,35,3,FALSE
0,1,NA,"znf382","OP","T_mem_CD8",35,35,3,FALSE
0,1,NA,"znf384_1","OP","T_mem_CD8",35,35,3,FALSE
0,1,NA,"znf384_2","OP","T_mem_CD8",35,35,3,FALSE
0,1,NA,"znf41","OP","T_mem_CD8",35,35,3,FALSE
0,1,NA,"znf410","OP","T_mem_CD8",35,35,3,FALSE
0,1,NA,"znf418","OP","T_mem_CD8",35,35,3,FALSE
0,1,NA,"znf423","OP","T_mem_CD8",35,35,3,FALSE
0,1,NA,"znf431","OP","T_mem_CD8",35,35,3,FALSE
0,1,NA,"znf435","OP","T_mem_CD8",35,35,3,FALSE
0,1,NA,"znf436","OP","T_mem_CD8",35,35,3,FALSE
0,1,NA,"znf449","OP","T_mem_CD8",35,35,3,FALSE
0,1,NA,"znf490","OP","T_mem_CD8",35,35,3,FALSE
0,1,NA,"znf524","OP","T_mem_CD8",35,35,3,FALSE
0,1,NA,"znf528","OP","T_mem_CD8",35,35,3,FALSE
0,1,NA,"znf53","OP","T_mem_CD8",35,35,3,FALSE
0,1,NA,"znf547","OP","T_mem_CD8",35,35,3,FALSE
0,1,NA,"znf549","OP","T_mem_CD8",35,35,3,FALSE
9.21809537739989e-18,1,NA,"znf554","OP","T_mem_CD8",35,35,3,FALSE
0,1,NA,"znf563","OP","T_mem_CD8",35,35,3,FALSE
0,1,NA,"znf57","OP","T_mem_CD8",35,35,3,FALSE
0,1,NA,"znf586","OP","T_mem_CD8",35,35,3,FALSE
0,1,NA,"znf652","OP","T_mem_CD8",35,35,3,FALSE
0,1,NA,"znf667","OP","T_mem_CD8",35,35,3,FALSE
0,1,NA,"znf680","OP","T_mem_CD8",35,35,3,FALSE
0,1,NA,"znf708","OP","T_mem_CD8",35,35,3,FALSE
0,1,NA,"znf713","OP","T_mem_CD8",35,35,3,FALSE
0,1,NA,"znf768","OP","T_mem_CD8",35,35,3,FALSE
0.00885512983322476,0.991144870166775,NA,"znf784","OP","T_mem_CD8",35,35,3,FALSE
0,1,NA,"znf85","OP","T_mem_CD8",35,35,3,FALSE
0,1,NA,"znf85_1","OP","T_mem_CD8",35,35,3,FALSE
0,1,NA,"zscan3","OP","T_mem_CD8",35,35,3,FALSE
0,1,NA,"zscan4","OP","T_mem_CD8",35,35,3,FALSE
0,1,NA,"ahr","OP","T_mix",34,34,3,FALSE
0.0816322188862595,0.918367781113741,NA,"aire","OP","T_mix",34,34,3,FALSE
0,1,NA,"ap1_1","OP","T_mix",34,34,3,FALSE
0,1,NA,"ap1_2","OP","T_mix",34,34,3,FALSE
0.0201132507622427,0.979886749237757,NA,"ari5a","OP","T_mix",34,34,3,FALSE
0,1,NA,"ari5b","OP","T_mix",34,34,3,FALSE
0,1,NA,"batf","OP","T_mix",34,34,3,FALSE
0,1,NA,"bcl6_1","OP","T_mix",34,34,3,FALSE
0,1,NA,"bcl6_2","OP","T_mix",34,34,3,FALSE
0,1,NA,"ccaat_cebp","OP","T_mix",34,34,3,FALSE
0,1,NA,"cenbp","OP","T_mix",34,34,3,FALSE
0,1,NA,"cpeb1","OP","T_mix",34,34,3,FALSE
0,1,NA,"creb_atf_1","OP","T_mix",34,34,3,FALSE
0,1,NA,"creb_atf_2","OP","T_mix",34,34,3,FALSE
0,1,NA,"creb_atf_3","OP","T_mix",34,34,3,FALSE
0,1,NA,"creb3_xbp1","OP","T_mix",34,34,3,FALSE
0.0246557991793496,0.97534420082065,NA,"ctcf","OP","T_mix",34,34,3,FALSE
0,1,NA,"cux_1","OP","T_mix",34,34,3,FALSE
0,1,NA,"cux_2","OP","T_mix",34,34,3,FALSE
0,1,NA,"cux_3","OP","T_mix",34,34,3,FALSE
0,1,NA,"cux_4","OP","T_mix",34,34,3,FALSE
0,1,NA,"ddit3cebpa","OP","T_mix",34,34,3,FALSE
0.171244806089223,0.828755193910777,NA,"dmrt1","OP","T_mix",34,34,3,FALSE
0,1,NA,"dmrt3","OP","T_mix",34,34,3,FALSE
0,1,NA,"e2f_1","OP","T_mix",34,34,3,FALSE
0.00691603120067711,0.993083968799323,NA,"e2f_2","OP","T_mix",34,34,3,FALSE
0,1,NA,"e2f_3","OP","T_mix",34,34,3,FALSE
0,1,NA,"e2f_4","OP","T_mix",34,34,3,FALSE
1.20024677399166e-15,0.999999999999999,NA,"ebf1","OP","T_mix",34,34,3,FALSE
0,1,NA,"ebox_cacctg","OP","T_mix",34,34,3,FALSE
4.83282182569101e-17,1,NA,"ebox_cacgtg_1","OP","T_mix",34,34,3,FALSE
0.233334804583306,0.766665195416694,NA,"ebox_cacgtg_2","OP","T_mix",34,34,3,FALSE
0,1,NA,"ebox_cagatgg","OP","T_mix",34,34,3,FALSE
0,1,NA,"ebox_cagctg","OP","T_mix",34,34,3,FALSE
0,1,NA,"ebox_catatg","OP","T_mix",34,34,3,FALSE
0,1,NA,"egr","OP","T_mix",34,34,3,FALSE
0,1,NA,"ets_1","OP","T_mix",34,34,3,FALSE
0,1,NA,"ets_2","OP","T_mix",34,34,3,FALSE
0,1,NA,"evi1_mecom","OP","T_mix",34,34,3,FALSE
0,1,NA,"ewsr1_fli1","OP","T_mix",34,34,3,FALSE
0.0112514613512463,0.988748538648754,NA,"fezf1","OP","T_mix",34,34,3,FALSE
0,1,NA,"fox_1","OP","T_mix",34,34,3,FALSE
0.0144358430702309,0.985564156929769,NA,"fox_2","OP","T_mix",34,34,3,FALSE
0,1,NA,"fox_3","OP","T_mix",34,34,3,FALSE
0,1,NA,"fox_4","OP","T_mix",34,34,3,FALSE
0,1,NA,"fox_5","OP","T_mix",34,34,3,FALSE
0.0727730474019167,0.927226952598083,NA,"fox_6","OP","T_mix",34,34,3,FALSE
0,1,NA,"fox_7","OP","T_mix",34,34,3,FALSE
0,1,NA,"fox_8","OP","T_mix",34,34,3,FALSE
0,1,NA,"fox_9","OP","T_mix",34,34,3,FALSE
0,1,NA,"gata","OP","T_mix",34,34,3,FALSE
0,1,NA,"gc_tract","OP","T_mix",34,34,3,FALSE
0,1,NA,"gcm","OP","T_mix",34,34,3,FALSE
0,1,NA,"gfi","OP","T_mix",34,34,3,FALSE
0.00962101729494396,0.990378982705056,NA,"gli","OP","T_mix",34,34,3,FALSE
0.111941288311853,0.888058711688147,NA,"glis","OP","T_mix",34,34,3,FALSE
0.00378189633628514,0.996218103663715,NA,"gmeb2_1","OP","T_mix",34,34,3,FALSE
0,1,NA,"gmeb2_2","OP","T_mix",34,34,3,FALSE
0,1,NA,"gmeb2_3","OP","T_mix",34,34,3,FALSE
0,1,NA,"grhl","OP","T_mix",34,34,3,FALSE
0,1,NA,"hand1","OP","T_mix",34,34,3,FALSE
0.0362445425246683,0.963755457475332,NA,"hd_1","OP","T_mix",34,34,3,FALSE
0,1,NA,"hd_10","OP","T_mix",34,34,3,FALSE
0,1,NA,"hd_11","OP","T_mix",34,34,3,FALSE
0,1,NA,"hd_12","OP","T_mix",34,34,3,FALSE
0,1,NA,"hd_13","OP","T_mix",34,34,3,FALSE
0,1,NA,"hd_14","OP","T_mix",34,34,3,FALSE
0.0821503894010657,0.917849610598934,NA,"hd_15","OP","T_mix",34,34,3,FALSE
0,1,NA,"hd_16","OP","T_mix",34,34,3,FALSE
0,1,NA,"hd_17","OP","T_mix",34,34,3,FALSE
0,1,NA,"hd_18","OP","T_mix",34,34,3,FALSE
0,1,NA,"hd_19","OP","T_mix",34,34,3,FALSE
0,1,NA,"hd_2","OP","T_mix",34,34,3,FALSE
0,1,NA,"hd_20","OP","T_mix",34,34,3,FALSE
0,1,NA,"hd_21","OP","T_mix",34,34,3,FALSE
0,1,NA,"hd_22","OP","T_mix",34,34,3,FALSE
0.0458493906843111,0.954150609315689,NA,"hd_23","OP","T_mix",34,34,3,FALSE
0,1,NA,"hd_24","OP","T_mix",34,34,3,FALSE
0.0461527239927657,0.953847276007234,NA,"hd_25","OP","T_mix",34,34,3,FALSE
0,1,NA,"hd_3","OP","T_mix",34,34,3,FALSE
0,1,NA,"hd_4","OP","T_mix",34,34,3,FALSE
0,1,NA,"hd_5","OP","T_mix",34,34,3,FALSE
0,1,NA,"hd_6","OP","T_mix",34,34,3,FALSE
0,1,NA,"hd_7","OP","T_mix",34,34,3,FALSE
0.127674210668175,0.872325789331825,NA,"hd_8","OP","T_mix",34,34,3,FALSE
0,1,NA,"hd_9","OP","T_mix",34,34,3,FALSE
0,1,NA,"hen1","OP","T_mix",34,34,3,FALSE
0,1,NA,"hic_1","OP","T_mix",34,34,3,FALSE
0.0213870764053143,0.978612923594686,NA,"hic_2","OP","T_mix",34,34,3,FALSE
0.0691511407781082,0.930848859221892,NA,"hif","OP","T_mix",34,34,3,FALSE
0,1,NA,"hinfp1_1","OP","T_mix",34,34,3,FALSE
0,1,NA,"hinfp1_2","OP","T_mix",34,34,3,FALSE
0,1,NA,"hinfp1_3","OP","T_mix",34,34,3,FALSE
0,1,NA,"hltf","OP","T_mix",34,34,3,FALSE
0,1,NA,"homez","OP","T_mix",34,34,3,FALSE
0,1,NA,"hsf","OP","T_mix",34,34,3,FALSE
0,1,NA,"hsfy2","OP","T_mix",34,34,3,FALSE
0,1,NA,"insm1","OP","T_mix",34,34,3,FALSE
0,1,NA,"irf_1","OP","T_mix",34,34,3,FALSE
0,1,NA,"irf_2","OP","T_mix",34,34,3,FALSE
0,1,NA,"irf_3","OP","T_mix",34,34,3,FALSE
0,1,NA,"irf_4","OP","T_mix",34,34,3,FALSE
0,1,NA,"kaiso","OP","T_mix",34,34,3,FALSE
0,1,NA,"klf_sp_1","OP","T_mix",34,34,3,FALSE
0,1,NA,"klf_sp_2","OP","T_mix",34,34,3,FALSE
0,1,NA,"klf_sp_3","OP","T_mix",34,34,3,FALSE
0,1,NA,"lef1","OP","T_mix",34,34,3,FALSE
0,1,NA,"lin54","OP","T_mix",34,34,3,FALSE
0.0052363265408434,0.994763673459157,NA,"maf","OP","T_mix",34,34,3,FALSE
0,1,NA,"mbd2","OP","T_mix",34,34,3,FALSE
0,1,NA,"mecp2","OP","T_mix",34,34,3,FALSE
0.0751697295204074,0.924830270479593,NA,"mef2","OP","T_mix",34,34,3,FALSE
0.130810409945752,0.869189590054248,NA,"mfz1","OP","T_mix",34,34,3,FALSE
0,1,NA,"mies","OP","T_mix",34,34,3,FALSE
0,1,NA,"mtf1","OP","T_mix",34,34,3,FALSE
0,1,NA,"myb_1","OP","T_mix",34,34,3,FALSE
0.118445196555092,0.881554803444908,NA,"myb_2","OP","T_mix",34,34,3,FALSE
0,1,NA,"myb_3","OP","T_mix",34,34,3,FALSE
0,1,NA,"myb_4","OP","T_mix",34,34,3,FALSE
0,1,NA,"myb_5","OP","T_mix",34,34,3,FALSE
0,1,NA,"mzf1","OP","T_mix",34,34,3,FALSE
0.00935725844955271,0.990642741550447,NA,"nfac_2","OP","T_mix",34,34,3,FALSE
0,1,NA,"nfat_1","OP","T_mix",34,34,3,FALSE
0.00227118682802994,0.99772881317197,NA,"nfat_2","OP","T_mix",34,34,3,FALSE
0,1,NA,"nfat_3","OP","T_mix",34,34,3,FALSE
0,1,NA,"nfat_4","OP","T_mix",34,34,3,FALSE
0,1,NA,"nfi_1","OP","T_mix",34,34,3,FALSE
0,1,NA,"nfi_2","OP","T_mix",34,34,3,FALSE
0,1,NA,"nfi_3","OP","T_mix",34,34,3,FALSE
0,1,NA,"nfkb_1","OP","T_mix",34,34,3,FALSE
0,1,NA,"nfkb_2","OP","T_mix",34,34,3,FALSE
0,1,NA,"nfkb_3","OP","T_mix",34,34,3,FALSE
0.00283238966225498,0.997167610337745,NA,"nfy","OP","T_mix",34,34,3,FALSE
0,1,NA,"nr_1","OP","T_mix",34,34,3,FALSE
0,1,NA,"nr_10","OP","T_mix",34,34,3,FALSE
0,1,NA,"nr_11","OP","T_mix",34,34,3,FALSE
0,1,NA,"nr_12","OP","T_mix",34,34,3,FALSE
0.00266040241473382,0.997339597585266,NA,"nr_13","OP","T_mix",34,34,3,FALSE
0,1,NA,"nr_14","OP","T_mix",34,34,3,FALSE
0,1,NA,"nr_15","OP","T_mix",34,34,3,FALSE
0,1,NA,"nr_16","OP","T_mix",34,34,3,FALSE
0,1,NA,"nr_17","OP","T_mix",34,34,3,FALSE
0.0233366282442516,0.976663371755748,NA,"nr_18","OP","T_mix",34,34,3,FALSE
0,1,NA,"nr_19","OP","T_mix",34,34,3,FALSE
0,1,NA,"nr_2","OP","T_mix",34,34,3,FALSE
0,1,NA,"nr_20","OP","T_mix",34,34,3,FALSE
0,1,NA,"nr_3","OP","T_mix",34,34,3,FALSE
0,1,NA,"nr_4","OP","T_mix",34,34,3,FALSE
0,1,NA,"nr_5","OP","T_mix",34,34,3,FALSE
0,1,NA,"nr_6","OP","T_mix",34,34,3,FALSE
0,1,NA,"nr_7","OP","T_mix",34,34,3,FALSE
0,1,NA,"nr_8","OP","T_mix",34,34,3,FALSE
0,1,NA,"nr_9","OP","T_mix",34,34,3,FALSE
0,1,NA,"nr2e3","OP","T_mix",34,34,3,FALSE
0,1,NA,"nrf1","OP","T_mix",34,34,3,FALSE
0.0743650258191942,0.925634974180806,NA,"oct4sox2","OP","T_mix",34,34,3,FALSE
0.0367503310802588,0.963249668919741,NA,"osr2","OP","T_mix",34,34,3,FALSE
0,1,NA,"ovol1","OP","T_mix",34,34,3,FALSE
0.0015606159868626,0.998439384013137,NA,"p53_like_1","OP","T_mix",34,34,3,FALSE
0,1,NA,"p53_like_2","OP","T_mix",34,34,3,FALSE
0,1,NA,"p53_like_3","OP","T_mix",34,34,3,FALSE
0,1,NA,"pax_halfsite","OP","T_mix",34,34,3,FALSE
0,1,NA,"pax_1","OP","T_mix",34,34,3,FALSE
0,1,NA,"pax_2","OP","T_mix",34,34,3,FALSE
0,1,NA,"plag1","OP","T_mix",34,34,3,FALSE
0,1,NA,"pou_1","OP","T_mix",34,34,3,FALSE
0,1,NA,"pou_2","OP","T_mix",34,34,3,FALSE
0.0212485881048346,0.978751411895165,NA,"pou_3","OP","T_mix",34,34,3,FALSE
0,1,NA,"prdm1","OP","T_mix",34,34,3,FALSE
0.11028585030986,0.88971414969014,NA,"prdm14","OP","T_mix",34,34,3,FALSE
0,1,NA,"prdm16","OP","T_mix",34,34,3,FALSE
0,1,NA,"prdm4","OP","T_mix",34,34,3,FALSE
0.100403187917791,0.899596812082209,NA,"prdm5","OP","T_mix",34,34,3,FALSE
0,1,NA,"prdm9","OP","T_mix",34,34,3,FALSE
0,1,NA,"prox1","OP","T_mix",34,34,3,FALSE
0,1,NA,"rbpj","OP","T_mix",34,34,3,FALSE
0,1,NA,"rel_halfsite","OP","T_mix",34,34,3,FALSE
0.00616381962049331,0.993836180379507,NA,"rest_nrsf","OP","T_mix",34,34,3,FALSE
0,1,NA,"rfx_1","OP","T_mix",34,34,3,FALSE
0.0620035403318761,0.937996459668124,NA,"rfx_2","OP","T_mix",34,34,3,FALSE
0,1,NA,"rfx_3","OP","T_mix",34,34,3,FALSE
0,1,NA,"runx_1","OP","T_mix",34,34,3,FALSE
0,1,NA,"runx_2","OP","T_mix",34,34,3,FALSE
0.171278189261117,0.828721810738883,NA,"scrt1","OP","T_mix",34,34,3,FALSE
0.0164492346399737,0.983550765360026,NA,"six_1","OP","T_mix",34,34,3,FALSE
0,1,NA,"six_2","OP","T_mix",34,34,3,FALSE
0,1,NA,"smad","OP","T_mix",34,34,3,FALSE
0,1,NA,"smad_1","OP","T_mix",34,34,3,FALSE
1.94860093610353e-17,1,NA,"smad_2","OP","T_mix",34,34,3,FALSE
0,1,NA,"smarca1","OP","T_mix",34,34,3,FALSE
0,1,NA,"smarca5","OP","T_mix",34,34,3,FALSE
0,1,NA,"snai2","OP","T_mix",34,34,3,FALSE
0,1,NA,"sox_1","OP","T_mix",34,34,3,FALSE
0.0428109137744336,0.957189086225566,NA,"sox_2","OP","T_mix",34,34,3,FALSE
0,1,NA,"sox_3","OP","T_mix",34,34,3,FALSE
0.0349077910430109,0.965092208956989,NA,"sox_4","OP","T_mix",34,34,3,FALSE
0,1,NA,"sox_5","OP","T_mix",34,34,3,FALSE
0,1,NA,"sox_6","OP","T_mix",34,34,3,FALSE
0,1,NA,"sox_7","OP","T_mix",34,34,3,FALSE
0,1,NA,"sox_8","OP","T_mix",34,34,3,FALSE
0,1,NA,"spdef_1","OP","T_mix",34,34,3,FALSE
1.83842631877088e-15,0.999999999999998,NA,"spdef_2","OP","T_mix",34,34,3,FALSE
0,1,NA,"spi","OP","T_mix",34,34,3,FALSE
0,1,NA,"spz1","OP","T_mix",34,34,3,FALSE
0,1,NA,"srebf1","OP","T_mix",34,34,3,FALSE
0,1,NA,"srf","OP","T_mix",34,34,3,FALSE
0,1,NA,"stat_1","OP","T_mix",34,34,3,FALSE
0,1,NA,"stat_2","OP","T_mix",34,34,3,FALSE
0,1,NA,"tata","OP","T_mix",34,34,3,FALSE
0,1,NA,"tbx_1","OP","T_mix",34,34,3,FALSE
0.0373272103210415,0.962672789678959,NA,"tbx_2","OP","T_mix",34,34,3,FALSE
0,1,NA,"tbx_3","OP","T_mix",34,34,3,FALSE
0,1,NA,"tbx_4","OP","T_mix",34,34,3,FALSE
0,1,NA,"tcf_lef","OP","T_mix",34,34,3,FALSE
0,1,NA,"tead","OP","T_mix",34,34,3,FALSE
6.96198561155486e-17,1,NA,"tfap2_1","OP","T_mix",34,34,3,FALSE
0,1,NA,"tfap2_2","OP","T_mix",34,34,3,FALSE
0,1,NA,"tfcp2","OP","T_mix",34,34,3,FALSE
0,1,NA,"thap1","OP","T_mix",34,34,3,FALSE
0,1,NA,"yy1","OP","T_mix",34,34,3,FALSE
0,1,NA,"zbed1","OP","T_mix",34,34,3,FALSE
0,1,NA,"zbtb14","OP","T_mix",34,34,3,FALSE
0,1,NA,"zbtb48","OP","T_mix",34,34,3,FALSE
0.0360629758485635,0.963937024151436,NA,"zbtb49","OP","T_mix",34,34,3,FALSE
0,1,NA,"zbtb6","OP","T_mix",34,34,3,FALSE
0,1,NA,"zbtb7a","OP","T_mix",34,34,3,FALSE
0,1,NA,"zfn121","OP","T_mix",34,34,3,FALSE
0,1,NA,"zfx","OP","T_mix",34,34,3,FALSE
0,1,NA,"zic","OP","T_mix",34,34,3,FALSE
0.0348024098811035,0.965197590118896,NA,"zic_2","OP","T_mix",34,34,3,FALSE
0,1,NA,"zim3","OP","T_mix",34,34,3,FALSE
0,1,NA,"zkscan1","OP","T_mix",34,34,3,FALSE
0,1,NA,"znf134","OP","T_mix",34,34,3,FALSE
0,1,NA,"znf136","OP","T_mix",34,34,3,FALSE
0,1,NA,"znf140","OP","T_mix",34,34,3,FALSE
0.0793213958432642,0.920678604156736,NA,"znf143","OP","T_mix",34,34,3,FALSE
0,1,NA,"znf143_1","OP","T_mix",34,34,3,FALSE
0,1,NA,"znf146","OP","T_mix",34,34,3,FALSE
0,1,NA,"znf232","OP","T_mix",34,34,3,FALSE
6.05275175713954e-18,1,NA,"znf24","OP","T_mix",34,34,3,FALSE
0,1,NA,"znf250","OP","T_mix",34,34,3,FALSE
0.128264626026794,0.871735373973206,NA,"znf257","OP","T_mix",34,34,3,FALSE
0,1,NA,"znf274","OP","T_mix",34,34,3,FALSE
0,1,NA,"znf28","OP","T_mix",34,34,3,FALSE
0,1,NA,"znf282","OP","T_mix",34,34,3,FALSE
0,1,NA,"znf306","OP","T_mix",34,34,3,FALSE
0,1,NA,"znf317","OP","T_mix",34,34,3,FALSE
0,1,NA,"znf320","OP","T_mix",34,34,3,FALSE
0,1,NA,"znf324","OP","T_mix",34,34,3,FALSE
0,1,NA,"znf329","OP","T_mix",34,34,3,FALSE
0,1,NA,"znf331","OP","T_mix",34,34,3,FALSE
0,1,NA,"znf332","OP","T_mix",34,34,3,FALSE
0.0558709212516107,0.944129078748389,NA,"znf335","OP","T_mix",34,34,3,FALSE
0.0946689307263728,0.905331069273627,NA,"znf354","OP","T_mix",34,34,3,FALSE
0,1,NA,"znf382","OP","T_mix",34,34,3,FALSE
0,1,NA,"znf384_1","OP","T_mix",34,34,3,FALSE
0,1,NA,"znf384_2","OP","T_mix",34,34,3,FALSE
0,1,NA,"znf41","OP","T_mix",34,34,3,FALSE
2.17208238943349e-17,1,NA,"znf410","OP","T_mix",34,34,3,FALSE
0,1,NA,"znf418","OP","T_mix",34,34,3,FALSE
0,1,NA,"znf423","OP","T_mix",34,34,3,FALSE
0,1,NA,"znf431","OP","T_mix",34,34,3,FALSE
0,1,NA,"znf435","OP","T_mix",34,34,3,FALSE
0,1,NA,"znf436","OP","T_mix",34,34,3,FALSE
0,1,NA,"znf449","OP","T_mix",34,34,3,FALSE
0,1,NA,"znf490","OP","T_mix",34,34,3,FALSE
0.00509774903960404,0.994902250960396,NA,"znf524","OP","T_mix",34,34,3,FALSE
0,1,NA,"znf528","OP","T_mix",34,34,3,FALSE
0,1,NA,"znf53","OP","T_mix",34,34,3,FALSE
0,1,NA,"znf547","OP","T_mix",34,34,3,FALSE
0,1,NA,"znf549","OP","T_mix",34,34,3,FALSE
0,1,NA,"znf554","OP","T_mix",34,34,3,FALSE
0,1,NA,"znf563","OP","T_mix",34,34,3,FALSE
0,1,NA,"znf57","OP","T_mix",34,34,3,FALSE
0,1,NA,"znf586","OP","T_mix",34,34,3,FALSE
0.0248515197387577,0.975148480261242,NA,"znf652","OP","T_mix",34,34,3,FALSE
0,1,NA,"znf667","OP","T_mix",34,34,3,FALSE
0,1,NA,"znf680","OP","T_mix",34,34,3,FALSE
0,1,NA,"znf708","OP","T_mix",34,34,3,FALSE
0,1,NA,"znf713","OP","T_mix",34,34,3,FALSE
0,1,NA,"znf768","OP","T_mix",34,34,3,FALSE
0,1,NA,"znf784","OP","T_mix",34,34,3,FALSE
0,1,NA,"znf85","OP","T_mix",34,34,3,FALSE
0,1,NA,"znf85_1","OP","T_mix",34,34,3,FALSE
0,1,NA,"zscan3","OP","T_mix",34,34,3,FALSE
0.0487051126876666,0.951294887312333,NA,"zscan4","OP","T_mix",34,34,3,FALSE
0,1,NA,"ahr","OP","T_naive",34,34,3,FALSE
0,1,NA,"aire","OP","T_naive",34,34,3,FALSE
0,1,NA,"ap1_1","OP","T_naive",34,34,3,FALSE
0,1,NA,"ap1_2","OP","T_naive",34,34,3,FALSE
0.0153959289861612,0.984604071013839,NA,"ari5a","OP","T_naive",34,34,3,FALSE
0,1,NA,"ari5b","OP","T_naive",34,34,3,FALSE
0,1,NA,"batf","OP","T_naive",34,34,3,FALSE
0,1,NA,"bcl6_1","OP","T_naive",34,34,3,FALSE
0,1,NA,"bcl6_2","OP","T_naive",34,34,3,FALSE
0,1,NA,"ccaat_cebp","OP","T_naive",34,34,3,FALSE
0.0886722533065029,0.911327746693497,NA,"cenbp","OP","T_naive",34,34,3,FALSE
0,1,NA,"cpeb1","OP","T_naive",34,34,3,FALSE
0,1,NA,"creb_atf_1","OP","T_naive",34,34,3,FALSE
0,1,NA,"creb_atf_2","OP","T_naive",34,34,3,FALSE
0,1,NA,"creb_atf_3","OP","T_naive",34,34,3,FALSE
0,1,NA,"creb3_xbp1","OP","T_naive",34,34,3,FALSE
0,1,NA,"ctcf","OP","T_naive",34,34,3,FALSE
0,1,NA,"cux_1","OP","T_naive",34,34,3,FALSE
0,1,NA,"cux_2","OP","T_naive",34,34,3,FALSE
0,1,NA,"cux_3","OP","T_naive",34,34,3,FALSE
0,1,NA,"cux_4","OP","T_naive",34,34,3,FALSE
0,1,NA,"ddit3cebpa","OP","T_naive",34,34,3,FALSE
0,1,NA,"dmrt1","OP","T_naive",34,34,3,FALSE
0,1,NA,"dmrt3","OP","T_naive",34,34,3,FALSE
0,1,NA,"e2f_1","OP","T_naive",34,34,3,FALSE
0,1,NA,"e2f_2","OP","T_naive",34,34,3,FALSE
0,1,NA,"e2f_3","OP","T_naive",34,34,3,FALSE
0,1,NA,"e2f_4","OP","T_naive",34,34,3,FALSE
0,1,NA,"ebf1","OP","T_naive",34,34,3,FALSE
0.0412221987285831,0.958777801271417,NA,"ebox_cacctg","OP","T_naive",34,34,3,FALSE
0.00906333939256491,0.990936660607435,NA,"ebox_cacgtg_1","OP","T_naive",34,34,3,FALSE
0,1,NA,"ebox_cacgtg_2","OP","T_naive",34,34,3,FALSE
0,1,NA,"ebox_cagatgg","OP","T_naive",34,34,3,FALSE
0.0218746152153939,0.978125384784606,NA,"ebox_cagctg","OP","T_naive",34,34,3,FALSE
0,1,NA,"ebox_catatg","OP","T_naive",34,34,3,FALSE
0,1,NA,"egr","OP","T_naive",34,34,3,FALSE
0,1,NA,"ets_1","OP","T_naive",34,34,3,FALSE
0,1,NA,"ets_2","OP","T_naive",34,34,3,FALSE
0,1,NA,"evi1_mecom","OP","T_naive",34,34,3,FALSE
0,1,NA,"ewsr1_fli1","OP","T_naive",34,34,3,FALSE
0.155448935148559,0.844551064851441,NA,"fezf1","OP","T_naive",34,34,3,FALSE
0,1,NA,"fox_1","OP","T_naive",34,34,3,FALSE
0,1,NA,"fox_2","OP","T_naive",34,34,3,FALSE
0,1,NA,"fox_3","OP","T_naive",34,34,3,FALSE
0,1,NA,"fox_4","OP","T_naive",34,34,3,FALSE
0,1,NA,"fox_5","OP","T_naive",34,34,3,FALSE
0.00328375650643872,0.996716243493561,NA,"fox_6","OP","T_naive",34,34,3,FALSE
0,1,NA,"fox_7","OP","T_naive",34,34,3,FALSE
0,1,NA,"fox_8","OP","T_naive",34,34,3,FALSE
0,1,NA,"fox_9","OP","T_naive",34,34,3,FALSE
0.0620598837892693,0.937940116210731,NA,"gata","OP","T_naive",34,34,3,FALSE
0,1,NA,"gc_tract","OP","T_naive",34,34,3,FALSE
0.0135956281414168,0.986404371858583,NA,"gcm","OP","T_naive",34,34,3,FALSE
0.0204361065188076,0.979563893481192,NA,"gfi","OP","T_naive",34,34,3,FALSE
0.00546432689502155,0.994535673104978,NA,"gli","OP","T_naive",34,34,3,FALSE
0.173302538821754,0.826697461178246,NA,"glis","OP","T_naive",34,34,3,FALSE
0.00650475717016442,0.993495242829836,NA,"gmeb2_1","OP","T_naive",34,34,3,FALSE
0.0394126951915061,0.960587304808494,NA,"gmeb2_2","OP","T_naive",34,34,3,FALSE
0,1,NA,"gmeb2_3","OP","T_naive",34,34,3,FALSE
0,1,NA,"grhl","OP","T_naive",34,34,3,FALSE
0,1,NA,"hand1","OP","T_naive",34,34,3,FALSE
0,1,NA,"hd_1","OP","T_naive",34,34,3,FALSE
4.09359221228522e-17,1,NA,"hd_10","OP","T_naive",34,34,3,FALSE
0,1,NA,"hd_11","OP","T_naive",34,34,3,FALSE
0,1,NA,"hd_12","OP","T_naive",34,34,3,FALSE
0,1,NA,"hd_13","OP","T_naive",34,34,3,FALSE
0,1,NA,"hd_14","OP","T_naive",34,34,3,FALSE
0,1,NA,"hd_15","OP","T_naive",34,34,3,FALSE
0,1,NA,"hd_16","OP","T_naive",34,34,3,FALSE
0,1,NA,"hd_17","OP","T_naive",34,34,3,FALSE
0,1,NA,"hd_18","OP","T_naive",34,34,3,FALSE
0,1,NA,"hd_19","OP","T_naive",34,34,3,FALSE
0.0573662399005348,0.942633760099465,NA,"hd_2","OP","T_naive",34,34,3,FALSE
0,1,NA,"hd_20","OP","T_naive",34,34,3,FALSE
0,1,NA,"hd_21","OP","T_naive",34,34,3,FALSE
0,1,NA,"hd_22","OP","T_naive",34,34,3,FALSE
0.120520617527686,0.879479382472314,NA,"hd_23","OP","T_naive",34,34,3,FALSE
0,1,NA,"hd_24","OP","T_naive",34,34,3,FALSE
0,1,NA,"hd_25","OP","T_naive",34,34,3,FALSE
0,1,NA,"hd_3","OP","T_naive",34,34,3,FALSE
0,1,NA,"hd_4","OP","T_naive",34,34,3,FALSE
0,1,NA,"hd_5","OP","T_naive",34,34,3,FALSE
0,1,NA,"hd_6","OP","T_naive",34,34,3,FALSE
0,1,NA,"hd_7","OP","T_naive",34,34,3,FALSE
0,1,NA,"hd_8","OP","T_naive",34,34,3,FALSE
0,1,NA,"hd_9","OP","T_naive",34,34,3,FALSE
1.54722433593642e-15,0.999999999999998,NA,"hen1","OP","T_naive",34,34,3,FALSE
0,1,NA,"hic_1","OP","T_naive",34,34,3,FALSE
0.0499945509021393,0.950005449097861,NA,"hic_2","OP","T_naive",34,34,3,FALSE
0,1,NA,"hif","OP","T_naive",34,34,3,FALSE
0.00518563980124701,0.994814360198753,NA,"hinfp1_1","OP","T_naive",34,34,3,FALSE
0,1,NA,"hinfp1_2","OP","T_naive",34,34,3,FALSE
0,1,NA,"hinfp1_3","OP","T_naive",34,34,3,FALSE
0,1,NA,"hltf","OP","T_naive",34,34,3,FALSE
0,1,NA,"homez","OP","T_naive",34,34,3,FALSE
0,1,NA,"hsf","OP","T_naive",34,34,3,FALSE
0,1,NA,"hsfy2","OP","T_naive",34,34,3,FALSE
0.00803107748613524,0.991968922513865,NA,"insm1","OP","T_naive",34,34,3,FALSE
0,1,NA,"irf_1","OP","T_naive",34,34,3,FALSE
0,1,NA,"irf_2","OP","T_naive",34,34,3,FALSE
0.0113011801439869,0.988698819856013,NA,"irf_3","OP","T_naive",34,34,3,FALSE
0,1,NA,"irf_4","OP","T_naive",34,34,3,FALSE
0.049853102508269,0.950146897491731,NA,"kaiso","OP","T_naive",34,34,3,FALSE
0,1,NA,"klf_sp_1","OP","T_naive",34,34,3,FALSE
0,1,NA,"klf_sp_2","OP","T_naive",34,34,3,FALSE
0,1,NA,"klf_sp_3","OP","T_naive",34,34,3,FALSE
0.0717059519869022,0.928294048013098,NA,"lef1","OP","T_naive",34,34,3,FALSE
0,1,NA,"lin54","OP","T_naive",34,34,3,FALSE
0,1,NA,"maf","OP","T_naive",34,34,3,FALSE
0,1,NA,"mbd2","OP","T_naive",34,34,3,FALSE
0,1,NA,"mecp2","OP","T_naive",34,34,3,FALSE
0,1,NA,"mef2","OP","T_naive",34,34,3,FALSE
0.054352474416645,0.945647525583355,NA,"mfz1","OP","T_naive",34,34,3,FALSE
0.0434834323836863,0.956516567616314,NA,"mies","OP","T_naive",34,34,3,FALSE
0.0226894932572278,0.977310506742772,NA,"mtf1","OP","T_naive",34,34,3,FALSE
0,1,NA,"myb_1","OP","T_naive",34,34,3,FALSE
0,1,NA,"myb_2","OP","T_naive",34,34,3,FALSE
0,1,NA,"myb_3","OP","T_naive",34,34,3,FALSE
0,1,NA,"myb_4","OP","T_naive",34,34,3,FALSE
0,1,NA,"myb_5","OP","T_naive",34,34,3,FALSE
0,1,NA,"mzf1","OP","T_naive",34,34,3,FALSE
0,1,NA,"nfac_2","OP","T_naive",34,34,3,FALSE
0,1,NA,"nfat_1","OP","T_naive",34,34,3,FALSE
0,1,NA,"nfat_2","OP","T_naive",34,34,3,FALSE
0,1,NA,"nfat_3","OP","T_naive",34,34,3,FALSE
0.0147430901400142,0.985256909859986,NA,"nfat_4","OP","T_naive",34,34,3,FALSE
0.0111254420949621,0.988874557905038,NA,"nfi_1","OP","T_naive",34,34,3,FALSE
0,1,NA,"nfi_2","OP","T_naive",34,34,3,FALSE
0,1,NA,"nfi_3","OP","T_naive",34,34,3,FALSE
0,1,NA,"nfkb_1","OP","T_naive",34,34,3,FALSE
0,1,NA,"nfkb_2","OP","T_naive",34,34,3,FALSE
0,1,NA,"nfkb_3","OP","T_naive",34,34,3,FALSE
0.00796323073752006,0.99203676926248,NA,"nfy","OP","T_naive",34,34,3,FALSE
0,1,NA,"nr_1","OP","T_naive",34,34,3,FALSE
0,1,NA,"nr_10","OP","T_naive",34,34,3,FALSE
0,1,NA,"nr_11","OP","T_naive",34,34,3,FALSE
0,1,NA,"nr_12","OP","T_naive",34,34,3,FALSE
0,1,NA,"nr_13","OP","T_naive",34,34,3,FALSE
0,1,NA,"nr_14","OP","T_naive",34,34,3,FALSE
0,1,NA,"nr_15","OP","T_naive",34,34,3,FALSE
0,1,NA,"nr_16","OP","T_naive",34,34,3,FALSE
0,1,NA,"nr_17","OP","T_naive",34,34,3,FALSE
0.0309567565528207,0.969043243447179,NA,"nr_18","OP","T_naive",34,34,3,FALSE
0,1,NA,"nr_19","OP","T_naive",34,34,3,FALSE
0.0184459180499318,0.981554081950068,NA,"nr_2","OP","T_naive",34,34,3,FALSE
0.0182862866269801,0.98171371337302,NA,"nr_20","OP","T_naive",34,34,3,FALSE
0,1,NA,"nr_3","OP","T_naive",34,34,3,FALSE
0,1,NA,"nr_4","OP","T_naive",34,34,3,FALSE
0,1,NA,"nr_5","OP","T_naive",34,34,3,FALSE
0,1,NA,"nr_6","OP","T_naive",34,34,3,FALSE
0,1,NA,"nr_7","OP","T_naive",34,34,3,FALSE
0,1,NA,"nr_8","OP","T_naive",34,34,3,FALSE
0,1,NA,"nr_9","OP","T_naive",34,34,3,FALSE
0,1,NA,"nr2e3","OP","T_naive",34,34,3,FALSE
0,1,NA,"nrf1","OP","T_naive",34,34,3,FALSE
0,1,NA,"oct4sox2","OP","T_naive",34,34,3,FALSE
0.0191306530867453,0.980869346913255,NA,"osr2","OP","T_naive",34,34,3,FALSE
0,1,NA,"ovol1","OP","T_naive",34,34,3,FALSE
0,1,NA,"p53_like_1","OP","T_naive",34,34,3,FALSE
0.00686781489916356,0.993132185100836,NA,"p53_like_2","OP","T_naive",34,34,3,FALSE
0.0395844262173707,0.960415573782629,NA,"p53_like_3","OP","T_naive",34,34,3,FALSE
0,1,NA,"pax_halfsite","OP","T_naive",34,34,3,FALSE
0,1,NA,"pax_1","OP","T_naive",34,34,3,FALSE
0,1,NA,"pax_2","OP","T_naive",34,34,3,FALSE
0,1,NA,"plag1","OP","T_naive",34,34,3,FALSE
0,1,NA,"pou_1","OP","T_naive",34,34,3,FALSE
0.0269122189963901,0.97308778100361,NA,"pou_2","OP","T_naive",34,34,3,FALSE
0,1,NA,"pou_3","OP","T_naive",34,34,3,FALSE
0.177341214803398,0.822658785196602,NA,"prdm1","OP","T_naive",34,34,3,FALSE
0,1,NA,"prdm14","OP","T_naive",34,34,3,FALSE
0,1,NA,"prdm16","OP","T_naive",34,34,3,FALSE
0,1,NA,"prdm4","OP","T_naive",34,34,3,FALSE
0,1,NA,"prdm5","OP","T_naive",34,34,3,FALSE
0.0250748225242277,0.974925177475772,NA,"prdm9","OP","T_naive",34,34,3,FALSE
0,1,NA,"prox1","OP","T_naive",34,34,3,FALSE
0,1,NA,"rbpj","OP","T_naive",34,34,3,FALSE
0,1,NA,"rel_halfsite","OP","T_naive",34,34,3,FALSE
0,1,NA,"rest_nrsf","OP","T_naive",34,34,3,FALSE
0,1,NA,"rfx_1","OP","T_naive",34,34,3,FALSE
0,1,NA,"rfx_2","OP","T_naive",34,34,3,FALSE
0,1,NA,"rfx_3","OP","T_naive",34,34,3,FALSE
0.00409350895420352,0.995906491045796,NA,"runx_1","OP","T_naive",34,34,3,FALSE
0,1,NA,"runx_2","OP","T_naive",34,34,3,FALSE
0.00522018065520407,0.994779819344796,NA,"scrt1","OP","T_naive",34,34,3,FALSE
0,1,NA,"six_1","OP","T_naive",34,34,3,FALSE
0,1,NA,"six_2","OP","T_naive",34,34,3,FALSE
0,1,NA,"smad","OP","T_naive",34,34,3,FALSE
0,1,NA,"smad_1","OP","T_naive",34,34,3,FALSE
0,1,NA,"smad_2","OP","T_naive",34,34,3,FALSE
0,1,NA,"smarca1","OP","T_naive",34,34,3,FALSE
0,1,NA,"smarca5","OP","T_naive",34,34,3,FALSE
0.0264856785348646,0.973514321465136,NA,"snai2","OP","T_naive",34,34,3,FALSE
0.0881058792163052,0.911894120783695,NA,"sox_1","OP","T_naive",34,34,3,FALSE
0.010765860594431,0.989234139405569,NA,"sox_2","OP","T_naive",34,34,3,FALSE
0,1,NA,"sox_3","OP","T_naive",34,34,3,FALSE
0,1,NA,"sox_4","OP","T_naive",34,34,3,FALSE
0,1,NA,"sox_5","OP","T_naive",34,34,3,FALSE
0,1,NA,"sox_6","OP","T_naive",34,34,3,FALSE
0,1,NA,"sox_7","OP","T_naive",34,34,3,FALSE
0,1,NA,"sox_8","OP","T_naive",34,34,3,FALSE
0,1,NA,"spdef_1","OP","T_naive",34,34,3,FALSE
0,1,NA,"spdef_2","OP","T_naive",34,34,3,FALSE
0,1,NA,"spi","OP","T_naive",34,34,3,FALSE
0,1,NA,"spz1","OP","T_naive",34,34,3,FALSE
0,1,NA,"srebf1","OP","T_naive",34,34,3,FALSE
0,1,NA,"srf","OP","T_naive",34,34,3,FALSE
0.00643123052087631,0.993568769479124,NA,"stat_1","OP","T_naive",34,34,3,FALSE
0,1,NA,"stat_2","OP","T_naive",34,34,3,FALSE
0,1,NA,"tata","OP","T_naive",34,34,3,FALSE
0,1,NA,"tbx_1","OP","T_naive",34,34,3,FALSE
0,1,NA,"tbx_2","OP","T_naive",34,34,3,FALSE
0,1,NA,"tbx_3","OP","T_naive",34,34,3,FALSE
0,1,NA,"tbx_4","OP","T_naive",34,34,3,FALSE
0.0410307166221274,0.958969283377873,NA,"tcf_lef","OP","T_naive",34,34,3,FALSE
0,1,NA,"tead","OP","T_naive",34,34,3,FALSE
0.0355309470316104,0.96446905296839,NA,"tfap2_1","OP","T_naive",34,34,3,FALSE
0.0591504420015035,0.940849557998496,NA,"tfap2_2","OP","T_naive",34,34,3,FALSE
0,1,NA,"tfcp2","OP","T_naive",34,34,3,FALSE
0,1,NA,"thap1","OP","T_naive",34,34,3,FALSE
0.024185353105215,0.975814646894785,NA,"yy1","OP","T_naive",34,34,3,FALSE
0,1,NA,"zbed1","OP","T_naive",34,34,3,FALSE
0,1,NA,"zbtb14","OP","T_naive",34,34,3,FALSE
0,1,NA,"zbtb48","OP","T_naive",34,34,3,FALSE
0,1,NA,"zbtb49","OP","T_naive",34,34,3,FALSE
0,1,NA,"zbtb6","OP","T_naive",34,34,3,FALSE
0.0393740072049748,0.960625992795025,NA,"zbtb7a","OP","T_naive",34,34,3,FALSE
0,1,NA,"zfn121","OP","T_naive",34,34,3,FALSE
0,1,NA,"zfx","OP","T_naive",34,34,3,FALSE
0,1,NA,"zic","OP","T_naive",34,34,3,FALSE
0,1,NA,"zic_2","OP","T_naive",34,34,3,FALSE
0.132084649347267,0.867915350652733,NA,"zim3","OP","T_naive",34,34,3,FALSE
0.0023302452069607,0.997669754793039,NA,"zkscan1","OP","T_naive",34,34,3,FALSE
0,1,NA,"znf134","OP","T_naive",34,34,3,FALSE
0.0676176114033733,0.932382388596627,NA,"znf136","OP","T_naive",34,34,3,FALSE
0.0510321442792686,0.948967855720731,NA,"znf140","OP","T_naive",34,34,3,FALSE
0.0163473892251438,0.983652610774856,NA,"znf143","OP","T_naive",34,34,3,FALSE
2.15663987345547e-16,1,NA,"znf143_1","OP","T_naive",34,34,3,FALSE
0,1,NA,"znf146","OP","T_naive",34,34,3,FALSE
0,1,NA,"znf232","OP","T_naive",34,34,3,FALSE
0,1,NA,"znf24","OP","T_naive",34,34,3,FALSE
0,1,NA,"znf250","OP","T_naive",34,34,3,FALSE
0.00875062317896953,0.991249376821031,NA,"znf257","OP","T_naive",34,34,3,FALSE
0,1,NA,"znf274","OP","T_naive",34,34,3,FALSE
0,1,NA,"znf28","OP","T_naive",34,34,3,FALSE
0,1,NA,"znf282","OP","T_naive",34,34,3,FALSE
0,1,NA,"znf306","OP","T_naive",34,34,3,FALSE
0,1,NA,"znf317","OP","T_naive",34,34,3,FALSE
0,1,NA,"znf320","OP","T_naive",34,34,3,FALSE
0,1,NA,"znf324","OP","T_naive",34,34,3,FALSE
0,1,NA,"znf329","OP","T_naive",34,34,3,FALSE
0,1,NA,"znf331","OP","T_naive",34,34,3,FALSE
0,1,NA,"znf332","OP","T_naive",34,34,3,FALSE
0,1,NA,"znf335","OP","T_naive",34,34,3,FALSE
0,1,NA,"znf354","OP","T_naive",34,34,3,FALSE
1.34002674884498e-16,1,NA,"znf382","OP","T_naive",34,34,3,FALSE
0,1,NA,"znf384_1","OP","T_naive",34,34,3,FALSE
0,1,NA,"znf384_2","OP","T_naive",34,34,3,FALSE
0,1,NA,"znf41","OP","T_naive",34,34,3,FALSE
0,1,NA,"znf410","OP","T_naive",34,34,3,FALSE
0,1,NA,"znf418","OP","T_naive",34,34,3,FALSE
0,1,NA,"znf423","OP","T_naive",34,34,3,FALSE
0.133181720371574,0.866818279628426,NA,"znf431","OP","T_naive",34,34,3,FALSE
0,1,NA,"znf435","OP","T_naive",34,34,3,FALSE
0,1,NA,"znf436","OP","T_naive",34,34,3,FALSE
0,1,NA,"znf449","OP","T_naive",34,34,3,FALSE
0,1,NA,"znf490","OP","T_naive",34,34,3,FALSE
0,1,NA,"znf524","OP","T_naive",34,34,3,FALSE
0,1,NA,"znf528","OP","T_naive",34,34,3,FALSE
0.067584273922376,0.932415726077624,NA,"znf53","OP","T_naive",34,34,3,FALSE
0.106221310288817,0.893778689711183,NA,"znf547","OP","T_naive",34,34,3,FALSE
0,1,NA,"znf549","OP","T_naive",34,34,3,FALSE
0,1,NA,"znf554","OP","T_naive",34,34,3,FALSE
0,1,NA,"znf563","OP","T_naive",34,34,3,FALSE
0,1,NA,"znf57","OP","T_naive",34,34,3,FALSE
0,1,NA,"znf586","OP","T_naive",34,34,3,FALSE
0,1,NA,"znf652","OP","T_naive",34,34,3,FALSE
0,1,NA,"znf667","OP","T_naive",34,34,3,FALSE
0,1,NA,"znf680","OP","T_naive",34,34,3,FALSE
0.0669573309301119,0.933042669069888,NA,"znf708","OP","T_naive",34,34,3,FALSE
5.95302673695772e-17,1,NA,"znf713","OP","T_naive",34,34,3,FALSE
0,1,NA,"znf768","OP","T_naive",34,34,3,FALSE
0,1,NA,"znf784","OP","T_naive",34,34,3,FALSE
0,1,NA,"znf85","OP","T_naive",34,34,3,FALSE
0,1,NA,"znf85_1","OP","T_naive",34,34,3,FALSE
0,1,NA,"zscan3","OP","T_naive",34,34,3,FALSE
0.0385027506882735,0.961497249311727,NA,"zscan4","OP","T_naive",34,34,3,FALSE
